{
	"texture_size": [48, 48],
	"textures": {
		"0": "pseudo_entity/fire_ball"
	},
	"elements": [
		{
			"from": [3, 6.21179, 4.75984],
			"to": [13, 12.71179, 11.75984],
			"rotation": {"angle": 22.5, "axis": "x", "origin": [8, 9.71179, 8.25984]},
			"faces": {
				"north": {"uv": [8.66667, 8.66667, 12, 11], "texture": "#0"},
				"east": {"uv": [8.66667, 11, 11, 13.33333], "texture": "#0"},
				"south": {"uv": [8.66667, 0, 12, 2.33333], "texture": "#0"},
				"west": {"uv": [11, 11, 13.33333, 13.33333], "texture": "#0"},
				"up": {"uv": [12, 4.66667, 8.66667, 2.33333], "texture": "#0"},
				"down": {"uv": [12, 4.66667, 8.66667, 7], "texture": "#0"}
			}
		},
		{
			"from": [4.5, 11.38582, 6.74535],
			"to": [11.5, 14.88582, 14.24535],
			"rotation": {"angle": -22.5, "axis": "x", "origin": [8, 13.38582, 10.24535]},
			"faces": {
				"north": {"uv": [8.66667, 7, 11, 8.33333], "texture": "#0"},
				"east": {"uv": [11, 7, 13.33333, 8.33333], "texture": "#0"},
				"south": {"uv": [12, 4.66667, 14.33333, 6], "texture": "#0"},
				"west": {"uv": [12, 8.33333, 14.33333, 9.66667], "texture": "#0"},
				"up": {"uv": [14.33333, 2.33333, 12, 0], "texture": "#0"},
				"down": {"uv": [14.33333, 2.33333, 12, 4.66667], "texture": "#0"}
			}
		},
		{
			"from": [5.8, 12.58582, 13.14535],
			"to": [10.2, 15.08582, 15.64535],
			"rotation": {"angle": 22.5, "axis": "x", "origin": [8, 14.18582, 14.64535]},
			"faces": {
				"north": {"uv": [12, 6, 13.33333, 7], "texture": "#0"},
				"east": {"uv": [2.66667, 13, 3.66667, 14], "texture": "#0"},
				"south": {"uv": [12, 9.66667, 13.33333, 10.66667], "texture": "#0"},
				"west": {"uv": [3.66667, 13, 4.66667, 14], "texture": "#0"},
				"up": {"uv": [1.33333, 14, 0, 13], "texture": "#0"},
				"down": {"uv": [2.66667, 13, 1.33333, 14], "texture": "#0"}
			}
		},
		{
			"from": [1.5, -3.5, 1.5],
			"to": [14.5, 9.5, 14.5],
			"rotation": {"angle": -22.5, "axis": "x", "origin": [8, 8, 8]},
			"faces": {
				"north": {"uv": [0, 0, 4.33333, 4.33333], "texture": "#0"},
				"east": {"uv": [0, 4.33333, 4.33333, 8.66667], "texture": "#0"},
				"south": {"uv": [4.33333, 4.33333, 8.66667, 8.66667], "texture": "#0"},
				"west": {"uv": [4.33333, 0, 8.66667, 4.33333], "texture": "#0"},
				"up": {"uv": [4.33333, 13, 0, 8.66667], "texture": "#0"},
				"down": {"uv": [8.66667, 8.66667, 4.33333, 13], "texture": "#0"}
			}
		}
	],
	"display": {}
}