{
	"texture_size": [80, 80],
	"textures": {
		"0": "pseudo_entity/fly_turtle"
	},
	"elements": [
		{
			"name": "head",
			"from": [5, 1, -13],
			"to": [11, 6, -7],
			"rotation": {"angle": 0, "axis": "y", "origin": [8, 0, 0]},
			"faces": {
				"north": {"uv": [10.2, 5, 11.4, 6], "texture": "#0"},
				"east": {"uv": [10.2, 9.2, 11.4, 10.2], "texture": "#0"},
				"south": {"uv": [0.8, 10.4, 2, 11.4], "texture": "#0"},
				"west": {"uv": [3.8, 10.4, 5, 11.4], "texture": "#0"},
				"up": {"uv": [4, 9.6, 2.8, 8.4], "texture": "#0"},
				"down": {"uv": [6.6, 9.2, 5.4, 10.4], "texture": "#0"}
			}
		},
		{
			"name": "head",
			"from": [5.5, -1, -12],
			"to": [6.5, 2, -11],
			"rotation": {"angle": -22.5, "axis": "x", "origin": [6, 0.5, -11.5]},
			"faces": {
				"north": {"uv": [6.2, 6.6, 6.4, 7.2], "texture": "#0"},
				"east": {"uv": [6, 8.2, 6.2, 8.8], "texture": "#0"},
				"south": {"uv": [1.4, 8.8, 1.6, 9.4], "texture": "#0"},
				"west": {"uv": [3.8, 9.6, 4, 10.2], "texture": "#0"},
				"up": {"uv": [5, 2.8, 4.8, 2.6], "texture": "#0"},
				"down": {"uv": [6.6, 6.2, 6.4, 6.4], "texture": "#0"}
			}
		},
		{
			"name": "body",
			"from": [2.37119, -0.40713, -3],
			"to": [6.37119, 5.59287, 5],
			"rotation": {"angle": 22.5, "axis": "z", "origin": [-3.12881, 2.59287, 3]},
			"faces": {
				"north": {"uv": [8.4, 11.8, 9.2, 13], "texture": "#0"},
				"east": {"uv": [0, 6.4, 1.6, 7.6], "texture": "#0"},
				"south": {"uv": [11.8, 11.8, 12.6, 13], "texture": "#0"},
				"west": {"uv": [6.4, 6.4, 8, 7.6], "texture": "#0"},
				"up": {"uv": [8.6, 10.8, 7.8, 9.2], "texture": "#0"},
				"down": {"uv": [10.2, 5, 9.4, 6.6], "texture": "#0"}
			}
		},
		{
			"name": "leg",
			"from": [-6, 1.5, -6],
			"to": [22, 2.5, -1],
			"rotation": {"angle": 0, "axis": "y", "origin": [8, -0.5, 0]},
			"faces": {
				"north": {"uv": [8.6, 8, 15.4, 8.2], "texture": "#0"},
				"east": {"uv": [2.8, 2.6, 3.8, 2.8], "texture": "#0"},
				"south": {"uv": [8.6, 8.2, 15.4, 8.4], "texture": "#0"},
				"west": {"uv": [3.8, 2.6, 4.8, 2.8], "texture": "#0"},
				"up": {"uv": [6.8, 1, 0, 0], "texture": "#0"},
				"down": {"uv": [6.8, 1, 0, 2], "texture": "#0"}
			}
		},
		{
			"name": "tooth",
			"from": [9.5, -1, -12],
			"to": [10.5, 2, -11],
			"rotation": {"angle": -22.5, "axis": "x", "origin": [10, 0.5, -11.5]},
			"faces": {
				"north": {"uv": [10, 9.2, 10.2, 9.8], "texture": "#0"},
				"east": {"uv": [8.4, 10.8, 8.6, 11.4], "texture": "#0"},
				"south": {"uv": [7.2, 11.4, 7.4, 12], "texture": "#0"},
				"west": {"uv": [2.8, 11.6, 3, 12.2], "texture": "#0"},
				"up": {"uv": [6.8, 6.4, 6.6, 6.2], "texture": "#0"},
				"down": {"uv": [7, 6.2, 6.8, 6.4], "texture": "#0"}
			}
		},
		{
			"name": "body",
			"from": [16.5, 0, -1],
			"to": [18.25305, 3, 1.52513],
			"rotation": {"angle": 45, "axis": "y", "origin": [8, 8, 4]},
			"faces": {
				"north": {"uv": [14.4, 9, 14.8, 9.6], "texture": "#0"},
				"east": {"uv": [5.2, 14, 5.8, 14.6], "texture": "#0"},
				"south": {"uv": [0, 14.6, 0.4, 15.2], "texture": "#0"},
				"west": {"uv": [8.2, 14, 8.8, 14.6], "texture": "#0"},
				"up": {"uv": [0.8, 15.2, 0.4, 14.6], "texture": "#0"},
				"down": {"uv": [2.4, 14.6, 2, 15.2], "texture": "#0"}
			}
		},
		{
			"name": "body_rotation",
			"from": [13.02588, 0, 6.21351],
			"to": [14.651, 2, 11.51621],
			"rotation": {"angle": -22.5, "axis": "y", "origin": [17.12588, 8, 2.71351]},
			"faces": {
				"north": {"uv": [2.4, 14.6, 2.8, 15], "texture": "#0"},
				"east": {"uv": [13.8, 3.6, 14.8, 4], "texture": "#0"},
				"south": {"uv": [4, 14.6, 4.4, 15], "texture": "#0"},
				"west": {"uv": [13.8, 5.6, 14.8, 6], "texture": "#0"},
				"up": {"uv": [4.8, 15, 4.4, 14], "texture": "#0"},
				"down": {"uv": [5.2, 14, 4.8, 15], "texture": "#0"}
			}
		},
		{
			"name": "body_rotation",
			"from": [1.349, 0, 6.21351],
			"to": [2.97412, 2, 11.51621],
			"rotation": {"angle": 22.5, "axis": "y", "origin": [-1.12588, 8, 2.71351]},
			"faces": {
				"north": {"uv": [7.4, 10.4, 7.8, 10.8], "texture": "#0"},
				"east": {"uv": [13.4, 6, 14.4, 6.4], "texture": "#0"},
				"south": {"uv": [14.4, 9.6, 14.8, 10], "texture": "#0"},
				"west": {"uv": [13.4, 9.2, 14.4, 9.6], "texture": "#0"},
				"up": {"uv": [0.4, 14.6, 0, 13.6], "texture": "#0"},
				"down": {"uv": [0.8, 13.6, 0.4, 14.6], "texture": "#0"}
			}
		},
		{
			"name": "body_rotation",
			"from": [-2.25305, 0, -1],
			"to": [-0.5, 3, 1.52513],
			"rotation": {"angle": -45, "axis": "y", "origin": [8, 8, 4]},
			"faces": {
				"north": {"uv": [11.4, 10.6, 11.8, 11.2], "texture": "#0"},
				"east": {"uv": [9.6, 10.6, 10.2, 11.2], "texture": "#0"},
				"south": {"uv": [9.2, 11.8, 9.6, 12.4], "texture": "#0"},
				"west": {"uv": [13.8, 7, 14.4, 7.6], "texture": "#0"},
				"up": {"uv": [14.8, 1.8, 14.4, 1.2], "texture": "#0"},
				"down": {"uv": [14.8, 7, 14.4, 7.6], "texture": "#0"}
			}
		},
		{
			"name": "body_rotation",
			"from": [4.28553, -0.1, -6.78553],
			"to": [11.71447, 2, 10],
			"faces": {
				"north": {"uv": [5, 4.6, 6.4, 5], "texture": "#0"},
				"east": {"uv": [8.8, 4, 12.2, 4.4], "texture": "#0"},
				"south": {"uv": [10.2, 6, 11.6, 6.4], "texture": "#0"},
				"west": {"uv": [9.4, 2.2, 12.8, 2.6], "texture": "#0"},
				"up": {"uv": [1.4, 5.4, 0, 2], "texture": "#0"},
				"down": {"uv": [2.8, 2, 1.4, 5.4], "texture": "#0"}
			}
		},
		{
			"name": "body_rotation",
			"from": [2.5, 0, -5],
			"to": [13.5, 2, 5],
			"rotation": {"angle": 0, "axis": "y", "origin": [8, 8, 9]},
			"faces": {
				"north": {"uv": [11.6, 4.6, 13.8, 5], "texture": "#0"},
				"east": {"uv": [10.2, 3.6, 12.2, 4], "texture": "#0"},
				"south": {"uv": [11.8, 11.4, 14, 11.8], "texture": "#0"},
				"west": {"uv": [12.2, 10, 14.2, 10.4], "texture": "#0"},
				"up": {"uv": [5, 4.8, 2.8, 2.8], "texture": "#0"},
				"down": {"uv": [5, 4.8, 2.8, 6.8], "texture": "#0"}
			}
		},
		{
			"name": "body_rotation",
			"from": [2.5, 3.23734, 19.39757],
			"to": [13.5, 8.23734, 22.39757],
			"rotation": {"angle": -45, "axis": "x", "origin": [8, -7.76266, 17.39757]},
			"faces": {
				"north": {"uv": [5, 3.6, 7.2, 4.6], "texture": "#0"},
				"east": {"uv": [2.2, 5.4, 2.8, 6.4], "texture": "#0"},
				"south": {"uv": [0, 5.4, 2.2, 6.4], "texture": "#0"},
				"west": {"uv": [5.4, 8.2, 6, 9.2], "texture": "#0"},
				"up": {"uv": [5, 2.6, 2.8, 2], "texture": "#0"},
				"down": {"uv": [11.6, 4.4, 9.4, 5], "texture": "#0"}
			}
		},
		{
			"name": "body_rotation",
			"from": [4.5, -2.74233, 1.86866],
			"to": [11.5, 3.25767, 6.86866],
			"rotation": {"angle": 22.5, "axis": "x", "origin": [8, -1.74233, 17.86866]},
			"faces": {
				"north": {"uv": [8, 5.6, 9.4, 6.8], "texture": "#0"},
				"east": {"uv": [4, 6.8, 5, 8], "texture": "#0"},
				"south": {"uv": [4, 8.2, 5.4, 9.4], "texture": "#0"},
				"west": {"uv": [2, 10.4, 3, 11.6], "texture": "#0"},
				"up": {"uv": [5.4, 10.4, 4, 9.4], "texture": "#0"},
				"down": {"uv": [10.8, 1.2, 9.4, 2.2], "texture": "#0"}
			}
		},
		{
			"name": "body_rotation",
			"from": [4.5, 4.52865, -7.31494],
			"to": [11.5, 10.52866, -1.31494],
			"rotation": {"angle": -22.5, "axis": "x", "origin": [8, 5.52865, 1.68506]},
			"faces": {
				"north": {"uv": [8.6, 8.6, 10, 9.8], "texture": "#0"},
				"east": {"uv": [6.6, 9.2, 7.8, 10.4], "texture": "#0"},
				"south": {"uv": [8.6, 6.8, 10, 8], "texture": "#0"},
				"west": {"uv": [9.2, 0, 10.4, 1.2], "texture": "#0"},
				"up": {"uv": [1.4, 10, 0, 8.8], "texture": "#0"},
				"down": {"uv": [10.2, 2.8, 8.8, 4], "texture": "#0"}
			}
		},
		{
			"name": "body_rotation",
			"from": [11.01943, 3.34301, 8.15617],
			"to": [15.03297, 6.46927, 11.28898],
			"rotation": {"angle": -45, "axis": "y", "origin": [11.53297, 6.56927, -2.21558]},
			"faces": {
				"north": {"uv": [8.4, 13, 9.2, 13.6], "texture": "#0"},
				"east": {"uv": [5.8, 14.2, 6.4, 14.8], "texture": "#0"},
				"south": {"uv": [11.8, 13, 12.6, 13.6], "texture": "#0"},
				"west": {"uv": [10.4, 14.2, 11, 14.8], "texture": "#0"},
				"up": {"uv": [13.8, 4.2, 13, 3.6], "texture": "#0"},
				"down": {"uv": [13.8, 7, 13, 7.6], "texture": "#0"}
			}
		},
		{
			"name": "body_rotation",
			"from": [2.5, 3.34301, 4.70278],
			"to": [4.71484, 7.08658, 9.6194],
			"rotation": {"angle": 0, "axis": "y", "origin": [3.21484, 6.56927, -5.66896]},
			"faces": {
				"north": {"uv": [7.2, 14.4, 7.6, 15.2], "texture": "#0"},
				"east": {"uv": [5, 12.6, 6, 13.4], "texture": "#0"},
				"south": {"uv": [7.6, 14.4, 8, 15.2], "texture": "#0"},
				"west": {"uv": [6, 12.6, 7, 13.4], "texture": "#0"},
				"up": {"uv": [13.4, 14.8, 13, 13.8], "texture": "#0"},
				"down": {"uv": [13.8, 13.8, 13.4, 14.8], "texture": "#0"}
			}
		},
		{
			"name": "body_rotation",
			"from": [11.28516, 3.34301, 4.70278],
			"to": [13.5, 7.08658, 9.6194],
			"rotation": {"angle": 0, "axis": "y", "origin": [12.78516, 6.56927, -5.66896]},
			"faces": {
				"north": {"uv": [6.4, 14.4, 6.8, 15.2], "texture": "#0"},
				"east": {"uv": [12.4, 5.8, 13.4, 6.6], "texture": "#0"},
				"south": {"uv": [6.8, 14.4, 7.2, 15.2], "texture": "#0"},
				"west": {"uv": [4, 12.6, 5, 13.4], "texture": "#0"},
				"up": {"uv": [11.8, 14.8, 11.4, 13.8], "texture": "#0"},
				"down": {"uv": [13, 13.8, 12.6, 14.8], "texture": "#0"}
			}
		},
		{
			"name": "body_rotation",
			"from": [-3.40501, 3.34301, 5.59298],
			"to": [-1.19017, 6.98658, 10.50959],
			"rotation": {"angle": 22.5, "axis": "y", "origin": [-2.69017, 6.56927, -4.77876]},
			"faces": {
				"north": {"uv": [9.2, 14.4, 9.6, 15.2], "texture": "#0"},
				"east": {"uv": [12.6, 12.6, 13.6, 13.4], "texture": "#0"},
				"south": {"uv": [9.6, 14.4, 10, 15.2], "texture": "#0"},
				"west": {"uv": [12.6, 11.8, 13.6, 12.6], "texture": "#0"},
				"up": {"uv": [14.2, 14.8, 13.8, 13.8], "texture": "#0"},
				"down": {"uv": [14.2, 4.6, 13.8, 5.6], "texture": "#0"}
			}
		},
		{
			"name": "body_rotation",
			"from": [17.19017, 3.34301, 5.59298],
			"to": [19.40501, 6.98658, 10.50959],
			"rotation": {"angle": -22.5, "axis": "y", "origin": [18.69017, 6.56927, -4.77876]},
			"faces": {
				"north": {"uv": [8.8, 14, 9.2, 14.8], "texture": "#0"},
				"east": {"uv": [9.2, 12.4, 10.2, 13.2], "texture": "#0"},
				"south": {"uv": [11, 14.2, 11.4, 15], "texture": "#0"},
				"west": {"uv": [12.4, 0, 13.4, 0.8], "texture": "#0"},
				"up": {"uv": [1.6, 14.8, 1.2, 13.8], "texture": "#0"},
				"down": {"uv": [2, 13.8, 1.6, 14.8], "texture": "#0"}
			}
		},
		{
			"name": "body_rotation",
			"from": [18.1, 4.77375, -8.90456],
			"to": [21.11354, 7.9, -5.77174],
			"rotation": {"angle": 45, "axis": "y", "origin": [20.6, 7, 4.6]},
			"faces": {
				"north": {"uv": [14.2, 14.2, 14.8, 14.8], "texture": "#0"},
				"east": {"uv": [14.2, 2, 14.8, 2.6], "texture": "#0"},
				"south": {"uv": [14.2, 2.6, 14.8, 3.2], "texture": "#0"},
				"west": {"uv": [14.2, 4, 14.8, 4.6], "texture": "#0"},
				"up": {"uv": [14.8, 5.2, 14.2, 4.6], "texture": "#0"},
				"down": {"uv": [14.8, 8.4, 14.2, 9], "texture": "#0"}
			}
		},
		{
			"name": "body_rotation",
			"from": [-5.11354, 4.77375, -8.90456],
			"to": [-2.1, 7.9, -5.77174],
			"rotation": {"angle": -45, "axis": "y", "origin": [-4.6, 7, 4.6]},
			"faces": {
				"north": {"uv": [14, 0, 14.6, 0.6], "texture": "#0"},
				"east": {"uv": [14, 0.6, 14.6, 1.2], "texture": "#0"},
				"south": {"uv": [14, 6.4, 14.6, 7], "texture": "#0"},
				"west": {"uv": [14, 11.2, 14.6, 11.8], "texture": "#0"},
				"up": {"uv": [3.4, 14.8, 2.8, 14.2], "texture": "#0"},
				"down": {"uv": [4, 14.2, 3.4, 14.8], "texture": "#0"}
			}
		},
		{
			"name": "body_rotation",
			"from": [9.71812, 1.77375, 9.69],
			"to": [13.71812, 3.77375, 12.69],
			"rotation": {"angle": 22.5, "axis": "y", "origin": [10.71812, 2.77375, 11.19]},
			"faces": {
				"north": {"uv": [14.2, 10, 15, 10.4], "texture": "#0"},
				"east": {"uv": [14.2, 13.8, 14.8, 14.2], "texture": "#0"},
				"south": {"uv": [14.2, 10.4, 15, 10.8], "texture": "#0"},
				"west": {"uv": [14.4, 6, 15, 6.4], "texture": "#0"},
				"up": {"uv": [5.2, 14, 4.4, 13.4], "texture": "#0"},
				"down": {"uv": [6, 13.4, 5.2, 14], "texture": "#0"}
			}
		},
		{
			"name": "body_rotation",
			"from": [2.28188, 1.77375, 9.69],
			"to": [6.28188, 3.77375, 12.69],
			"rotation": {"angle": -22.5, "axis": "y", "origin": [5.28188, 2.77375, 11.19]},
			"faces": {
				"north": {"uv": [13.8, 13.4, 14.6, 13.8], "texture": "#0"},
				"east": {"uv": [0.8, 10, 1.4, 10.4], "texture": "#0"},
				"south": {"uv": [14.2, 3.2, 15, 3.6], "texture": "#0"},
				"west": {"uv": [14.2, 10.8, 14.8, 11.2], "texture": "#0"},
				"up": {"uv": [0.8, 13.6, 0, 13], "texture": "#0"},
				"down": {"uv": [2.8, 13, 2, 13.6], "texture": "#0"}
			}
		},
		{
			"name": "body_rotation",
			"from": [11.41334, 1.77375, 3.9432],
			"to": [15.55256, 3.77375, 10.90056],
			"rotation": {"angle": -22.5, "axis": "y", "origin": [13.48295, 2.77375, 7.42188]},
			"faces": {
				"north": {"uv": [14.2, 5.2, 15, 5.6], "texture": "#0"},
				"east": {"uv": [12.8, 2.4, 14.2, 2.8], "texture": "#0"},
				"south": {"uv": [14.2, 7.6, 15, 8], "texture": "#0"},
				"west": {"uv": [12.8, 2.8, 14.2, 3.2], "texture": "#0"},
				"up": {"uv": [2.8, 13, 2, 11.6], "texture": "#0"},
				"down": {"uv": [12.4, 5.8, 11.6, 7.2], "texture": "#0"}
			}
		},
		{
			"name": "body_rotation",
			"from": [0.44744, 1.77375, 3.9432],
			"to": [4.58666, 3.77375, 10.90056],
			"rotation": {"angle": 22.5, "axis": "y", "origin": [2.51705, 2.77375, 7.42188]},
			"faces": {
				"north": {"uv": [6.4, 3.2, 7.2, 3.6], "texture": "#0"},
				"east": {"uv": [7, 12.8, 8.4, 13.2], "texture": "#0"},
				"south": {"uv": [8, 2.8, 8.8, 3.2], "texture": "#0"},
				"west": {"uv": [12.8, 2, 14.2, 2.4], "texture": "#0"},
				"up": {"uv": [12.2, 10.6, 11.4, 9.2], "texture": "#0"},
				"down": {"uv": [0.8, 11.6, 0, 13], "texture": "#0"}
			}
		},
		{
			"name": "body_rotation",
			"from": [18.1, 1.77375, -11.90456],
			"to": [21.11354, 5.9, -4.77174],
			"rotation": {"angle": 45, "axis": "y", "origin": [20.6, 4, 2.6]},
			"faces": {
				"north": {"uv": [6, 13.4, 6.6, 14.2], "texture": "#0"},
				"east": {"uv": [11.6, 7.2, 13, 8], "texture": "#0"},
				"south": {"uv": [13.4, 0, 14, 0.8], "texture": "#0"},
				"west": {"uv": [11.6, 8.4, 13, 9.2], "texture": "#0"},
				"up": {"uv": [3.4, 13.8, 2.8, 12.4], "texture": "#0"},
				"down": {"uv": [4, 12.4, 3.4, 13.8], "texture": "#0"}
			}
		},
		{
			"name": "body_rotation",
			"from": [-5.11354, 1.77375, -11.90456],
			"to": [-2.1, 5.9, -4.77174],
			"rotation": {"angle": -45, "axis": "y", "origin": [-4.6, 4, 2.6]},
			"faces": {
				"north": {"uv": [8, 6.8, 8.6, 7.6], "texture": "#0"},
				"east": {"uv": [11.4, 2.6, 12.8, 3.4], "texture": "#0"},
				"south": {"uv": [12.8, 5, 13.4, 5.8], "texture": "#0"},
				"west": {"uv": [11.4, 5, 12.8, 5.8], "texture": "#0"},
				"up": {"uv": [1.4, 13.8, 0.8, 12.4], "texture": "#0"},
				"down": {"uv": [2, 12.4, 1.4, 13.8], "texture": "#0"}
			}
		},
		{
			"name": "body_rotation",
			"from": [4.5, 3, -3],
			"to": [11.5, 9, 5],
			"rotation": {"angle": 0, "axis": "y", "origin": [8, 4, 9]},
			"faces": {
				"north": {"uv": [8, 1.6, 9.4, 2.8], "texture": "#0"},
				"east": {"uv": [6.4, 2, 8, 3.2], "texture": "#0"},
				"south": {"uv": [8, 4.4, 9.4, 5.6], "texture": "#0"},
				"west": {"uv": [6.4, 4.6, 8, 5.8], "texture": "#0"},
				"up": {"uv": [6.4, 6.6, 5, 5], "texture": "#0"},
				"down": {"uv": [6.4, 2, 5, 3.6], "texture": "#0"}
			}
		},
		{
			"name": "body_rotation",
			"from": [10.72625, 1.77375, -3],
			"to": [16.72625, 3.77375, 5],
			"rotation": {"angle": 0, "axis": "y", "origin": [13.72625, -5.72625, 3]},
			"faces": {
				"north": {"uv": [10.6, 13.4, 11.8, 13.8], "texture": "#0"},
				"east": {"uv": [12.4, 0.8, 14, 1.2], "texture": "#0"},
				"south": {"uv": [12.6, 13.4, 13.8, 13.8], "texture": "#0"},
				"west": {"uv": [12.4, 6.6, 14, 7], "texture": "#0"},
				"up": {"uv": [2.8, 9.6, 1.6, 8], "texture": "#0"},
				"down": {"uv": [9.2, 0, 8, 1.6], "texture": "#0"}
			}
		},
		{
			"name": "body_rotation",
			"from": [-0.72625, 1.77375, -3],
			"to": [5.27375, 3.77375, 5],
			"rotation": {"angle": 0, "axis": "y", "origin": [2.27375, -5.72625, 3]},
			"faces": {
				"north": {"uv": [6.8, 1.6, 8, 2], "texture": "#0"},
				"east": {"uv": [6.4, 5.8, 8, 6.2], "texture": "#0"},
				"south": {"uv": [13, 3.2, 14.2, 3.6], "texture": "#0"},
				"west": {"uv": [10, 7.4, 11.6, 7.8], "texture": "#0"},
				"up": {"uv": [4, 8.4, 2.8, 6.8], "texture": "#0"},
				"down": {"uv": [8, 0, 6.8, 1.6], "texture": "#0"}
			}
		},
		{
			"name": "body_rotation",
			"from": [13.05937, 3.04436, -3],
			"to": [19.05937, 7.04436, 5],
			"rotation": {"angle": 22.5, "axis": "z", "origin": [16.05937, -2.45564, 3]},
			"faces": {
				"north": {"uv": [12, 1.2, 13.2, 2], "texture": "#0"},
				"east": {"uv": [10, 6.6, 11.6, 7.4], "texture": "#0"},
				"south": {"uv": [12.2, 9.2, 13.4, 10], "texture": "#0"},
				"west": {"uv": [10, 8.4, 11.6, 9.2], "texture": "#0"},
				"up": {"uv": [7.4, 9.2, 6.2, 7.6], "texture": "#0"},
				"down": {"uv": [8.6, 7.6, 7.4, 9.2], "texture": "#0"}
			}
		},
		{
			"name": "body_rotation",
			"from": [-3.05937, 3.04436, -3],
			"to": [2.94063, 7.04436, 5],
			"rotation": {"angle": -22.5, "axis": "z", "origin": [-0.05937, -2.45564, 3]},
			"faces": {
				"north": {"uv": [11.8, 10.6, 13, 11.4], "texture": "#0"},
				"east": {"uv": [1.4, 9.6, 3, 10.4], "texture": "#0"},
				"south": {"uv": [7.2, 12, 8.4, 12.8], "texture": "#0"},
				"west": {"uv": [8.6, 9.8, 10.2, 10.6], "texture": "#0"},
				"up": {"uv": [2.8, 8, 1.6, 6.4], "texture": "#0"},
				"down": {"uv": [6.2, 6.6, 5, 8.2], "texture": "#0"}
			}
		},
		{
			"name": "body_rotation",
			"from": [9.62881, -0.40713, -3],
			"to": [13.62881, 5.59287, 5],
			"rotation": {"angle": -22.5, "axis": "z", "origin": [19.12881, 2.59287, 3]},
			"faces": {
				"north": {"uv": [10.6, 12.2, 11.4, 13.4], "texture": "#0"},
				"east": {"uv": [7.2, 3.2, 8.8, 4.4], "texture": "#0"},
				"south": {"uv": [12.2, 3.4, 13, 4.6], "texture": "#0"},
				"west": {"uv": [0, 7.6, 1.6, 8.8], "texture": "#0"},
				"up": {"uv": [3.8, 11.2, 3, 9.6], "texture": "#0"},
				"down": {"uv": [0.8, 10, 0, 11.6], "texture": "#0"}
			}
		},
		{
			"name": "octagon",
			"from": [3.86447, -0.5, 8.5],
			"to": [5.93553, 4.5, 14.7],
			"rotation": {"angle": 45, "axis": "z", "origin": [4.9, 2, 9]},
			"faces": {
				"north": {"uv": [6.6, 13.4, 7, 14.4], "texture": "#0"},
				"east": {"uv": [10.2, 10.2, 11.4, 11.2], "texture": "#0"},
				"south": {"uv": [13.4, 5, 13.8, 6], "texture": "#0"},
				"west": {"uv": [10.2, 2.6, 11.4, 3.6], "texture": "#0"},
				"up": {"uv": [11.8, 13.4, 11.4, 12.2], "texture": "#0"},
				"down": {"uv": [10.6, 12.4, 10.2, 13.6], "texture": "#0"}
			}
		},
		{
			"name": "octagon",
			"from": [3.86447, -0.5, 8.5],
			"to": [5.93553, 4.5, 14.8],
			"rotation": {"angle": 0, "axis": "y", "origin": [4.9, 2, 9]},
			"faces": {
				"north": {"uv": [2, 13.6, 2.4, 14.6], "texture": "#0"},
				"east": {"uv": [5, 10.4, 6.2, 11.4], "texture": "#0"},
				"south": {"uv": [2.4, 13.6, 2.8, 14.6], "texture": "#0"},
				"west": {"uv": [6.2, 10.4, 7.4, 11.4], "texture": "#0"},
				"up": {"uv": [7.4, 14.4, 7, 13.2], "texture": "#0"},
				"down": {"uv": [7.8, 13.2, 7.4, 14.4], "texture": "#0"}
			}
		},
		{
			"name": "octagon",
			"from": [2.4, 0.96447, 8.5],
			"to": [7.4, 3.03553, 14.5],
			"rotation": {"angle": 45, "axis": "z", "origin": [4.9, 2, 9]},
			"faces": {
				"north": {"uv": [13.4, 9.6, 14.4, 10], "texture": "#0"},
				"east": {"uv": [13, 4.2, 14.2, 4.6], "texture": "#0"},
				"south": {"uv": [8.2, 13.6, 9.2, 14], "texture": "#0"},
				"west": {"uv": [13, 7.6, 14.2, 8], "texture": "#0"},
				"up": {"uv": [11.4, 1.2, 10.4, 0], "texture": "#0"},
				"down": {"uv": [9.6, 10.6, 8.6, 11.8], "texture": "#0"}
			}
		},
		{
			"name": "octagon",
			"from": [2.4, 0.96447, 8.5],
			"to": [7.4, 3.03553, 14.6],
			"rotation": {"angle": 0, "axis": "y", "origin": [4.9, 2, 9]},
			"faces": {
				"north": {"uv": [13.6, 11.8, 14.6, 12.2], "texture": "#0"},
				"east": {"uv": [13, 8.4, 14.2, 8.8], "texture": "#0"},
				"south": {"uv": [13.6, 12.2, 14.6, 12.6], "texture": "#0"},
				"west": {"uv": [13, 8.8, 14.2, 9.2], "texture": "#0"},
				"up": {"uv": [8.4, 12, 7.4, 10.8], "texture": "#0"},
				"down": {"uv": [10.6, 11.2, 9.6, 12.4], "texture": "#0"}
			}
		},
		{
			"name": "octagon",
			"from": [10.06447, -0.5, 8.5],
			"to": [12.13553, 4.5, 14.5],
			"rotation": {"angle": 45, "axis": "z", "origin": [11.1, 2, 9]},
			"faces": {
				"north": {"uv": [10, 13.6, 10.4, 14.6], "texture": "#0"},
				"east": {"uv": [10.8, 1.2, 12, 2.2], "texture": "#0"},
				"south": {"uv": [11.8, 13.6, 12.2, 14.6], "texture": "#0"},
				"west": {"uv": [10.6, 11.2, 11.8, 12.2], "texture": "#0"},
				"up": {"uv": [8.2, 14.4, 7.8, 13.2], "texture": "#0"},
				"down": {"uv": [9.6, 13.2, 9.2, 14.4], "texture": "#0"}
			}
		},
		{
			"name": "octagon",
			"from": [10.06447, -0.5, 8.5],
			"to": [12.13553, 4.5, 14.8],
			"rotation": {"angle": 0, "axis": "y", "origin": [11.1, 2, 9]},
			"faces": {
				"north": {"uv": [12.2, 13.6, 12.6, 14.6], "texture": "#0"},
				"east": {"uv": [0.8, 11.4, 2, 12.4], "texture": "#0"},
				"south": {"uv": [0.8, 13.8, 1.2, 14.8], "texture": "#0"},
				"west": {"uv": [3, 11.4, 4.2, 12.4], "texture": "#0"},
				"up": {"uv": [10, 14.4, 9.6, 13.2], "texture": "#0"},
				"down": {"uv": [4.4, 13.4, 4, 14.6], "texture": "#0"}
			}
		},
		{
			"name": "octagon",
			"from": [8.6, 0.96447, 8.5],
			"to": [13.6, 3.03553, 14.7],
			"rotation": {"angle": 45, "axis": "z", "origin": [11.1, 2, 9]},
			"faces": {
				"north": {"uv": [13.6, 12.6, 14.6, 13], "texture": "#0"},
				"east": {"uv": [13, 10.4, 14.2, 10.8], "texture": "#0"},
				"south": {"uv": [13.6, 13, 14.6, 13.4], "texture": "#0"},
				"west": {"uv": [13, 10.8, 14.2, 11.2], "texture": "#0"},
				"up": {"uv": [5.2, 12.6, 4.2, 11.4], "texture": "#0"},
				"down": {"uv": [6.2, 11.4, 5.2, 12.6], "texture": "#0"}
			}
		},
		{
			"name": "octagon",
			"from": [8.6, 0.96447, 8.5],
			"to": [13.6, 3.03553, 14.6],
			"rotation": {"angle": 0, "axis": "y", "origin": [11.1, 2, 9]},
			"faces": {
				"north": {"uv": [2.8, 13.8, 3.8, 14.2], "texture": "#0"},
				"east": {"uv": [13.2, 1.2, 14.4, 1.6], "texture": "#0"},
				"south": {"uv": [10.4, 13.8, 11.4, 14.2], "texture": "#0"},
				"west": {"uv": [13.2, 1.6, 14.4, 2], "texture": "#0"},
				"up": {"uv": [7.2, 12.6, 6.2, 11.4], "texture": "#0"},
				"down": {"uv": [12.4, 0, 11.4, 1.2], "texture": "#0"}
			}
		}
	],
	"display": {
		"head": {
			"translation": [0, -35.75, 13],
			"scale": [2, 2, 2]
		}
	}
}