{
	"texture_size": [48, 48],
	"textures": {
		"4": "pseudo_entity/ghost"
	},
	"elements": [
		{
			"name": "head",
			"from": [5.9, 15.27641, 1.08031],
			"to": [10.1, 24.27641, 5.68031],
			"rotation": {"angle": 0, "axis": "y", "origin": [8, 21.27641, 5.18031]},
			"faces": {
				"north": {"uv": [0, 3, 1.33333, 6], "texture": "#4"},
				"east": {"uv": [0, 0, 1.66667, 3], "texture": "#4"},
				"south": {"uv": [1.33333, 4.66667, 2.66667, 7.66667], "texture": "#4"},
				"west": {"uv": [1.66667, 1.66667, 3.33333, 4.66667], "texture": "#4"},
				"up": {"uv": [3, 1.66667, 1.66667, 0], "texture": "#4"},
				"down": {"uv": [8.66667, 5.33333, 7.33333, 7], "texture": "#4"}
			}
		},
		{
			"name": "head",
			"from": [6, 22.9, 2],
			"to": [10, 26.9, 7],
			"rotation": {"angle": 22.5, "axis": "x", "origin": [8, 25.9, 5]},
			"faces": {
				"north": {"uv": [8.66667, 6.66667, 10, 8], "texture": "#4"},
				"east": {"uv": [8, 2.66667, 9.66667, 4], "texture": "#4"},
				"south": {"uv": [9, 0, 10.33333, 1.33333], "texture": "#4"},
				"west": {"uv": [6.66667, 8.66667, 8.33333, 10], "texture": "#4"},
				"up": {"uv": [9.66667, 10.33333, 8.33333, 8.66667], "texture": "#4"},
				"down": {"uv": [10, 4, 8.66667, 5.66667], "texture": "#4"}
			}
		},
		{
			"name": "head",
			"from": [7, 24.9, 6.3],
			"to": [9, 25.9, 8.3],
			"rotation": {"angle": 45, "axis": "x", "origin": [8, 24.9, 6.3]},
			"faces": {
				"north": {"uv": [2.66667, 5.33333, 3.33333, 5.66667], "texture": "#4"},
				"east": {"uv": [10.33333, 3.33333, 11, 3.66667], "texture": "#4"},
				"south": {"uv": [9.66667, 12, 10.33333, 12.33333], "texture": "#4"},
				"west": {"uv": [12, 12, 12.66667, 12.33333], "texture": "#4"},
				"up": {"uv": [3.33333, 5.33333, 2.66667, 4.66667], "texture": "#4"},
				"down": {"uv": [6, 4.66667, 5.33333, 5.33333], "texture": "#4"}
			}
		},
		{
			"name": "body",
			"from": [5.1, 12.8, 6.6],
			"to": [10.9, 18.8, 10.6],
			"rotation": {"angle": 22.5, "axis": "x", "origin": [8, 15.8, 8.6]},
			"faces": {
				"north": {"uv": [5.33333, 5.33333, 7.33333, 7.33333], "texture": "#4"},
				"east": {"uv": [6.66667, 2, 8, 4], "texture": "#4"},
				"south": {"uv": [5.33333, 0, 7.33333, 2], "texture": "#4"},
				"west": {"uv": [5.33333, 7.33333, 6.66667, 9.33333], "texture": "#4"},
				"up": {"uv": [8.66667, 5.33333, 6.66667, 4], "texture": "#4"},
				"down": {"uv": [8.66667, 7.33333, 6.66667, 8.66667], "texture": "#4"}
			}
		},
		{
			"name": "body",
			"from": [5, 16.63526, 7],
			"to": [11, 24, 10.29125],
			"rotation": {"angle": -22.5, "axis": "x", "origin": [8, 20.5, 8]},
			"faces": {
				"north": {"uv": [3.33333, 3.33333, 5.33333, 5.66667], "texture": "#4"},
				"east": {"uv": [4.33333, 8.33333, 5.33333, 10.66667], "texture": "#4"},
				"south": {"uv": [3.33333, 0, 5.33333, 2.33333], "texture": "#4"},
				"west": {"uv": [0, 8.66667, 1, 11], "texture": "#4"},
				"up": {"uv": [5.33333, 3.33333, 3.33333, 2.33333], "texture": "#4"},
				"down": {"uv": [10.66667, 5.66667, 8.66667, 6.66667], "texture": "#4"}
			}
		},
		{
			"name": "body",
			"from": [5, 6, 5.60419],
			"to": [8, 13.79373, 10],
			"rotation": {"angle": 0, "axis": "y", "origin": [8, -6, 8]},
			"faces": {
				"north": {"uv": [1.33333, 7.66667, 2.33333, 10.33333], "texture": "#4"},
				"east": {"uv": [5.33333, 2, 6.66667, 4.66667], "texture": "#4"},
				"south": {"uv": [8, 0, 9, 2.66667], "texture": "#4"},
				"west": {"uv": [2.66667, 5.66667, 4, 8.33333], "texture": "#4"},
				"up": {"uv": [11, 5, 10, 3.66667], "texture": "#4"},
				"down": {"uv": [9, 10.33333, 8, 11.66667], "texture": "#4"}
			}
		},
		{
			"name": "body",
			"from": [5, 5, 5.60419],
			"to": [8, 6, 10],
			"rotation": {"angle": 0, "axis": "y", "origin": [8, -6, 8]},
			"faces": {
				"north": {"uv": [11.66667, 7.33333, 12.66667, 7.66667], "texture": "#4"},
				"east": {"uv": [11.33333, 11, 12.66667, 11.33333], "texture": "#4"},
				"south": {"uv": [4.33333, 12, 5.33333, 12.33333], "texture": "#4"},
				"west": {"uv": [11.66667, 3.33333, 13, 3.66667], "texture": "#4"},
				"up": {"uv": [11.33333, 10.33333, 10.33333, 9], "texture": "#4"},
				"down": {"uv": [5.33333, 10.66667, 4.33333, 12], "texture": "#4"}
			}
		},
		{
			"name": "body",
			"from": [8, 5, 5.60419],
			"to": [11, 6, 10],
			"rotation": {"angle": 0, "axis": "y", "origin": [8, -6, 8]},
			"faces": {
				"north": {"uv": [11.66667, 4.33333, 12.66667, 4.66667], "texture": "#4"},
				"east": {"uv": [7.33333, 7, 8.66667, 7.33333], "texture": "#4"},
				"south": {"uv": [11.66667, 7, 12.66667, 7.33333], "texture": "#4"},
				"west": {"uv": [11, 4.66667, 12.33333, 5], "texture": "#4"},
				"up": {"uv": [11.33333, 11.66667, 10.33333, 10.33333], "texture": "#4"},
				"down": {"uv": [11.33333, 0, 10.33333, 1.33333], "texture": "#4"}
			}
		},
		{
			"name": "body",
			"from": [8, 6, 5.60419],
			"to": [11, 13.79373, 10],
			"rotation": {"angle": 0, "axis": "y", "origin": [8, -6, 8]},
			"faces": {
				"north": {"uv": [2.33333, 8.33333, 3.33333, 11], "texture": "#4"},
				"east": {"uv": [4, 5.66667, 5.33333, 8.33333], "texture": "#4"},
				"south": {"uv": [3.33333, 8.33333, 4.33333, 11], "texture": "#4"},
				"west": {"uv": [0, 6, 1.33333, 8.66667], "texture": "#4"},
				"up": {"uv": [11.66667, 6.33333, 10.66667, 5], "texture": "#4"},
				"down": {"uv": [11.66667, 6.33333, 10.66667, 7.66667], "texture": "#4"}
			}
		},
		{
			"name": "left_arm",
			"from": [4, 18, 7.2],
			"to": [5, 24, 8.8],
			"shade": false,
			"rotation": {"angle": 0, "axis": "y", "origin": [4, 21, 8]},
			"faces": {
				"north": {"uv": [0.66667, 11, 1, 13], "texture": "#4"},
				"east": {"uv": [7.33333, 0, 8, 2], "texture": "#4"},
				"south": {"uv": [8.66667, 11.66667, 9, 13.66667], "texture": "#4"},
				"west": {"uv": [1.66667, 10.33333, 2.33333, 12.33333], "texture": "#4"},
				"up": {"uv": [2.66667, 8.33333, 2.33333, 7.66667], "texture": "#4"},
				"down": {"uv": [9.66667, 8, 9.33333, 8.66667], "texture": "#4"}
			}
		},
		{
			"name": "left_arm",
			"from": [4, 13.33451, 6.11285],
			"to": [5, 18.53451, 7.71285],
			"shade": false,
			"rotation": {"angle": 22.5, "axis": "x", "origin": [4, 15.53451, 6.91285]},
			"faces": {
				"north": {"uv": [1.33333, 3, 1.66667, 4.66667], "texture": "#4"},
				"east": {"uv": [0, 11, 0.66667, 12.66667], "texture": "#4"},
				"south": {"uv": [3, 0, 3.33333, 1.66667], "texture": "#4"},
				"west": {"uv": [2.33333, 11, 3, 12.66667], "texture": "#4"},
				"up": {"uv": [10.33333, 9.66667, 10, 9], "texture": "#4"},
				"down": {"uv": [11.33333, 11.66667, 11, 12.33333], "texture": "#4"}
			}
		},
		{
			"name": "left_arm",
			"from": [3.9, 11.83451, 6.01285],
			"to": [5, 13.33451, 7.81285],
			"shade": false,
			"rotation": {"angle": 22.5, "axis": "x", "origin": [4, 15.53451, 6.91285]},
			"faces": {
				"north": {"uv": [1.66667, 12.33333, 2, 13], "texture": "#4"},
				"east": {"uv": [11.66667, 3.66667, 12.33333, 4.33333], "texture": "#4"},
				"south": {"uv": [2, 12.33333, 2.33333, 13], "texture": "#4"},
				"west": {"uv": [11.66667, 5, 12.33333, 5.66667], "texture": "#4"},
				"up": {"uv": [4.66667, 13, 4.33333, 12.33333], "texture": "#4"},
				"down": {"uv": [5, 12.33333, 4.66667, 13], "texture": "#4"}
			}
		},
		{
			"name": "right_arm",
			"from": [11, 11.83451, 6.01285],
			"to": [12.1, 13.33451, 7.81285],
			"shade": false,
			"rotation": {"angle": 22.5, "axis": "x", "origin": [11.1, 15.53451, 6.91285]},
			"faces": {
				"north": {"uv": [5, 12.33333, 5.33333, 13], "texture": "#4"},
				"east": {"uv": [11.66667, 5.66667, 12.33333, 6.33333], "texture": "#4"},
				"south": {"uv": [6.66667, 12.33333, 7, 13], "texture": "#4"},
				"west": {"uv": [11.66667, 6.33333, 12.33333, 7], "texture": "#4"},
				"up": {"uv": [7.33333, 13, 7, 12.33333], "texture": "#4"},
				"down": {"uv": [7.66667, 12.33333, 7.33333, 13], "texture": "#4"}
			}
		},
		{
			"name": "right_arm",
			"from": [11, 13.33451, 6.11285],
			"to": [12, 18.53451, 7.71285],
			"rotation": {"angle": 22.5, "axis": "x", "origin": [12, 15.53451, 6.91285]},
			"faces": {
				"north": {"uv": [1, 8.66667, 1.33333, 10.33333], "texture": "#4"},
				"east": {"uv": [3, 11, 3.66667, 12.66667], "texture": "#4"},
				"south": {"uv": [9.66667, 8, 10, 9.66667], "texture": "#4"},
				"west": {"uv": [3.66667, 11, 4.33333, 12.66667], "texture": "#4"},
				"up": {"uv": [12.33333, 0.66667, 12, 0], "texture": "#4"},
				"down": {"uv": [12.33333, 0.66667, 12, 1.33333], "texture": "#4"}
			}
		},
		{
			"name": "right_arm",
			"from": [11, 18, 7.2],
			"to": [12, 24, 8.8],
			"rotation": {"angle": 0, "axis": "y", "origin": [12, 21, 8]},
			"faces": {
				"north": {"uv": [10.33333, 11.66667, 10.66667, 13.66667], "texture": "#4"},
				"east": {"uv": [9, 10.33333, 9.66667, 12.33333], "texture": "#4"},
				"south": {"uv": [10.66667, 11.66667, 11, 13.66667], "texture": "#4"},
				"west": {"uv": [10.33333, 1.33333, 11, 3.33333], "texture": "#4"},
				"up": {"uv": [12.33333, 8.33333, 12, 7.66667], "texture": "#4"},
				"down": {"uv": [12.33333, 8.33333, 12, 9], "texture": "#4"}
			}
		},
		{
			"name": "left_leg",
			"from": [5.6, 0, 7],
			"to": [7.1, 7, 8.5],
			"shade": false,
			"rotation": {"angle": 0, "axis": "y", "origin": [8, 0, 8]},
			"faces": {
				"north": {"uv": [5.33333, 9.33333, 6, 11.66667], "texture": "#4"},
				"east": {"uv": [6, 9.33333, 6.66667, 11.66667], "texture": "#4"},
				"south": {"uv": [9.66667, 9.66667, 10.33333, 12], "texture": "#4"},
				"west": {"uv": [9.66667, 1.33333, 10.33333, 3.66667], "texture": "#4"},
				"up": {"uv": [6.66667, 5.33333, 6, 4.66667], "texture": "#4"},
				"down": {"uv": [9.33333, 8, 8.66667, 8.66667], "texture": "#4"}
			}
		},
		{
			"name": "left_leg",
			"from": [5.6, 0, 5.5],
			"to": [7.1, 0.5, 7],
			"shade": false,
			"rotation": {"angle": 0, "axis": "y", "origin": [8, 0, 6]},
			"faces": {
				"north": {"uv": [12, 9, 12.66667, 9.33333], "texture": "#4"},
				"east": {"uv": [12, 9.33333, 12.66667, 9.66667], "texture": "#4"},
				"south": {"uv": [12, 9.66667, 12.66667, 10], "texture": "#4"},
				"west": {"uv": [12, 10, 12.66667, 10.33333], "texture": "#4"},
				"up": {"uv": [12, 1.33333, 11.33333, 0.66667], "texture": "#4"},
				"down": {"uv": [12.33333, 1.33333, 11.66667, 2], "texture": "#4"}
			}
		},
		{
			"name": "left_leg",
			"from": [5.6, 7, 7],
			"to": [7.1, 12, 8.5],
			"shade": false,
			"rotation": {"angle": 0, "axis": "y", "origin": [8, 0, 8]},
			"faces": {
				"north": {"uv": [11, 1.33333, 11.66667, 3], "texture": "#4"},
				"east": {"uv": [11, 3, 11.66667, 4.66667], "texture": "#4"},
				"south": {"uv": [11.33333, 11.33333, 12, 13], "texture": "#4"},
				"west": {"uv": [11.33333, 7.66667, 12, 9.33333], "texture": "#4"},
				"up": {"uv": [9.66667, 2, 9, 1.33333], "texture": "#4"},
				"down": {"uv": [9.66667, 2, 9, 2.66667], "texture": "#4"}
			}
		},
		{
			"name": "right_leg",
			"from": [9, 0, 7],
			"to": [10.5, 7, 8.5],
			"rotation": {"angle": 0, "axis": "y", "origin": [8, 0, 8]},
			"faces": {
				"north": {"uv": [6.66667, 10, 7.33333, 12.33333], "texture": "#4"},
				"east": {"uv": [7.33333, 10, 8, 12.33333], "texture": "#4"},
				"south": {"uv": [10, 6.66667, 10.66667, 9], "texture": "#4"},
				"west": {"uv": [1, 10.33333, 1.66667, 12.66667], "texture": "#4"},
				"up": {"uv": [10.66667, 5.66667, 10, 5], "texture": "#4"},
				"down": {"uv": [11.33333, 7.66667, 10.66667, 8.33333], "texture": "#4"}
			}
		},
		{
			"name": "right_leg",
			"from": [9, 0, 5.5],
			"to": [10.5, 0.5, 7],
			"rotation": {"angle": 0, "axis": "y", "origin": [8, 0, 6]},
			"faces": {
				"north": {"uv": [12, 10.33333, 12.66667, 10.66667], "texture": "#4"},
				"east": {"uv": [12, 10.66667, 12.66667, 11], "texture": "#4"},
				"south": {"uv": [12, 11.33333, 12.66667, 11.66667], "texture": "#4"},
				"west": {"uv": [12, 11.66667, 12.66667, 12], "texture": "#4"},
				"up": {"uv": [12.33333, 2.66667, 11.66667, 2], "texture": "#4"},
				"down": {"uv": [12.33333, 2.66667, 11.66667, 3.33333], "texture": "#4"}
			}
		},
		{
			"name": "right_leg",
			"from": [9, 7, 7],
			"to": [10.5, 12, 8.5],
			"rotation": {"angle": 0, "axis": "y", "origin": [8, 0, 8]},
			"faces": {
				"north": {"uv": [11.33333, 9.33333, 12, 11], "texture": "#4"},
				"east": {"uv": [5.33333, 11.66667, 6, 13.33333], "texture": "#4"},
				"south": {"uv": [6, 11.66667, 6.66667, 13.33333], "texture": "#4"},
				"west": {"uv": [8, 11.66667, 8.66667, 13.33333], "texture": "#4"},
				"up": {"uv": [11.33333, 9, 10.66667, 8.33333], "texture": "#4"},
				"down": {"uv": [12, 0, 11.33333, 0.66667], "texture": "#4"}
			}
		}
	],
	"display": {
		"head": {
			"translation": [0, -27, 0],
			"scale": [2, 2, 2]
		}
	}
}