{
	"texture_size": [48, 48],
	"textures": {
		"4": "pseudo_entity/ghost"
	},
	"elements": [
		{
			"name": "head",
			"from": [5.9, 15.27641, 1.08031],
			"to": [10.1, 24.27641, 5.68031],
			"rotation": {"angle": 0, "axis": "y", "origin": [8, 21.27641, 5.18031]},
			"faces": {
				"north": {"uv": [1.33333, 3, 0, 6], "texture": "#4"},
				"east": {"uv": [3.33333, 1.66667, 1.66667, 4.66667], "texture": "#4"},
				"south": {"uv": [2.66667, 4.66667, 1.33333, 7.66667], "texture": "#4"},
				"west": {"uv": [1.66667, 0, 0, 3], "texture": "#4"},
				"up": {"uv": [1.66667, 1.66667, 3, 0], "texture": "#4"},
				"down": {"uv": [7.33333, 5.33333, 8.66667, 7], "texture": "#4"}
			}
		},
		{
			"name": "head",
			"from": [6, 22.9, 2],
			"to": [10, 26.9, 7],
			"rotation": {"angle": 22.5, "axis": "x", "origin": [8, 25.9, 5]},
			"faces": {
				"north": {"uv": [10, 6.66667, 8.66667, 8], "texture": "#4"},
				"east": {"uv": [8.33333, 8.66667, 6.66667, 10], "texture": "#4"},
				"south": {"uv": [10.33333, 0, 9, 1.33333], "texture": "#4"},
				"west": {"uv": [9.66667, 2.66667, 8, 4], "texture": "#4"},
				"up": {"uv": [8.33333, 10.33333, 9.66667, 8.66667], "texture": "#4"},
				"down": {"uv": [8.66667, 4, 10, 5.66667], "texture": "#4"}
			}
		},
		{
			"name": "head",
			"from": [7, 24.9, 6.3],
			"to": [9, 25.9, 8.3],
			"rotation": {"angle": 45, "axis": "x", "origin": [8, 24.9, 6.3]},
			"faces": {
				"north": {"uv": [3.33333, 5.33333, 2.66667, 5.66667], "texture": "#4"},
				"east": {"uv": [12.66667, 12, 12, 12.33333], "texture": "#4"},
				"south": {"uv": [10.33333, 12, 9.66667, 12.33333], "texture": "#4"},
				"west": {"uv": [11, 3.33333, 10.33333, 3.66667], "texture": "#4"},
				"up": {"uv": [2.66667, 5.33333, 3.33333, 4.66667], "texture": "#4"},
				"down": {"uv": [5.33333, 4.66667, 6, 5.33333], "texture": "#4"}
			}
		},
		{
			"name": "body",
			"from": [5.1, 12.8, 6.6],
			"to": [10.9, 18.8, 10.6],
			"rotation": {"angle": 22.5, "axis": "x", "origin": [8, 15.8, 8.6]},
			"faces": {
				"north": {"uv": [7.33333, 5.33333, 5.33333, 7.33333], "texture": "#4"},
				"east": {"uv": [6.66667, 7.33333, 5.33333, 9.33333], "texture": "#4"},
				"south": {"uv": [7.33333, 0, 5.33333, 2], "texture": "#4"},
				"west": {"uv": [8, 2, 6.66667, 4], "texture": "#4"},
				"up": {"uv": [6.66667, 5.33333, 8.66667, 4], "texture": "#4"},
				"down": {"uv": [6.66667, 7.33333, 8.66667, 8.66667], "texture": "#4"}
			}
		},
		{
			"name": "body",
			"from": [5, 16.63526, 7],
			"to": [11, 24, 10.29125],
			"rotation": {"angle": -22.5, "axis": "x", "origin": [8, 20.5, 8]},
			"faces": {
				"north": {"uv": [5.33333, 3.33333, 3.33333, 5.66667], "texture": "#4"},
				"east": {"uv": [1, 8.66667, 0, 11], "texture": "#4"},
				"south": {"uv": [5.33333, 0, 3.33333, 2.33333], "texture": "#4"},
				"west": {"uv": [5.33333, 8.33333, 4.33333, 10.66667], "texture": "#4"},
				"up": {"uv": [3.33333, 3.33333, 5.33333, 2.33333], "texture": "#4"},
				"down": {"uv": [8.66667, 5.66667, 10.66667, 6.66667], "texture": "#4"}
			}
		},
		{
			"name": "body",
			"from": [8, 6, 5.60419],
			"to": [11, 13.79373, 10],
			"rotation": {"angle": 0, "axis": "y", "origin": [8, -6, 8]},
			"faces": {
				"north": {"uv": [2.33333, 7.66667, 1.33333, 10.33333], "texture": "#4"},
				"east": {"uv": [4, 5.66667, 2.66667, 8.33333], "texture": "#4"},
				"south": {"uv": [9, 0, 8, 2.66667], "texture": "#4"},
				"west": {"uv": [6.66667, 2, 5.33333, 4.66667], "texture": "#4"},
				"up": {"uv": [10, 5, 11, 3.66667], "texture": "#4"},
				"down": {"uv": [8, 10.33333, 9, 11.66667], "texture": "#4"}
			}
		},
		{
			"name": "body",
			"from": [8, 5, 5.60419],
			"to": [11, 6, 10],
			"rotation": {"angle": 0, "axis": "y", "origin": [8, -6, 8]},
			"faces": {
				"north": {"uv": [12.66667, 7.33333, 11.66667, 7.66667], "texture": "#4"},
				"east": {"uv": [13, 3.33333, 11.66667, 3.66667], "texture": "#4"},
				"south": {"uv": [5.33333, 12, 4.33333, 12.33333], "texture": "#4"},
				"west": {"uv": [12.66667, 11, 11.33333, 11.33333], "texture": "#4"},
				"up": {"uv": [10.33333, 10.33333, 11.33333, 9], "texture": "#4"},
				"down": {"uv": [4.33333, 10.66667, 5.33333, 12], "texture": "#4"}
			}
		},
		{
			"name": "body",
			"from": [5, 5, 5.60419],
			"to": [8, 6, 10],
			"rotation": {"angle": 0, "axis": "y", "origin": [8, -6, 8]},
			"faces": {
				"north": {"uv": [12.66667, 4.33333, 11.66667, 4.66667], "texture": "#4"},
				"east": {"uv": [12.33333, 4.66667, 11, 5], "texture": "#4"},
				"south": {"uv": [12.66667, 7, 11.66667, 7.33333], "texture": "#4"},
				"west": {"uv": [8.66667, 7, 7.33333, 7.33333], "texture": "#4"},
				"up": {"uv": [10.33333, 11.66667, 11.33333, 10.33333], "texture": "#4"},
				"down": {"uv": [10.33333, 0, 11.33333, 1.33333], "texture": "#4"}
			}
		},
		{
			"name": "body",
			"from": [5, 6, 5.60419],
			"to": [8, 13.79373, 10],
			"rotation": {"angle": 0, "axis": "y", "origin": [8, -6, 8]},
			"faces": {
				"north": {"uv": [3.33333, 8.33333, 2.33333, 11], "texture": "#4"},
				"east": {"uv": [1.33333, 6, 0, 8.66667], "texture": "#4"},
				"south": {"uv": [4.33333, 8.33333, 3.33333, 11], "texture": "#4"},
				"west": {"uv": [5.33333, 5.66667, 4, 8.33333], "texture": "#4"},
				"up": {"uv": [10.66667, 6.33333, 11.66667, 5], "texture": "#4"},
				"down": {"uv": [10.66667, 6.33333, 11.66667, 7.66667], "texture": "#4"}
			}
		},
		{
			"name": "left_arm",
			"from": [11, 22.2, 3],
			"to": [12, 23.8, 9],
			"shade": false,
			"rotation": {"angle": -22.5, "axis": "y", "origin": [12, 23, 8]},
			"faces": {
				"north": {"uv": [9.33333, 8, 9.66667, 8.66667], "rotation": 180, "texture": "#4"},
				"east": {"uv": [1.66667, 12.33333, 2.33333, 10.33333], "rotation": 90, "texture": "#4"},
				"south": {"uv": [2.33333, 8.33333, 2.66667, 7.66667], "texture": "#4"},
				"west": {"uv": [7.33333, 2, 8, 0], "rotation": 270, "texture": "#4"},
				"up": {"uv": [1, 11, 0.66667, 13], "rotation": 180, "texture": "#4"},
				"down": {"uv": [9, 11.66667, 8.66667, 13.66667], "texture": "#4"}
			}
		},
		{
			"name": "left_arm",
			"from": [12.91342, 22.2, -1.8194],
			"to": [13.91342, 23.8, 3.3806],
			"shade": false,
			"rotation": {"angle": 0, "axis": "y", "origin": [13.91342, 23, 0.3806]},
			"faces": {
				"north": {"uv": [11, 11.66667, 11.33333, 12.33333], "rotation": 180, "texture": "#4"},
				"east": {"uv": [2.33333, 12.66667, 3, 11], "rotation": 90, "texture": "#4"},
				"south": {"uv": [10, 9.66667, 10.33333, 9], "texture": "#4"},
				"west": {"uv": [0, 12.66667, 0.66667, 11], "rotation": 270, "texture": "#4"},
				"up": {"uv": [1.66667, 3, 1.33333, 4.66667], "rotation": 180, "texture": "#4"},
				"down": {"uv": [3.33333, 0, 3, 1.66667], "texture": "#4"}
			}
		},
		{
			"name": "left_arm",
			"from": [12.91342, 22.1, -3.3194],
			"to": [14.01342, 23.9, -1.8194],
			"shade": false,
			"rotation": {"angle": 0, "axis": "y", "origin": [13.91342, 23, 0.3806]},
			"faces": {
				"north": {"uv": [4.66667, 12.33333, 5, 13], "rotation": 180, "texture": "#4"},
				"east": {"uv": [11.66667, 5.66667, 12.33333, 5], "rotation": 90, "texture": "#4"},
				"south": {"uv": [4.33333, 13, 4.66667, 12.33333], "texture": "#4"},
				"west": {"uv": [11.66667, 4.33333, 12.33333, 3.66667], "rotation": 270, "texture": "#4"},
				"up": {"uv": [2, 12.33333, 1.66667, 13], "rotation": 180, "texture": "#4"},
				"down": {"uv": [2.33333, 12.33333, 2, 13], "texture": "#4"}
			}
		},
		{
			"name": "right_arm",
			"from": [1.98658, 22.1, -3.3194],
			"to": [3.08658, 23.9, -1.8194],
			"shade": false,
			"rotation": {"angle": 0, "axis": "y", "origin": [2.98658, 23, 0.3806]},
			"faces": {
				"north": {"uv": [7.33333, 12.33333, 7.66667, 13], "rotation": 180, "texture": "#4"},
				"east": {"uv": [11.66667, 7, 12.33333, 6.33333], "rotation": 90, "texture": "#4"},
				"south": {"uv": [7, 13, 7.33333, 12.33333], "texture": "#4"},
				"west": {"uv": [11.66667, 6.33333, 12.33333, 5.66667], "rotation": 270, "texture": "#4"},
				"up": {"uv": [5.33333, 12.33333, 5, 13], "rotation": 180, "texture": "#4"},
				"down": {"uv": [7, 12.33333, 6.66667, 13], "texture": "#4"}
			}
		},
		{
			"name": "right_arm",
			"from": [2.08658, 22.2, -1.8194],
			"to": [3.08658, 23.8, 3.3806],
			"rotation": {"angle": 0, "axis": "y", "origin": [2.08658, 23, 0.3806]},
			"faces": {
				"north": {"uv": [12, 0.66667, 12.33333, 1.33333], "rotation": 180, "texture": "#4"},
				"east": {"uv": [3.66667, 12.66667, 4.33333, 11], "rotation": 90, "texture": "#4"},
				"south": {"uv": [12, 0.66667, 12.33333, 0], "texture": "#4"},
				"west": {"uv": [3, 12.66667, 3.66667, 11], "rotation": 270, "texture": "#4"},
				"up": {"uv": [1.33333, 8.66667, 1, 10.33333], "rotation": 180, "texture": "#4"},
				"down": {"uv": [10, 8, 9.66667, 9.66667], "texture": "#4"}
			}
		},
		{
			"name": "right_arm",
			"from": [4, 22.2, 3],
			"to": [5, 23.8, 9],
			"rotation": {"angle": 22.5, "axis": "y", "origin": [4, 23, 8]},
			"faces": {
				"north": {"uv": [12, 8.33333, 12.33333, 9], "rotation": 180, "texture": "#4"},
				"east": {"uv": [10.33333, 3.33333, 11, 1.33333], "rotation": 90, "texture": "#4"},
				"south": {"uv": [12, 8.33333, 12.33333, 7.66667], "texture": "#4"},
				"west": {"uv": [9, 12.33333, 9.66667, 10.33333], "rotation": 270, "texture": "#4"},
				"up": {"uv": [10.66667, 11.66667, 10.33333, 13.66667], "rotation": 180, "texture": "#4"},
				"down": {"uv": [11, 11.66667, 10.66667, 13.66667], "texture": "#4"}
			}
		},
		{
			"name": "left_leg",
			"from": [8.9, 0, 7],
			"to": [10.4, 7, 8.5],
			"shade": false,
			"rotation": {"angle": 0, "axis": "y", "origin": [8, 0, 8]},
			"faces": {
				"north": {"uv": [6, 9.33333, 5.33333, 11.66667], "texture": "#4"},
				"east": {"uv": [10.33333, 1.33333, 9.66667, 3.66667], "texture": "#4"},
				"south": {"uv": [10.33333, 9.66667, 9.66667, 12], "texture": "#4"},
				"west": {"uv": [6.66667, 9.33333, 6, 11.66667], "texture": "#4"},
				"up": {"uv": [6, 5.33333, 6.66667, 4.66667], "texture": "#4"},
				"down": {"uv": [8.66667, 8, 9.33333, 8.66667], "texture": "#4"}
			}
		},
		{
			"name": "left_leg",
			"from": [8.9, 0, 5.5],
			"to": [10.4, 0.5, 7],
			"shade": false,
			"rotation": {"angle": 0, "axis": "y", "origin": [8, 0, 6]},
			"faces": {
				"north": {"uv": [12.66667, 9, 12, 9.33333], "texture": "#4"},
				"east": {"uv": [12.66667, 10, 12, 10.33333], "texture": "#4"},
				"south": {"uv": [12.66667, 9.66667, 12, 10], "texture": "#4"},
				"west": {"uv": [12.66667, 9.33333, 12, 9.66667], "texture": "#4"},
				"up": {"uv": [11.33333, 1.33333, 12, 0.66667], "texture": "#4"},
				"down": {"uv": [11.66667, 1.33333, 12.33333, 2], "texture": "#4"}
			}
		},
		{
			"name": "left_leg",
			"from": [8.9, 7, 7],
			"to": [10.4, 12, 8.5],
			"shade": false,
			"rotation": {"angle": 0, "axis": "y", "origin": [8, 0, 8]},
			"faces": {
				"north": {"uv": [11.66667, 1.33333, 11, 3], "texture": "#4"},
				"east": {"uv": [12, 7.66667, 11.33333, 9.33333], "texture": "#4"},
				"south": {"uv": [12, 11.33333, 11.33333, 13], "texture": "#4"},
				"west": {"uv": [11.66667, 3, 11, 4.66667], "texture": "#4"},
				"up": {"uv": [9, 2, 9.66667, 1.33333], "texture": "#4"},
				"down": {"uv": [9, 2, 9.66667, 2.66667], "texture": "#4"}
			}
		},
		{
			"name": "right_leg",
			"from": [5.5, 0, 6.6],
			"to": [7, 7, 8.1],
			"rotation": {"angle": 0, "axis": "y", "origin": [8, 0, 7.6]},
			"faces": {
				"north": {"uv": [7.33333, 10, 6.66667, 12.33333], "texture": "#4"},
				"east": {"uv": [1.66667, 10.33333, 1, 12.66667], "texture": "#4"},
				"south": {"uv": [10.66667, 6.66667, 10, 9], "texture": "#4"},
				"west": {"uv": [8, 10, 7.33333, 12.33333], "texture": "#4"},
				"up": {"uv": [10, 5.66667, 10.66667, 5], "texture": "#4"},
				"down": {"uv": [10.66667, 7.66667, 11.33333, 8.33333], "texture": "#4"}
			}
		},
		{
			"name": "right_leg",
			"from": [5.5, 0, 5.1],
			"to": [7, 0.5, 6.6],
			"rotation": {"angle": 0, "axis": "y", "origin": [8, 0, 5.6]},
			"faces": {
				"north": {"uv": [12.66667, 10.33333, 12, 10.66667], "texture": "#4"},
				"east": {"uv": [12.66667, 11.66667, 12, 12], "texture": "#4"},
				"south": {"uv": [12.66667, 11.33333, 12, 11.66667], "texture": "#4"},
				"west": {"uv": [12.66667, 10.66667, 12, 11], "texture": "#4"},
				"up": {"uv": [11.66667, 2.66667, 12.33333, 2], "texture": "#4"},
				"down": {"uv": [11.66667, 2.66667, 12.33333, 3.33333], "texture": "#4"}
			}
		},
		{
			"name": "right_leg",
			"from": [5.5, 7, 6.6],
			"to": [7, 12, 8.1],
			"rotation": {"angle": 0, "axis": "y", "origin": [8, 0, 7.6]},
			"faces": {
				"north": {"uv": [12, 9.33333, 11.33333, 11], "texture": "#4"},
				"east": {"uv": [8.66667, 11.66667, 8, 13.33333], "texture": "#4"},
				"south": {"uv": [6.66667, 11.66667, 6, 13.33333], "texture": "#4"},
				"west": {"uv": [6, 11.66667, 5.33333, 13.33333], "texture": "#4"},
				"up": {"uv": [10.66667, 9, 11.33333, 8.33333], "texture": "#4"},
				"down": {"uv": [11.33333, 0, 12, 0.66667], "texture": "#4"}
			}
		}
	],
	"display": {
		"head": {
			"translation": [0, -27, 0],
			"scale": [2, 2, 2]
		}
	}
}