{
	"texture_size": [48, 48],
	"textures": {
		"4": "pseudo_entity/ghost"
	},
	"elements": [
		{
			"name": "head",
			"from": [5.9, 14.57641, 1.98031],
			"to": [10.1, 23.57641, 6.58031],
			"rotation": {"angle": 0, "axis": "y", "origin": [8, 20.57641, 6.08031]},
			"faces": {
				"north": {"uv": [0, 3, 1.33333, 6], "texture": "#4"},
				"east": {"uv": [0, 0, 1.66667, 3], "texture": "#4"},
				"south": {"uv": [1.33333, 4.66667, 2.66667, 7.66667], "texture": "#4"},
				"west": {"uv": [1.66667, 1.66667, 3.33333, 4.66667], "texture": "#4"},
				"up": {"uv": [3, 1.66667, 1.66667, 0], "texture": "#4"},
				"down": {"uv": [8.66667, 5.33333, 7.33333, 7], "texture": "#4"}
			}
		},
		{
			"name": "head",
			"from": [6, 22.2, 2],
			"to": [10, 26.2, 7],
			"rotation": {"angle": 0, "axis": "x", "origin": [8, 25.2, 5]},
			"faces": {
				"north": {"uv": [8.66667, 6.66667, 10, 8], "texture": "#4"},
				"east": {"uv": [8, 2.66667, 9.66667, 4], "texture": "#4"},
				"south": {"uv": [9, 0, 10.33333, 1.33333], "texture": "#4"},
				"west": {"uv": [6.66667, 8.66667, 8.33333, 10], "texture": "#4"},
				"up": {"uv": [9.66667, 10.33333, 8.33333, 8.66667], "texture": "#4"},
				"down": {"uv": [10, 4, 8.66667, 5.66667], "texture": "#4"}
			}
		},
		{
			"name": "head",
			"from": [7, 24.2, 6.3],
			"to": [9, 25.2, 8.3],
			"rotation": {"angle": 45, "axis": "x", "origin": [8, 24.2, 6.3]},
			"faces": {
				"north": {"uv": [2.66667, 5.33333, 3.33333, 5.66667], "texture": "#4"},
				"east": {"uv": [10.33333, 3.33333, 11, 3.66667], "texture": "#4"},
				"south": {"uv": [9.66667, 12, 10.33333, 12.33333], "texture": "#4"},
				"west": {"uv": [12, 12, 12.66667, 12.33333], "texture": "#4"},
				"up": {"uv": [3.33333, 5.33333, 2.66667, 4.66667], "texture": "#4"},
				"down": {"uv": [6, 4.66667, 5.33333, 5.33333], "texture": "#4"}
			}
		},
		{
			"name": "body",
			"from": [5.1, 12.1, 6.6],
			"to": [10.9, 18.1, 10.6],
			"rotation": {"angle": 22.5, "axis": "x", "origin": [8, 15.1, 8.6]},
			"faces": {
				"north": {"uv": [5.33333, 5.33333, 7.33333, 7.33333], "texture": "#4"},
				"east": {"uv": [6.66667, 2, 8, 4], "texture": "#4"},
				"south": {"uv": [5.33333, 0, 7.33333, 2], "texture": "#4"},
				"west": {"uv": [5.33333, 7.33333, 6.66667, 9.33333], "texture": "#4"},
				"up": {"uv": [8.66667, 5.33333, 6.66667, 4], "texture": "#4"},
				"down": {"uv": [8.66667, 7.33333, 6.66667, 8.66667], "texture": "#4"}
			}
		},
		{
			"name": "body",
			"from": [5, 15.93526, 7],
			"to": [11, 23.3, 10.29125],
			"rotation": {"angle": -22.5, "axis": "x", "origin": [8, 19.8, 8]},
			"faces": {
				"north": {"uv": [3.33333, 3.33333, 5.33333, 5.66667], "texture": "#4"},
				"east": {"uv": [4.33333, 8.33333, 5.33333, 10.66667], "texture": "#4"},
				"south": {"uv": [3.33333, 0, 5.33333, 2.33333], "texture": "#4"},
				"west": {"uv": [0, 8.66667, 1, 11], "texture": "#4"},
				"up": {"uv": [5.33333, 3.33333, 3.33333, 2.33333], "texture": "#4"},
				"down": {"uv": [10.66667, 5.66667, 8.66667, 6.66667], "texture": "#4"}
			}
		},
		{
			"name": "body",
			"from": [5.1, 5.88987, -2.15291],
			"to": [8.1, 13.6836, 2.2429],
			"rotation": {"angle": 22.5, "axis": "x", "origin": [8.1, -6.11013, 0.2429]},
			"faces": {
				"north": {"uv": [1.33333, 7.66667, 2.33333, 10.33333], "texture": "#4"},
				"east": {"uv": [5.33333, 2, 6.66667, 4.66667], "texture": "#4"},
				"south": {"uv": [8, 0, 9, 2.66667], "texture": "#4"},
				"west": {"uv": [2.66667, 5.66667, 4, 8.33333], "texture": "#4"},
				"up": {"uv": [11, 5, 10, 3.66667], "texture": "#4"},
				"down": {"uv": [9, 10.33333, 8, 11.66667], "texture": "#4"}
			}
		},
		{
			"name": "body",
			"from": [5.1, 4.88987, -2.15291],
			"to": [8.1, 5.88987, 2.2429],
			"rotation": {"angle": 22.5, "axis": "x", "origin": [8.1, -6.11013, 0.2429]},
			"faces": {
				"north": {"uv": [11.66667, 7.33333, 12.66667, 7.66667], "texture": "#4"},
				"east": {"uv": [11.33333, 11, 12.66667, 11.33333], "texture": "#4"},
				"south": {"uv": [4.33333, 12, 5.33333, 12.33333], "texture": "#4"},
				"west": {"uv": [11.66667, 3.33333, 13, 3.66667], "texture": "#4"},
				"up": {"uv": [11.33333, 10.33333, 10.33333, 9], "texture": "#4"},
				"down": {"uv": [5.33333, 10.66667, 4.33333, 12], "texture": "#4"}
			}
		},
		{
			"name": "body",
			"from": [8.1, 6.72354, 12.99655],
			"to": [11.1, 7.72354, 17.39236],
			"rotation": {"angle": -22.5, "axis": "x", "origin": [8.1, -4.27646, 15.39236]},
			"faces": {
				"north": {"uv": [11.66667, 4.33333, 12.66667, 4.66667], "texture": "#4"},
				"east": {"uv": [7.33333, 7, 8.66667, 7.33333], "texture": "#4"},
				"south": {"uv": [11.66667, 7, 12.66667, 7.33333], "texture": "#4"},
				"west": {"uv": [11, 4.66667, 12.33333, 5], "texture": "#4"},
				"up": {"uv": [11.33333, 11.66667, 10.33333, 10.33333], "texture": "#4"},
				"down": {"uv": [11.33333, 0, 10.33333, 1.33333], "texture": "#4"}
			}
		},
		{
			"name": "body",
			"from": [8.1, 7.72354, 12.99655],
			"to": [11.1, 15.51727, 17.39236],
			"rotation": {"angle": -22.5, "axis": "x", "origin": [8.1, -4.27646, 15.39236]},
			"faces": {
				"north": {"uv": [2.33333, 8.33333, 3.33333, 11], "texture": "#4"},
				"east": {"uv": [4, 5.66667, 5.33333, 8.33333], "texture": "#4"},
				"south": {"uv": [3.33333, 8.33333, 4.33333, 11], "texture": "#4"},
				"west": {"uv": [0, 6, 1.33333, 8.66667], "texture": "#4"},
				"up": {"uv": [11.66667, 6.33333, 10.66667, 5], "texture": "#4"},
				"down": {"uv": [11.66667, 6.33333, 10.66667, 7.66667], "texture": "#4"}
			}
		},
		{
			"name": "left_arm",
			"from": [4, 21.5, 3],
			"to": [5, 23.1, 9],
			"shade": false,
			"rotation": {"angle": 22.5, "axis": "y", "origin": [4, 22.3, 8]},
			"faces": {
				"north": {"uv": [9.66667, 8, 9.33333, 8.66667], "rotation": 180, "texture": "#4"},
				"east": {"uv": [7.33333, 0, 8, 2], "rotation": 270, "texture": "#4"},
				"south": {"uv": [2.66667, 8.33333, 2.33333, 7.66667], "texture": "#4"},
				"west": {"uv": [1.66667, 10.33333, 2.33333, 12.33333], "rotation": 90, "texture": "#4"},
				"up": {"uv": [0.66667, 11, 1, 13], "rotation": 180, "texture": "#4"},
				"down": {"uv": [8.66667, 11.66667, 9, 13.66667], "texture": "#4"}
			}
		},
		{
			"name": "left_arm",
			"from": [2.08658, 22.58715, -1.28489],
			"to": [3.08658, 24.18715, 3.91511],
			"shade": false,
			"rotation": {"angle": 22.5, "axis": "x", "origin": [2.08658, 23.38715, 0.91511]},
			"faces": {
				"north": {"uv": [11.33333, 11.66667, 11, 12.33333], "rotation": 180, "texture": "#4"},
				"east": {"uv": [0, 11, 0.66667, 12.66667], "rotation": 270, "texture": "#4"},
				"south": {"uv": [10.33333, 9.66667, 10, 9], "texture": "#4"},
				"west": {"uv": [2.33333, 11, 3, 12.66667], "rotation": 90, "texture": "#4"},
				"up": {"uv": [1.33333, 3, 1.66667, 4.66667], "rotation": 180, "texture": "#4"},
				"down": {"uv": [3, 0, 3.33333, 1.66667], "texture": "#4"}
			}
		},
		{
			"name": "left_arm",
			"from": [1.98658, 22.48715, -2.78489],
			"to": [3.08658, 24.28715, -1.28489],
			"shade": false,
			"rotation": {"angle": 22.5, "axis": "x", "origin": [2.08658, 23.38715, 0.91511]},
			"faces": {
				"north": {"uv": [5, 12.33333, 4.66667, 13], "rotation": 180, "texture": "#4"},
				"east": {"uv": [11.66667, 3.66667, 12.33333, 4.33333], "rotation": 270, "texture": "#4"},
				"south": {"uv": [4.66667, 13, 4.33333, 12.33333], "texture": "#4"},
				"west": {"uv": [11.66667, 5, 12.33333, 5.66667], "rotation": 90, "texture": "#4"},
				"up": {"uv": [1.66667, 12.33333, 2, 13], "rotation": 180, "texture": "#4"},
				"down": {"uv": [2, 12.33333, 2.33333, 13], "texture": "#4"}
			}
		},
		{
			"name": "right_arm",
			"from": [12.91342, 21.4, -3.3194],
			"to": [14.01342, 23.2, -1.8194],
			"shade": false,
			"rotation": {"angle": 0, "axis": "x", "origin": [13.01342, 22.3, 0.3806]},
			"faces": {
				"north": {"uv": [7.66667, 12.33333, 7.33333, 13], "rotation": 180, "texture": "#4"},
				"east": {"uv": [11.66667, 5.66667, 12.33333, 6.33333], "rotation": 270, "texture": "#4"},
				"south": {"uv": [7.33333, 13, 7, 12.33333], "texture": "#4"},
				"west": {"uv": [11.66667, 6.33333, 12.33333, 7], "rotation": 90, "texture": "#4"},
				"up": {"uv": [5, 12.33333, 5.33333, 13], "rotation": 180, "texture": "#4"},
				"down": {"uv": [6.66667, 12.33333, 7, 13], "texture": "#4"}
			}
		},
		{
			"name": "right_arm",
			"from": [12.91342, 21.5, -1.8194],
			"to": [13.91342, 23.1, 3.3806],
			"rotation": {"angle": 0, "axis": "x", "origin": [13.91342, 22.3, 0.3806]},
			"faces": {
				"north": {"uv": [12.33333, 0.66667, 12, 1.33333], "rotation": 180, "texture": "#4"},
				"east": {"uv": [3, 11, 3.66667, 12.66667], "rotation": 270, "texture": "#4"},
				"south": {"uv": [12.33333, 0.66667, 12, 0], "texture": "#4"},
				"west": {"uv": [3.66667, 11, 4.33333, 12.66667], "rotation": 90, "texture": "#4"},
				"up": {"uv": [1, 8.66667, 1.33333, 10.33333], "rotation": 180, "texture": "#4"},
				"down": {"uv": [9.66667, 8, 10, 9.66667], "texture": "#4"}
			}
		},
		{
			"name": "right_arm",
			"from": [11, 21.5, 3],
			"to": [12, 23.1, 9],
			"rotation": {"angle": -22.5, "axis": "y", "origin": [12, 22.3, 8]},
			"faces": {
				"north": {"uv": [12.33333, 8.33333, 12, 9], "rotation": 180, "texture": "#4"},
				"east": {"uv": [9, 10.33333, 9.66667, 12.33333], "rotation": 270, "texture": "#4"},
				"south": {"uv": [12.33333, 8.33333, 12, 7.66667], "texture": "#4"},
				"west": {"uv": [10.33333, 1.33333, 11, 3.33333], "rotation": 90, "texture": "#4"},
				"up": {"uv": [10.33333, 11.66667, 10.66667, 13.66667], "rotation": 180, "texture": "#4"},
				"down": {"uv": [10.66667, 11.66667, 11, 13.66667], "texture": "#4"}
			}
		},
		{
			"name": "left_leg",
			"from": [5.6, -0.7, 6],
			"to": [7.1, 6.3, 7.5],
			"shade": false,
			"rotation": {"angle": -22.5, "axis": "x", "origin": [8, -0.7, 7]},
			"faces": {
				"north": {"uv": [5.33333, 9.33333, 6, 11.66667], "texture": "#4"},
				"east": {"uv": [6, 9.33333, 6.66667, 11.66667], "texture": "#4"},
				"south": {"uv": [9.66667, 9.66667, 10.33333, 12], "texture": "#4"},
				"west": {"uv": [9.66667, 1.33333, 10.33333, 3.66667], "texture": "#4"},
				"up": {"uv": [6.66667, 5.33333, 6, 4.66667], "texture": "#4"},
				"down": {"uv": [9.33333, 8, 8.66667, 8.66667], "texture": "#4"}
			}
		},
		{
			"name": "left_leg",
			"from": [5.6, -0.7, 4.5],
			"to": [7.1, -0.2, 6],
			"shade": false,
			"rotation": {"angle": 0, "axis": "y", "origin": [8, -0.7, 5]},
			"faces": {
				"north": {"uv": [12, 9, 12.66667, 9.33333], "texture": "#4"},
				"east": {"uv": [12, 9.33333, 12.66667, 9.66667], "texture": "#4"},
				"south": {"uv": [12, 9.66667, 12.66667, 10], "texture": "#4"},
				"west": {"uv": [12, 10, 12.66667, 10.33333], "texture": "#4"},
				"up": {"uv": [12, 1.33333, 11.33333, 0.66667], "texture": "#4"},
				"down": {"uv": [12.33333, 1.33333, 11.66667, 2], "texture": "#4"}
			}
		},
		{
			"name": "left_leg",
			"from": [5.6, 5.53463, 0.64243],
			"to": [7.1, 10.53463, 2.14243],
			"shade": false,
			"rotation": {"angle": 22.5, "axis": "x", "origin": [8, -1.46537, 1.64243]},
			"faces": {
				"north": {"uv": [11, 1.33333, 11.66667, 3], "texture": "#4"},
				"east": {"uv": [11, 3, 11.66667, 4.66667], "texture": "#4"},
				"south": {"uv": [11.33333, 11.33333, 12, 13], "texture": "#4"},
				"west": {"uv": [11.33333, 7.66667, 12, 9.33333], "texture": "#4"},
				"up": {"uv": [9.66667, 2, 9, 1.33333], "texture": "#4"},
				"down": {"uv": [9.66667, 2, 9, 2.66667], "texture": "#4"}
			}
		},
		{
			"name": "right_leg",
			"from": [9, -0.7, 13],
			"to": [10.5, 6.3, 14.5],
			"rotation": {"angle": -22.5, "axis": "x", "origin": [8, -0.7, 14]},
			"faces": {
				"north": {"uv": [6.66667, 10, 7.33333, 12.33333], "texture": "#4"},
				"east": {"uv": [7.33333, 10, 8, 12.33333], "texture": "#4"},
				"south": {"uv": [10, 6.66667, 10.66667, 9], "texture": "#4"},
				"west": {"uv": [1, 10.33333, 1.66667, 12.66667], "texture": "#4"},
				"up": {"uv": [10.66667, 5.66667, 10, 5], "texture": "#4"},
				"down": {"uv": [11.33333, 7.66667, 10.66667, 8.33333], "texture": "#4"}
			}
		},
		{
			"name": "right_leg",
			"from": [9, -0.7, 11.5],
			"to": [10.5, -0.2, 13],
			"rotation": {"angle": 0, "axis": "y", "origin": [8, -0.7, 12]},
			"faces": {
				"north": {"uv": [12, 10.33333, 12.66667, 10.66667], "texture": "#4"},
				"east": {"uv": [12, 10.66667, 12.66667, 11], "texture": "#4"},
				"south": {"uv": [12, 11.33333, 12.66667, 11.66667], "texture": "#4"},
				"west": {"uv": [12, 11.66667, 12.66667, 12], "texture": "#4"},
				"up": {"uv": [12.33333, 2.66667, 11.66667, 2], "texture": "#4"},
				"down": {"uv": [12.33333, 2.66667, 11.66667, 3.33333], "texture": "#4"}
			}
		},
		{
			"name": "right_leg",
			"from": [9, 6.3, 13],
			"to": [10.5, 11.3, 14.5],
			"rotation": {"angle": -22.5, "axis": "x", "origin": [8, -0.7, 14]},
			"faces": {
				"north": {"uv": [11.33333, 9.33333, 12, 11], "texture": "#4"},
				"east": {"uv": [5.33333, 11.66667, 6, 13.33333], "texture": "#4"},
				"south": {"uv": [6, 11.66667, 6.66667, 13.33333], "texture": "#4"},
				"west": {"uv": [8, 11.66667, 8.66667, 13.33333], "texture": "#4"},
				"up": {"uv": [11.33333, 9, 10.66667, 8.33333], "texture": "#4"},
				"down": {"uv": [12, 0, 11.33333, 0.66667], "texture": "#4"}
			}
		}
	],
	"display": {
		"head": {
			"translation": [0, -27, 0],
			"scale": [2, 2, 2]
		}
	}
}