{
	"texture_size": [48, 48],
	"textures": {
		"4": "pseudo_entity/ghost"
	},
	"elements": [
		{
			"name": "head",
			"from": [5.9, 15.27641, 2.08031],
			"to": [10.1, 24.27641, 6.68031],
			"rotation": {"angle": 0, "axis": "y", "origin": [8, 21.27641, 6.18031]},
			"faces": {
				"north": {"uv": [0, 3, 1.33333, 6], "texture": "#4"},
				"east": {"uv": [0, 0, 1.66667, 3], "texture": "#4"},
				"south": {"uv": [1.33333, 4.66667, 2.66667, 7.66667], "texture": "#4"},
				"west": {"uv": [1.66667, 1.66667, 3.33333, 4.66667], "texture": "#4"},
				"up": {"uv": [3, 1.66667, 1.66667, 0], "texture": "#4"},
				"down": {"uv": [8.66667, 5.33333, 7.33333, 7], "texture": "#4"}
			}
		},
		{
			"name": "head",
			"from": [6, 22.9, 3],
			"to": [10, 26.9, 8],
			"rotation": {"angle": 22.5, "axis": "x", "origin": [8, 25.9, 6]},
			"faces": {
				"north": {"uv": [8.66667, 6.66667, 10, 8], "texture": "#4"},
				"east": {"uv": [8, 2.66667, 9.66667, 4], "texture": "#4"},
				"south": {"uv": [9, 0, 10.33333, 1.33333], "texture": "#4"},
				"west": {"uv": [6.66667, 8.66667, 8.33333, 10], "texture": "#4"},
				"up": {"uv": [9.66667, 10.33333, 8.33333, 8.66667], "texture": "#4"},
				"down": {"uv": [10, 4, 8.66667, 5.66667], "texture": "#4"}
			}
		},
		{
			"name": "head",
			"from": [7, 24.9, 6.3],
			"to": [9, 25.9, 8.3],
			"rotation": {"angle": 45, "axis": "x", "origin": [8, 24.9, 6.3]},
			"faces": {
				"north": {"uv": [2.66667, 5.33333, 3.33333, 5.66667], "texture": "#4"},
				"east": {"uv": [10.33333, 3.33333, 11, 3.66667], "texture": "#4"},
				"south": {"uv": [9.66667, 12, 10.33333, 12.33333], "texture": "#4"},
				"west": {"uv": [12, 12, 12.66667, 12.33333], "texture": "#4"},
				"up": {"uv": [3.33333, 5.33333, 2.66667, 4.66667], "texture": "#4"},
				"down": {"uv": [6, 4.66667, 5.33333, 5.33333], "texture": "#4"}
			}
		},
		{
			"name": "body",
			"from": [5.1, 11.31213, 5.59715],
			"to": [10.9, 17.31213, 9.09715],
			"rotation": {"angle": 0, "axis": "x", "origin": [8, 14.31213, 7.59715]},
			"faces": {
				"north": {"uv": [5.33333, 5.33333, 7.33333, 7.33333], "texture": "#4"},
				"east": {"uv": [6.66667, 2, 8, 4], "texture": "#4"},
				"south": {"uv": [5.33333, 0, 7.33333, 2], "texture": "#4"},
				"west": {"uv": [5.33333, 7.33333, 6.66667, 9.33333], "texture": "#4"},
				"up": {"uv": [8.66667, 5.33333, 6.66667, 4], "texture": "#4"},
				"down": {"uv": [8.66667, 7.33333, 6.66667, 8.66667], "texture": "#4"}
			}
		},
		{
			"name": "body",
			"from": [5, 16.63526, 7],
			"to": [11, 24, 10.29125],
			"rotation": {"angle": 22.5, "axis": "x", "origin": [8, 20.5, 8]},
			"faces": {
				"north": {"uv": [3.33333, 3.33333, 5.33333, 5.66667], "texture": "#4"},
				"east": {"uv": [4.33333, 8.33333, 5.33333, 10.66667], "texture": "#4"},
				"south": {"uv": [3.33333, 0, 5.33333, 2.33333], "texture": "#4"},
				"west": {"uv": [0, 8.66667, 1, 11], "texture": "#4"},
				"up": {"uv": [5.33333, 3.33333, 3.33333, 2.33333], "texture": "#4"},
				"down": {"uv": [10.66667, 5.66667, 8.66667, 6.66667], "texture": "#4"}
			}
		},
		{
			"name": "body",
			"from": [4, 6, -2.19581],
			"to": [8, 13.79373, 2.2],
			"rotation": {"angle": 22.5, "axis": "x", "origin": [8, -6, 0.2]},
			"faces": {
				"north": {"uv": [1.33333, 7.66667, 2.33333, 10.33333], "texture": "#4"},
				"east": {"uv": [5.33333, 2, 6.66667, 4.66667], "texture": "#4"},
				"south": {"uv": [8, 0, 9, 2.66667], "texture": "#4"},
				"west": {"uv": [2.66667, 5.66667, 4, 8.33333], "texture": "#4"},
				"up": {"uv": [11, 5, 10, 3.66667], "texture": "#4"},
				"down": {"uv": [9, 10.33333, 8, 11.66667], "texture": "#4"}
			}
		},
		{
			"name": "body",
			"from": [4, 5, -2.19581],
			"to": [8, 6, 2.2],
			"rotation": {"angle": 22.5, "axis": "x", "origin": [8, -6, 0.2]},
			"faces": {
				"north": {"uv": [11.66667, 7.33333, 12.66667, 7.66667], "texture": "#4"},
				"east": {"uv": [11.33333, 11, 12.66667, 11.33333], "texture": "#4"},
				"south": {"uv": [4.33333, 12, 5.33333, 12.33333], "texture": "#4"},
				"west": {"uv": [11.66667, 3.33333, 13, 3.66667], "texture": "#4"},
				"up": {"uv": [11.33333, 10.33333, 10.33333, 9], "texture": "#4"},
				"down": {"uv": [5.33333, 10.66667, 4.33333, 12], "texture": "#4"}
			}
		},
		{
			"name": "body",
			"from": [8, 5, -2.19581],
			"to": [12, 6, 2.2],
			"rotation": {"angle": 22.5, "axis": "x", "origin": [8, -6, 0.2]},
			"faces": {
				"north": {"uv": [11.66667, 4.33333, 12.66667, 4.66667], "texture": "#4"},
				"east": {"uv": [7.33333, 7, 8.66667, 7.33333], "texture": "#4"},
				"south": {"uv": [11.66667, 7, 12.66667, 7.33333], "texture": "#4"},
				"west": {"uv": [11, 4.66667, 12.33333, 5], "texture": "#4"},
				"up": {"uv": [11.33333, 11.66667, 10.33333, 10.33333], "texture": "#4"},
				"down": {"uv": [11.33333, 0, 10.33333, 1.33333], "texture": "#4"}
			}
		},
		{
			"name": "body",
			"from": [8, 6, -2.19581],
			"to": [12, 13.79373, 2.2],
			"rotation": {"angle": 22.5, "axis": "x", "origin": [8, -6, 0.2]},
			"faces": {
				"north": {"uv": [2.33333, 8.33333, 3.33333, 11], "texture": "#4"},
				"east": {"uv": [4, 5.66667, 5.33333, 8.33333], "texture": "#4"},
				"south": {"uv": [3.33333, 8.33333, 4.33333, 11], "texture": "#4"},
				"west": {"uv": [0, 6, 1.33333, 8.66667], "texture": "#4"},
				"up": {"uv": [11.66667, 6.33333, 10.66667, 5], "texture": "#4"},
				"down": {"uv": [11.66667, 6.33333, 10.66667, 7.66667], "texture": "#4"}
			}
		},
		{
			"name": "left_arm",
			"from": [4, 22.2, 3],
			"to": [5, 23.8, 9],
			"shade": false,
			"rotation": {"angle": -45, "axis": "x", "origin": [4, 23, 8]},
			"faces": {
				"north": {"uv": [9.66667, 8, 9.33333, 8.66667], "rotation": 180, "texture": "#4"},
				"east": {"uv": [7.33333, 0, 8, 2], "rotation": 270, "texture": "#4"},
				"south": {"uv": [2.66667, 8.33333, 2.33333, 7.66667], "texture": "#4"},
				"west": {"uv": [1.66667, 10.33333, 2.33333, 12.33333], "rotation": 90, "texture": "#4"},
				"up": {"uv": [0.66667, 11, 1, 13], "rotation": 180, "texture": "#4"},
				"down": {"uv": [8.66667, 11.66667, 9, 13.66667], "texture": "#4"}
			}
		},
		{
			"name": "left_arm",
			"from": [4, 18.36427, 2.343],
			"to": [5, 23.56427, 3.943],
			"shade": false,
			"rotation": {"angle": -22.5, "axis": "x", "origin": [4, 21.36427, 3.143]},
			"faces": {
				"north": {"uv": [3, 0, 3.33333, 1.66667], "rotation": 180, "texture": "#4"},
				"east": {"uv": [0, 11, 0.66667, 12.66667], "rotation": 180, "texture": "#4"},
				"south": {"uv": [1.33333, 3, 1.66667, 4.66667], "rotation": 180, "texture": "#4"},
				"west": {"uv": [2.33333, 11, 3, 12.66667], "rotation": 180, "texture": "#4"},
				"up": {"uv": [11.33333, 11.66667, 11, 12.33333], "texture": "#4"},
				"down": {"uv": [10.33333, 9.66667, 10, 9], "texture": "#4"}
			}
		},
		{
			"name": "left_arm",
			"from": [3.9, 23.56427, 2.243],
			"to": [5, 25.06427, 4.043],
			"shade": false,
			"rotation": {"angle": -22.5, "axis": "x", "origin": [4, 21.36427, 3.143]},
			"faces": {
				"north": {"uv": [2, 12.33333, 2.33333, 13], "rotation": 180, "texture": "#4"},
				"east": {"uv": [11.66667, 3.66667, 12.33333, 4.33333], "rotation": 180, "texture": "#4"},
				"south": {"uv": [1.66667, 12.33333, 2, 13], "rotation": 180, "texture": "#4"},
				"west": {"uv": [11.66667, 5, 12.33333, 5.66667], "rotation": 180, "texture": "#4"},
				"up": {"uv": [5, 12.33333, 4.66667, 13], "texture": "#4"},
				"down": {"uv": [4.66667, 13, 4.33333, 12.33333], "texture": "#4"}
			}
		},
		{
			"name": "right_arm",
			"from": [11, 25.62526, 2.3778],
			"to": [12.1, 27.12526, 4.1778],
			"shade": false,
			"rotation": {"angle": -22.5, "axis": "x", "origin": [11.1, 23.42526, 3.2778]},
			"faces": {
				"north": {"uv": [6.66667, 12.33333, 7, 13], "rotation": 180, "texture": "#4"},
				"east": {"uv": [11.66667, 5.66667, 12.33333, 6.33333], "rotation": 180, "texture": "#4"},
				"south": {"uv": [5, 12.33333, 5.33333, 13], "rotation": 180, "texture": "#4"},
				"west": {"uv": [11.66667, 6.33333, 12.33333, 7], "rotation": 180, "texture": "#4"},
				"up": {"uv": [7.66667, 12.33333, 7.33333, 13], "texture": "#4"},
				"down": {"uv": [7.33333, 13, 7, 12.33333], "texture": "#4"}
			}
		},
		{
			"name": "right_arm",
			"from": [11, 20.42526, 2.4778],
			"to": [12, 25.62526, 4.0778],
			"rotation": {"angle": -22.5, "axis": "x", "origin": [12, 23.42526, 3.2778]},
			"faces": {
				"north": {"uv": [9.66667, 8, 10, 9.66667], "rotation": 180, "texture": "#4"},
				"east": {"uv": [3, 11, 3.66667, 12.66667], "rotation": 180, "texture": "#4"},
				"south": {"uv": [1, 8.66667, 1.33333, 10.33333], "rotation": 180, "texture": "#4"},
				"west": {"uv": [3.66667, 11, 4.33333, 12.66667], "rotation": 180, "texture": "#4"},
				"up": {"uv": [12.33333, 0.66667, 12, 1.33333], "texture": "#4"},
				"down": {"uv": [12.33333, 0.66667, 12, 0], "texture": "#4"}
			}
		},
		{
			"name": "right_arm",
			"from": [11, 22.2, 3],
			"to": [12, 23.8, 9],
			"rotation": {"angle": -22.5, "axis": "x", "origin": [12, 23, 8]},
			"faces": {
				"north": {"uv": [12.33333, 8.33333, 12, 9], "rotation": 180, "texture": "#4"},
				"east": {"uv": [9, 10.33333, 9.66667, 12.33333], "rotation": 270, "texture": "#4"},
				"south": {"uv": [12.33333, 8.33333, 12, 7.66667], "texture": "#4"},
				"west": {"uv": [10.33333, 1.33333, 11, 3.33333], "rotation": 90, "texture": "#4"},
				"up": {"uv": [10.33333, 11.66667, 10.66667, 13.66667], "rotation": 180, "texture": "#4"},
				"down": {"uv": [10.66667, 11.66667, 11, 13.66667], "texture": "#4"}
			}
		},
		{
			"name": "left_leg",
			"from": [4.6, 0, 7],
			"to": [6.1, 7, 8.5],
			"shade": false,
			"rotation": {"angle": -22.5, "axis": "x", "origin": [7, 0, 8]},
			"faces": {
				"north": {"uv": [5.33333, 9.33333, 6, 11.66667], "texture": "#4"},
				"east": {"uv": [6, 9.33333, 6.66667, 11.66667], "texture": "#4"},
				"south": {"uv": [9.66667, 9.66667, 10.33333, 12], "texture": "#4"},
				"west": {"uv": [9.66667, 1.33333, 10.33333, 3.66667], "texture": "#4"},
				"up": {"uv": [6.66667, 5.33333, 6, 4.66667], "texture": "#4"},
				"down": {"uv": [9.33333, 8, 8.66667, 8.66667], "texture": "#4"}
			}
		},
		{
			"name": "left_leg",
			"from": [4.6, 0, 5.5],
			"to": [6.1, 0.5, 7],
			"shade": false,
			"rotation": {"angle": 0, "axis": "y", "origin": [7, 0, 6]},
			"faces": {
				"north": {"uv": [12, 9, 12.66667, 9.33333], "texture": "#4"},
				"east": {"uv": [12, 9.33333, 12.66667, 9.66667], "texture": "#4"},
				"south": {"uv": [12, 9.66667, 12.66667, 10], "texture": "#4"},
				"west": {"uv": [12, 10, 12.66667, 10.33333], "texture": "#4"},
				"up": {"uv": [12, 1.33333, 11.33333, 0.66667], "texture": "#4"},
				"down": {"uv": [12.33333, 1.33333, 11.66667, 2], "texture": "#4"}
			}
		},
		{
			"name": "left_leg",
			"from": [4.6, 6.23463, 1.64243],
			"to": [6.1, 11.23463, 3.14243],
			"shade": false,
			"rotation": {"angle": 22.5, "axis": "x", "origin": [7, -0.76537, 2.64243]},
			"faces": {
				"north": {"uv": [11, 1.33333, 11.66667, 3], "texture": "#4"},
				"east": {"uv": [11, 3, 11.66667, 4.66667], "texture": "#4"},
				"south": {"uv": [11.33333, 11.33333, 12, 13], "texture": "#4"},
				"west": {"uv": [11.33333, 7.66667, 12, 9.33333], "texture": "#4"},
				"up": {"uv": [9.66667, 2, 9, 1.33333], "texture": "#4"},
				"down": {"uv": [9.66667, 2, 9, 2.66667], "texture": "#4"}
			}
		},
		{
			"name": "right_leg",
			"from": [10, 0, 7],
			"to": [11.5, 7, 8.5],
			"rotation": {"angle": -22.5, "axis": "x", "origin": [9, 0, 8]},
			"faces": {
				"north": {"uv": [6.66667, 10, 7.33333, 12.33333], "texture": "#4"},
				"east": {"uv": [7.33333, 10, 8, 12.33333], "texture": "#4"},
				"south": {"uv": [10, 6.66667, 10.66667, 9], "texture": "#4"},
				"west": {"uv": [1, 10.33333, 1.66667, 12.66667], "texture": "#4"},
				"up": {"uv": [10.66667, 5.66667, 10, 5], "texture": "#4"},
				"down": {"uv": [11.33333, 7.66667, 10.66667, 8.33333], "texture": "#4"}
			}
		},
		{
			"name": "right_leg",
			"from": [10, 0, 5.5],
			"to": [11.5, 0.5, 7],
			"rotation": {"angle": 0, "axis": "y", "origin": [9, 0, 6]},
			"faces": {
				"north": {"uv": [12, 10.33333, 12.66667, 10.66667], "texture": "#4"},
				"east": {"uv": [12, 10.66667, 12.66667, 11], "texture": "#4"},
				"south": {"uv": [12, 11.33333, 12.66667, 11.66667], "texture": "#4"},
				"west": {"uv": [12, 11.66667, 12.66667, 12], "texture": "#4"},
				"up": {"uv": [12.33333, 2.66667, 11.66667, 2], "texture": "#4"},
				"down": {"uv": [12.33333, 2.66667, 11.66667, 3.33333], "texture": "#4"}
			}
		},
		{
			"name": "right_leg",
			"from": [10, 6.23463, 1.64243],
			"to": [11.5, 11.23463, 3.14243],
			"rotation": {"angle": 22.5, "axis": "x", "origin": [9, -0.76537, 2.64243]},
			"faces": {
				"north": {"uv": [11.33333, 9.33333, 12, 11], "texture": "#4"},
				"east": {"uv": [5.33333, 11.66667, 6, 13.33333], "texture": "#4"},
				"south": {"uv": [6, 11.66667, 6.66667, 13.33333], "texture": "#4"},
				"west": {"uv": [8, 11.66667, 8.66667, 13.33333], "texture": "#4"},
				"up": {"uv": [11.33333, 9, 10.66667, 8.33333], "texture": "#4"},
				"down": {"uv": [12, 0, 11.33333, 0.66667], "texture": "#4"}
			}
		}
	],
	"display": {
		"head": {
			"translation": [0, -27, 0],
			"scale": [2, 2, 2]
		}
	}
}