{
	"textures": {
		"0": "block/red_mushroom_block",
		"1": "block/black_wool",
		"particle": "block/red_mushroom_block"
	},
	"elements": [
		{
			"from": [1.5, 7.5, 1.5],
			"to": [2.5, 8.5, 2.5],
			"faces": {
				"north": {"uv": [0, 0, 16, 16], "texture": "#0"},
				"east": {"uv": [0, 0, 16, 16], "texture": "#0"},
				"south": {"uv": [0, 0, 16, 16], "texture": "#0"},
				"west": {"uv": [0, 0, 16, 16], "texture": "#0"},
				"up": {"uv": [0, 0, 16, 16], "texture": "#0"},
				"down": {"uv": [0, 0, 16, 16], "texture": "#0"}
			}
		},
		{
			"from": [1.6, 7.5, 1.2],
			"to": [2.4, 7.9, 1.5],
			"faces": {
				"north": {"uv": [0, 0, 6, 3], "texture": "#1"},
				"east": {"uv": [0, 0, 0.3, 0.4], "texture": "#1"},
				"south": {"uv": [0, 0, 0.8, 0.4], "texture": "#1"},
				"west": {"uv": [0, 0, 0.3, 0.4], "texture": "#1"},
				"up": {"uv": [0, 0, 0.8, 0.3], "texture": "#1"},
				"down": {"uv": [0, 0, 0.8, 0.3], "texture": "#1"}
			}
		}
	],
	"display": {}
}