{
	"texture_size": [32, 32],
	"textures": {
		"0": "block/red_wool",
		"1": "block/black_concrete",
		"3": "block/lime_concrete",
		"4": "block/iron_block",
		"5": "block/blue_ice",
		"6": "block/yellow_shulker_box",
		"7": "block/lime_shulker_box"
	},
	"elements": [
		{
			"from": [4.5, 14.5, 2.5],
			"to": [6, 16.5, 3],
			"rotation": {"angle": 0, "axis": "y", "origin": [11, 12, 4]},
			"faces": {
				"north": {"uv": [0, 0, 0.5, 8], "texture": "#6"},
				"east": {"uv": [0, 0, 0.5, 8], "texture": "#6"},
				"south": {"uv": [0, 0, 0.5, 8], "texture": "#6"},
				"west": {"uv": [0, 0, 0.5, 8], "texture": "#6"},
				"up": {"uv": [0, 0, 0.5, 8], "texture": "#6"},
				"down": {"uv": [0, 0, 0.5, 8], "texture": "#6"}
			}
		},
		{
			"from": [10, 14.5, 2.5],
			"to": [11.5, 16.5, 3],
			"rotation": {"angle": 0, "axis": "y", "origin": [5, 12, 4]},
			"faces": {
				"north": {"uv": [0.5, 0, 0, 8], "texture": "#6"},
				"east": {"uv": [0.5, 0, 0, 8], "texture": "#6"},
				"south": {"uv": [0.5, 0, 0, 8], "texture": "#6"},
				"west": {"uv": [0.5, 0, 0, 8], "texture": "#6"},
				"up": {"uv": [0.5, 0, 0, 8], "texture": "#6"},
				"down": {"uv": [0.5, 0, 0, 8], "texture": "#6"}
			}
		},
		{
			"from": [6, 12.3, 2.5],
			"to": [10, 12.4, 3],
			"rotation": {"angle": 0, "axis": "y", "origin": [8, 5.3, 4]},
			"faces": {
				"north": {"uv": [0.5, 0, 1, 0.5], "texture": "#6"},
				"east": {"uv": [0.5, 0, 1, 0.5], "texture": "#6"},
				"south": {"uv": [0.5, 0, 1, 0.5], "texture": "#6"},
				"west": {"uv": [0.5, 0, 1, 0.5], "texture": "#6"},
				"up": {"uv": [0.5, 0, 1, 0.5], "texture": "#6"},
				"down": {"uv": [0.5, 0, 1, 0.5], "texture": "#6"}
			}
		},
		{
			"from": [4.17138, 13.06156, 2.5],
			"to": [6.17138, 13.16156, 3],
			"rotation": {"angle": -22.5, "axis": "z", "origin": [4.17138, 13.11156, 2.75]},
			"faces": {
				"north": {"uv": [0.5, 0, 1, 0.5], "texture": "#6"},
				"east": {"uv": [0.5, 0, 1, 0.5], "texture": "#6"},
				"south": {"uv": [0.5, 0, 1, 0.5], "texture": "#6"},
				"west": {"uv": [0.5, 0, 1, 0.5], "texture": "#6"},
				"up": {"uv": [0.5, 0, 1, 0.5], "texture": "#6"},
				"down": {"uv": [0.5, 0, 1, 0.5], "texture": "#6"}
			}
		},
		{
			"from": [9.82862, 13.06156, 2.5],
			"to": [11.82862, 13.16156, 3],
			"rotation": {"angle": 22.5, "axis": "z", "origin": [11.82862, 13.11156, 2.75]},
			"faces": {
				"north": {"uv": [1, 0, 0.5, 0.5], "texture": "#6"},
				"east": {"uv": [1, 0, 0.5, 0.5], "texture": "#6"},
				"south": {"uv": [1, 0, 0.5, 0.5], "texture": "#6"},
				"west": {"uv": [1, 0, 0.5, 0.5], "texture": "#6"},
				"up": {"uv": [1, 0, 0.5, 0.5], "texture": "#6"},
				"down": {"uv": [1, 0, 0.5, 0.5], "texture": "#6"}
			}
		},
		{
			"from": [1.5, 11.5, 3],
			"to": [14.5, 19.5, 14.5],
			"rotation": {"angle": 0, "axis": "y", "origin": [8, 12, 4]},
			"faces": {
				"north": {"uv": [0, 0, 4, 2], "texture": "#5"},
				"east": {"uv": [0, 0, 4, 2], "texture": "#5"},
				"south": {"uv": [0, 0, 4, 2], "texture": "#5"},
				"west": {"uv": [0, 0, 4, 2], "texture": "#5"},
				"up": {"uv": [0, 0, 4, 2], "texture": "#5"},
				"down": {"uv": [0, 0, 4, 2], "texture": "#5"}
			}
		},
		{
			"from": [2.1, 11.9, 2.9],
			"to": [14.1, 19.1, 3],
			"rotation": {"angle": 0, "axis": "y", "origin": [8, 12, 3.9]},
			"faces": {
				"north": {"uv": [0, 0, 0.05, 3.6], "texture": "#1"},
				"east": {"uv": [0, 0, 0.05, 3.6], "texture": "#1"},
				"south": {"uv": [0, 0, 0.05, 3.6], "texture": "#1"},
				"west": {"uv": [0, 0, 0.05, 3.6], "texture": "#1"},
				"up": {"uv": [0, 0, 0.05, 3.6], "texture": "#1"},
				"down": {"uv": [0, 0, 0.05, 3.6], "texture": "#1"}
			}
		},
		{
			"from": [1.5, 11.5, 2.5],
			"to": [2, 19.5, 3],
			"rotation": {"angle": 0, "axis": "y", "origin": [8, 12, 4]},
			"faces": {
				"north": {"uv": [0, 0, 0.5, 8], "texture": "#5"},
				"east": {"uv": [0, 0, 0.5, 8], "texture": "#5"},
				"south": {"uv": [0, 0, 0.5, 8], "texture": "#5"},
				"west": {"uv": [0, 0, 0.5, 8], "texture": "#5"},
				"up": {"uv": [0, 0, 0.5, 8], "texture": "#5"},
				"down": {"uv": [0, 0, 0.5, 8], "texture": "#5"}
			}
		},
		{
			"from": [14, 11.5, 2.5],
			"to": [14.5, 19.5, 3],
			"rotation": {"angle": 0, "axis": "y", "origin": [8, 12, 4]},
			"faces": {
				"north": {"uv": [0.5, 0, 1, 8], "texture": "#5"},
				"east": {"uv": [0.5, 0, 1, 8], "texture": "#5"},
				"south": {"uv": [0.5, 0, 1, 8], "texture": "#5"},
				"west": {"uv": [0.5, 0, 1, 8], "texture": "#5"},
				"up": {"uv": [0.5, 0, 1, 8], "texture": "#5"},
				"down": {"uv": [0.5, 0, 1, 8], "texture": "#5"}
			}
		},
		{
			"from": [2, 19, 2.5],
			"to": [14, 19.5, 3],
			"rotation": {"angle": 0, "axis": "y", "origin": [8, 12, 4]},
			"faces": {
				"north": {"uv": [0.5, 0, 1, 0.5], "texture": "#5"},
				"east": {"uv": [0.5, 0, 1, 0.5], "texture": "#5"},
				"south": {"uv": [0.5, 0, 1, 0.5], "texture": "#5"},
				"west": {"uv": [0.5, 0, 1, 0.5], "texture": "#5"},
				"up": {"uv": [0.5, 0, 1, 0.5], "texture": "#5"},
				"down": {"uv": [0.5, 0, 1, 0.5], "texture": "#5"}
			}
		},
		{
			"from": [2, 11.5, 2.5],
			"to": [14, 12, 3],
			"rotation": {"angle": 0, "axis": "y", "origin": [8, 4.5, 4]},
			"faces": {
				"north": {"uv": [0.5, 0, 1, 0.5], "texture": "#5"},
				"east": {"uv": [0.5, 0, 1, 0.5], "texture": "#5"},
				"south": {"uv": [0.5, 0, 1, 0.5], "texture": "#5"},
				"west": {"uv": [0.5, 0, 1, 0.5], "texture": "#5"},
				"up": {"uv": [0.5, 0, 1, 0.5], "texture": "#5"},
				"down": {"uv": [0.5, 0, 1, 0.5], "texture": "#5"}
			}
		},
		{
			"from": [7.5, 18.5, 9.5],
			"to": [8.5, 23.5, 10.5],
			"rotation": {"angle": 22.5, "axis": "x", "origin": [8, 23.5, 10]},
			"faces": {
				"north": {"uv": [0, 0, 1, 5], "texture": "#4"},
				"east": {"uv": [0, 0, 1, 5], "texture": "#4"},
				"south": {"uv": [0, 0, 1, 5], "texture": "#4"},
				"west": {"uv": [0, 0, 1, 5], "texture": "#4"},
				"up": {"uv": [0, 0, 1, 5], "texture": "#4"},
				"down": {"uv": [0, 0, 1, 5], "texture": "#4"}
			}
		},
		{
			"from": [7.6, 22.60556, 11.25938],
			"to": [8.4, 25.60556, 12.05938],
			"rotation": {"angle": 45, "axis": "x", "origin": [8, 25.10556, 11.65938]},
			"faces": {
				"north": {"uv": [0, 0, 0.8, 3], "texture": "#4"},
				"east": {"uv": [0, 0, 0.8, 3], "texture": "#4"},
				"south": {"uv": [0, 0, 0.8, 3], "texture": "#4"},
				"west": {"uv": [0, 0, 0.8, 3], "texture": "#4"},
				"up": {"uv": [0, 0, 0.8, 3], "texture": "#4"},
				"down": {"uv": [0, 0, 0.8, 3], "texture": "#4"}
			}
		},
		{
			"from": [7.6, 23.93545, 12.76441],
			"to": [8.4, 24.80911, 13.56441],
			"rotation": {"angle": 45, "axis": "x", "origin": [8, 24.30911, 11.16441]},
			"faces": {
				"north": {"uv": [0, 0, 1, 1], "texture": "#4"},
				"east": {"uv": [0, 0, 1, 1], "texture": "#4"},
				"south": {"uv": [0, 0, 1, 1], "texture": "#4"},
				"west": {"uv": [0, 0, 1, 1], "texture": "#4"},
				"up": {"uv": [0, 0, 1, 1], "texture": "#4"},
				"down": {"uv": [0, 0, 1, 1], "texture": "#4"}
			}
		},
		{
			"from": [7.6, 23.30556, 11.25938],
			"to": [8.4, 24.70556, 12.05938],
			"rotation": {"angle": -45, "axis": "x", "origin": [8, 25.10556, 11.65938]},
			"faces": {
				"north": {"uv": [0, 0, 1, 1], "texture": "#4"},
				"east": {"uv": [0, 0, 1, 1], "texture": "#4"},
				"south": {"uv": [0, 0, 1, 1], "texture": "#4"},
				"west": {"uv": [0, 0, 1, 1], "texture": "#4"},
				"up": {"uv": [0, 0, 1, 1], "texture": "#4"},
				"down": {"uv": [0, 0, 1, 1], "texture": "#4"}
			}
		},
		{
			"from": [7.6, 23.30556, 9.55938],
			"to": [8.4, 24.70556, 10.35938],
			"rotation": {"angle": -45, "axis": "x", "origin": [8, 25.10556, 11.65938]},
			"faces": {
				"north": {"uv": [0, 0, 1, 1], "texture": "#4"},
				"east": {"uv": [0, 0, 1, 1], "texture": "#4"},
				"south": {"uv": [0, 0, 1, 1], "texture": "#4"},
				"west": {"uv": [0, 0, 1, 1], "texture": "#4"},
				"up": {"uv": [0, 0, 1, 1], "texture": "#4"},
				"down": {"uv": [0, 0, 1, 1], "texture": "#4"}
			}
		},
		{
			"from": [7.6, 22.34784, 11.44725],
			"to": [8.4, 23.14784, 12.59725],
			"rotation": {"angle": 0, "axis": "x", "origin": [8, 22.74784, 12.14725]},
			"faces": {
				"north": {"uv": [0, 0, 1, 1], "rotation": 90, "texture": "#4"},
				"east": {"uv": [0, 0, 1, 1], "rotation": 90, "texture": "#4"},
				"south": {"uv": [0, 0, 1, 1], "rotation": 90, "texture": "#4"},
				"west": {"uv": [0, 0, 1, 1], "rotation": 90, "texture": "#4"},
				"up": {"uv": [0, 0, 1, 1], "rotation": 90, "texture": "#4"},
				"down": {"uv": [0, 0, 1, 1], "rotation": 90, "texture": "#4"}
			}
		},
		{
			"from": [7.6, 22.96561, 12.41502],
			"to": [8.4, 24.11561, 13.21502],
			"rotation": {"angle": 0, "axis": "x", "origin": [8, 23.41561, 12.81502]},
			"faces": {
				"north": {"uv": [0, 0, 1, 1], "texture": "#4"},
				"east": {"uv": [0, 0, 1, 1], "texture": "#4"},
				"south": {"uv": [0, 0, 1, 1], "texture": "#4"},
				"west": {"uv": [0, 0, 1, 1], "texture": "#4"},
				"up": {"uv": [0, 0, 1, 1], "texture": "#4"},
				"down": {"uv": [0, 0, 1, 1], "texture": "#4"}
			}
		},
		{
			"from": [14.5, 12.5, 4.5],
			"to": [15.5, 18.5, 12.5],
			"rotation": {"angle": 0, "axis": "z", "origin": [15, 15.5, 8.5]},
			"faces": {
				"north": {"uv": [0, 0, 8, 6], "texture": "#7"},
				"east": {"uv": [0, 0, 16, 16], "texture": "#7"},
				"south": {"uv": [0, 0, 8, 6], "texture": "#7"},
				"west": {"uv": [0, 0, 8, 6], "texture": "#7"},
				"up": {"uv": [0, 0, 8, 6], "texture": "#7"},
				"down": {"uv": [0, 0, 8, 6], "texture": "#7"}
			}
		},
		{
			"from": [0.5, 12.5, 4.5],
			"to": [1.5, 18.5, 12.5],
			"rotation": {"angle": 0, "axis": "z", "origin": [1, 15.5, 8.5]},
			"faces": {
				"north": {"uv": [8, 0, 16, 6], "texture": "#7"},
				"east": {"uv": [8, 0, 16, 6], "texture": "#7"},
				"south": {"uv": [8, 0, 16, 6], "texture": "#7"},
				"west": {"uv": [0, 0, 16, 16], "texture": "#7"},
				"up": {"uv": [8, 0, 16, 6], "texture": "#7"},
				"down": {"uv": [8, 0, 16, 6], "texture": "#7"}
			}
		},
		{
			"name": "octagon",
			"from": [0.17157, 8, 7],
			"to": [1.82843, 12, 10],
			"rotation": {"angle": 0, "axis": "z", "origin": [1, 10, 8]},
			"faces": {
				"north": {"uv": [1, 0, 0, 1], "texture": "#3"},
				"east": {"uv": [1, 0, 0, 1], "texture": "#3"},
				"south": {"uv": [1, 0, 0, 1], "texture": "#3"},
				"west": {"uv": [1, 0, 0, 1], "texture": "#3"},
				"up": {"uv": [1, 0, 0, 1], "texture": "#3"},
				"down": {"uv": [1, 0, 0, 1], "texture": "#3"}
			}
		},
		{
			"name": "octagon",
			"from": [-1, 9.17157, 7],
			"to": [3, 10.82843, 10],
			"rotation": {"angle": -45, "axis": "z", "origin": [1, 10, 8]},
			"faces": {
				"north": {"uv": [1, 0, 0, 1], "texture": "#3"},
				"east": {"uv": [1, 0, 0, 1], "texture": "#3"},
				"south": {"uv": [1, 0, 0, 1], "texture": "#3"},
				"west": {"uv": [1, 0, 0, 1], "texture": "#3"},
				"up": {"uv": [1, 0, 0, 1], "texture": "#3"},
				"down": {"uv": [1, 0, 0, 1], "texture": "#3"}
			}
		},
		{
			"name": "octagon",
			"from": [0.17157, 8, 7],
			"to": [1.82843, 12, 10],
			"rotation": {"angle": -45, "axis": "z", "origin": [1, 10, 8]},
			"faces": {
				"north": {"uv": [1, 0, 0, 1], "texture": "#3"},
				"east": {"uv": [1, 0, 0, 1], "texture": "#3"},
				"south": {"uv": [1, 0, 0, 1], "texture": "#3"},
				"west": {"uv": [1, 0, 0, 1], "texture": "#3"},
				"up": {"uv": [1, 0, 0, 1], "texture": "#3"},
				"down": {"uv": [1, 0, 0, 1], "texture": "#3"}
			}
		},
		{
			"name": "octagon",
			"from": [-1, 9.17157, 7],
			"to": [3, 10.82843, 10],
			"rotation": {"angle": 0, "axis": "z", "origin": [1, 10, 8]},
			"faces": {
				"north": {"uv": [1, 0, 0, 1], "texture": "#3"},
				"east": {"uv": [1, 0, 0, 1], "texture": "#3"},
				"south": {"uv": [1, 0, 0, 1], "texture": "#3"},
				"west": {"uv": [1, 0, 0, 1], "texture": "#3"},
				"up": {"uv": [1, 0, 0, 1], "texture": "#3"},
				"down": {"uv": [1, 0, 0, 1], "texture": "#3"}
			}
		},
		{
			"name": "octagon",
			"from": [0.17157, 6, 7.7],
			"to": [1.17157, 8, 9.3],
			"rotation": {"angle": 0, "axis": "z", "origin": [1.17157, 7, 8.52843]},
			"faces": {
				"north": {"uv": [1, 0, 0, 1], "texture": "#4"},
				"east": {"uv": [1, 0, 0, 1], "texture": "#4"},
				"south": {"uv": [1, 0, 0, 1], "texture": "#4"},
				"west": {"uv": [1, 0, 0, 1], "texture": "#4"},
				"up": {"uv": [1, 0, 0, 1], "rotation": 90, "texture": "#4"},
				"down": {"uv": [1, 0, 0, 1], "rotation": 270, "texture": "#4"}
			}
		},
		{
			"name": "octagon",
			"from": [0.07157, 4.83848, 7.21888],
			"to": [1.27157, 6.83848, 8.81888],
			"rotation": {"angle": 45, "axis": "x", "origin": [1.17157, 5.83848, 8.04731]},
			"faces": {
				"north": {"uv": [1, 0, 0, 1], "texture": "#4"},
				"east": {"uv": [1, 0, 0, 1], "texture": "#4"},
				"south": {"uv": [1, 0, 0, 1], "texture": "#4"},
				"west": {"uv": [1, 0, 0, 1], "texture": "#4"},
				"up": {"uv": [1, 0, 0, 1], "rotation": 90, "texture": "#4"},
				"down": {"uv": [1, 0, 0, 1], "rotation": 270, "texture": "#4"}
			}
		},
		{
			"name": "octagon",
			"from": [0.17157, 4.14687, 5.65396],
			"to": [1.17157, 5.74687, 7.65396],
			"rotation": {"angle": -22.5, "axis": "x", "origin": [0.67315, 4.94907, 6.66657]},
			"faces": {
				"north": {"uv": [1, 0, 0, 1], "rotation": 90, "texture": "#4"},
				"east": {"uv": [1, 0, 0, 1], "rotation": 270, "texture": "#4"},
				"south": {"uv": [1, 0, 0, 1], "rotation": 90, "texture": "#4"},
				"west": {"uv": [1, 0, 0, 1], "rotation": 90, "texture": "#4"},
				"up": {"uv": [1, 0, 0, 1], "rotation": 180, "texture": "#4"},
				"down": {"uv": [1, 0, 0, 1], "texture": "#4"}
			}
		},
		{
			"name": "octagon",
			"from": [0.07157, 3.89687, 4.65396],
			"to": [1.27157, 5.99687, 5.65396],
			"rotation": {"angle": -22.5, "axis": "x", "origin": [0.67315, 4.94907, 6.66657]},
			"faces": {
				"north": {"uv": [1, 0, 0, 1], "rotation": 90, "texture": "#5"},
				"east": {"uv": [1, 0, 0, 1], "rotation": 270, "texture": "#5"},
				"south": {"uv": [1, 0, 0, 1], "rotation": 90, "texture": "#5"},
				"west": {"uv": [4, 0, 0, 5], "rotation": 90, "texture": "#5"},
				"up": {"uv": [1, 0, 0, 1], "rotation": 180, "texture": "#5"},
				"down": {"uv": [1, 0, 0, 1], "texture": "#5"}
			}
		},
		{
			"name": "octagon",
			"from": [0.07157, 2.72266, 4.96128],
			"to": [1.27157, 3.82266, 5.96128],
			"rotation": {"angle": 22.5, "axis": "x", "origin": [0.67157, 3.27266, 5.46128]},
			"faces": {
				"north": {"uv": [1, 0, 0, 1], "rotation": 270, "texture": "#5"},
				"east": {"uv": [1, 0, 0, 1], "rotation": 90, "texture": "#5"},
				"south": {"uv": [1, 0, 0, 1], "rotation": 270, "texture": "#5"},
				"west": {"uv": [4, 0, 0, 5], "rotation": 270, "texture": "#5"},
				"up": {"uv": [1, 0, 0, 1], "texture": "#5"},
				"down": {"uv": [1, 0, 0, 1], "rotation": 180, "texture": "#5"}
			}
		},
		{
			"name": "octagon",
			"from": [0.07157, 2.32465, 3.46327],
			"to": [1.27157, 3.32465, 5.56327],
			"rotation": {"angle": -22.5, "axis": "x", "origin": [0.67157, 2.82465, 5.01327]},
			"faces": {
				"north": {"uv": [1, 0, 0, 1], "texture": "#5"},
				"east": {"uv": [0, 1, 1, 0], "rotation": 180, "texture": "#5"},
				"south": {"uv": [1, 0, 0, 1], "texture": "#5"},
				"west": {"uv": [4, 0, 0, 5], "rotation": 180, "texture": "#5"},
				"up": {"uv": [1, 0, 0, 1], "rotation": 90, "texture": "#5"},
				"down": {"uv": [1, 0, 0, 1], "rotation": 270, "texture": "#5"}
			}
		},
		{
			"name": "octagon",
			"from": [0.07157, 4.77813, 4.08059],
			"to": [1.27157, 5.77813, 5.18059],
			"rotation": {"angle": 22.5, "axis": "x", "origin": [0.67157, 5.27813, 4.63059]},
			"faces": {
				"north": {"uv": [1, 0, 0, 1], "texture": "#5"},
				"east": {"uv": [0, 1, 1, 0], "rotation": 180, "texture": "#5"},
				"south": {"uv": [1, 0, 0, 1], "texture": "#5"},
				"west": {"uv": [4, 0, 0, 5], "rotation": 180, "texture": "#5"},
				"up": {"uv": [1, 0, 0, 1], "rotation": 90, "texture": "#5"},
				"down": {"uv": [1, 0, 0, 1], "rotation": 270, "texture": "#5"}
			}
		},
		{
			"name": "octagon",
			"from": [0.07157, 4.77813, 2.447],
			"to": [1.27157, 5.77813, 4.547],
			"rotation": {"angle": -22.5, "axis": "x", "origin": [0.67157, 5.27813, 3.997]},
			"faces": {
				"north": {"uv": [1, 0, 0, 1], "texture": "#5"},
				"east": {"uv": [0, 1, 1, 0], "rotation": 180, "texture": "#5"},
				"south": {"uv": [1, 0, 0, 1], "texture": "#5"},
				"west": {"uv": [4, 0, 0, 5], "rotation": 180, "texture": "#5"},
				"up": {"uv": [1, 0, 0, 1], "rotation": 90, "texture": "#5"},
				"down": {"uv": [1, 0, 0, 1], "rotation": 270, "texture": "#5"}
			}
		},
		{
			"name": "octagon",
			"from": [14.17157, 8, 7],
			"to": [15.82843, 12, 10],
			"rotation": {"angle": 0, "axis": "z", "origin": [15, 10, 8]},
			"faces": {
				"north": {"uv": [0, 0, 1, 1], "texture": "#3"},
				"east": {"uv": [0, 0, 1, 1], "texture": "#3"},
				"south": {"uv": [0, 0, 1, 1], "texture": "#3"},
				"west": {"uv": [0, 0, 1, 1], "texture": "#3"},
				"up": {"uv": [0, 0, 1, 1], "texture": "#3"},
				"down": {"uv": [0, 0, 1, 1], "texture": "#3"}
			}
		},
		{
			"name": "octagon",
			"from": [13, 9.17157, 7],
			"to": [17, 10.82843, 10],
			"rotation": {"angle": 45, "axis": "z", "origin": [15, 10, 8]},
			"faces": {
				"north": {"uv": [0, 0, 1, 1], "texture": "#3"},
				"east": {"uv": [0, 0, 1, 1], "texture": "#3"},
				"south": {"uv": [0, 0, 1, 1], "texture": "#3"},
				"west": {"uv": [0, 0, 1, 1], "texture": "#3"},
				"up": {"uv": [0, 0, 1, 1], "texture": "#3"},
				"down": {"uv": [0, 0, 1, 1], "texture": "#3"}
			}
		},
		{
			"name": "octagon",
			"from": [14.17157, 8, 7],
			"to": [15.82843, 12, 10],
			"rotation": {"angle": 45, "axis": "z", "origin": [15, 10, 8]},
			"faces": {
				"north": {"uv": [0, 0, 1, 1], "texture": "#3"},
				"east": {"uv": [0, 0, 1, 1], "texture": "#3"},
				"south": {"uv": [0, 0, 1, 1], "texture": "#3"},
				"west": {"uv": [0, 0, 1, 1], "texture": "#3"},
				"up": {"uv": [0, 0, 1, 1], "texture": "#3"},
				"down": {"uv": [0, 0, 1, 1], "texture": "#3"}
			}
		},
		{
			"name": "octagon",
			"from": [13, 9.17157, 7],
			"to": [17, 10.82843, 10],
			"rotation": {"angle": 0, "axis": "z", "origin": [15, 10, 8]},
			"faces": {
				"north": {"uv": [0, 0, 1, 1], "texture": "#3"},
				"east": {"uv": [0, 0, 1, 1], "texture": "#3"},
				"south": {"uv": [0, 0, 1, 1], "texture": "#3"},
				"west": {"uv": [0, 0, 1, 1], "texture": "#3"},
				"up": {"uv": [0, 0, 1, 1], "texture": "#3"},
				"down": {"uv": [0, 0, 1, 1], "texture": "#3"}
			}
		},
		{
			"name": "octagon",
			"from": [14.82843, 6, 7.7],
			"to": [15.82843, 8, 9.3],
			"rotation": {"angle": 0, "axis": "z", "origin": [14.82843, 7, 8.52843]},
			"faces": {
				"north": {"uv": [0, 0, 1, 1], "texture": "#4"},
				"east": {"uv": [0, 0, 1, 1], "texture": "#4"},
				"south": {"uv": [0, 0, 1, 1], "texture": "#4"},
				"west": {"uv": [0, 0, 1, 1], "texture": "#4"},
				"up": {"uv": [1, 1, 0, 0], "rotation": 90, "texture": "#4"},
				"down": {"uv": [1, 1, 0, 0], "rotation": 270, "texture": "#4"}
			}
		},
		{
			"name": "octagon",
			"from": [14.72843, 4.83848, 7.21888],
			"to": [15.92843, 6.83848, 8.81888],
			"rotation": {"angle": 45, "axis": "x", "origin": [14.82843, 5.83848, 8.04731]},
			"faces": {
				"north": {"uv": [0, 0, 1, 1], "texture": "#4"},
				"east": {"uv": [0, 0, 1, 1], "texture": "#4"},
				"south": {"uv": [0, 0, 1, 1], "texture": "#4"},
				"west": {"uv": [0, 0, 1, 1], "texture": "#4"},
				"up": {"uv": [1, 1, 0, 0], "rotation": 90, "texture": "#4"},
				"down": {"uv": [1, 1, 0, 0], "rotation": 270, "texture": "#4"}
			}
		},
		{
			"name": "octagon",
			"from": [14.82843, 4.14687, 5.65396],
			"to": [15.82843, 5.74687, 7.65396],
			"rotation": {"angle": -22.5, "axis": "x", "origin": [15.32685, 4.94907, 6.66657]},
			"faces": {
				"north": {"uv": [1, 1, 0, 0], "rotation": 90, "texture": "#4"},
				"east": {"uv": [1, 1, 0, 0], "rotation": 90, "texture": "#4"},
				"south": {"uv": [1, 1, 0, 0], "rotation": 90, "texture": "#4"},
				"west": {"uv": [1, 1, 0, 0], "rotation": 270, "texture": "#4"},
				"up": {"uv": [0, 0, 1, 1], "rotation": 180, "texture": "#4"},
				"down": {"uv": [0, 0, 1, 1], "texture": "#4"}
			}
		},
		{
			"name": "octagon",
			"from": [14.72843, 3.89687, 4.65396],
			"to": [15.92843, 5.99687, 5.65396],
			"rotation": {"angle": -22.5, "axis": "x", "origin": [15.32685, 4.94907, 6.66657]},
			"faces": {
				"north": {"uv": [1, 1, 0, 0], "rotation": 90, "texture": "#5"},
				"east": {"uv": [4, 5, 0, 0], "rotation": 90, "texture": "#5"},
				"south": {"uv": [1, 1, 0, 0], "rotation": 90, "texture": "#5"},
				"west": {"uv": [1, 1, 0, 0], "rotation": 270, "texture": "#5"},
				"up": {"uv": [0, 0, 1, 1], "rotation": 180, "texture": "#5"},
				"down": {"uv": [0, 0, 1, 1], "texture": "#5"}
			}
		},
		{
			"name": "octagon",
			"from": [14.72843, 2.72266, 4.96128],
			"to": [15.92843, 3.82266, 5.96128],
			"rotation": {"angle": 22.5, "axis": "x", "origin": [15.32843, 3.27266, 5.46128]},
			"faces": {
				"north": {"uv": [1, 1, 0, 0], "rotation": 270, "texture": "#5"},
				"east": {"uv": [4, 5, 0, 0], "rotation": 270, "texture": "#5"},
				"south": {"uv": [1, 1, 0, 0], "rotation": 270, "texture": "#5"},
				"west": {"uv": [1, 1, 0, 0], "rotation": 90, "texture": "#5"},
				"up": {"uv": [0, 0, 1, 1], "texture": "#5"},
				"down": {"uv": [0, 0, 1, 1], "rotation": 180, "texture": "#5"}
			}
		},
		{
			"name": "octagon",
			"from": [14.72843, 2.32465, 3.46327],
			"to": [15.92843, 3.32465, 5.56327],
			"rotation": {"angle": -22.5, "axis": "x", "origin": [15.32843, 2.82465, 5.01327]},
			"faces": {
				"north": {"uv": [0, 0, 1, 1], "texture": "#5"},
				"east": {"uv": [0, 0, 4, 5], "rotation": 180, "texture": "#5"},
				"south": {"uv": [0, 0, 1, 1], "texture": "#5"},
				"west": {"uv": [1, 1, 0, 0], "rotation": 180, "texture": "#5"},
				"up": {"uv": [1, 1, 0, 0], "rotation": 90, "texture": "#5"},
				"down": {"uv": [1, 1, 0, 0], "rotation": 270, "texture": "#5"}
			}
		},
		{
			"name": "octagon",
			"from": [14.72843, 4.77813, 4.08059],
			"to": [15.92843, 5.77813, 5.18059],
			"rotation": {"angle": 22.5, "axis": "x", "origin": [15.32843, 5.27813, 4.63059]},
			"faces": {
				"north": {"uv": [0, 0, 1, 1], "texture": "#5"},
				"east": {"uv": [0, 0, 4, 5], "rotation": 180, "texture": "#5"},
				"south": {"uv": [0, 0, 1, 1], "texture": "#5"},
				"west": {"uv": [1, 1, 0, 0], "rotation": 180, "texture": "#5"},
				"up": {"uv": [1, 1, 0, 0], "rotation": 90, "texture": "#5"},
				"down": {"uv": [1, 1, 0, 0], "rotation": 270, "texture": "#5"}
			}
		},
		{
			"name": "octagon",
			"from": [14.72843, 4.77813, 2.447],
			"to": [15.92843, 5.77813, 4.547],
			"rotation": {"angle": -22.5, "axis": "x", "origin": [15.32843, 5.27813, 3.997]},
			"faces": {
				"north": {"uv": [0, 0, 1, 1], "texture": "#5"},
				"east": {"uv": [0, 0, 4, 5], "rotation": 180, "texture": "#5"},
				"south": {"uv": [0, 0, 1, 1], "texture": "#5"},
				"west": {"uv": [1, 1, 0, 0], "rotation": 180, "texture": "#5"},
				"up": {"uv": [1, 1, 0, 0], "rotation": 90, "texture": "#5"},
				"down": {"uv": [1, 1, 0, 0], "rotation": 270, "texture": "#5"}
			}
		},
		{
			"from": [2.5, 3.5, 6.5],
			"to": [6.5, 12.5, 10.5],
			"rotation": {"angle": 22.5, "axis": "z", "origin": [4, 7.5, 8.5]},
			"faces": {
				"north": {"uv": [0, 0, 4, 5], "texture": "#5"},
				"east": {"uv": [0, 0, 4, 5], "texture": "#5"},
				"south": {"uv": [0, 0, 4, 5], "texture": "#5"},
				"west": {"uv": [0, 0, 4, 5], "texture": "#5"},
				"up": {"uv": [0, 0, 4, 5], "texture": "#5"},
				"down": {"uv": [0, 0, 4, 5], "texture": "#5"}
			}
		},
		{
			"from": [9.5, 3.5, 6.5],
			"to": [13.5, 12.5, 10.5],
			"rotation": {"angle": -22.5, "axis": "z", "origin": [12, 7.5, 8.5]},
			"faces": {
				"north": {"uv": [0, 0, 4, 5], "texture": "#5"},
				"east": {"uv": [0, 0, 4, 5], "texture": "#5"},
				"south": {"uv": [0, 0, 4, 5], "texture": "#5"},
				"west": {"uv": [0, 0, 4, 5], "texture": "#5"},
				"up": {"uv": [0, 0, 4, 5], "texture": "#5"},
				"down": {"uv": [0, 0, 4, 5], "texture": "#5"}
			}
		},
		{
			"from": [4.14491, 3.23046, 6.5],
			"to": [11.85509, 12.23046, 10.5],
			"rotation": {"angle": 0, "axis": "x", "origin": [10.35509, 7.23046, 8.5]},
			"faces": {
				"north": {"uv": [0, 0, 4, 5], "texture": "#5"},
				"east": {"uv": [0, 0, 4, 5], "texture": "#5"},
				"south": {"uv": [0, 0, 4, 5], "texture": "#5"},
				"west": {"uv": [0, 0, 4, 5], "texture": "#5"},
				"up": {"uv": [0, 0, 4, 5], "texture": "#5"},
				"down": {"uv": [0, 0, 4, 5], "texture": "#5"}
			}
		},
		{
			"from": [5.14491, 2.23046, 6.6],
			"to": [10.85509, 3.23046, 10.4],
			"rotation": {"angle": 0, "axis": "x", "origin": [10.35509, 7.23046, 8.5]},
			"faces": {
				"north": {"uv": [0, 0, 4, 5], "texture": "#5"},
				"east": {"uv": [0, 0, 4, 5], "texture": "#5"},
				"south": {"uv": [0, 0, 4, 5], "texture": "#5"},
				"west": {"uv": [0, 0, 4, 5], "texture": "#5"},
				"up": {"uv": [0, 0, 4, 5], "texture": "#5"},
				"down": {"uv": [0, 0, 4, 5], "texture": "#5"}
			}
		},
		{
			"from": [4.14491, 4.07403, 4.7409],
			"to": [11.85509, 13.07403, 7.7409],
			"rotation": {"angle": -22.5, "axis": "x", "origin": [10.35509, 8.07403, 7.7409]},
			"faces": {
				"north": {"uv": [0, 0, 4, 5], "texture": "#5"},
				"east": {"uv": [0, 0, 4, 5], "texture": "#5"},
				"south": {"uv": [0, 0, 4, 5], "texture": "#5"},
				"west": {"uv": [0, 0, 4, 5], "texture": "#5"},
				"up": {"uv": [0, 0, 4, 5], "texture": "#5"},
				"down": {"uv": [0, 0, 4, 5], "texture": "#5"}
			}
		},
		{
			"from": [4.14491, 4.07403, 9.2591],
			"to": [11.85509, 13.07403, 12.2591],
			"rotation": {"angle": 22.5, "axis": "x", "origin": [10.35509, 8.07403, 9.2591]},
			"faces": {
				"north": {"uv": [0, 0, 4, 5], "texture": "#5"},
				"east": {"uv": [0, 0, 4, 5], "texture": "#5"},
				"south": {"uv": [0, 0, 4, 5], "texture": "#5"},
				"west": {"uv": [0, 0, 4, 5], "texture": "#5"},
				"up": {"uv": [0, 0, 4, 5], "texture": "#5"},
				"down": {"uv": [0, 0, 4, 5], "texture": "#5"}
			}
		},
		{
			"from": [6.14491, 6.07403, 4.6409],
			"to": [9.85509, 11.07403, 4.7409],
			"rotation": {"angle": -22.5, "axis": "x", "origin": [10.35509, 8.07403, 7.7409]},
			"faces": {
				"north": {"uv": [0, 0, 16, 16], "texture": "#7"},
				"east": {"uv": [0, 0, 0.1, 5], "texture": "#7"},
				"south": {"uv": [0, 0, 3.71017, 5], "texture": "#7"},
				"west": {"uv": [0, 0, 0.1, 5], "texture": "#7"},
				"up": {"uv": [0, 0, 3.71017, 0.1], "texture": "#7"},
				"down": {"uv": [0, 0, 3.71017, 0.1], "texture": "#7"}
			}
		},
		{
			"name": "octagon",
			"from": [7.37868, 1.5, 6.9],
			"to": [8.62132, 2.5, 9.9],
			"rotation": {"angle": 45, "axis": "y", "origin": [8, 4, 8.4]},
			"faces": {
				"north": {"uv": [0, 0, 1, 1], "texture": "#1"},
				"east": {"uv": [0, 0, 1, 1], "texture": "#1"},
				"south": {"uv": [0, 0, 1, 1], "texture": "#1"},
				"west": {"uv": [0, 0, 1, 1], "texture": "#1"},
				"up": {"uv": [0, 0, 1, 1], "texture": "#1"},
				"down": {"uv": [0, 0, 1, 1], "texture": "#1"}
			}
		},
		{
			"name": "octagon",
			"from": [7.37868, 1.5, 6.9],
			"to": [8.62132, 2.5, 9.9],
			"rotation": {"angle": 0, "axis": "y", "origin": [8, 4, 8.4]},
			"faces": {
				"north": {"uv": [0, 0, 1, 1], "texture": "#1"},
				"east": {"uv": [0, 0, 1, 1], "texture": "#1"},
				"south": {"uv": [0, 0, 1, 1], "texture": "#1"},
				"west": {"uv": [0, 0, 1, 1], "texture": "#1"},
				"up": {"uv": [0, 0, 1, 1], "texture": "#1"},
				"down": {"uv": [0, 0, 1, 1], "texture": "#1"}
			}
		},
		{
			"name": "octagon",
			"from": [6.5, 1.5, 7.77868],
			"to": [9.5, 2.5, 9.02132],
			"rotation": {"angle": 45, "axis": "y", "origin": [8, 4, 8.4]},
			"faces": {
				"north": {"uv": [0, 0, 1, 1], "texture": "#1"},
				"east": {"uv": [0, 0, 1, 1], "texture": "#1"},
				"south": {"uv": [0, 0, 1, 1], "texture": "#1"},
				"west": {"uv": [0, 0, 1, 1], "texture": "#1"},
				"up": {"uv": [0, 0, 1, 1], "texture": "#1"},
				"down": {"uv": [0, 0, 1, 1], "texture": "#1"}
			}
		},
		{
			"name": "octagon",
			"from": [6.5, 1.5, 7.77868],
			"to": [9.5, 2.5, 9.02132],
			"rotation": {"angle": 0, "axis": "y", "origin": [8, 4, 8.4]},
			"faces": {
				"north": {"uv": [0, 0, 1, 1], "texture": "#1"},
				"east": {"uv": [0, 0, 1, 1], "texture": "#1"},
				"south": {"uv": [0, 0, 1, 1], "texture": "#1"},
				"west": {"uv": [0, 0, 1, 1], "texture": "#1"},
				"up": {"uv": [0, 0, 1, 1], "texture": "#1"},
				"down": {"uv": [0, 0, 1, 1], "texture": "#1"}
			}
		},
		{
			"name": "octagon",
			"from": [7, 25.19289, 11.5],
			"to": [9, 25.60711, 12.5],
			"rotation": {"angle": 45, "axis": "x", "origin": [8, 25.4, 12]},
			"faces": {
				"north": {"uv": [0, 0, 1, 1], "texture": "#0"},
				"east": {"uv": [0, 0, 1, 1], "texture": "#0"},
				"south": {"uv": [0, 0, 1, 1], "texture": "#0"},
				"west": {"uv": [0, 0, 1, 1], "texture": "#0"},
				"up": {"uv": [0, 0, 1, 1], "texture": "#0"},
				"down": {"uv": [0, 0, 1, 1], "texture": "#0"}
			}
		},
		{
			"name": "octagon",
			"from": [7, 25.19289, 11.5],
			"to": [9, 25.60711, 12.5],
			"rotation": {"angle": 0, "axis": "x", "origin": [8, 25.4, 12]},
			"faces": {
				"north": {"uv": [0, 0, 1, 1], "texture": "#0"},
				"east": {"uv": [0, 0, 1, 1], "texture": "#0"},
				"south": {"uv": [0, 0, 1, 1], "texture": "#0"},
				"west": {"uv": [0, 0, 1, 1], "texture": "#0"},
				"up": {"uv": [0, 0, 1, 1], "texture": "#0"},
				"down": {"uv": [0, 0, 1, 1], "texture": "#0"}
			}
		},
		{
			"name": "octagon",
			"from": [7, 24.9, 11.79289],
			"to": [9, 25.9, 12.20711],
			"rotation": {"angle": 45, "axis": "x", "origin": [8, 25.4, 12]},
			"faces": {
				"north": {"uv": [0, 0, 1, 1], "texture": "#0"},
				"east": {"uv": [0, 0, 1, 1], "texture": "#0"},
				"south": {"uv": [0, 0, 1, 1], "texture": "#0"},
				"west": {"uv": [0, 0, 1, 1], "texture": "#0"},
				"up": {"uv": [0, 0, 1, 1], "texture": "#0"},
				"down": {"uv": [0, 0, 1, 1], "texture": "#0"}
			}
		},
		{
			"name": "octagon",
			"from": [7, 24.9, 11.79289],
			"to": [9, 25.9, 12.20711],
			"rotation": {"angle": 0, "axis": "x", "origin": [8, 25.4, 12]},
			"faces": {
				"north": {"uv": [0, 0, 1, 1], "texture": "#0"},
				"east": {"uv": [0, 0, 1, 1], "texture": "#0"},
				"south": {"uv": [0, 0, 1, 1], "texture": "#0"},
				"west": {"uv": [0, 0, 1, 1], "texture": "#0"},
				"up": {"uv": [0, 0, 1, 1], "texture": "#0"},
				"down": {"uv": [0, 0, 1, 1], "texture": "#0"}
			}
		},
		{
			"from": [7.14491, 11.82403, 4.74],
			"to": [7.39491, 12.07403, 4.74],
			"rotation": {"angle": -22.5, "axis": "x", "origin": [10.35509, 8.07403, 7.7409]},
			"faces": {
				"north": {"uv": [0, 0, 4, 5], "texture": "#8"},
				"east": {"uv": [0, 0, 4, 5], "texture": "#8"},
				"south": {"uv": [0, 0, 4, 5], "texture": "#8"},
				"west": {"uv": [0, 0, 4, 5], "texture": "#8"},
				"up": {"uv": [0, 0, 4, 5], "texture": "#8"},
				"down": {"uv": [0, 0, 4, 5], "texture": "#8"}
			}
		},
		{
			"from": [7.14491, 4.82403, 4.74],
			"to": [7.39491, 5.07403, 4.74],
			"rotation": {"angle": -22.5, "axis": "x", "origin": [10.35509, 8.07403, 7.7409]},
			"faces": {
				"north": {"uv": [0, 0, 4, 5], "texture": "#8"},
				"east": {"uv": [0, 0, 4, 5], "texture": "#8"},
				"south": {"uv": [0, 0, 4, 5], "texture": "#8"},
				"west": {"uv": [0, 0, 4, 5], "texture": "#8"},
				"up": {"uv": [0, 0, 4, 5], "texture": "#8"},
				"down": {"uv": [0, 0, 4, 5], "texture": "#8"}
			}
		},
		{
			"from": [6.64491, 2.48046, 6.59],
			"to": [7.14491, 2.98046, 6.59],
			"rotation": {"angle": 45, "axis": "z", "origin": [6.89491, 2.73046, 6.59]},
			"faces": {
				"north": {"uv": [0, 0, 4, 5], "texture": "#1"},
				"east": {"uv": [0, 0, 4, 5], "texture": "#1"},
				"south": {"uv": [0, 0, 4, 5], "texture": "#1"},
				"west": {"uv": [0, 0, 4, 5], "texture": "#1"},
				"up": {"uv": [0, 0, 4, 5], "texture": "#1"},
				"down": {"uv": [0, 0, 4, 5], "texture": "#1"}
			}
		},
		{
			"from": [8.85509, 2.48046, 6.59],
			"to": [9.35509, 2.98046, 6.59],
			"rotation": {"angle": -45, "axis": "z", "origin": [9.10509, 2.73046, 6.59]},
			"faces": {
				"north": {"uv": [4, 0, 0, 5], "texture": "#1"},
				"east": {"uv": [4, 0, 0, 5], "texture": "#1"},
				"south": {"uv": [4, 0, 0, 5], "texture": "#1"},
				"west": {"uv": [4, 0, 0, 5], "texture": "#1"},
				"up": {"uv": [4, 0, 0, 5], "texture": "#1"},
				"down": {"uv": [4, 0, 0, 5], "texture": "#1"}
			}
		},
		{
			"from": [8.85509, 2.48046, 10.41],
			"to": [9.35509, 2.98046, 10.41],
			"rotation": {"angle": -45, "axis": "z", "origin": [9.10509, 2.73046, 10.41]},
			"faces": {
				"north": {"uv": [0, 0, 4, 5], "texture": "#1"},
				"east": {"uv": [0, 0, 4, 5], "texture": "#1"},
				"south": {"uv": [0, 0, 4, 5], "texture": "#1"},
				"west": {"uv": [0, 0, 4, 5], "texture": "#1"},
				"up": {"uv": [4, 5, 0, 0], "texture": "#1"},
				"down": {"uv": [4, 5, 0, 0], "texture": "#1"}
			}
		},
		{
			"from": [6.64491, 2.48046, 10.41],
			"to": [7.14491, 2.98046, 10.41],
			"rotation": {"angle": 45, "axis": "z", "origin": [6.89491, 2.73046, 10.41]},
			"faces": {
				"north": {"uv": [4, 0, 0, 5], "texture": "#1"},
				"east": {"uv": [4, 0, 0, 5], "texture": "#1"},
				"south": {"uv": [4, 0, 0, 5], "texture": "#1"},
				"west": {"uv": [4, 0, 0, 5], "texture": "#1"},
				"up": {"uv": [0, 5, 4, 0], "texture": "#1"},
				"down": {"uv": [0, 5, 4, 0], "texture": "#1"}
			}
		},
		{
			"from": [8.64491, 11.82403, 4.74],
			"to": [8.89491, 12.07403, 4.74],
			"rotation": {"angle": -22.5, "axis": "x", "origin": [5.64491, 8.07403, 7.7409]},
			"faces": {
				"north": {"uv": [4, 0, 0, 5], "texture": "#8"},
				"east": {"uv": [4, 0, 0, 5], "texture": "#8"},
				"south": {"uv": [4, 0, 0, 5], "texture": "#8"},
				"west": {"uv": [4, 0, 0, 5], "texture": "#8"},
				"up": {"uv": [4, 0, 0, 5], "texture": "#8"},
				"down": {"uv": [4, 0, 0, 5], "texture": "#8"}
			}
		},
		{
			"from": [8.64491, 4.82403, 4.74],
			"to": [8.89491, 5.07403, 4.74],
			"rotation": {"angle": -22.5, "axis": "x", "origin": [5.64491, 8.07403, 7.7409]},
			"faces": {
				"north": {"uv": [4, 0, 0, 5], "texture": "#8"},
				"east": {"uv": [4, 0, 0, 5], "texture": "#8"},
				"south": {"uv": [4, 0, 0, 5], "texture": "#8"},
				"west": {"uv": [4, 0, 0, 5], "texture": "#8"},
				"up": {"uv": [4, 0, 0, 5], "texture": "#8"},
				"down": {"uv": [4, 0, 0, 5], "texture": "#8"}
			}
		},
		{
			"from": [7.89491, 4.07403, 4.74],
			"to": [8.10509, 13.07403, 4.74],
			"rotation": {"angle": -22.5, "axis": "x", "origin": [10.35509, 8.07403, 7.7409]},
			"faces": {
				"north": {"uv": [0, 0, 4, 5], "texture": "#8"},
				"east": {"uv": [0, 0, 4, 5], "texture": "#8"},
				"south": {"uv": [0, 0, 4, 5], "texture": "#8"},
				"west": {"uv": [0, 0, 4, 5], "texture": "#8"},
				"up": {"uv": [0, 0, 4, 5], "texture": "#8"},
				"down": {"uv": [0, 0, 4, 5], "texture": "#8"}
			}
		},
		{
			"from": [7.14491, 11.82403, 12.26],
			"to": [7.35509, 12.07403, 12.26],
			"rotation": {"angle": 22.5, "axis": "x", "origin": [10.35509, 8.07403, 9.2591]},
			"faces": {
				"north": {"uv": [4, 0, 0, 5], "texture": "#8"},
				"east": {"uv": [4, 0, 0, 5], "texture": "#8"},
				"south": {"uv": [4, 0, 0, 5], "texture": "#8"},
				"west": {"uv": [4, 0, 0, 5], "texture": "#8"},
				"up": {"uv": [0, 5, 4, 0], "texture": "#8"},
				"down": {"uv": [0, 5, 4, 0], "texture": "#8"}
			}
		},
		{
			"from": [7.14491, 4.82403, 12.26],
			"to": [7.35509, 5.07403, 12.26],
			"rotation": {"angle": 22.5, "axis": "x", "origin": [10.35509, 8.07403, 9.2591]},
			"faces": {
				"north": {"uv": [4, 0, 0, 5], "texture": "#8"},
				"east": {"uv": [4, 0, 0, 5], "texture": "#8"},
				"south": {"uv": [4, 0, 0, 5], "texture": "#8"},
				"west": {"uv": [4, 0, 0, 5], "texture": "#8"},
				"up": {"uv": [0, 5, 4, 0], "texture": "#8"},
				"down": {"uv": [0, 5, 4, 0], "texture": "#8"}
			}
		},
		{
			"from": [8.64491, 11.82403, 12.26],
			"to": [8.85509, 12.07403, 12.26],
			"rotation": {"angle": 22.5, "axis": "x", "origin": [5.64491, 8.07403, 9.2591]},
			"faces": {
				"north": {"uv": [0, 0, 4, 5], "texture": "#8"},
				"east": {"uv": [0, 0, 4, 5], "texture": "#8"},
				"south": {"uv": [0, 0, 4, 5], "texture": "#8"},
				"west": {"uv": [0, 0, 4, 5], "texture": "#8"},
				"up": {"uv": [4, 5, 0, 0], "texture": "#8"},
				"down": {"uv": [4, 5, 0, 0], "texture": "#8"}
			}
		},
		{
			"from": [8.64491, 4.82403, 12.26],
			"to": [8.85509, 5.07403, 12.26],
			"rotation": {"angle": 22.5, "axis": "x", "origin": [5.64491, 8.07403, 9.2591]},
			"faces": {
				"north": {"uv": [0, 0, 4, 5], "texture": "#8"},
				"east": {"uv": [0, 0, 4, 5], "texture": "#8"},
				"south": {"uv": [0, 0, 4, 5], "texture": "#8"},
				"west": {"uv": [0, 0, 4, 5], "texture": "#8"},
				"up": {"uv": [4, 5, 0, 0], "texture": "#8"},
				"down": {"uv": [4, 5, 0, 0], "texture": "#8"}
			}
		},
		{
			"from": [7.89491, 4.07403, 12.26],
			"to": [8.10509, 13.07403, 12.26],
			"rotation": {"angle": 22.5, "axis": "x", "origin": [10.35509, 8.07403, 9.2591]},
			"faces": {
				"north": {"uv": [4, 0, 0, 5], "texture": "#8"},
				"east": {"uv": [4, 0, 0, 5], "texture": "#8"},
				"south": {"uv": [4, 0, 0, 5], "texture": "#8"},
				"west": {"uv": [4, 0, 0, 5], "texture": "#8"},
				"up": {"uv": [0, 5, 4, 0], "texture": "#8"},
				"down": {"uv": [0, 5, 4, 0], "texture": "#8"}
			}
		}
	],
	"display": {
		"head": {
			"translation": [0, -22, 0],
			"scale": [2.5, 2.5, 2.5]
		}
	}
}