{
	"texture_size": [32, 32],
	"textures": {
		"0": "block/red_wool",
		"1": "block/black_concrete",
		"3": "block/lime_concrete",
		"4": "block/iron_block",
		"5": "block/light_gray_concrete_powder",
		"6": "block/yellow_shulker_box",
		"7": "block/lime_shulker_box",
		"8": "block/gray_concrete",
		"particle": "block/red_wool"
	},
	"elements": [
		{
			"from": [5.25, 14.5, 2.5],
			"to": [6.75, 16.5, 3],
			"rotation": {"angle": 0, "axis": "y", "origin": [11.75, 12, 4]},
			"faces": {
				"north": {"uv": [0, 0, 0.5, 8], "texture": "#6"},
				"east": {"uv": [0, 0, 0.5, 8], "texture": "#6"},
				"south": {"uv": [0, 0, 0.5, 8], "texture": "#6"},
				"west": {"uv": [0, 0, 0.5, 8], "texture": "#6"},
				"up": {"uv": [0, 0, 0.5, 8], "texture": "#6"},
				"down": {"uv": [0, 0, 0.5, 8], "texture": "#6"}
			}
		},
		{
			"from": [9.25, 14.5, 2.5],
			"to": [10.75, 16.5, 3],
			"rotation": {"angle": 0, "axis": "y", "origin": [4.25, 12, 4]},
			"faces": {
				"north": {"uv": [0.5, 0, 0, 8], "texture": "#6"},
				"east": {"uv": [0.5, 0, 0, 8], "texture": "#6"},
				"south": {"uv": [0.5, 0, 0, 8], "texture": "#6"},
				"west": {"uv": [0.5, 0, 0, 8], "texture": "#6"},
				"up": {"uv": [0.5, 0, 0, 8], "texture": "#6"},
				"down": {"uv": [0.5, 0, 0, 8], "texture": "#6"}
			}
		},
		{
			"from": [6, 12.3, 2.5],
			"to": [10, 12.4, 3],
			"rotation": {"angle": 0, "axis": "y", "origin": [8, 5.3, 4]},
			"faces": {
				"north": {"uv": [0.5, 0, 1, 0.5], "texture": "#6"},
				"east": {"uv": [0.5, 0, 1, 0.5], "texture": "#6"},
				"south": {"uv": [0.5, 0, 1, 0.5], "texture": "#6"},
				"west": {"uv": [0.5, 0, 1, 0.5], "texture": "#6"},
				"up": {"uv": [0.5, 0, 1, 0.5], "texture": "#6"},
				"down": {"uv": [0.5, 0, 1, 0.5], "texture": "#6"}
			}
		},
		{
			"from": [4.17138, 13.06156, 2.5],
			"to": [6.17138, 13.16156, 3],
			"rotation": {"angle": -22.5, "axis": "z", "origin": [4.17138, 13.11156, 2.75]},
			"faces": {
				"north": {"uv": [0.5, 0, 1, 0.5], "texture": "#6"},
				"east": {"uv": [0.5, 0, 1, 0.5], "texture": "#6"},
				"south": {"uv": [0.5, 0, 1, 0.5], "texture": "#6"},
				"west": {"uv": [0.5, 0, 1, 0.5], "texture": "#6"},
				"up": {"uv": [0.5, 0, 1, 0.5], "texture": "#6"},
				"down": {"uv": [0.5, 0, 1, 0.5], "texture": "#6"}
			}
		},
		{
			"from": [9.82862, 13.06156, 2.5],
			"to": [11.82862, 13.16156, 3],
			"rotation": {"angle": 22.5, "axis": "z", "origin": [11.82862, 13.11156, 2.75]},
			"faces": {
				"north": {"uv": [1, 0, 0.5, 0.5], "texture": "#6"},
				"east": {"uv": [1, 0, 0.5, 0.5], "texture": "#6"},
				"south": {"uv": [1, 0, 0.5, 0.5], "texture": "#6"},
				"west": {"uv": [1, 0, 0.5, 0.5], "texture": "#6"},
				"up": {"uv": [1, 0, 0.5, 0.5], "texture": "#6"},
				"down": {"uv": [1, 0, 0.5, 0.5], "texture": "#6"}
			}
		},
		{
			"from": [3.5, 11.5, 3],
			"to": [12.5, 19.5, 12.5],
			"rotation": {"angle": 0, "axis": "y", "origin": [8, 12, 4]},
			"faces": {
				"north": {"uv": [0, 0, 4, 2], "texture": "#5"},
				"east": {"uv": [0, 0, 4, 2], "texture": "#5"},
				"south": {"uv": [0, 0, 4, 2], "texture": "#5"},
				"west": {"uv": [0, 0, 4, 2], "texture": "#5"},
				"up": {"uv": [0, 0, 4, 2], "texture": "#5"},
				"down": {"uv": [0, 0, 4, 2], "texture": "#5"}
			}
		},
		{
			"from": [6, 14.91062, 10.99038],
			"to": [10, 17.91062, 17.49038],
			"rotation": {"angle": 22.5, "axis": "x", "origin": [8, 14.91062, 15.74038]},
			"faces": {
				"north": {"uv": [0, 0, 4, 2], "texture": "#5"},
				"east": {"uv": [0, 0, 4, 2], "texture": "#5"},
				"south": {"uv": [0, 0, 4, 2], "texture": "#5"},
				"west": {"uv": [0, 0, 4, 2], "texture": "#5"},
				"up": {"uv": [0, 0, 4, 2], "texture": "#5"},
				"down": {"uv": [0, 0, 4, 2], "texture": "#5"}
			}
		},
		{
			"from": [7, 15.99405, 17.59827],
			"to": [9, 20.99405, 21.09827],
			"rotation": {"angle": 45, "axis": "x", "origin": [8, 18.49405, 18.84827]},
			"faces": {
				"north": {"uv": [0, 0, 4, 2], "texture": "#5"},
				"east": {"uv": [0, 0, 4, 2], "texture": "#5"},
				"south": {"uv": [0, 0, 4, 2], "texture": "#5"},
				"west": {"uv": [0, 0, 4, 2], "texture": "#5"},
				"up": {"uv": [0, 0, 4, 2], "texture": "#5"},
				"down": {"uv": [0, 0, 4, 2], "texture": "#5"}
			}
		},
		{
			"from": [7.1, 10.99405, 17.59827],
			"to": [8.9, 15.99405, 21.09827],
			"rotation": {"angle": -45, "axis": "x", "origin": [8, 13.49405, 18.84827]},
			"faces": {
				"north": {"uv": [0, 0, 4, 2], "texture": "#5"},
				"east": {"uv": [0, 0, 4, 2], "texture": "#5"},
				"south": {"uv": [0, 0, 4, 2], "texture": "#5"},
				"west": {"uv": [0, 0, 4, 2], "texture": "#5"},
				"up": {"uv": [0, 0, 4, 2], "texture": "#5"},
				"down": {"uv": [0, 0, 4, 2], "texture": "#5"}
			}
		},
		{
			"from": [5.98744, 14, 18.50522],
			"to": [9.98744, 17, 18.50522],
			"rotation": {"angle": 0, "axis": "y", "origin": [7.98744, 15.5, 20.25522]},
			"faces": {
				"north": {"uv": [0, 0, 4, 2], "texture": "#5"},
				"east": {"uv": [0, 0, 4, 2], "texture": "#5"},
				"south": {"uv": [0, 0, 4, 2], "texture": "#5"},
				"west": {"uv": [0, 0, 4, 2], "texture": "#5"},
				"up": {"uv": [0, 0, 4, 2], "texture": "#5"},
				"down": {"uv": [0, 0, 4, 2], "texture": "#5"}
			}
		},
		{
			"from": [5.12745, 14, 11.18172],
			"to": [8.12745, 17, 17.68172],
			"rotation": {"angle": 22.5, "axis": "y", "origin": [7.62745, 16.5, 15.93172]},
			"faces": {
				"north": {"uv": [0, 0, 4, 2], "texture": "#5"},
				"east": {"uv": [0, 0, 4, 2], "texture": "#5"},
				"south": {"uv": [0, 0, 4, 2], "texture": "#5"},
				"west": {"uv": [0, 0, 4, 2], "texture": "#5"},
				"up": {"uv": [0, 0, 4, 2], "texture": "#5"},
				"down": {"uv": [0, 0, 4, 2], "texture": "#5"}
			}
		},
		{
			"from": [7.87255, 14, 11.18172],
			"to": [10.87255, 17, 17.68172],
			"rotation": {"angle": -22.5, "axis": "y", "origin": [8.37255, 16.5, 15.93172]},
			"faces": {
				"north": {"uv": [4, 0, 0, 2], "texture": "#5"},
				"east": {"uv": [4, 0, 0, 2], "texture": "#5"},
				"south": {"uv": [4, 0, 0, 2], "texture": "#5"},
				"west": {"uv": [4, 0, 0, 2], "texture": "#5"},
				"up": {"uv": [4, 0, 0, 2], "texture": "#5"},
				"down": {"uv": [4, 0, 0, 2], "texture": "#5"}
			}
		},
		{
			"from": [6, 12.55238, 12.29067],
			"to": [10, 15.55238, 18.79067],
			"rotation": {"angle": -22.5, "axis": "x", "origin": [8, 12.55238, 15.04067]},
			"faces": {
				"north": {"uv": [0, 0, 4, 2], "texture": "#5"},
				"east": {"uv": [0, 0, 4, 2], "texture": "#5"},
				"south": {"uv": [0, 0, 4, 2], "texture": "#5"},
				"west": {"uv": [0, 0, 4, 2], "texture": "#5"},
				"up": {"uv": [0, 0, 4, 2], "texture": "#5"},
				"down": {"uv": [0, 0, 4, 2], "texture": "#5"}
			}
		},
		{
			"from": [4.1, 11.9, 2.9],
			"to": [12.1, 19.1, 3],
			"rotation": {"angle": 0, "axis": "y", "origin": [8, 12, 3.9]},
			"faces": {
				"north": {"uv": [0, 0, 0.05, 3.6], "texture": "#1"},
				"east": {"uv": [0, 0, 0.05, 3.6], "texture": "#1"},
				"south": {"uv": [0, 0, 0.05, 3.6], "texture": "#1"},
				"west": {"uv": [0, 0, 0.05, 3.6], "texture": "#1"},
				"up": {"uv": [0, 0, 0.05, 3.6], "texture": "#1"},
				"down": {"uv": [0, 0, 0.05, 3.6], "texture": "#1"}
			}
		},
		{
			"from": [3.5, 11.5, 2.5],
			"to": [4, 19.5, 3],
			"rotation": {"angle": 0, "axis": "y", "origin": [8, 12, 4]},
			"faces": {
				"north": {"uv": [0, 0, 0.5, 8], "texture": "#5"},
				"east": {"uv": [0, 0, 0.5, 8], "texture": "#5"},
				"south": {"uv": [0, 0, 0.5, 8], "texture": "#5"},
				"west": {"uv": [0, 0, 0.5, 8], "texture": "#5"},
				"up": {"uv": [0, 0, 0.5, 8], "texture": "#5"},
				"down": {"uv": [0, 0, 0.5, 8], "texture": "#5"}
			}
		},
		{
			"from": [12, 11.5, 2.5],
			"to": [12.5, 19.5, 3],
			"rotation": {"angle": 0, "axis": "y", "origin": [8, 12, 4]},
			"faces": {
				"north": {"uv": [0.5, 0, 1, 8], "texture": "#5"},
				"east": {"uv": [0.5, 0, 1, 8], "texture": "#5"},
				"south": {"uv": [0.5, 0, 1, 8], "texture": "#5"},
				"west": {"uv": [0.5, 0, 1, 8], "texture": "#5"},
				"up": {"uv": [0.5, 0, 1, 8], "texture": "#5"},
				"down": {"uv": [0.5, 0, 1, 8], "texture": "#5"}
			}
		},
		{
			"from": [4, 19, 2.5],
			"to": [12, 19.5, 3],
			"rotation": {"angle": 0, "axis": "y", "origin": [8, 12, 4]},
			"faces": {
				"north": {"uv": [0.5, 0, 1, 0.5], "texture": "#5"},
				"east": {"uv": [0.5, 0, 1, 0.5], "texture": "#5"},
				"south": {"uv": [0.5, 0, 1, 0.5], "texture": "#5"},
				"west": {"uv": [0.5, 0, 1, 0.5], "texture": "#5"},
				"up": {"uv": [0.5, 0, 1, 0.5], "texture": "#5"},
				"down": {"uv": [0.5, 0, 1, 0.5], "texture": "#5"}
			}
		},
		{
			"from": [4, 11.5, 2.5],
			"to": [12, 12, 3],
			"rotation": {"angle": 0, "axis": "y", "origin": [8, 4.5, 4]},
			"faces": {
				"north": {"uv": [0.5, 0, 1, 0.5], "texture": "#5"},
				"east": {"uv": [0.5, 0, 1, 0.5], "texture": "#5"},
				"south": {"uv": [0.5, 0, 1, 0.5], "texture": "#5"},
				"west": {"uv": [0.5, 0, 1, 0.5], "texture": "#5"},
				"up": {"uv": [0.5, 0, 1, 0.5], "texture": "#5"},
				"down": {"uv": [0.5, 0, 1, 0.5], "texture": "#5"}
			}
		},
		{
			"from": [7.5, 18.5, 9.5],
			"to": [8.5, 23.5, 10.5],
			"rotation": {"angle": 22.5, "axis": "x", "origin": [8, 23.5, 10]},
			"faces": {
				"north": {"uv": [0, 0, 1, 5], "texture": "#4"},
				"east": {"uv": [0, 0, 1, 5], "texture": "#4"},
				"south": {"uv": [0, 0, 1, 5], "texture": "#4"},
				"west": {"uv": [0, 0, 1, 5], "texture": "#4"},
				"up": {"uv": [0, 0, 1, 5], "texture": "#4"},
				"down": {"uv": [0, 0, 1, 5], "texture": "#4"}
			}
		},
		{
			"from": [7.6, 22.60556, 11.25938],
			"to": [8.4, 25.60556, 12.05938],
			"rotation": {"angle": 45, "axis": "x", "origin": [8, 25.10556, 11.65938]},
			"faces": {
				"north": {"uv": [0, 0, 0.8, 3], "texture": "#4"},
				"east": {"uv": [0, 0, 0.8, 3], "texture": "#4"},
				"south": {"uv": [0, 0, 0.8, 3], "texture": "#4"},
				"west": {"uv": [0, 0, 0.8, 3], "texture": "#4"},
				"up": {"uv": [0, 0, 0.8, 3], "texture": "#4"},
				"down": {"uv": [0, 0, 0.8, 3], "texture": "#4"}
			}
		},
		{
			"from": [7.6, 23.93545, 12.76441],
			"to": [8.4, 24.80911, 13.56441],
			"rotation": {"angle": 45, "axis": "x", "origin": [8, 24.30911, 11.16441]},
			"faces": {
				"north": {"uv": [0, 0, 1, 1], "texture": "#4"},
				"east": {"uv": [0, 0, 1, 1], "texture": "#4"},
				"south": {"uv": [0, 0, 1, 1], "texture": "#4"},
				"west": {"uv": [0, 0, 1, 1], "texture": "#4"},
				"up": {"uv": [0, 0, 1, 1], "texture": "#4"},
				"down": {"uv": [0, 0, 1, 1], "texture": "#4"}
			}
		},
		{
			"from": [7.6, 23.30556, 11.25938],
			"to": [8.4, 24.70556, 12.05938],
			"rotation": {"angle": -45, "axis": "x", "origin": [8, 25.10556, 11.65938]},
			"faces": {
				"north": {"uv": [0, 0, 1, 1], "texture": "#4"},
				"east": {"uv": [0, 0, 1, 1], "texture": "#4"},
				"south": {"uv": [0, 0, 1, 1], "texture": "#4"},
				"west": {"uv": [0, 0, 1, 1], "texture": "#4"},
				"up": {"uv": [0, 0, 1, 1], "texture": "#4"},
				"down": {"uv": [0, 0, 1, 1], "texture": "#4"}
			}
		},
		{
			"from": [7.6, 23.30556, 9.55938],
			"to": [8.4, 24.70556, 10.35938],
			"rotation": {"angle": -45, "axis": "x", "origin": [8, 25.10556, 11.65938]},
			"faces": {
				"north": {"uv": [0, 0, 1, 1], "texture": "#4"},
				"east": {"uv": [0, 0, 1, 1], "texture": "#4"},
				"south": {"uv": [0, 0, 1, 1], "texture": "#4"},
				"west": {"uv": [0, 0, 1, 1], "texture": "#4"},
				"up": {"uv": [0, 0, 1, 1], "texture": "#4"},
				"down": {"uv": [0, 0, 1, 1], "texture": "#4"}
			}
		},
		{
			"from": [7.6, 22.34784, 11.44725],
			"to": [8.4, 23.14784, 12.59725],
			"rotation": {"angle": 0, "axis": "y", "origin": [8, 22.74784, 12.14725]},
			"faces": {
				"north": {"uv": [0, 0, 1, 1], "rotation": 90, "texture": "#4"},
				"east": {"uv": [0, 0, 1, 1], "rotation": 90, "texture": "#4"},
				"south": {"uv": [0, 0, 1, 1], "rotation": 90, "texture": "#4"},
				"west": {"uv": [0, 0, 1, 1], "rotation": 90, "texture": "#4"},
				"up": {"uv": [0, 0, 1, 1], "rotation": 90, "texture": "#4"},
				"down": {"uv": [0, 0, 1, 1], "rotation": 90, "texture": "#4"}
			}
		},
		{
			"from": [7.6, 22.96561, 12.41502],
			"to": [8.4, 24.11561, 13.21502],
			"rotation": {"angle": 0, "axis": "y", "origin": [8, 23.41561, 12.81502]},
			"faces": {
				"north": {"uv": [0, 0, 1, 1], "texture": "#4"},
				"east": {"uv": [0, 0, 1, 1], "texture": "#4"},
				"south": {"uv": [0, 0, 1, 1], "texture": "#4"},
				"west": {"uv": [0, 0, 1, 1], "texture": "#4"},
				"up": {"uv": [0, 0, 1, 1], "texture": "#4"},
				"down": {"uv": [0, 0, 1, 1], "texture": "#4"}
			}
		},
		{
			"from": [12.5, 12.5, 4.5],
			"to": [13.5, 18.5, 11.5],
			"rotation": {"angle": 0, "axis": "y", "origin": [15, 15.5, 8.5]},
			"faces": {
				"north": {"uv": [0, 0, 8, 6], "texture": "#7"},
				"east": {"uv": [0, 0, 16, 16], "texture": "#7"},
				"south": {"uv": [0, 0, 8, 6], "texture": "#7"},
				"west": {"uv": [0, 0, 8, 6], "texture": "#7"},
				"up": {"uv": [0, 0, 8, 6], "texture": "#7"},
				"down": {"uv": [0, 0, 8, 6], "texture": "#7"}
			}
		},
		{
			"from": [2.5, 12.5, 4.5],
			"to": [3.5, 18.5, 11.5],
			"rotation": {"angle": 0, "axis": "y", "origin": [1, 15.5, 8.5]},
			"faces": {
				"north": {"uv": [8, 0, 16, 6], "texture": "#7"},
				"east": {"uv": [8, 0, 16, 6], "texture": "#7"},
				"south": {"uv": [8, 0, 16, 6], "texture": "#7"},
				"west": {"uv": [0, 0, 16, 16], "texture": "#7"},
				"up": {"uv": [8, 0, 16, 6], "texture": "#7"},
				"down": {"uv": [8, 0, 16, 6], "texture": "#7"}
			}
		},
		{
			"name": "octagon",
			"from": [0.17157, 8, 7],
			"to": [1.82843, 12, 10],
			"rotation": {"angle": 0, "axis": "y", "origin": [1, 10, 8]},
			"faces": {
				"north": {"uv": [1, 0, 0, 1], "texture": "#3"},
				"east": {"uv": [1, 0, 0, 1], "texture": "#3"},
				"south": {"uv": [1, 0, 0, 1], "texture": "#3"},
				"west": {"uv": [1, 0, 0, 1], "texture": "#3"},
				"up": {"uv": [1, 0, 0, 1], "texture": "#3"},
				"down": {"uv": [1, 0, 0, 1], "texture": "#3"}
			}
		},
		{
			"name": "octagon",
			"from": [-1, 9.17157, 7],
			"to": [3, 10.82843, 10],
			"rotation": {"angle": -45, "axis": "z", "origin": [1, 10, 8]},
			"faces": {
				"north": {"uv": [1, 0, 0, 1], "texture": "#3"},
				"east": {"uv": [1, 0, 0, 1], "texture": "#3"},
				"south": {"uv": [1, 0, 0, 1], "texture": "#3"},
				"west": {"uv": [1, 0, 0, 1], "texture": "#3"},
				"up": {"uv": [1, 0, 0, 1], "texture": "#3"},
				"down": {"uv": [1, 0, 0, 1], "texture": "#3"}
			}
		},
		{
			"name": "octagon",
			"from": [0.17157, 8, 7],
			"to": [1.82843, 12, 10],
			"rotation": {"angle": -45, "axis": "z", "origin": [1, 10, 8]},
			"faces": {
				"north": {"uv": [1, 0, 0, 1], "texture": "#3"},
				"east": {"uv": [1, 0, 0, 1], "texture": "#3"},
				"south": {"uv": [1, 0, 0, 1], "texture": "#3"},
				"west": {"uv": [1, 0, 0, 1], "texture": "#3"},
				"up": {"uv": [1, 0, 0, 1], "texture": "#3"},
				"down": {"uv": [1, 0, 0, 1], "texture": "#3"}
			}
		},
		{
			"name": "octagon",
			"from": [-1, 9.17157, 7],
			"to": [3, 10.82843, 10],
			"rotation": {"angle": 0, "axis": "y", "origin": [1, 10, 8]},
			"faces": {
				"north": {"uv": [1, 0, 0, 1], "texture": "#3"},
				"east": {"uv": [1, 0, 0, 1], "texture": "#3"},
				"south": {"uv": [1, 0, 0, 1], "texture": "#3"},
				"west": {"uv": [1, 0, 0, 1], "texture": "#3"},
				"up": {"uv": [1, 0, 0, 1], "texture": "#3"},
				"down": {"uv": [1, 0, 0, 1], "texture": "#3"}
			}
		},
		{
			"name": "octagon",
			"from": [0.17157, 6, 7.7],
			"to": [1.17157, 8, 9.3],
			"rotation": {"angle": 0, "axis": "y", "origin": [1.17157, 7, 8.52843]},
			"faces": {
				"north": {"uv": [1, 0, 0, 1], "texture": "#4"},
				"east": {"uv": [1, 0, 0, 1], "texture": "#4"},
				"south": {"uv": [1, 0, 0, 1], "texture": "#4"},
				"west": {"uv": [1, 0, 0, 1], "texture": "#4"},
				"up": {"uv": [1, 0, 0, 1], "rotation": 90, "texture": "#4"},
				"down": {"uv": [1, 0, 0, 1], "rotation": 270, "texture": "#4"}
			}
		},
		{
			"name": "octagon",
			"from": [0.07157, 4.83848, 7.21888],
			"to": [1.27157, 6.83848, 8.81888],
			"rotation": {"angle": 45, "axis": "x", "origin": [1.17157, 5.83848, 8.04731]},
			"faces": {
				"north": {"uv": [1, 0, 0, 1], "texture": "#4"},
				"east": {"uv": [1, 0, 0, 1], "texture": "#4"},
				"south": {"uv": [1, 0, 0, 1], "texture": "#4"},
				"west": {"uv": [1, 0, 0, 1], "texture": "#4"},
				"up": {"uv": [1, 0, 0, 1], "rotation": 90, "texture": "#4"},
				"down": {"uv": [1, 0, 0, 1], "rotation": 270, "texture": "#4"}
			}
		},
		{
			"name": "octagon",
			"from": [0.17157, 4.14687, 5.65396],
			"to": [1.17157, 5.74687, 7.65396],
			"rotation": {"angle": -22.5, "axis": "x", "origin": [0.67315, 4.94907, 6.66657]},
			"faces": {
				"north": {"uv": [1, 0, 0, 1], "rotation": 90, "texture": "#4"},
				"east": {"uv": [1, 0, 0, 1], "rotation": 270, "texture": "#4"},
				"south": {"uv": [1, 0, 0, 1], "rotation": 90, "texture": "#4"},
				"west": {"uv": [1, 0, 0, 1], "rotation": 90, "texture": "#4"},
				"up": {"uv": [1, 0, 0, 1], "rotation": 180, "texture": "#4"},
				"down": {"uv": [1, 0, 0, 1], "texture": "#4"}
			}
		},
		{
			"name": "octagon",
			"from": [0.42535, 3.74749, 4.65396],
			"to": [0.92535, 4.94749, 5.65396],
			"rotation": {"angle": -22.5, "axis": "x", "origin": [0.67535, 4.94749, 5.15396]},
			"faces": {
				"north": {"uv": [1, 0, 0, 1], "rotation": 180, "texture": "#5"},
				"east": {"uv": [1, 0, 0, 1], "rotation": 270, "texture": "#5"},
				"south": {"uv": [1, 0, 0, 1], "texture": "#5"},
				"west": {"uv": [1, 0, 0, 1], "rotation": 90, "texture": "#5"},
				"up": {"uv": [1, 0, 0, 1], "rotation": 180, "texture": "#5"},
				"down": {"uv": [4, 0, 0, 5], "texture": "#5"}
			}
		},
		{
			"name": "octagon",
			"from": [0.92535, 3.77403, 2.78738],
			"to": [1.92535, 4.97403, 5.88738],
			"rotation": {"angle": -22.5, "axis": "x", "origin": [1.22535, 4.37403, 5.33738]},
			"faces": {
				"north": {"uv": [1, 0, 0, 1], "rotation": 90, "texture": "#5"},
				"east": {"uv": [1, 0, 0, 1], "rotation": 180, "texture": "#5"},
				"south": {"uv": [1, 0, 0, 1], "rotation": 270, "texture": "#5"},
				"west": {"uv": [1, 0, 0, 1], "texture": "#5"},
				"up": {"uv": [0, 1, 1, 0], "rotation": 90, "texture": "#5"},
				"down": {"uv": [4, 0, 0, 5], "rotation": 90, "texture": "#5"}
			}
		},
		{
			"name": "octagon",
			"from": [-0.57465, 3.77403, 2.78738],
			"to": [0.42535, 4.97403, 5.88738],
			"rotation": {"angle": -22.5, "axis": "x", "origin": [0.12535, 4.37403, 5.33738]},
			"faces": {
				"north": {"uv": [1, 0, 0, 1], "rotation": 90, "texture": "#5"},
				"east": {"uv": [1, 0, 0, 1], "rotation": 180, "texture": "#5"},
				"south": {"uv": [1, 0, 0, 1], "rotation": 270, "texture": "#5"},
				"west": {"uv": [1, 0, 0, 1], "texture": "#5"},
				"up": {"uv": [0, 1, 1, 0], "rotation": 90, "texture": "#5"},
				"down": {"uv": [4, 0, 0, 5], "rotation": 90, "texture": "#5"}
			}
		},
		{
			"name": "octagon",
			"from": [15.57465, 12.82826, 2.29153],
			"to": [16.57465, 15.92826, 3.49153],
			"rotation": {"angle": -22.5, "axis": "x", "origin": [15.87465, 13.37826, 2.89153]},
			"faces": {
				"north": {"uv": [4, 5, 0, 0], "rotation": 270, "texture": "#5"},
				"east": {"uv": [0, 0, 1, 1], "rotation": 270, "texture": "#5"},
				"south": {"uv": [0, 0, 1, 1], "rotation": 90, "texture": "#5"},
				"west": {"uv": [0, 0, 1, 1], "rotation": 270, "texture": "#5"},
				"up": {"uv": [1, 1, 0, 0], "rotation": 270, "texture": "#5"},
				"down": {"uv": [1, 1, 0, 0], "rotation": 270, "texture": "#5"}
			}
		},
		{
			"name": "octagon",
			"from": [15.07465, 12.96168, 2.26499],
			"to": [15.57465, 13.96168, 3.46499],
			"rotation": {"angle": -22.5, "axis": "x", "origin": [15.32465, 13.46168, 3.46499]},
			"faces": {
				"north": {"uv": [0, 0, 4, 5], "rotation": 180, "texture": "#5"},
				"east": {"uv": [1, 1, 0, 0], "texture": "#5"},
				"south": {"uv": [0, 0, 1, 1], "rotation": 180, "texture": "#5"},
				"west": {"uv": [1, 1, 0, 0], "texture": "#5"},
				"up": {"uv": [0, 0, 1, 1], "texture": "#5"},
				"down": {"uv": [0, 0, 1, 1], "texture": "#5"}
			}
		},
		{
			"name": "octagon",
			"from": [14.07465, 12.72826, 2.29153],
			"to": [15.07465, 15.82826, 3.49153],
			"rotation": {"angle": -22.5, "axis": "x", "origin": [14.77465, 13.27826, 2.89153]},
			"faces": {
				"north": {"uv": [4, 5, 0, 0], "rotation": 270, "texture": "#5"},
				"east": {"uv": [0, 0, 1, 1], "rotation": 270, "texture": "#5"},
				"south": {"uv": [0, 0, 1, 1], "rotation": 90, "texture": "#5"},
				"west": {"uv": [0, 0, 1, 1], "rotation": 270, "texture": "#5"},
				"up": {"uv": [1, 1, 0, 0], "rotation": 270, "texture": "#5"},
				"down": {"uv": [1, 1, 0, 0], "rotation": 270, "texture": "#5"}
			}
		},
		{
			"name": "octagon",
			"from": [14.17157, 8.61564, 6.5175],
			"to": [15.82843, 11.61564, 10.5175],
			"rotation": {"angle": 0, "axis": "y", "origin": [15, 10.61564, 8.5175]},
			"faces": {
				"north": {"uv": [0, 0, 1, 1], "rotation": 180, "texture": "#3"},
				"east": {"uv": [0, 0, 1, 1], "rotation": 270, "texture": "#3"},
				"south": {"uv": [0, 0, 1, 1], "texture": "#3"},
				"west": {"uv": [0, 0, 1, 1], "rotation": 90, "texture": "#3"},
				"up": {"uv": [0, 0, 1, 1], "rotation": 180, "texture": "#3"},
				"down": {"uv": [0, 0, 1, 1], "texture": "#3"}
			}
		},
		{
			"name": "octagon",
			"from": [13, 8.61564, 7.68907],
			"to": [17, 11.61564, 9.34593],
			"rotation": {"angle": -45, "axis": "y", "origin": [15, 10.61564, 8.5175]},
			"faces": {
				"north": {"uv": [0, 0, 1, 1], "rotation": 180, "texture": "#3"},
				"east": {"uv": [0, 0, 1, 1], "rotation": 270, "texture": "#3"},
				"south": {"uv": [0, 0, 1, 1], "texture": "#3"},
				"west": {"uv": [0, 0, 1, 1], "rotation": 90, "texture": "#3"},
				"up": {"uv": [0, 0, 1, 1], "rotation": 180, "texture": "#3"},
				"down": {"uv": [0, 0, 1, 1], "texture": "#3"}
			}
		},
		{
			"name": "octagon",
			"from": [14.17157, 8.61564, 6.5175],
			"to": [15.82843, 11.61564, 10.5175],
			"rotation": {"angle": -45, "axis": "y", "origin": [15, 10.61564, 8.5175]},
			"faces": {
				"north": {"uv": [0, 0, 1, 1], "rotation": 180, "texture": "#3"},
				"east": {"uv": [0, 0, 1, 1], "rotation": 270, "texture": "#3"},
				"south": {"uv": [0, 0, 1, 1], "texture": "#3"},
				"west": {"uv": [0, 0, 1, 1], "rotation": 90, "texture": "#3"},
				"up": {"uv": [0, 0, 1, 1], "rotation": 180, "texture": "#3"},
				"down": {"uv": [0, 0, 1, 1], "texture": "#3"}
			}
		},
		{
			"name": "octagon",
			"from": [13, 8.61564, 7.68907],
			"to": [17, 11.61564, 9.34593],
			"rotation": {"angle": 0, "axis": "y", "origin": [15, 10.61564, 8.5175]},
			"faces": {
				"north": {"uv": [0, 0, 1, 1], "rotation": 180, "texture": "#3"},
				"east": {"uv": [0, 0, 1, 1], "rotation": 270, "texture": "#3"},
				"south": {"uv": [0, 0, 1, 1], "texture": "#3"},
				"west": {"uv": [0, 0, 1, 1], "rotation": 90, "texture": "#3"},
				"up": {"uv": [0, 0, 1, 1], "rotation": 180, "texture": "#3"},
				"down": {"uv": [0, 0, 1, 1], "texture": "#3"}
			}
		},
		{
			"name": "octagon",
			"from": [14.82843, 9.31564, 4.5175],
			"to": [15.82843, 10.91564, 6.5175],
			"rotation": {"angle": 0, "axis": "y", "origin": [14.82843, 10.08721, 5.5175]},
			"faces": {
				"north": {"uv": [1, 1, 0, 0], "rotation": 90, "texture": "#4"},
				"east": {"uv": [0, 0, 1, 1], "rotation": 270, "texture": "#4"},
				"south": {"uv": [1, 1, 0, 0], "rotation": 90, "texture": "#4"},
				"west": {"uv": [0, 0, 1, 1], "rotation": 90, "texture": "#4"},
				"up": {"uv": [0, 0, 1, 1], "rotation": 180, "texture": "#4"},
				"down": {"uv": [0, 0, 1, 1], "texture": "#4"}
			}
		},
		{
			"name": "octagon",
			"from": [14.72843, 9.79676, 3.35598],
			"to": [15.92843, 11.39676, 5.35598],
			"rotation": {"angle": 45, "axis": "x", "origin": [14.82843, 10.56833, 4.35598]},
			"faces": {
				"north": {"uv": [1, 1, 0, 0], "rotation": 90, "texture": "#4"},
				"east": {"uv": [0, 0, 1, 1], "rotation": 270, "texture": "#4"},
				"south": {"uv": [1, 1, 0, 0], "rotation": 90, "texture": "#4"},
				"west": {"uv": [0, 0, 1, 1], "rotation": 90, "texture": "#4"},
				"up": {"uv": [0, 0, 1, 1], "rotation": 180, "texture": "#4"},
				"down": {"uv": [0, 0, 1, 1], "texture": "#4"}
			}
		},
		{
			"name": "octagon",
			"from": [14.82843, 10.96168, 2.66437],
			"to": [15.82843, 12.96168, 4.26437],
			"rotation": {"angle": -22.5, "axis": "x", "origin": [15.32685, 11.94907, 3.46657]},
			"faces": {
				"north": {"uv": [0, 0, 1, 1], "rotation": 180, "texture": "#4"},
				"east": {"uv": [1, 1, 0, 0], "texture": "#4"},
				"south": {"uv": [0, 0, 1, 1], "rotation": 180, "texture": "#4"},
				"west": {"uv": [1, 1, 0, 0], "texture": "#4"},
				"up": {"uv": [1, 1, 0, 0], "rotation": 270, "texture": "#4"},
				"down": {"uv": [1, 1, 0, 0], "rotation": 90, "texture": "#4"}
			}
		},
		{
			"from": [2.5, 3.5, 6.5],
			"to": [6.5, 12.5, 10.5],
			"rotation": {"angle": 22.5, "axis": "z", "origin": [4, 7.5, 8.5]},
			"faces": {
				"north": {"uv": [0, 0, 4, 5], "texture": "#5"},
				"east": {"uv": [0, 0, 4, 5], "texture": "#5"},
				"south": {"uv": [0, 0, 4, 5], "texture": "#5"},
				"west": {"uv": [0, 0, 4, 5], "texture": "#5"},
				"up": {"uv": [0, 0, 4, 5], "texture": "#5"},
				"down": {"uv": [0, 0, 4, 5], "texture": "#5"}
			}
		},
		{
			"from": [9.5, 3.5, 6.5],
			"to": [13.5, 12.5, 10.5],
			"rotation": {"angle": -22.5, "axis": "z", "origin": [12, 7.5, 8.5]},
			"faces": {
				"north": {"uv": [0, 0, 4, 5], "texture": "#5"},
				"east": {"uv": [0, 0, 4, 5], "texture": "#5"},
				"south": {"uv": [0, 0, 4, 5], "texture": "#5"},
				"west": {"uv": [0, 0, 4, 5], "texture": "#5"},
				"up": {"uv": [0, 0, 4, 5], "texture": "#5"},
				"down": {"uv": [0, 0, 4, 5], "texture": "#5"}
			}
		},
		{
			"from": [4.14491, 3.23046, 6.5],
			"to": [11.85509, 12.23046, 10.5],
			"rotation": {"angle": 0, "axis": "y", "origin": [10.35509, 7.23046, 8.5]},
			"faces": {
				"north": {"uv": [0, 0, 4, 5], "texture": "#5"},
				"east": {"uv": [0, 0, 4, 5], "texture": "#5"},
				"south": {"uv": [0, 0, 4, 5], "texture": "#5"},
				"west": {"uv": [0, 0, 4, 5], "texture": "#5"},
				"up": {"uv": [0, 0, 4, 5], "texture": "#5"},
				"down": {"uv": [0, 0, 4, 5], "texture": "#5"}
			}
		},
		{
			"from": [5.14491, 2.23046, 6.6],
			"to": [10.85509, 3.23046, 10.4],
			"rotation": {"angle": 0, "axis": "y", "origin": [10.35509, 7.23046, 8.5]},
			"faces": {
				"north": {"uv": [0, 0, 4, 5], "texture": "#5"},
				"east": {"uv": [0, 0, 4, 5], "texture": "#5"},
				"south": {"uv": [0, 0, 4, 5], "texture": "#5"},
				"west": {"uv": [0, 0, 4, 5], "texture": "#5"},
				"up": {"uv": [0, 0, 4, 5], "texture": "#5"},
				"down": {"uv": [0, 0, 4, 5], "texture": "#5"}
			}
		},
		{
			"from": [4.14491, 4.07403, 4.7409],
			"to": [11.85509, 13.07403, 8.7409],
			"rotation": {"angle": -22.5, "axis": "x", "origin": [10.35509, 8.07403, 7.7409]},
			"faces": {
				"north": {"uv": [0, 0, 4, 5], "texture": "#5"},
				"east": {"uv": [0, 0, 4, 5], "texture": "#5"},
				"south": {"uv": [0, 0, 4, 5], "texture": "#5"},
				"west": {"uv": [0, 0, 4, 5], "texture": "#5"},
				"up": {"uv": [0, 0, 4, 5], "texture": "#5"},
				"down": {"uv": [0, 0, 4, 5], "texture": "#5"}
			}
		},
		{
			"from": [4.14491, 4.07403, 9.2591],
			"to": [11.85509, 13.07403, 12.2591],
			"rotation": {"angle": 22.5, "axis": "x", "origin": [10.35509, 8.07403, 9.2591]},
			"faces": {
				"north": {"uv": [0, 0, 4, 5], "texture": "#5"},
				"east": {"uv": [0, 0, 4, 5], "texture": "#5"},
				"south": {"uv": [0, 0, 4, 5], "texture": "#5"},
				"west": {"uv": [0, 0, 4, 5], "texture": "#5"},
				"up": {"uv": [0, 0, 4, 5], "texture": "#5"},
				"down": {"uv": [0, 0, 4, 5], "texture": "#5"}
			}
		},
		{
			"from": [6.14491, 6.07403, 4.6409],
			"to": [9.85509, 11.07403, 4.7409],
			"rotation": {"angle": -22.5, "axis": "x", "origin": [10.35509, 8.07403, 7.7409]},
			"faces": {
				"north": {"uv": [0, 0, 16, 16], "texture": "#7"},
				"east": {"uv": [0, 0, 0.1, 5], "texture": "#7"},
				"south": {"uv": [0, 0, 3.71017, 5], "texture": "#7"},
				"west": {"uv": [0, 0, 0.1, 5], "texture": "#7"},
				"up": {"uv": [0, 0, 3.71017, 0.1], "texture": "#7"},
				"down": {"uv": [0, 0, 3.71017, 0.1], "texture": "#7"}
			}
		},
		{
			"name": "octagon",
			"from": [7.37868, 1.5, 6.9],
			"to": [8.62132, 2.5, 9.9],
			"rotation": {"angle": 45, "axis": "y", "origin": [8, 4, 8.4]},
			"faces": {
				"north": {"uv": [0, 0, 1, 1], "texture": "#1"},
				"east": {"uv": [0, 0, 1, 1], "texture": "#1"},
				"south": {"uv": [0, 0, 1, 1], "texture": "#1"},
				"west": {"uv": [0, 0, 1, 1], "texture": "#1"},
				"up": {"uv": [0, 0, 1, 1], "texture": "#1"},
				"down": {"uv": [0, 0, 1, 1], "texture": "#1"}
			}
		},
		{
			"name": "octagon",
			"from": [7.37868, 1.5, 6.9],
			"to": [8.62132, 2.5, 9.9],
			"rotation": {"angle": 0, "axis": "y", "origin": [8, 4, 8.4]},
			"faces": {
				"north": {"uv": [0, 0, 1, 1], "texture": "#1"},
				"east": {"uv": [0, 0, 1, 1], "texture": "#1"},
				"south": {"uv": [0, 0, 1, 1], "texture": "#1"},
				"west": {"uv": [0, 0, 1, 1], "texture": "#1"},
				"up": {"uv": [0, 0, 1, 1], "texture": "#1"},
				"down": {"uv": [0, 0, 1, 1], "texture": "#1"}
			}
		},
		{
			"name": "octagon",
			"from": [6.5, 1.5, 7.77868],
			"to": [9.5, 2.5, 9.02132],
			"rotation": {"angle": 45, "axis": "y", "origin": [8, 4, 8.4]},
			"faces": {
				"north": {"uv": [0, 0, 1, 1], "texture": "#1"},
				"east": {"uv": [0, 0, 1, 1], "texture": "#1"},
				"south": {"uv": [0, 0, 1, 1], "texture": "#1"},
				"west": {"uv": [0, 0, 1, 1], "texture": "#1"},
				"up": {"uv": [0, 0, 1, 1], "texture": "#1"},
				"down": {"uv": [0, 0, 1, 1], "texture": "#1"}
			}
		},
		{
			"name": "octagon",
			"from": [6.5, 1.5, 7.77868],
			"to": [9.5, 2.5, 9.02132],
			"rotation": {"angle": 0, "axis": "y", "origin": [8, 4, 8.4]},
			"faces": {
				"north": {"uv": [0, 0, 1, 1], "texture": "#1"},
				"east": {"uv": [0, 0, 1, 1], "texture": "#1"},
				"south": {"uv": [0, 0, 1, 1], "texture": "#1"},
				"west": {"uv": [0, 0, 1, 1], "texture": "#1"},
				"up": {"uv": [0, 0, 1, 1], "texture": "#1"},
				"down": {"uv": [0, 0, 1, 1], "texture": "#1"}
			}
		},
		{
			"name": "octagon",
			"from": [7, 25.19289, 11.5],
			"to": [9, 25.60711, 12.5],
			"rotation": {"angle": 45, "axis": "x", "origin": [8, 25.4, 12]},
			"faces": {
				"north": {"uv": [0, 0, 1, 1], "texture": "#0"},
				"east": {"uv": [0, 0, 1, 1], "texture": "#0"},
				"south": {"uv": [0, 0, 1, 1], "texture": "#0"},
				"west": {"uv": [0, 0, 1, 1], "texture": "#0"},
				"up": {"uv": [0, 0, 1, 1], "texture": "#0"},
				"down": {"uv": [0, 0, 1, 1], "texture": "#0"}
			}
		},
		{
			"name": "octagon",
			"from": [7, 25.19289, 11.5],
			"to": [9, 25.60711, 12.5],
			"rotation": {"angle": 0, "axis": "y", "origin": [8, 25.4, 12]},
			"faces": {
				"north": {"uv": [0, 0, 1, 1], "texture": "#0"},
				"east": {"uv": [0, 0, 1, 1], "texture": "#0"},
				"south": {"uv": [0, 0, 1, 1], "texture": "#0"},
				"west": {"uv": [0, 0, 1, 1], "texture": "#0"},
				"up": {"uv": [0, 0, 1, 1], "texture": "#0"},
				"down": {"uv": [0, 0, 1, 1], "texture": "#0"}
			}
		},
		{
			"name": "octagon",
			"from": [7, 24.9, 11.79289],
			"to": [9, 25.9, 12.20711],
			"rotation": {"angle": 45, "axis": "x", "origin": [8, 25.4, 12]},
			"faces": {
				"north": {"uv": [0, 0, 1, 1], "texture": "#0"},
				"east": {"uv": [0, 0, 1, 1], "texture": "#0"},
				"south": {"uv": [0, 0, 1, 1], "texture": "#0"},
				"west": {"uv": [0, 0, 1, 1], "texture": "#0"},
				"up": {"uv": [0, 0, 1, 1], "texture": "#0"},
				"down": {"uv": [0, 0, 1, 1], "texture": "#0"}
			}
		},
		{
			"name": "octagon",
			"from": [7, 24.9, 11.79289],
			"to": [9, 25.9, 12.20711],
			"rotation": {"angle": 0, "axis": "y", "origin": [8, 25.4, 12]},
			"faces": {
				"north": {"uv": [0, 0, 1, 1], "texture": "#0"},
				"east": {"uv": [0, 0, 1, 1], "texture": "#0"},
				"south": {"uv": [0, 0, 1, 1], "texture": "#0"},
				"west": {"uv": [0, 0, 1, 1], "texture": "#0"},
				"up": {"uv": [0, 0, 1, 1], "texture": "#0"},
				"down": {"uv": [0, 0, 1, 1], "texture": "#0"}
			}
		},
		{
			"from": [7.14491, 11.82403, 4.74],
			"to": [7.39491, 12.07403, 4.74],
			"rotation": {"angle": -22.5, "axis": "x", "origin": [10.35509, 8.07403, 7.7409]},
			"faces": {
				"north": {"uv": [0, 0, 4, 5], "texture": "#8"},
				"east": {"uv": [0, 0, 4, 5], "texture": "#8"},
				"south": {"uv": [0, 0, 4, 5], "texture": "#8"},
				"west": {"uv": [0, 0, 4, 5], "texture": "#8"},
				"up": {"uv": [0, 0, 4, 5], "texture": "#8"},
				"down": {"uv": [0, 0, 4, 5], "texture": "#8"}
			}
		},
		{
			"from": [7.14491, 4.82403, 4.74],
			"to": [7.39491, 5.07403, 4.74],
			"rotation": {"angle": -22.5, "axis": "x", "origin": [10.35509, 8.07403, 7.7409]},
			"faces": {
				"north": {"uv": [0, 0, 4, 5], "texture": "#8"},
				"east": {"uv": [0, 0, 4, 5], "texture": "#8"},
				"south": {"uv": [0, 0, 4, 5], "texture": "#8"},
				"west": {"uv": [0, 0, 4, 5], "texture": "#8"},
				"up": {"uv": [0, 0, 4, 5], "texture": "#8"},
				"down": {"uv": [0, 0, 4, 5], "texture": "#8"}
			}
		},
		{
			"from": [6.64491, 2.48046, 6.59],
			"to": [7.14491, 2.98046, 6.59],
			"rotation": {"angle": 45, "axis": "z", "origin": [6.89491, 2.73046, 6.59]},
			"faces": {
				"north": {"uv": [0, 0, 4, 5], "texture": "#1"},
				"east": {"uv": [0, 0, 4, 5], "texture": "#1"},
				"south": {"uv": [0, 0, 4, 5], "texture": "#1"},
				"west": {"uv": [0, 0, 4, 5], "texture": "#1"},
				"up": {"uv": [0, 0, 4, 5], "texture": "#1"},
				"down": {"uv": [0, 0, 4, 5], "texture": "#1"}
			}
		},
		{
			"from": [8.85509, 2.48046, 6.59],
			"to": [9.35509, 2.98046, 6.59],
			"rotation": {"angle": -45, "axis": "z", "origin": [9.10509, 2.73046, 6.59]},
			"faces": {
				"north": {"uv": [4, 0, 0, 5], "texture": "#1"},
				"east": {"uv": [4, 0, 0, 5], "texture": "#1"},
				"south": {"uv": [4, 0, 0, 5], "texture": "#1"},
				"west": {"uv": [4, 0, 0, 5], "texture": "#1"},
				"up": {"uv": [4, 0, 0, 5], "texture": "#1"},
				"down": {"uv": [4, 0, 0, 5], "texture": "#1"}
			}
		},
		{
			"from": [8.85509, 2.48046, 10.41],
			"to": [9.35509, 2.98046, 10.41],
			"rotation": {"angle": -45, "axis": "z", "origin": [9.10509, 2.73046, 10.41]},
			"faces": {
				"north": {"uv": [0, 0, 4, 5], "texture": "#1"},
				"east": {"uv": [0, 0, 4, 5], "texture": "#1"},
				"south": {"uv": [0, 0, 4, 5], "texture": "#1"},
				"west": {"uv": [0, 0, 4, 5], "texture": "#1"},
				"up": {"uv": [4, 5, 0, 0], "texture": "#1"},
				"down": {"uv": [4, 5, 0, 0], "texture": "#1"}
			}
		},
		{
			"from": [6.64491, 2.48046, 10.41],
			"to": [7.14491, 2.98046, 10.41],
			"rotation": {"angle": 45, "axis": "z", "origin": [6.89491, 2.73046, 10.41]},
			"faces": {
				"north": {"uv": [4, 0, 0, 5], "texture": "#1"},
				"east": {"uv": [4, 0, 0, 5], "texture": "#1"},
				"south": {"uv": [4, 0, 0, 5], "texture": "#1"},
				"west": {"uv": [4, 0, 0, 5], "texture": "#1"},
				"up": {"uv": [0, 5, 4, 0], "texture": "#1"},
				"down": {"uv": [0, 5, 4, 0], "texture": "#1"}
			}
		},
		{
			"from": [8.64491, 11.82403, 4.74],
			"to": [8.89491, 12.07403, 4.74],
			"rotation": {"angle": -22.5, "axis": "x", "origin": [5.64491, 8.07403, 7.7409]},
			"faces": {
				"north": {"uv": [4, 0, 0, 5], "texture": "#8"},
				"east": {"uv": [4, 0, 0, 5], "texture": "#8"},
				"south": {"uv": [4, 0, 0, 5], "texture": "#8"},
				"west": {"uv": [4, 0, 0, 5], "texture": "#8"},
				"up": {"uv": [4, 0, 0, 5], "texture": "#8"},
				"down": {"uv": [4, 0, 0, 5], "texture": "#8"}
			}
		},
		{
			"from": [8.64491, 4.82403, 4.74],
			"to": [8.89491, 5.07403, 4.74],
			"rotation": {"angle": -22.5, "axis": "x", "origin": [5.64491, 8.07403, 7.7409]},
			"faces": {
				"north": {"uv": [4, 0, 0, 5], "texture": "#8"},
				"east": {"uv": [4, 0, 0, 5], "texture": "#8"},
				"south": {"uv": [4, 0, 0, 5], "texture": "#8"},
				"west": {"uv": [4, 0, 0, 5], "texture": "#8"},
				"up": {"uv": [4, 0, 0, 5], "texture": "#8"},
				"down": {"uv": [4, 0, 0, 5], "texture": "#8"}
			}
		},
		{
			"from": [7.89491, 4.07403, 4.74],
			"to": [8.10509, 13.07403, 4.74],
			"rotation": {"angle": -22.5, "axis": "x", "origin": [10.35509, 8.07403, 7.7409]},
			"faces": {
				"north": {"uv": [0, 0, 4, 5], "texture": "#8"},
				"east": {"uv": [0, 0, 4, 5], "texture": "#8"},
				"south": {"uv": [0, 0, 4, 5], "texture": "#8"},
				"west": {"uv": [0, 0, 4, 5], "texture": "#8"},
				"up": {"uv": [0, 0, 4, 5], "texture": "#8"},
				"down": {"uv": [0, 0, 4, 5], "texture": "#8"}
			}
		},
		{
			"from": [7.14491, 11.82403, 12.26],
			"to": [7.35509, 12.07403, 12.26],
			"rotation": {"angle": 22.5, "axis": "x", "origin": [10.35509, 8.07403, 9.2591]},
			"faces": {
				"north": {"uv": [4, 0, 0, 5], "texture": "#8"},
				"east": {"uv": [4, 0, 0, 5], "texture": "#8"},
				"south": {"uv": [4, 0, 0, 5], "texture": "#8"},
				"west": {"uv": [4, 0, 0, 5], "texture": "#8"},
				"up": {"uv": [0, 5, 4, 0], "texture": "#8"},
				"down": {"uv": [0, 5, 4, 0], "texture": "#8"}
			}
		},
		{
			"from": [7.14491, 4.82403, 12.26],
			"to": [7.35509, 5.07403, 12.26],
			"rotation": {"angle": 22.5, "axis": "x", "origin": [10.35509, 8.07403, 9.2591]},
			"faces": {
				"north": {"uv": [4, 0, 0, 5], "texture": "#8"},
				"east": {"uv": [4, 0, 0, 5], "texture": "#8"},
				"south": {"uv": [4, 0, 0, 5], "texture": "#8"},
				"west": {"uv": [4, 0, 0, 5], "texture": "#8"},
				"up": {"uv": [0, 5, 4, 0], "texture": "#8"},
				"down": {"uv": [0, 5, 4, 0], "texture": "#8"}
			}
		},
		{
			"from": [8.64491, 11.82403, 12.26],
			"to": [8.85509, 12.07403, 12.26],
			"rotation": {"angle": 22.5, "axis": "x", "origin": [5.64491, 8.07403, 9.2591]},
			"faces": {
				"north": {"uv": [0, 0, 4, 5], "texture": "#8"},
				"east": {"uv": [0, 0, 4, 5], "texture": "#8"},
				"south": {"uv": [0, 0, 4, 5], "texture": "#8"},
				"west": {"uv": [0, 0, 4, 5], "texture": "#8"},
				"up": {"uv": [4, 5, 0, 0], "texture": "#8"},
				"down": {"uv": [4, 5, 0, 0], "texture": "#8"}
			}
		},
		{
			"from": [8.64491, 4.82403, 12.26],
			"to": [8.85509, 5.07403, 12.26],
			"rotation": {"angle": 22.5, "axis": "x", "origin": [5.64491, 8.07403, 9.2591]},
			"faces": {
				"north": {"uv": [0, 0, 4, 5], "texture": "#8"},
				"east": {"uv": [0, 0, 4, 5], "texture": "#8"},
				"south": {"uv": [0, 0, 4, 5], "texture": "#8"},
				"west": {"uv": [0, 0, 4, 5], "texture": "#8"},
				"up": {"uv": [4, 5, 0, 0], "texture": "#8"},
				"down": {"uv": [4, 5, 0, 0], "texture": "#8"}
			}
		},
		{
			"from": [7.89491, 4.07403, 12.26],
			"to": [8.10509, 13.07403, 12.26],
			"rotation": {"angle": 22.5, "axis": "x", "origin": [10.35509, 8.07403, 9.2591]},
			"faces": {
				"north": {"uv": [4, 0, 0, 5], "texture": "#8"},
				"east": {"uv": [4, 0, 0, 5], "texture": "#8"},
				"south": {"uv": [4, 0, 0, 5], "texture": "#8"},
				"west": {"uv": [4, 0, 0, 5], "texture": "#8"},
				"up": {"uv": [0, 5, 4, 0], "texture": "#8"},
				"down": {"uv": [0, 5, 4, 0], "texture": "#8"}
			}
		},
		{
			"from": [15.1, 14.81564, -0.4825],
			"to": [15.6, 15.31564, 12.5175],
			"rotation": {"angle": -45, "axis": "x", "origin": [15.5, 15.31564, 2.0175]},
			"faces": {
				"north": {"uv": [0, 0, 0.25, 0.25], "rotation": 180, "texture": "#0"},
				"east": {"uv": [0, 0, 15, 16], "rotation": 270, "texture": "#0"},
				"south": {"uv": [0, 0, 0.25, 0.25], "texture": "#0"},
				"west": {"uv": [0, 0, 0.25, 6.5], "rotation": 90, "texture": "#0"},
				"up": {"uv": [0, 0, 0.25, 6.5], "rotation": 180, "texture": "#0"},
				"down": {"uv": [0, 0, 0.25, 6.5], "texture": "#0"}
			}
		},
		{
			"from": [14.8, 15.31564, 3.5175],
			"to": [15.9, 16.41564, 5.3175],
			"rotation": {"angle": -45, "axis": "x", "origin": [15.5, 15.31564, 2.0175]},
			"faces": {
				"north": {"uv": [1, 0, 6, 16], "rotation": 180, "texture": "#4"},
				"east": {"uv": [1, 0, 6, 16], "rotation": 270, "texture": "#4"},
				"south": {"uv": [1, 0, 6, 16], "texture": "#4"},
				"west": {"uv": [1, 0, 6, 16], "rotation": 90, "texture": "#4"},
				"up": {"uv": [1, 0, 6, 16], "rotation": 180, "texture": "#4"},
				"down": {"uv": [1, 0, 6, 16], "texture": "#4"}
			}
		},
		{
			"from": [15.3, 15.11564, 21.5175],
			"to": [15.4, 15.21564, 21.5175],
			"rotation": {"angle": -45, "axis": "x", "origin": [15.5, 15.31564, 2.0175]},
			"faces": {
				"north": {"uv": [0, 0, 0.05, 0.05], "rotation": 180, "texture": "#1"},
				"east": {"uv": [0, 0, 0.05, 0], "rotation": 270, "texture": "#1"},
				"south": {"uv": [0, 0, 0.05, 0.05], "texture": "#1"},
				"west": {"uv": [0, 0, 0.05, 0], "rotation": 90, "texture": "#1"},
				"up": {"uv": [0, 0, 0.05, 0], "rotation": 180, "texture": "#1"},
				"down": {"uv": [0, 0, 0.05, 0], "texture": "#1"}
			}
		},
		{
			"from": [15.3, 15.11564, 17.5175],
			"to": [15.4, 15.31564, 17.5175],
			"rotation": {"angle": -45, "axis": "x", "origin": [15.5, 15.31564, 2.0175]},
			"faces": {
				"north": {"uv": [0, 0, 0.05, 0.1], "rotation": 180, "texture": "#1"},
				"east": {"uv": [0, 0, 0.1, 0], "rotation": 270, "texture": "#1"},
				"south": {"uv": [0, 0, 0.05, 0.1], "texture": "#1"},
				"west": {"uv": [0, 0, 0.1, 0], "rotation": 90, "texture": "#1"},
				"up": {"uv": [0, 0, 0.05, 0], "rotation": 180, "texture": "#1"},
				"down": {"uv": [0, 0, 0.05, 0], "texture": "#1"}
			}
		},
		{
			"from": [15.3, 15.21564, 13.5175],
			"to": [15.4, 15.41564, 13.5175],
			"rotation": {"angle": -45, "axis": "x", "origin": [15.5, 15.31564, 2.0175]},
			"faces": {
				"north": {"uv": [0, 0, 0.05, 0.1], "rotation": 180, "texture": "#1"},
				"east": {"uv": [0, 0, 0.1, 0], "rotation": 270, "texture": "#1"},
				"south": {"uv": [0, 0, 0.05, 0.1], "texture": "#1"},
				"west": {"uv": [0, 0, 0.1, 0], "rotation": 90, "texture": "#1"},
				"up": {"uv": [0, 0, 0.05, 0], "rotation": 180, "texture": "#1"},
				"down": {"uv": [0, 0, 0.05, 0], "texture": "#1"}
			}
		},
		{
			"from": [15.2, 15.31564, 11.5175],
			"to": [15.5, 15.61564, 11.5175],
			"rotation": {"angle": -45, "axis": "x", "origin": [15.5, 15.31564, 2.0175]},
			"faces": {
				"north": {"uv": [0, 0, 0.15, 0.15], "rotation": 180, "texture": "#1"},
				"east": {"uv": [0, 0, 0.15, 0], "rotation": 270, "texture": "#1"},
				"south": {"uv": [0, 0, 0.15, 0.15], "texture": "#1"},
				"west": {"uv": [0, 0, 0.15, 0], "rotation": 90, "texture": "#1"},
				"up": {"uv": [0, 0, 0.15, 0], "rotation": 180, "texture": "#1"},
				"down": {"uv": [0, 0, 0.15, 0], "texture": "#1"}
			}
		},
		{
			"from": [15.3, 23, 3.4],
			"to": [15.4, 23, 3.5],
			"rotation": {"angle": -45, "axis": "x", "origin": [15.5, 3.5, 3.3]},
			"color": 0,
			"faces": {
				"north": {"uv": [0, 0, 0.05, 0], "texture": "#missing"},
				"east": {"uv": [0, 0, 0.05, 0], "texture": "#missing"},
				"south": {"uv": [0, 0, 0.05, 0], "texture": "#missing"},
				"west": {"uv": [0, 0, 0.05, 0], "texture": "#missing"},
				"up": {"uv": [0, 0, 0.05, 0.05], "texture": "#missing"},
				"down": {"uv": [0, 0, 0.05, 0.05], "texture": "#missing"}
			}
		},
		{
			"from": [15.2, 21.53836, 11.94377],
			"to": [15.5, 26.53836, 12.24377],
			"rotation": {"angle": 45, "axis": "x", "origin": [15.35, 25.03836, 12.09377]},
			"faces": {
				"north": {"uv": [0, 0, 0.15, 2.5], "texture": "#0"},
				"east": {"uv": [0, 0, 15, 16], "texture": "#0"},
				"south": {"uv": [0, 0, 0.15, 2.5], "texture": "#0"},
				"west": {"uv": [0, 0, 0.15, 2.5], "texture": "#0"},
				"up": {"uv": [0, 0, 0.15, 0.15], "texture": "#0"},
				"down": {"uv": [0, 0, 0.15, 0.15], "texture": "#0"}
			}
		},
		{
			"from": [15.3, 26.53836, 12.04377],
			"to": [15.4, 30.53836, 12.14377],
			"rotation": {"angle": 45, "axis": "x", "origin": [15.35, 25.03836, 12.09377]},
			"faces": {
				"north": {"uv": [0, 0, 0.05, 2], "texture": "#0"},
				"east": {"uv": [0, 0, 15, 16], "texture": "#0"},
				"south": {"uv": [0, 0, 0.05, 2], "texture": "#0"},
				"west": {"uv": [0, 0, 0.05, 2], "texture": "#0"},
				"up": {"uv": [0, 0, 0.05, 0.05], "texture": "#0"},
				"down": {"uv": [0, 0, 0.05, 0.05], "texture": "#0"}
			}
		},
		{
			"from": [0.4, 1, 3.3],
			"to": [0.9, 14, 3.8],
			"rotation": {"angle": -45, "axis": "x", "origin": [0.5, 3.5, 3.3]},
			"faces": {
				"north": {"uv": [0.25, 0, 0, 6.5], "texture": "#0"},
				"east": {"uv": [0.25, 0, 0, 6.5], "texture": "#0"},
				"south": {"uv": [0.25, 0, 0, 6.5], "texture": "#0"},
				"west": {"uv": [15, 0, 0, 16], "texture": "#0"},
				"up": {"uv": [0.25, 0, 0, 0.25], "texture": "#0"},
				"down": {"uv": [0.25, 0, 0, 0.25], "texture": "#0"}
			}
		},
		{
			"from": [0.1, 5, 2.2],
			"to": [1.2, 6.8, 3.3],
			"rotation": {"angle": -45, "axis": "x", "origin": [0.5, 3.5, 3.3]},
			"faces": {
				"north": {"uv": [6, 0, 1, 16], "texture": "#4"},
				"east": {"uv": [6, 0, 1, 16], "texture": "#4"},
				"south": {"uv": [6, 0, 1, 16], "texture": "#4"},
				"west": {"uv": [6, 0, 1, 16], "texture": "#4"},
				"up": {"uv": [6, 0, 1, 16], "texture": "#4"},
				"down": {"uv": [6, 0, 1, 16], "texture": "#4"}
			}
		},
		{
			"from": [0.6, 23, 3.4],
			"to": [0.7, 23, 3.5],
			"rotation": {"angle": -45, "axis": "x", "origin": [0.5, 3.5, 3.3]},
			"faces": {
				"north": {"uv": [0.05, 0, 0, 0], "texture": "#1"},
				"east": {"uv": [0.05, 0, 0, 0], "texture": "#1"},
				"south": {"uv": [0.05, 0, 0, 0], "texture": "#1"},
				"west": {"uv": [0.05, 0, 0, 0], "texture": "#1"},
				"up": {"uv": [0.05, 0, 0, 0.05], "texture": "#1"},
				"down": {"uv": [0.05, 0, 0, 0.05], "texture": "#1"}
			}
		},
		{
			"from": [0.6, 19, 3.3],
			"to": [0.7, 19, 3.5],
			"rotation": {"angle": -45, "axis": "x", "origin": [0.5, 3.5, 3.3]},
			"faces": {
				"north": {"uv": [0.05, 0, 0, 0], "texture": "#1"},
				"east": {"uv": [0.1, 0, 0, 0], "texture": "#1"},
				"south": {"uv": [0.05, 0, 0, 0], "texture": "#1"},
				"west": {"uv": [0.1, 0, 0, 0], "texture": "#1"},
				"up": {"uv": [0.05, 0, 0, 0.1], "texture": "#1"},
				"down": {"uv": [0.05, 0, 0, 0.1], "texture": "#1"}
			}
		},
		{
			"from": [0.6, 15, 3.2],
			"to": [0.7, 15, 3.4],
			"rotation": {"angle": -45, "axis": "x", "origin": [0.5, 3.5, 3.3]},
			"faces": {
				"north": {"uv": [0.05, 0, 0, 0], "texture": "#1"},
				"east": {"uv": [0.1, 0, 0, 0], "texture": "#1"},
				"south": {"uv": [0.05, 0, 0, 0], "texture": "#1"},
				"west": {"uv": [0.1, 0, 0, 0], "texture": "#1"},
				"up": {"uv": [0.05, 0, 0, 0.1], "texture": "#1"},
				"down": {"uv": [0.05, 0, 0, 0.1], "texture": "#1"}
			}
		},
		{
			"from": [0.5, 11, 3],
			"to": [0.8, 11, 3.3],
			"rotation": {"angle": -45, "axis": "x", "origin": [0.5, 3.5, 3.3]},
			"faces": {
				"north": {"uv": [0.15, 0, 0, 0], "texture": "#1"},
				"east": {"uv": [0.15, 0, 0, 0], "texture": "#1"},
				"south": {"uv": [0.15, 0, 0, 0], "texture": "#1"},
				"west": {"uv": [0.15, 0, 0, 0], "texture": "#1"},
				"up": {"uv": [0.15, 0, 0, 0.15], "texture": "#1"},
				"down": {"uv": [0.15, 0, 0, 0.15], "texture": "#1"}
			}
		},
		{
			"from": [0.6, 23, 3.4],
			"to": [0.7, 23, 3.5],
			"rotation": {"angle": -45, "axis": "x", "origin": [0.5, 3.5, 3.3]},
			"color": 0,
			"faces": {
				"north": {"uv": [0.05, 0, 0, 0], "texture": "#missing"},
				"east": {"uv": [0.05, 0, 0, 0], "texture": "#missing"},
				"south": {"uv": [0.05, 0, 0, 0], "texture": "#missing"},
				"west": {"uv": [0.05, 0, 0, 0], "texture": "#missing"},
				"up": {"uv": [0.05, 0, 0, 0.05], "texture": "#missing"},
				"down": {"uv": [0.05, 0, 0, 0.05], "texture": "#missing"}
			}
		},
		{
			"from": [0.5, 13.42627, -7.92272],
			"to": [0.8, 13.72627, -2.92272],
			"rotation": {"angle": 45, "axis": "x", "origin": [0.65, 13.57627, -6.42272]},
			"faces": {
				"north": {"uv": [0.15, 0, 0, 0.15], "rotation": 180, "texture": "#0"},
				"east": {"uv": [0, 2.5, 0.15, 0], "rotation": 270, "texture": "#0"},
				"south": {"uv": [0.15, 0, 0, 0.15], "texture": "#0"},
				"west": {"uv": [0, 16, 15, 0], "rotation": 90, "texture": "#0"},
				"up": {"uv": [0.15, 0, 0, 2.5], "texture": "#0"},
				"down": {"uv": [0.15, 0, 0, 2.5], "rotation": 180, "texture": "#0"}
			}
		},
		{
			"from": [0.6, 13.52627, -11.92272],
			"to": [0.7, 13.62627, -7.92272],
			"rotation": {"angle": 45, "axis": "x", "origin": [0.65, 13.57627, -6.42272]},
			"faces": {
				"north": {"uv": [0.05, 0, 0, 0.05], "rotation": 180, "texture": "#0"},
				"east": {"uv": [0, 2, 0.05, 0], "rotation": 270, "texture": "#0"},
				"south": {"uv": [0.05, 0, 0, 0.05], "texture": "#0"},
				"west": {"uv": [0, 16, 15, 0], "rotation": 90, "texture": "#0"},
				"up": {"uv": [0.05, 0, 0, 2], "texture": "#0"},
				"down": {"uv": [0.05, 0, 0, 2], "rotation": 180, "texture": "#0"}
			}
		}
	],
	"display": {
		"head": {
			"translation": [0, -22, 0],
			"scale": [2.5, 2.5, 2.5]
		}
	}
}