{"credit":"thebradqq's guns","textures":{"1":"mgs:gun/brass","2":"mgs:gun/copper"},"elements":[{"from":[-2.03652,-1.8525,7.23267],"to":[15.51973,1.8525,8.76734],"rotation":{"angle":0,"axis":"y","origin":[6.1148,0,8]},"faces":{"east":{"uv":[9.5,7.25,10.25,8.25],"texture":"#1"},"up":{"uv":[1.25,3.75,1.75,4.5],"rotation":180,"texture":"#1"},"down":{"uv":[6.25,7.75,6.75,8.5],"texture":"#1"}}},{"from":[-2.32921,-2.145,7.57335],"to":[-1.84152,2.145,8.42667],"rotation":{"angle":0,"axis":"y","origin":[6.1148,0,8]},"faces":{"east":{"uv":[12.5,7.5,13,8],"texture":"#1"},"west":{"uv":[8.25,4,8.75,6],"texture":"#1"},"up":{"uv":[3.5,3.75,4,4.25],"rotation":180,"texture":"#1"},"down":{"uv":[6.25,8,6.75,8.25],"rotation":180,"texture":"#1"}}},{"from":[-2.42632,-0.975,7.80606],"to":[-2.23133,0.975,8.19394],"rotation":{"angle":0,"axis":"y","origin":[6.1148,0,8]},"faces":{"west":{"uv":[6.25,4.5,6.75,5.25],"texture":"#2"},"up":{"uv":[3.25,4,3.5,4.5],"texture":"#2"},"down":{"uv":[9.5,8,9.75,8.25],"texture":"#2"}}},{"from":[13.33511,3.94748,7.57333],"to":[15.28511,5.31248,8.42667],"rotation":{"angle":-22.5,"axis":"z","origin":[6.1148,0,8]},"faces":{"north":{"uv":[10.5,2.75,11,3.25],"rotation":180,"texture":"#1"},"south":{"uv":[10.5,2.75,11,3.25],"rotation":180,"texture":"#1"},"up":{"uv":[2,3.25,2.75,3.75],"texture":"#1"}}},{"from":[15.1511,-1.49175,7.70327],"to":[19.16111,1.49175,8.29673],"rotation":{"angle":0,"axis":"y","origin":[6.1148,0,8]},"faces":{"east":{"uv":[0.25,8.75,0.5,10.75],"texture":"#1"},"up":{"uv":[3.5,4,4.5,4.25],"rotation":180,"texture":"#1"},"down":{"uv":[7.25,8,8.25,8.25],"rotation":180,"texture":"#1"}}},{"from":[15.1511,-1.49175,7.70327],"to":[19.16111,1.49175,8.29672],"rotation":{"angle":22.5,"axis":"x","origin":[6.1148,0,8]},"faces":{"east":{"uv":[0.25,8.75,0.5,10.75],"texture":"#1"},"up":{"uv":[5.25,4.25,6.25,4.5],"rotation":180,"texture":"#1"},"down":{"uv":[5.25,7.75,6.25,8],"rotation":180,"texture":"#1"}}},{"from":[15.1511,-1.49175,7.70327],"to":[19.16111,1.49175,8.29672],"rotation":{"angle":-22.5,"axis":"x","origin":[6.1148,0,8]},"faces":{"east":{"uv":[0.25,8.75,0.5,10.75],"texture":"#1"},"up":{"uv":[4.75,4.25,5.75,4.5],"rotation":180,"texture":"#1"},"down":{"uv":[2.5,8.25,3.5,8.5],"rotation":180,"texture":"#1"}}},{"from":[15.1511,-0.29673,6.50825],"to":[19.16111,0.29674,9.49175],"rotation":{"angle":-45,"axis":"x","origin":[6.1148,0,8]},"faces":{"north":{"uv":[4.75,5.5,5.75,5.75],"rotation":180,"texture":"#1"},"east":{"uv":[0.25,8.75,0.5,10.75],"rotation":270,"texture":"#1"},"south":{"uv":[6.75,4.5,7.75,4.75],"rotation":180,"texture":"#1"}}},{"from":[15.1511,-1.49175,7.70327],"to":[19.16111,1.49175,8.29672],"rotation":{"angle":-45,"axis":"x","origin":[6.1148,0,8]},"faces":{"east":{"uv":[0.25,8.75,0.5,10.75],"texture":"#1"},"up":{"uv":[1.25,4.25,2.25,4.5],"rotation":180,"texture":"#1"},"down":{"uv":[4.25,5.75,5.25,6],"rotation":180,"texture":"#1"}}},{"from":[15.1511,-0.29674,6.50826],"to":[19.16111,0.29673,9.49176],"rotation":{"angle":-22.5,"axis":"x","origin":[6.1148,0,8]},"faces":{"north":{"uv":[3,5.25,4,5.5],"rotation":180,"texture":"#1"},"east":{"uv":[0.25,8.75,0.5,10.75],"rotation":270,"texture":"#1"},"south":{"uv":[6.75,4.75,7.75,5],"rotation":180,"texture":"#1"}}},{"from":[15.1511,-0.29674,6.50825],"to":[19.16111,0.29673,9.49175],"rotation":{"angle":22.5,"axis":"x","origin":[6.1148,0,8]},"faces":{"north":{"uv":[1.5,4.75,2.5,5],"rotation":180,"texture":"#1"},"east":{"uv":[0.25,8.75,0.5,10.75],"rotation":270,"texture":"#1"},"south":{"uv":[8,5.25,9,5.5],"rotation":180,"texture":"#1"}}},{"from":[15.1511,-0.29674,6.50826],"to":[19.16111,0.29674,9.49176],"rotation":{"angle":0,"axis":"y","origin":[6.1148,0,8]},"faces":{"north":{"uv":[2,5,3,5.25],"rotation":180,"texture":"#1"},"east":{"uv":[0.25,8.75,0.5,10.75],"rotation":270,"texture":"#1"},"south":{"uv":[5,5,6,5.25],"rotation":180,"texture":"#1"}}},{"from":[-1.35402,-2.145,7.57333],"to":[14.81848,2.145,8.42667],"rotation":{"angle":-22.5,"axis":"x","origin":[6.1148,0,8]},"faces":{"east":{"uv":[9.5,7.25,10.25,8.25],"texture":"#1"},"west":{"uv":[12.5,7.5,13,8],"texture":"#1"},"up":{"uv":[0,3.25,4,3.75],"texture":"#1"},"down":{"uv":[3.5,8,7.5,8.5],"rotation":180,"texture":"#1"}}},{"from":[-1.35402,-2.145,7.57333],"to":[14.81848,2.145,8.42666],"rotation":{"angle":22.5,"axis":"x","origin":[6.1148,0,8]},"faces":{"east":{"uv":[9.5,7.25,10.25,8.25],"texture":"#1"},"west":{"uv":[12.5,7.5,13,8],"texture":"#1"},"up":{"uv":[2,3.75,6,4.25],"texture":"#1"},"down":{"uv":[3,9,7,9.5],"rotation":180,"texture":"#1"}}},{"from":[-1.35402,-2.145,7.57332],"to":[14.81848,2.145,8.42666],"rotation":{"angle":-45,"axis":"x","origin":[6.1148,0,8]},"faces":{"east":{"uv":[9.5,7.25,10.25,8.25],"texture":"#1"},"west":{"uv":[12.5,7.5,13,8],"texture":"#1"},"up":{"uv":[1.25,4.25,5.25,4.75],"rotation":180,"texture":"#1"},"down":{"uv":[4.5,5.5,8.5,6],"texture":"#1"}}},{"from":[-1.35402,-2.145,7.57332],"to":[14.81848,2.145,8.42666],"rotation":{"angle":45,"axis":"x","origin":[6.1148,0,8]},"faces":{"east":{"uv":[9.5,7.25,10.25,8.25],"texture":"#1"},"west":{"uv":[12.5,7.5,13,8],"texture":"#1"},"up":{"uv":[5.25,4.25,9.25,4.75],"texture":"#1"},"down":{"uv":[5.75,5.5,9.75,6],"rotation":180,"texture":"#1"}}},{"from":[-1.35402,-0.42666,5.85501],"to":[14.81848,0.42666,10.14501],"rotation":{"angle":-22.5,"axis":"x","origin":[6.1148,0,8]},"faces":{"north":{"uv":[6.25,5,10.25,5.5],"texture":"#1"},"east":{"uv":[9.5,7.25,10.25,7.75],"texture":"#1"},"south":{"uv":[5.25,4.75,9.25,5.25],"texture":"#1"},"west":{"uv":[12.5,7.5,13,8],"rotation":90,"texture":"#1"}}},{"from":[-1.35402,-0.42666,5.855],"to":[14.81848,0.42666,10.145],"rotation":{"angle":22.5,"axis":"x","origin":[6.1148,0,8]},"faces":{"north":{"uv":[5.25,4.75,9.25,5.25],"texture":"#1"},"east":{"uv":[9.5,7.25,10.25,7.75],"texture":"#1"},"south":{"uv":[6.25,5,10.25,5.5],"texture":"#1"},"west":{"uv":[12.5,7.5,13,8],"rotation":270,"texture":"#1"}}},{"from":[-1.35402,-0.42666,5.85501],"to":[14.81848,0.42666,10.14501],"rotation":{"angle":0,"axis":"y","origin":[6.1148,0,8]},"faces":{"north":{"uv":[3,12.25,7,12.75],"texture":"#1"},"south":{"uv":[0,12,4,12.5],"texture":"#1"},"west":{"uv":[12.5,7.5,13,8],"texture":"#1"}}},{"from":[-2.03652,-1.8525,7.23266],"to":[15.51973,1.8525,8.76733],"rotation":{"angle":-45,"axis":"x","origin":[6.1148,0,8]},"faces":{"east":{"uv":[9.5,7.25,10.25,8.25],"texture":"#1"},"up":{"uv":[1.25,4.25,1.75,5],"rotation":180,"texture":"#1"},"down":{"uv":[2,5.75,2.5,6.5],"rotation":180,"texture":"#1"}}},{"from":[-2.03652,-1.8525,7.23265],"to":[15.51973,1.8525,8.76732],"rotation":{"angle":45,"axis":"x","origin":[6.1148,0,8]},"faces":{"east":{"uv":[9.5,7.25,10.25,8.25],"texture":"#1"},"up":{"uv":[1.25,4.25,1.75,5],"texture":"#1"},"down":{"uv":[2,5.75,2.5,6.5],"texture":"#1"}}},{"from":[-2.03652,-0.76732,6.14751],"to":[15.51973,0.76733,9.85251],"rotation":{"angle":0,"axis":"y","origin":[6.1148,0,8]},"faces":{"north":{"uv":[3,4.75,3.5,5.5],"texture":"#1"},"east":{"uv":[9.5,7.25,10.25,8.25],"texture":"#1"},"south":{"uv":[3,4.75,3.5,5.5],"texture":"#1"}}},{"from":[-1.35402,-2.145,7.57333],"to":[14.81848,2.145,8.42665],"rotation":{"angle":0,"axis":"y","origin":[6.1148,0,8]},"faces":{"west":{"uv":[12.5,7.5,13,8],"texture":"#1"},"up":{"uv":[2,3.25,6,3.75],"texture":"#1"},"down":{"uv":[5.5,7.75,9.5,8.25],"rotation":180,"texture":"#1"}}},{"from":[13.3351,-5.31249,7.57333],"to":[15.2851,-3.94749,8.42667],"rotation":{"angle":22.5,"axis":"z","origin":[6.1148,0,8]},"faces":{"north":{"uv":[7.5,8,7.75,8.25],"rotation":180,"texture":"#1"},"south":{"uv":[7.5,8,7.75,8.25],"rotation":180,"texture":"#1"},"down":{"uv":[5.5,7.75,6.25,8.25],"rotation":180,"texture":"#1"}}},{"from":[13.3351,-0.42666,11.94748],"to":[15.2851,0.42666,13.31248],"rotation":{"angle":22.5,"axis":"y","origin":[6.1148,0,8]},"faces":{"south":{"uv":[0,12,0.75,12.5],"texture":"#1"},"up":{"uv":[4.5,12,5,12.5],"rotation":180,"texture":"#1"},"down":{"uv":[4.5,12,5,12.5],"rotation":180,"texture":"#1"}}},{"from":[13.3351,-0.42666,2.68753],"to":[15.2851,0.42666,4.05253],"rotation":{"angle":-22.5,"axis":"y","origin":[6.1148,0,8]},"faces":{"north":{"uv":[0,12,0.75,12.5],"texture":"#1"},"up":{"uv":[4.5,12,5,12.5],"rotation":180,"texture":"#1"},"down":{"uv":[4.5,12,5,12.5],"rotation":180,"texture":"#1"}}},{"from":[-2.42652,-0.975,7.80606],"to":[-2.23152,0.975,8.19393],"rotation":{"angle":22.5,"axis":"x","origin":[6.1148,0,8]},"faces":{"west":{"uv":[5.25,4.5,5.75,5.25],"texture":"#2"},"up":{"uv":[3.25,4,3.5,4.5],"texture":"#2"},"down":{"uv":[9,8,9.25,8.5],"texture":"#2"}}},{"from":[-2.42652,-0.975,7.80606],"to":[-2.23152,0.975,8.19393],"rotation":{"angle":-22.5,"axis":"x","origin":[6.1148,0,8]},"faces":{"west":{"uv":[5.25,4.5,5.75,5.25],"texture":"#2"},"up":{"uv":[7.25,4.25,7.5,4.75],"rotation":180,"texture":"#2"},"down":{"uv":[9,8,9.25,8.5],"rotation":180,"texture":"#2"}}},{"from":[-2.42632,-0.975,7.80605],"to":[-2.23133,0.975,8.19393],"rotation":{"angle":45,"axis":"x","origin":[6.1148,0,8]},"faces":{"west":{"uv":[6.25,4.5,6.75,5.25],"texture":"#2"},"up":{"uv":[3.75,4,4,4.5],"texture":"#2"},"down":{"uv":[6,5.5,6.25,6],"texture":"#2"}}},{"from":[-2.42632,-0.975,7.80605],"to":[-2.23133,0.975,8.19393],"rotation":{"angle":-45,"axis":"x","origin":[6.1148,0,8]},"faces":{"west":{"uv":[6.25,4.5,6.75,5.25],"texture":"#2"},"up":{"uv":[8.25,4.5,8.5,5],"rotation":180,"texture":"#2"},"down":{"uv":[6,5.5,6.25,6],"texture":"#2"}}},{"from":[-2.42652,-0.19395,7.02501],"to":[-2.23152,0.19394,8.97501],"rotation":{"angle":-22.5,"axis":"x","origin":[6.1148,0,8]},"faces":{"north":{"uv":[6.25,5,6.5,5.5],"texture":"#2"},"south":{"uv":[7.25,4.25,7.5,4.75],"texture":"#2"},"west":{"uv":[9,4.5,9.5,5.25],"rotation":90,"texture":"#2"}}},{"from":[-2.42652,-0.19395,7.025],"to":[-2.23152,0.19394,8.975],"rotation":{"angle":22.5,"axis":"x","origin":[6.1148,0,8]},"faces":{"north":{"uv":[7.25,4.25,7.5,4.75],"texture":"#2"},"south":{"uv":[6.25,5,6.5,5.5],"texture":"#2"},"west":{"uv":[9.25,4.5,9.75,5.25],"rotation":270,"texture":"#2"}}},{"from":[-2.42632,-0.19395,7.02501],"to":[-2.23133,0.19395,8.97501],"rotation":{"angle":0,"axis":"y","origin":[6.1148,0,8]},"faces":{"north":{"uv":[6.25,4.5,6.5,5],"texture":"#2"},"south":{"uv":[6.25,4.5,6.5,5],"texture":"#2"},"west":{"uv":[6.25,4.5,6.75,5],"texture":"#2"}}},{"from":[-2.32902,-2.145,7.57335],"to":[-1.84133,2.145,8.42667],"rotation":{"angle":-22.5,"axis":"x","origin":[6.1148,0,8]},"faces":{"east":{"uv":[12.5,7.5,13,8],"texture":"#1"},"west":{"uv":[7.25,4,7.75,6],"texture":"#1"},"up":{"uv":[3.5,4.25,4,4.75],"rotation":180,"texture":"#1"},"down":{"uv":[6.25,8,6.75,8.25],"rotation":180,"texture":"#1"}}},{"from":[-2.32902,-2.145,7.57334],"to":[-1.84133,2.145,8.42666],"rotation":{"angle":22.5,"axis":"x","origin":[6.1148,0,8]},"faces":{"east":{"uv":[12.5,7.5,13,8],"texture":"#1"},"west":{"uv":[7.25,4,7.75,6],"texture":"#1"},"up":{"uv":[3.5,4.25,4,4.75],"texture":"#1"},"down":{"uv":[6.25,8,6.75,8.25],"rotation":180,"texture":"#1"}}},{"from":[-2.32921,-2.145,7.57334],"to":[-1.84152,2.145,8.42666],"rotation":{"angle":-45,"axis":"x","origin":[6.1148,0,8]},"faces":{"east":{"uv":[12.5,7.5,13,8],"texture":"#1"},"west":{"uv":[6.75,4.5,7.25,6.5],"texture":"#1"},"up":{"uv":[7.75,4.75,8.25,5.25],"rotation":180,"texture":"#1"},"down":{"uv":[6.25,8,6.75,8.25],"rotation":180,"texture":"#1"}}},{"from":[-2.32921,-2.145,7.57334],"to":[-1.84152,2.145,8.42666],"rotation":{"angle":45,"axis":"x","origin":[6.1148,0,8]},"faces":{"east":{"uv":[12.5,7.5,13,8],"texture":"#1"},"west":{"uv":[10.75,4.5,11.25,6.5],"texture":"#1"},"up":{"uv":[3.75,4.75,4.25,5.25],"texture":"#1"},"down":{"uv":[6.25,8,6.75,8.25],"rotation":180,"texture":"#1"}}},{"from":[-2.32902,-0.42666,5.855],"to":[-1.84133,0.42666,10.145],"rotation":{"angle":22.5,"axis":"x","origin":[6.1148,0,8]},"faces":{"north":{"uv":[6.75,5.5,7.25,6],"texture":"#1"},"east":{"uv":[12.5,7.5,13,8],"rotation":90,"texture":"#1"},"south":{"uv":[6,8,6.5,8.5],"rotation":180,"texture":"#1"},"west":{"uv":[0.75,4.75,1.25,6.75],"rotation":270,"texture":"#1"}}},{"from":[-2.32902,-0.42666,5.85501],"to":[-1.84133,0.42666,10.14501],"rotation":{"angle":-22.5,"axis":"x","origin":[6.1148,0,8]},"faces":{"north":{"uv":[6.75,8,7.25,8.5],"rotation":180,"texture":"#1"},"east":{"uv":[12.5,7.5,13,8],"rotation":270,"texture":"#1"},"south":{"uv":[5.25,5.5,5.75,6],"texture":"#1"},"west":{"uv":[0.5,4.75,1,6.75],"rotation":90,"texture":"#1"}}},{"from":[-2.32921,-0.42666,5.85501],"to":[-1.84152,0.42666,10.14501],"rotation":{"angle":0,"axis":"y","origin":[6.1148,0,8]},"faces":{"north":{"uv":[4.25,8.25,4.75,8.75],"rotation":180,"texture":"#1"},"east":{"uv":[12.5,7.5,13,8],"texture":"#1"},"south":{"uv":[6.25,8.25,6.75,8.75],"rotation":180,"texture":"#1"},"west":{"uv":[7.25,9.5,7.75,11.5],"rotation":90,"texture":"#1"}}}],"gui_light":"front","display":{"thirdperson_righthand":{"rotation":[25,111,-23],"translation":[-1,-2,0],"scale":[0.25,0.25,0.25]},"thirdperson_lefthand":{"rotation":[69,-71,65],"translation":[-1,-2,0],"scale":[0.25,0.25,0.25]},"firstperson_righthand":{"rotation":[-87,65,68],"translation":[1,-1.25,4.25],"scale":[0.44,0.44,0.44]},"firstperson_lefthand":{"rotation":[-40,-110,-33],"translation":[-0.25,-1.5,3],"scale":[0.44,0.44,0.44]},"ground":{"rotation":[0,0,6],"scale":[0.125,0.125,0.125]},"gui":{"rotation":[0,180,32],"translation":[-0.5,1.75,0],"scale":[0.6,0.6,0.6]},"head":{"scale":[0.5,0.5,0.5]},"fixed":{"rotation":[0,180,0],"translation":[0,0,-2],"scale":[0.5,0.5,0.5]}}}