{
  "credit": {
  "Sounds from": "https://www.zapsplat.com/",
  "Isolated thunder sound effects": "Umphs",
  "Wet Hands remix by MixxC": "https://youtu.be/qFLVF3Ay33E"
  },
  "weather.rain": {
  "replace": true,
    "sounds": [
	  {
	  "name": "custom/rain/base1",
	  "weight": 250
	  },
	  {
	  "name": "custom/rain/base2",
	  "weight": 120
	  },
	  {
	  "name": "custom/rain/drop1",
	  "weight": 15
	  },
	  {
	  "name": "custom/rain/drop2",
	  "weight": 15
	  },
	  {
	  "name": "custom/rain/drop3",
	  "weight": 15
	  },
	  {
	  "name": "custom/rain/drop4",
	  "weight": 15
	  },
	  {
	  "name": "custom/rain/drop5",
	  "weight": 15
	  },
	  {
	  "name": "custom/rain/drop6",
	  "weight": 15
	  },
	  "custom/rain/distant_thunder1",
	  "custom/rain/distant_thunder2",
	  "custom/rain/distant_thunder3",
	  "custom/rain/distant_thunder4"
    ],
    "subtitle": "subtitles.weather.rain"
  },
  "weather.rain.above": {
  "replace": true,
    "sounds": [
	  {
	  "name": "custom/rain/base1",
	  "weight": 15
	  },
	  {
	  "name": "custom/rain/base2",
	  "weight": 8
	  },
	  "custom/rain/drop1",
	  "custom/rain/drop2",
	  "custom/rain/drop3",
	  "custom/rain/drop4",
	  "custom/rain/drop5",
	  "custom/rain/drop6"
    ],
    "subtitle": "subtitles.weather.rain"
  },
  "block.wooden_door.close": {
  "replace": true,
    "sounds": [
      "block/wooden_door/close",
	  "block/wooden_door/close2",
	  "block/wooden_door/close3",
	  "block/wooden_door/close4",
      "block/wooden_door/close5",
      "block/wooden_door/close6",
	  "classic/wooden_door/close",
	  "classic/wooden_door/close2",
	  "classic/wooden_door/close3",
	  "classic/wooden_door/close4",
	  "classic/wooden_door/close5",
	  "classic/wooden_door/close6"
    ],
    "subtitle": "subtitles.block.door.toggle"
  },
  "block.wooden_door.open": {
  "replace": true,
    "sounds": [
      "block/wooden_door/open",
	  "block/wooden_door/open2",
	  "block/wooden_door/open3",
      "block/wooden_door/open4",
	  "classic/wooden_door/open",
	  "classic/wooden_door/open2",
	  "classic/wooden_door/open3",
	  "classic/wooden_door/open4"
    ],
    "subtitle": "subtitles.block.door.toggle"
  },
  "entity.ghast.ambient": {
  "replace": true,
    "sounds": [
      "mob/ghast/moan1",
      "mob/ghast/moan2",
      "mob/ghast/moan3",
      "mob/ghast/moan4",
      "mob/ghast/moan5",
      "mob/ghast/moan6",
      "mob/ghast/moan7",
	  "custom/ghast/moan1",
	  "custom/ghast/moan2",
      "custom/ghast/moan3",
      "custom/ghast/moan4",
      "custom/ghast/moan5",
      "custom/ghast/moan6",
      "custom/ghast/moan7"
    ],
    "subtitle": "subtitles.entity.ghast.ambient"
  },
  "block.dispenser.launch": {
  "replace": true,
    "sounds": [
      "classic/dispenser"
    ],
    "subtitle": "subtitles.block.dispenser.dispense"
  },
  "entity.arrow.shoot": {
  "replace": true,
    "sounds": [
	  {
        "name": "custom/bow",
        "volume": 1.4
      },
	  {
        "name": "custom/bow",
        "volume": 1.4,
        "pitch": 1.1
      },
	  {
        "name": "custom/bow",
        "volume": 1.4,
        "pitch": 0.9
      }
    ],
    "subtitle": "subtitles.entity.arrow.shoot"
  },
  "entity.player.big_fall": {
  "replace": true,
    "sounds": [
	  {
	  "name": "classic/player/fallbig",
	  "weight": 5
	  },
	  {
	  "name": "classic/player/break3",
	  "weight": 3
	  },
	  {
	  "name": "classic/player/break2",
	  "weight": 3
	  },
	  {
	  "name": "classic/player/break1",
	  "weight": 2
	  },
	  "classic/player/ough",
	  "classic/player/ough2"
    ],
	"subtitle": "subtitles.entity.generic.big_fall"
  },
  "entity.enderman.teleport": {
    "sounds": [
      "custom/endermen/teleport1",
      "custom/endermen/teleport2",
	  "custom/endermen/teleport3",
	  "custom/endermen/teleport4",
	  "custom/endermen/teleport5",
	  "custom/endermen/teleport6"
    ],
    "subtitle": "subtitles.entity.enderman.teleport"
  },
  "block.portal.ambient": {
    "sounds": [
      {
        "name": "portal/portal",
		"weight": 90,
        "attenuation_distance": 10
      },
	  {
        "name": "portal/portal",
		"weight": 90,
        "attenuation_distance": 14,
		"volume": 0.7,
		"pitch": 0.9
      },
	  {
		"name": "custom/portal/moan1",
		"volume": 0.7
	  },
	  {
		"name": "custom/portal/moan2",
		"volume": 0.7
	  },
	  {
		"name": "custom/portal/moan3",
		"volume": 0.7
	  },
	  {
		"name": "custom/portal/moan4",
		"volume": 0.7
	  },
	  {
		"name": "custom/portal/moan5",
		"volume": 0.7
	  },
	  {
		"name": "custom/portal/moan6",
		"volume": 0.7
	  },
	  {
		"name": "custom/portal/moan7",
		"volume": 0.7
	  },
	  {
		"name": "custom/portal/moan8",
		"volume": 0.7
	  },
	  {
		"name": "custom/portal/moan9",
		"volume": 0.7
	  },
	  {
		"name": "custom/portal/moan10",
		"volume": 0.7
	  },
	  {
		"name": "custom/portal/moan11",
		"volume": 0.7
	  },
	  {
		"name": "custom/portal/moan12",
		"volume": 0.7
	  },
	  {
		"name": "custom/portal/moan13",
		"volume": 0.7
	  },
	  {
		"name": "custom/portal/moan14",
		"volume": 0.7
	  }
    ],
    "subtitle": "subtitles.block.portal.ambient"
  },
  "music.game": {
    "sounds": [
      {
        "name": "music/game/calm1",
		"weight": 100,
        "stream": true
      },
      {
        "name": "music/game/calm2",
		"weight": 100,
        "stream": true
      },
      {
        "name": "music/game/calm3",
		"weight": 100,
        "stream": true
      },
      {
        "name": "music/game/hal1",
		"weight": 100,
        "stream": true
      },
      {
        "name": "music/game/hal2",
		"weight": 100,
        "stream": true
      },
      {
        "name": "music/game/hal3",
		"weight": 100,
        "stream": true
      },
      {
        "name": "music/game/hal4",
		"weight": 100,
        "stream": true
      },
      {
        "name": "music/game/nuance1",
		"weight": 100,
        "stream": true
      },
      {
        "name": "music/game/nuance2",
		"weight": 100,
        "stream": true
      },
      {
        "name": "music/game/piano1",
		"weight": 100,
        "stream": true
      },
      {
        "name": "music/game/piano2",
		"weight": 99,
        "stream": true
      },
	  {
        "name": "custom/music/piano2_remix",
		"weight": 1,
        "stream": true
      },
      {
        "name": "music/game/piano3",
		"weight": 100,
        "stream": true
      }
    ]
  }
}