{
    "spellbook.entity.badface_cat.voice": {
         "sounds":[
             {
                 "name": "spellbook/badface_cat_voice",
                 "weight": 1
             }
         ]
    },
    "ghost.entity.ghost_amvient": {
         "sounds":[
             {
                 "name": "ghost/ghost_amvient",
                 "weight": 1
             }
         ]
    },
    "ghost.entity.ghost_amvient2": {
         "sounds":[
             {
                 "name": "ghost/ghost_amvient2",
                 "weight": 1
             },
             {
                "name": "ghost/ghost_amvient3",
                "weight": 1

             },
             {
                "name": "ghost/ghost_amvient4",
                "weight": 1
             },
             {
                "name": "ghost/ghost_amvient5",
                "weight": 1
             }

         ]
    },
    "ghost.entity.ghost_finish": {
         "sounds":[
             {
                 "name": "ghost/ghost_finish",
                 "weight": 1
             }
         ]
    },
    "ghost.entity.ghost_laugh": {
         "sounds":[
             {
                 "name": "ghost/ghost_laugh",
                 "weight": 1
             }
         ]
    },
    "ghost.entity.ghost_scream": {
         "sounds":[
             {
                 "name": "ghost/ghost_scream",
                 "weight": 1
             }
         ]
    },
    "ghost.entity.ghost_noise1": {
         "sounds":[
             {
                 "name": "ghost/ghost_noise1",
                 "weight": 1
             }
         ]
    },
    "ghost.entity.ghost_noise2": {
         "sounds":[
             {
                 "name": "ghost/ghost_noise2",
                 "weight": 1
             }
         ]
    },
    "ghost.entity.ghost_respawn": {
         "sounds":[
             {
                 "name": "ghost/ghost_respawn",
                 "weight": 1
             }
         ]
    },
    "hige.entity.higejump": {
         "sounds":[
             {
                 "name": "hige/higejump",
                 "weight": 1
             }
         ]
    },
    "hige.entity.higedeath": {
         "sounds":[
             {
                 "name": "hige/higedeath",
                 "weight": 1
             }
         ]
    },
    "hige.entity.higestepon": {
         "sounds":[
             {
                 "name": "hige/higestepon",
                 "weight": 1
             }
         ]
    },
    "hige.entity.higefire": {
         "sounds":[
             {
                 "name": "hige/higefire",
                 "weight": 1
             }
         ]
    },
    "hige.entity.higefire2": {
         "sounds":[
             {
                 "name": "hige/higefire2",
                 "weight": 1
             }
         ]
    },
    "hige.entity.higedamaged": {
         "sounds":[
             {
                 "name": "hige/higedamaged",
                 "weight": 1
             }
         ]
    },
    "zombrella.entity.kodoku_howl": {
         "sounds":[
             {
                 "name": "zombrella/kodoku_howl",
                 "weight": 1
             }
         ]
    },
    "zombrella.entity.screamer_scream": {
         "sounds":[
             {
                 "name": "zombrella/screamer_scream",
                 "weight": 1
             }
         ]
    },
    "zombrella.entity.robbie_laugh": {
         "sounds":[
             {
                 "name": "zombrella/robbie_laugh",
                 "weight": 1
             }
         ]
    },
    "zombrella.item.dog_whistle.fight1": {
         "sounds":[
             {
                 "name": "zombrella/dog_whistle_fight1",
                 "weight": 1
             }
         ]
    },
    "zombrella.item.dog_whistle.fight2": {
         "sounds":[
             {
                 "name": "zombrella/dog_whistle_fight2",
                 "weight": 1
             }
         ]
    },
    "zombrella.item.dog_whistle.stay1": {
         "sounds":[
             {
                 "name": "zombrella/dog_whistle_stay1",
                 "weight": 1
             }
         ]
    },
    "zombrella.item.dog_whistle.stay2": {
         "sounds":[
             {
                 "name": "zombrella/dog_whistle_stay2",
                 "weight": 1
             }
         ]
    },
    "common.item.reciver.tuning": {
         "sounds":[
             {
                 "name": "common/tuning",
                 "weight": 1
             }
         ]
    },
    "common.item.reciver.white_noise": {
         "sounds":[
             {
                 "name": "common/white_noise",
                 "weight": 1
             }
         ]
    },
    "item.armor.equip_generic":   {"sounds": ["mgs:common/silence"], "replace":true}
}