{
	"texture_size": [32, 32],
	"textures": {
		"0": "block/red_shulker_box",
		"particle": "block/red_shulker_box"
	},
	"elements": [
		{
			"from": [5.9, 14.23322, 6.5],
			"to": [10.1, 16.23322, 11.5],
			"rotation": {"angle": 0, "axis": "y", "origin": [8, 15.23322, 9]},
			"faces": {
				"north": {"uv": [0, 0, 16, 16], "rotation": 270, "texture": "#0"},
				"east": {"uv": [0, 0, 16, 16], "rotation": 270, "texture": "#0"},
				"south": {"uv": [0, 0, 16, 16], "rotation": 270, "texture": "#0"},
				"west": {"uv": [0, 0, 16, 16], "rotation": 270, "texture": "#0"},
				"up": {"uv": [0, 0, 16, 16], "rotation": 270, "texture": "#0"},
				"down": {"uv": [0, 0, 16, 16], "rotation": 270, "texture": "#0"}
			}
		},
		{
			"from": [-0.44209, 15.69134, 8],
			"to": [5.55791, 15.94134, 10],
			"rotation": {"angle": -22.5, "axis": "z", "origin": [5.45791, 14.05444, 9]},
			"faces": {
				"north": {"uv": [0, 0, 16, 16], "rotation": 270, "texture": "#0"},
				"east": {"uv": [0, 0, 16, 16], "rotation": 270, "texture": "#0"},
				"south": {"uv": [0, 0, 16, 16], "rotation": 270, "texture": "#0"},
				"west": {"uv": [0, 0, 16, 16], "rotation": 270, "texture": "#0"},
				"up": {"uv": [0, 3, 16, 13], "rotation": 270, "texture": "#0"},
				"down": {"uv": [0, 0, 16, 16], "rotation": 270, "texture": "#0"}
			}
		},
		{
			"from": [1.31215, 14.3727, 8],
			"to": [6.31215, 14.6227, 10],
			"rotation": {"angle": 0, "axis": "y", "origin": [6.21215, 13.7358, 9]},
			"faces": {
				"north": {"uv": [0, 3, 16, 13], "rotation": 270, "texture": "#0"},
				"east": {"uv": [0, 3, 16, 13], "rotation": 270, "texture": "#0"},
				"south": {"uv": [0, 3, 16, 13], "rotation": 270, "texture": "#0"},
				"west": {"uv": [0, 3, 16, 13], "rotation": 270, "texture": "#0"},
				"up": {"uv": [0, 3, 16, 13], "rotation": 270, "texture": "#0"},
				"down": {"uv": [0, 3, 16, 13], "rotation": 270, "texture": "#0"}
			}
		},
		{
			"from": [-0.34084, 14.40194, 8],
			"to": [1.65916, 14.65194, 10],
			"rotation": {"angle": 22.5, "axis": "z", "origin": [1.55916, 13.76504, 9]},
			"faces": {
				"north": {"uv": [0, 3, 16, 13], "rotation": 270, "texture": "#0"},
				"east": {"uv": [0, 3, 16, 13], "rotation": 270, "texture": "#0"},
				"south": {"uv": [0, 3, 16, 13], "rotation": 270, "texture": "#0"},
				"west": {"uv": [0, 3, 16, 13], "rotation": 270, "texture": "#0"},
				"up": {"uv": [0, 3, 16, 13], "rotation": 270, "texture": "#0"},
				"down": {"uv": [0, 3, 16, 13], "rotation": 270, "texture": "#0"}
			}
		},
		{
			"from": [1.05204, 11.5, 7.25],
			"to": [1.55204, 14.5, 10.75],
			"rotation": {"angle": -22.5, "axis": "z", "origin": [2.18894, 13.95994, 9]},
			"faces": {
				"north": {"uv": [0, 3, 16, 13], "rotation": 180, "texture": "#0"},
				"east": {"uv": [0, 3, 16, 13], "rotation": 180, "texture": "#0"},
				"south": {"uv": [0, 3, 16, 13], "rotation": 180, "texture": "#0"},
				"west": {"uv": [0, 3, 16, 13], "rotation": 180, "texture": "#0"},
				"up": {"uv": [0, 3, 16, 13], "rotation": 180, "texture": "#0"},
				"down": {"uv": [0, 3, 16, 13], "rotation": 180, "texture": "#0"}
			}
		},
		{
			"from": [0.1972, 7.12232, 7],
			"to": [0.6972, 12.12232, 11],
			"rotation": {"angle": 0, "axis": "y", "origin": [1.3341, 11.58226, 9]},
			"faces": {
				"north": {"uv": [0, 3, 16, 13], "rotation": 180, "texture": "#0"},
				"east": {"uv": [0, 3, 16, 13], "rotation": 180, "texture": "#0"},
				"south": {"uv": [0, 3, 16, 13], "rotation": 180, "texture": "#0"},
				"west": {"uv": [0, 3, 16, 13], "rotation": 180, "texture": "#0"},
				"up": {"uv": [0, 3, 16, 13], "rotation": 180, "texture": "#0"},
				"down": {"uv": [0, 3, 16, 13], "rotation": 180, "texture": "#0"}
			}
		},
		{
			"from": [0.3972, 5.5482, 10.85898],
			"to": [0.7972, 7.5482, 12.85898],
			"rotation": {"angle": 22.5, "axis": "x", "origin": [1.3341, 12.00814, 10.85898]},
			"faces": {
				"north": {"uv": [0, 0, 13, 13], "rotation": 180, "texture": "#0"},
				"east": {"uv": [0, 0, 13, 13], "rotation": 180, "texture": "#0"},
				"south": {"uv": [0, 0, 13, 13], "rotation": 180, "texture": "#0"},
				"west": {"uv": [0, 0, 13, 13], "rotation": 180, "texture": "#0"},
				"up": {"uv": [0, 0, 13, 13], "rotation": 180, "texture": "#0"},
				"down": {"uv": [0, 0, 13, 13], "rotation": 180, "texture": "#0"}
			}
		},
		{
			"from": [0.2972, 4.78283, 5.29326],
			"to": [0.5972, 6.78283, 7.29326],
			"rotation": {"angle": -22.5, "axis": "x", "origin": [1.3341, 11.24277, 5.29326]},
			"faces": {
				"north": {"uv": [3, 0, 16, 13], "rotation": 180, "texture": "#0"},
				"east": {"uv": [3, 0, 16, 13], "rotation": 180, "texture": "#0"},
				"south": {"uv": [3, 0, 16, 13], "rotation": 180, "texture": "#0"},
				"west": {"uv": [3, 0, 16, 13], "rotation": 180, "texture": "#0"},
				"up": {"uv": [3, 0, 16, 13], "rotation": 180, "texture": "#0"},
				"down": {"uv": [3, 0, 16, 13], "rotation": 180, "texture": "#0"}
			}
		},
		{
			"from": [-2.67606, 13.71311, 8],
			"to": [-0.67606, 13.96311, 10],
			"rotation": {"angle": -22.5, "axis": "z", "origin": [-0.77606, 13.07621, 9]},
			"faces": {
				"north": {"uv": [0, 3, 16, 13], "rotation": 270, "texture": "#0"},
				"east": {"uv": [0, 3, 16, 13], "rotation": 270, "texture": "#0"},
				"south": {"uv": [0, 3, 16, 13], "rotation": 270, "texture": "#0"},
				"west": {"uv": [0, 3, 16, 13], "rotation": 270, "texture": "#0"},
				"up": {"uv": [0, 3, 16, 13], "rotation": 270, "texture": "#0"},
				"down": {"uv": [0, 3, 16, 13], "rotation": 270, "texture": "#0"}
			}
		},
		{
			"from": [-2.0751, 17.90417, 8],
			"to": [0.4249, 18.15417, 10],
			"rotation": {"angle": 22.5, "axis": "z", "origin": [0.82491, 18.86952, 9]},
			"faces": {
				"north": {"uv": [0, 0, 16, 16], "rotation": 270, "texture": "#0"},
				"east": {"uv": [0, 0, 16, 16], "rotation": 270, "texture": "#0"},
				"south": {"uv": [0, 0, 16, 16], "rotation": 270, "texture": "#0"},
				"west": {"uv": [0, 0, 16, 16], "rotation": 270, "texture": "#0"},
				"up": {"uv": [0, 3, 16, 13], "rotation": 270, "texture": "#0"},
				"down": {"uv": [0, 0, 16, 16], "rotation": 270, "texture": "#0"}
			}
		},
		{
			"from": [-3.3099, 17.29233, 8],
			"to": [-2.3099, 17.54233, 10],
			"rotation": {"angle": 45, "axis": "z", "origin": [-1.4099, 18.20093, 9]},
			"faces": {
				"north": {"uv": [0, 3, 16, 13], "rotation": 270, "texture": "#0"},
				"east": {"uv": [0, 3, 16, 13], "rotation": 270, "texture": "#0"},
				"south": {"uv": [0, 3, 16, 13], "rotation": 270, "texture": "#0"},
				"west": {"uv": [0, 3, 16, 13], "rotation": 270, "texture": "#0"},
				"up": {"uv": [0, 3, 16, 13], "rotation": 270, "texture": "#0"},
				"down": {"uv": [0, 3, 16, 13], "rotation": 270, "texture": "#0"}
			}
		},
		{
			"from": [-2.2877, 14.39173, 8],
			"to": [-2.0377, 16.39173, 10],
			"rotation": {"angle": 0, "axis": "y", "origin": [-0.36569, 17.2159, 9]},
			"faces": {
				"north": {"uv": [0, 3, 16, 13], "rotation": 180, "texture": "#0"},
				"east": {"uv": [0, 3, 16, 13], "rotation": 180, "texture": "#0"},
				"south": {"uv": [0, 3, 16, 13], "rotation": 180, "texture": "#0"},
				"west": {"uv": [0, 3, 16, 13], "rotation": 180, "texture": "#0"},
				"up": {"uv": [0, 3, 16, 13], "rotation": 180, "texture": "#0"},
				"down": {"uv": [0, 3, 16, 13], "rotation": 180, "texture": "#0"}
			}
		},
		{
			"from": [-0.24642, 15.26037, 6.25],
			"to": [1.75358, 15.76037, 11.75],
			"rotation": {"angle": -22.5, "axis": "z", "origin": [5.55358, 14.07347, 7]},
			"faces": {
				"north": {"uv": [0, 3, 16, 13], "rotation": 270, "texture": "#0"},
				"east": {"uv": [0, 3, 16, 13], "rotation": 270, "texture": "#0"},
				"south": {"uv": [0, 3, 16, 13], "rotation": 270, "texture": "#0"},
				"west": {"uv": [0, 3, 16, 13], "rotation": 270, "texture": "#0"},
				"up": {"uv": [0, 3, 16, 13], "rotation": 270, "texture": "#0"},
				"down": {"uv": [0, 3, 16, 13], "rotation": 270, "texture": "#0"}
			}
		},
		{
			"from": [3.75358, 15.26037, 6.75],
			"to": [5.75358, 15.76037, 11.25],
			"rotation": {"angle": -22.5, "axis": "z", "origin": [5.55358, 14.07347, 7]},
			"faces": {
				"north": {"uv": [0, 3, 16, 13], "rotation": 270, "texture": "#0"},
				"east": {"uv": [0, 3, 16, 13], "rotation": 270, "texture": "#0"},
				"south": {"uv": [0, 3, 16, 13], "rotation": 270, "texture": "#0"},
				"west": {"uv": [0, 3, 16, 13], "rotation": 270, "texture": "#0"},
				"up": {"uv": [0, 3, 16, 13], "rotation": 270, "texture": "#0"},
				"down": {"uv": [0, 3, 16, 13], "rotation": 270, "texture": "#0"}
			}
		},
		{
			"from": [1.75358, 15.26037, 6.5],
			"to": [3.75358, 15.76037, 11.5],
			"rotation": {"angle": -22.5, "axis": "z", "origin": [5.55358, 14.07347, 7]},
			"faces": {
				"north": {"uv": [0, 3, 16, 13], "rotation": 270, "texture": "#0"},
				"east": {"uv": [0, 3, 16, 13], "rotation": 270, "texture": "#0"},
				"south": {"uv": [0, 3, 16, 13], "rotation": 270, "texture": "#0"},
				"west": {"uv": [0, 3, 16, 13], "rotation": 270, "texture": "#0"},
				"up": {"uv": [0, 3, 16, 13], "rotation": 270, "texture": "#0"},
				"down": {"uv": [0, 3, 16, 13], "rotation": 270, "texture": "#0"}
			}
		},
		{
			"from": [3.75358, 14.76037, 6.5],
			"to": [5.75358, 15.26037, 11.5],
			"rotation": {"angle": -22.5, "axis": "z", "origin": [5.55358, 14.07347, 7]},
			"faces": {
				"north": {"uv": [0, 3, 16, 13], "rotation": 270, "texture": "#0"},
				"east": {"uv": [0, 3, 16, 13], "rotation": 270, "texture": "#0"},
				"south": {"uv": [0, 3, 16, 13], "rotation": 270, "texture": "#0"},
				"west": {"uv": [0, 3, 16, 13], "rotation": 270, "texture": "#0"},
				"up": {"uv": [0, 3, 16, 13], "rotation": 270, "texture": "#0"},
				"down": {"uv": [0, 3, 16, 13], "rotation": 270, "texture": "#0"}
			}
		},
		{
			"from": [1.75358, 14.76037, 6.25],
			"to": [3.75358, 15.26037, 11.75],
			"rotation": {"angle": -22.5, "axis": "z", "origin": [5.55358, 14.07347, 7]},
			"faces": {
				"north": {"uv": [0, 3, 16, 13], "rotation": 270, "texture": "#0"},
				"east": {"uv": [0, 3, 16, 13], "rotation": 270, "texture": "#0"},
				"south": {"uv": [0, 3, 16, 13], "rotation": 270, "texture": "#0"},
				"west": {"uv": [0, 3, 16, 13], "rotation": 270, "texture": "#0"},
				"up": {"uv": [0, 3, 16, 13], "rotation": 270, "texture": "#0"},
				"down": {"uv": [0, 3, 16, 13], "rotation": 270, "texture": "#0"}
			}
		},
		{
			"from": [0.00358, 14.76037, 6],
			"to": [1.75358, 15.26037, 12],
			"rotation": {"angle": -22.5, "axis": "z", "origin": [5.55358, 14.07347, 7]},
			"faces": {
				"north": {"uv": [0, 3, 16, 13], "rotation": 270, "texture": "#0"},
				"east": {"uv": [0, 3, 16, 13], "rotation": 270, "texture": "#0"},
				"south": {"uv": [0, 3, 16, 13], "rotation": 270, "texture": "#0"},
				"west": {"uv": [0, 3, 16, 13], "rotation": 270, "texture": "#0"},
				"up": {"uv": [0, 3, 16, 13], "rotation": 270, "texture": "#0"},
				"down": {"uv": [0, 3, 16, 13], "rotation": 270, "texture": "#0"}
			}
		},
		{
			"from": [-1.94772, 17.4732, 6],
			"to": [0.45228, 17.9732, 12],
			"rotation": {"angle": 22.5, "axis": "z", "origin": [0.95229, 18.88855, 7]},
			"faces": {
				"north": {"uv": [0, 3, 16, 13], "rotation": 270, "texture": "#0"},
				"east": {"uv": [0, 3, 16, 13], "rotation": 270, "texture": "#0"},
				"south": {"uv": [0, 3, 16, 13], "rotation": 270, "texture": "#0"},
				"west": {"uv": [0, 3, 16, 13], "rotation": 270, "texture": "#0"},
				"up": {"uv": [0, 3, 16, 13], "rotation": 270, "texture": "#0"},
				"down": {"uv": [0, 3, 16, 13], "rotation": 270, "texture": "#0"}
			}
		},
		{
			"from": [-1.61847, 16.9732, 5.75],
			"to": [0.28153, 17.4732, 12.25],
			"rotation": {"angle": 22.5, "axis": "z", "origin": [1.03154, 18.88855, 7.25]},
			"faces": {
				"north": {"uv": [0, 3, 16, 13], "rotation": 270, "texture": "#0"},
				"east": {"uv": [0, 3, 16, 13], "rotation": 270, "texture": "#0"},
				"south": {"uv": [0, 3, 16, 13], "rotation": 270, "texture": "#0"},
				"west": {"uv": [0, 3, 16, 13], "rotation": 270, "texture": "#0"},
				"up": {"uv": [0, 3, 16, 13], "rotation": 270, "texture": "#0"},
				"down": {"uv": [0, 3, 16, 13], "rotation": 270, "texture": "#0"}
			}
		},
		{
			"from": [-3.0767, 16.88872, 5.75],
			"to": [-2.2767, 17.38872, 12.25],
			"rotation": {"angle": 45, "axis": "z", "origin": [-1.2767, 18.24732, 7]},
			"faces": {
				"north": {"uv": [0, 3, 16, 13], "rotation": 270, "texture": "#0"},
				"east": {"uv": [0, 3, 16, 13], "rotation": 270, "texture": "#0"},
				"south": {"uv": [0, 3, 16, 13], "rotation": 270, "texture": "#0"},
				"west": {"uv": [0, 3, 16, 13], "rotation": 270, "texture": "#0"},
				"up": {"uv": [0, 3, 16, 13], "rotation": 270, "texture": "#0"},
				"down": {"uv": [0, 3, 16, 13], "rotation": 270, "texture": "#0"}
			}
		},
		{
			"from": [-3.0767, 16.38872, 5.5],
			"to": [-2.2767, 16.88872, 12.5],
			"rotation": {"angle": 45, "axis": "z", "origin": [-1.2767, 18.24732, 7]},
			"faces": {
				"north": {"uv": [0, 3, 16, 13], "rotation": 270, "texture": "#0"},
				"east": {"uv": [0, 3, 16, 13], "rotation": 270, "texture": "#0"},
				"south": {"uv": [0, 3, 16, 13], "rotation": 270, "texture": "#0"},
				"west": {"uv": [0, 3, 16, 13], "rotation": 270, "texture": "#0"},
				"up": {"uv": [0, 3, 16, 13], "rotation": 270, "texture": "#0"},
				"down": {"uv": [0, 3, 16, 13], "rotation": 270, "texture": "#0"}
			}
		},
		{
			"from": [-1.58881, 14.96385, 5.5],
			"to": [-1.08881, 16.01385, 12.5],
			"rotation": {"angle": 0, "axis": "y", "origin": [-0.3668, 17.18802, 7]},
			"faces": {
				"north": {"uv": [0, 3, 16, 13], "texture": "#0"},
				"east": {"uv": [0, 3, 16, 13], "texture": "#0"},
				"south": {"uv": [0, 3, 16, 13], "texture": "#0"},
				"west": {"uv": [0, 3, 16, 13], "texture": "#0"},
				"up": {"uv": [0, 3, 16, 13], "texture": "#0"},
				"down": {"uv": [0, 3, 16, 13], "texture": "#0"}
			}
		},
		{
			"from": [-1.94237, 14.5674, 5.75],
			"to": [-1.44237, 16.3674, 12.25],
			"rotation": {"angle": 0, "axis": "y", "origin": [-0.22036, 17.29157, 7]},
			"faces": {
				"north": {"uv": [0, 3, 16, 13], "texture": "#0"},
				"east": {"uv": [0, 3, 16, 13], "texture": "#0"},
				"south": {"uv": [0, 3, 16, 13], "texture": "#0"},
				"west": {"uv": [0, 3, 16, 13], "texture": "#0"},
				"up": {"uv": [0, 3, 16, 13], "texture": "#0"},
				"down": {"uv": [0, 3, 16, 13], "texture": "#0"}
			}
		},
		{
			"from": [-2.39204, 13.98055, 5.75],
			"to": [-0.59204, 14.48055, 12.25],
			"rotation": {"angle": -22.5, "axis": "z", "origin": [-0.69204, 13.14365, 7]},
			"faces": {
				"north": {"uv": [0, 3, 16, 13], "rotation": 270, "texture": "#0"},
				"east": {"uv": [0, 3, 16, 13], "rotation": 270, "texture": "#0"},
				"south": {"uv": [0, 3, 16, 13], "rotation": 270, "texture": "#0"},
				"west": {"uv": [0, 3, 16, 13], "rotation": 270, "texture": "#0"},
				"up": {"uv": [0, 3, 16, 13], "rotation": 270, "texture": "#0"},
				"down": {"uv": [0, 3, 16, 13], "rotation": 270, "texture": "#0"}
			}
		},
		{
			"from": [-2.2108, 14.51072, 5.5],
			"to": [-0.6608, 15.01072, 12.5],
			"rotation": {"angle": -22.5, "axis": "z", "origin": [-0.7608, 13.17382, 7]},
			"faces": {
				"north": {"uv": [0, 3, 16, 13], "rotation": 270, "texture": "#0"},
				"east": {"uv": [0, 3, 16, 13], "rotation": 270, "texture": "#0"},
				"south": {"uv": [0, 3, 16, 13], "rotation": 270, "texture": "#0"},
				"west": {"uv": [0, 3, 16, 13], "rotation": 270, "texture": "#0"},
				"up": {"uv": [0, 3, 16, 13], "rotation": 270, "texture": "#0"},
				"down": {"uv": [0, 3, 16, 13], "rotation": 270, "texture": "#0"}
			}
		},
		{
			"from": [-0.09613, 14.63111, 6],
			"to": [1.80387, 15.13111, 12],
			"rotation": {"angle": 22.5, "axis": "z", "origin": [1.70387, 13.79421, 7]},
			"faces": {
				"north": {"uv": [0, 3, 16, 13], "rotation": 270, "texture": "#0"},
				"east": {"uv": [0, 3, 16, 13], "rotation": 270, "texture": "#0"},
				"south": {"uv": [0, 3, 16, 13], "rotation": 270, "texture": "#0"},
				"west": {"uv": [0, 3, 16, 13], "rotation": 270, "texture": "#0"},
				"up": {"uv": [0, 3, 16, 13], "rotation": 270, "texture": "#0"},
				"down": {"uv": [0, 3, 16, 13], "rotation": 270, "texture": "#0"}
			}
		},
		{
			"from": [1.28464, 14.56761, 6.25],
			"to": [3.28464, 15.06761, 11.75],
			"rotation": {"angle": 0, "axis": "y", "origin": [6.18464, 13.73071, 7]},
			"faces": {
				"north": {"uv": [0, 3, 16, 13], "rotation": 270, "texture": "#0"},
				"east": {"uv": [0, 3, 16, 13], "rotation": 270, "texture": "#0"},
				"south": {"uv": [0, 3, 16, 13], "rotation": 270, "texture": "#0"},
				"west": {"uv": [0, 3, 16, 13], "rotation": 270, "texture": "#0"},
				"up": {"uv": [0, 3, 16, 13], "rotation": 270, "texture": "#0"},
				"down": {"uv": [0, 3, 16, 13], "rotation": 270, "texture": "#0"}
			}
		},
		{
			"from": [3.28464, 14.56761, 6.5],
			"to": [5.28464, 15.06761, 11.5],
			"rotation": {"angle": 0, "axis": "y", "origin": [6.18464, 13.73071, 7]},
			"faces": {
				"north": {"uv": [0, 3, 16, 13], "rotation": 270, "texture": "#0"},
				"east": {"uv": [0, 3, 16, 13], "rotation": 270, "texture": "#0"},
				"south": {"uv": [0, 3, 16, 13], "rotation": 270, "texture": "#0"},
				"west": {"uv": [0, 3, 16, 13], "rotation": 270, "texture": "#0"},
				"up": {"uv": [0, 3, 16, 13], "rotation": 270, "texture": "#0"},
				"down": {"uv": [0, 3, 16, 13], "rotation": 270, "texture": "#0"}
			}
		},
		{
			"from": [5.28464, 14.56761, 6.75],
			"to": [7.28464, 15.06761, 11.25],
			"rotation": {"angle": 0, "axis": "y", "origin": [6.18464, 13.73071, 7]},
			"faces": {
				"north": {"uv": [0, 3, 16, 13], "rotation": 270, "texture": "#0"},
				"east": {"uv": [0, 3, 16, 13], "rotation": 270, "texture": "#0"},
				"south": {"uv": [0, 3, 16, 13], "rotation": 270, "texture": "#0"},
				"west": {"uv": [0, 3, 16, 13], "rotation": 270, "texture": "#0"},
				"up": {"uv": [0, 3, 16, 13], "rotation": 270, "texture": "#0"},
				"down": {"uv": [0, 3, 16, 13], "rotation": 270, "texture": "#0"}
			}
		},
		{
			"from": [10.44209, 15.69134, 8],
			"to": [16.44209, 15.94134, 10],
			"rotation": {"angle": 22.5, "axis": "z", "origin": [10.54209, 14.05444, 9]},
			"faces": {
				"north": {"uv": [0, 16, 16, 0], "rotation": 270, "texture": "#0"},
				"east": {"uv": [0, 16, 16, 0], "rotation": 270, "texture": "#0"},
				"south": {"uv": [0, 16, 16, 0], "rotation": 270, "texture": "#0"},
				"west": {"uv": [0, 16, 16, 0], "rotation": 270, "texture": "#0"},
				"up": {"uv": [0, 13, 16, 3], "rotation": 270, "texture": "#0"},
				"down": {"uv": [0, 16, 16, 0], "rotation": 270, "texture": "#0"}
			}
		},
		{
			"from": [9.68785, 14.3727, 8],
			"to": [14.68785, 14.6227, 10],
			"rotation": {"angle": 0, "axis": "y", "origin": [9.78785, 13.7358, 9]},
			"faces": {
				"north": {"uv": [0, 13, 16, 3], "rotation": 270, "texture": "#0"},
				"east": {"uv": [0, 13, 16, 3], "rotation": 270, "texture": "#0"},
				"south": {"uv": [0, 13, 16, 3], "rotation": 270, "texture": "#0"},
				"west": {"uv": [0, 13, 16, 3], "rotation": 270, "texture": "#0"},
				"up": {"uv": [0, 13, 16, 3], "rotation": 270, "texture": "#0"},
				"down": {"uv": [0, 13, 16, 3], "rotation": 270, "texture": "#0"}
			}
		},
		{
			"from": [14.34084, 14.40194, 8],
			"to": [16.34084, 14.65194, 10],
			"rotation": {"angle": -22.5, "axis": "z", "origin": [14.44084, 13.76504, 9]},
			"faces": {
				"north": {"uv": [0, 13, 16, 3], "rotation": 270, "texture": "#0"},
				"east": {"uv": [0, 13, 16, 3], "rotation": 270, "texture": "#0"},
				"south": {"uv": [0, 13, 16, 3], "rotation": 270, "texture": "#0"},
				"west": {"uv": [0, 13, 16, 3], "rotation": 270, "texture": "#0"},
				"up": {"uv": [0, 13, 16, 3], "rotation": 270, "texture": "#0"},
				"down": {"uv": [0, 13, 16, 3], "rotation": 270, "texture": "#0"}
			}
		},
		{
			"from": [14.44796, 11.5, 7.25],
			"to": [14.94796, 14.5, 10.75],
			"rotation": {"angle": 22.5, "axis": "z", "origin": [13.81106, 13.95994, 9]},
			"faces": {
				"north": {"uv": [16, 3, 0, 13], "rotation": 180, "texture": "#0"},
				"east": {"uv": [16, 3, 0, 13], "rotation": 180, "texture": "#0"},
				"south": {"uv": [16, 3, 0, 13], "rotation": 180, "texture": "#0"},
				"west": {"uv": [16, 3, 0, 13], "rotation": 180, "texture": "#0"},
				"up": {"uv": [16, 3, 0, 13], "rotation": 180, "texture": "#0"},
				"down": {"uv": [16, 3, 0, 13], "rotation": 180, "texture": "#0"}
			}
		},
		{
			"from": [15.3028, 7.12232, 7],
			"to": [15.8028, 12.12232, 11],
			"rotation": {"angle": 0, "axis": "y", "origin": [14.6659, 11.58226, 9]},
			"faces": {
				"north": {"uv": [16, 3, 0, 13], "rotation": 180, "texture": "#0"},
				"east": {"uv": [16, 3, 0, 13], "rotation": 180, "texture": "#0"},
				"south": {"uv": [16, 3, 0, 13], "rotation": 180, "texture": "#0"},
				"west": {"uv": [16, 3, 0, 13], "rotation": 180, "texture": "#0"},
				"up": {"uv": [16, 3, 0, 13], "rotation": 180, "texture": "#0"},
				"down": {"uv": [16, 3, 0, 13], "rotation": 180, "texture": "#0"}
			}
		},
		{
			"from": [15.2028, 5.5482, 10.85898],
			"to": [15.6028, 7.5482, 12.85898],
			"rotation": {"angle": 22.5, "axis": "x", "origin": [14.6659, 12.00814, 10.85898]},
			"faces": {
				"north": {"uv": [13, 0, 0, 13], "rotation": 180, "texture": "#0"},
				"east": {"uv": [13, 0, 0, 13], "rotation": 180, "texture": "#0"},
				"south": {"uv": [13, 0, 0, 13], "rotation": 180, "texture": "#0"},
				"west": {"uv": [13, 0, 0, 13], "rotation": 180, "texture": "#0"},
				"up": {"uv": [13, 0, 0, 13], "rotation": 180, "texture": "#0"},
				"down": {"uv": [13, 0, 0, 13], "rotation": 180, "texture": "#0"}
			}
		},
		{
			"from": [15.4028, 4.78283, 5.29326],
			"to": [15.7028, 6.78283, 7.29326],
			"rotation": {"angle": -22.5, "axis": "x", "origin": [14.6659, 11.24277, 5.29326]},
			"faces": {
				"north": {"uv": [16, 0, 3, 13], "rotation": 180, "texture": "#0"},
				"east": {"uv": [16, 0, 3, 13], "rotation": 180, "texture": "#0"},
				"south": {"uv": [16, 0, 3, 13], "rotation": 180, "texture": "#0"},
				"west": {"uv": [16, 0, 3, 13], "rotation": 180, "texture": "#0"},
				"up": {"uv": [16, 0, 3, 13], "rotation": 180, "texture": "#0"},
				"down": {"uv": [16, 0, 3, 13], "rotation": 180, "texture": "#0"}
			}
		},
		{
			"from": [16.67606, 13.71311, 8],
			"to": [18.67606, 13.96311, 10],
			"rotation": {"angle": 22.5, "axis": "z", "origin": [16.77606, 13.07621, 9]},
			"faces": {
				"north": {"uv": [0, 13, 16, 3], "rotation": 270, "texture": "#0"},
				"east": {"uv": [0, 13, 16, 3], "rotation": 270, "texture": "#0"},
				"south": {"uv": [0, 13, 16, 3], "rotation": 270, "texture": "#0"},
				"west": {"uv": [0, 13, 16, 3], "rotation": 270, "texture": "#0"},
				"up": {"uv": [0, 13, 16, 3], "rotation": 270, "texture": "#0"},
				"down": {"uv": [0, 13, 16, 3], "rotation": 270, "texture": "#0"}
			}
		},
		{
			"from": [15.5751, 17.90417, 8],
			"to": [18.0751, 18.15417, 10],
			"rotation": {"angle": -22.5, "axis": "z", "origin": [15.17509, 18.86952, 9]},
			"faces": {
				"north": {"uv": [0, 16, 16, 0], "rotation": 270, "texture": "#0"},
				"east": {"uv": [0, 16, 16, 0], "rotation": 270, "texture": "#0"},
				"south": {"uv": [0, 16, 16, 0], "rotation": 270, "texture": "#0"},
				"west": {"uv": [0, 16, 16, 0], "rotation": 270, "texture": "#0"},
				"up": {"uv": [0, 13, 16, 3], "rotation": 270, "texture": "#0"},
				"down": {"uv": [0, 16, 16, 0], "rotation": 270, "texture": "#0"}
			}
		},
		{
			"from": [18.3099, 17.29233, 8],
			"to": [19.3099, 17.54233, 10],
			"rotation": {"angle": -45, "axis": "z", "origin": [17.4099, 18.20093, 9]},
			"faces": {
				"north": {"uv": [0, 13, 16, 3], "rotation": 270, "texture": "#0"},
				"east": {"uv": [0, 13, 16, 3], "rotation": 270, "texture": "#0"},
				"south": {"uv": [0, 13, 16, 3], "rotation": 270, "texture": "#0"},
				"west": {"uv": [0, 13, 16, 3], "rotation": 270, "texture": "#0"},
				"up": {"uv": [0, 13, 16, 3], "rotation": 270, "texture": "#0"},
				"down": {"uv": [0, 13, 16, 3], "rotation": 270, "texture": "#0"}
			}
		},
		{
			"from": [18.0377, 14.39173, 8],
			"to": [18.2877, 16.39173, 10],
			"rotation": {"angle": 0, "axis": "y", "origin": [16.36569, 17.2159, 9]},
			"faces": {
				"north": {"uv": [16, 3, 0, 13], "rotation": 180, "texture": "#0"},
				"east": {"uv": [16, 3, 0, 13], "rotation": 180, "texture": "#0"},
				"south": {"uv": [16, 3, 0, 13], "rotation": 180, "texture": "#0"},
				"west": {"uv": [16, 3, 0, 13], "rotation": 180, "texture": "#0"},
				"up": {"uv": [16, 3, 0, 13], "rotation": 180, "texture": "#0"},
				"down": {"uv": [16, 3, 0, 13], "rotation": 180, "texture": "#0"}
			}
		},
		{
			"from": [14.24642, 15.26037, 6.25],
			"to": [16.24642, 15.76037, 11.75],
			"rotation": {"angle": 22.5, "axis": "z", "origin": [10.44642, 14.07347, 7]},
			"faces": {
				"north": {"uv": [0, 13, 16, 3], "rotation": 270, "texture": "#0"},
				"east": {"uv": [0, 13, 16, 3], "rotation": 270, "texture": "#0"},
				"south": {"uv": [0, 13, 16, 3], "rotation": 270, "texture": "#0"},
				"west": {"uv": [0, 13, 16, 3], "rotation": 270, "texture": "#0"},
				"up": {"uv": [0, 13, 16, 3], "rotation": 270, "texture": "#0"},
				"down": {"uv": [0, 13, 16, 3], "rotation": 270, "texture": "#0"}
			}
		},
		{
			"from": [10.24642, 15.26037, 6.75],
			"to": [12.24642, 15.76037, 11.25],
			"rotation": {"angle": 22.5, "axis": "z", "origin": [10.44642, 14.07347, 7]},
			"faces": {
				"north": {"uv": [0, 13, 16, 3], "rotation": 270, "texture": "#0"},
				"east": {"uv": [0, 13, 16, 3], "rotation": 270, "texture": "#0"},
				"south": {"uv": [0, 13, 16, 3], "rotation": 270, "texture": "#0"},
				"west": {"uv": [0, 13, 16, 3], "rotation": 270, "texture": "#0"},
				"up": {"uv": [0, 13, 16, 3], "rotation": 270, "texture": "#0"},
				"down": {"uv": [0, 13, 16, 3], "rotation": 270, "texture": "#0"}
			}
		},
		{
			"from": [12.24642, 15.26037, 6.5],
			"to": [14.24642, 15.76037, 11.5],
			"rotation": {"angle": 22.5, "axis": "z", "origin": [10.44642, 14.07347, 7]},
			"faces": {
				"north": {"uv": [0, 13, 16, 3], "rotation": 270, "texture": "#0"},
				"east": {"uv": [0, 13, 16, 3], "rotation": 270, "texture": "#0"},
				"south": {"uv": [0, 13, 16, 3], "rotation": 270, "texture": "#0"},
				"west": {"uv": [0, 13, 16, 3], "rotation": 270, "texture": "#0"},
				"up": {"uv": [0, 13, 16, 3], "rotation": 270, "texture": "#0"},
				"down": {"uv": [0, 13, 16, 3], "rotation": 270, "texture": "#0"}
			}
		},
		{
			"from": [10.24642, 14.76037, 6.5],
			"to": [12.24642, 15.26037, 11.5],
			"rotation": {"angle": 22.5, "axis": "z", "origin": [10.44642, 14.07347, 7]},
			"faces": {
				"north": {"uv": [0, 13, 16, 3], "rotation": 270, "texture": "#0"},
				"east": {"uv": [0, 13, 16, 3], "rotation": 270, "texture": "#0"},
				"south": {"uv": [0, 13, 16, 3], "rotation": 270, "texture": "#0"},
				"west": {"uv": [0, 13, 16, 3], "rotation": 270, "texture": "#0"},
				"up": {"uv": [0, 13, 16, 3], "rotation": 270, "texture": "#0"},
				"down": {"uv": [0, 13, 16, 3], "rotation": 270, "texture": "#0"}
			}
		},
		{
			"from": [12.24642, 14.76037, 6.25],
			"to": [14.24642, 15.26037, 11.75],
			"rotation": {"angle": 22.5, "axis": "z", "origin": [10.44642, 14.07347, 7]},
			"faces": {
				"north": {"uv": [0, 13, 16, 3], "rotation": 270, "texture": "#0"},
				"east": {"uv": [0, 13, 16, 3], "rotation": 270, "texture": "#0"},
				"south": {"uv": [0, 13, 16, 3], "rotation": 270, "texture": "#0"},
				"west": {"uv": [0, 13, 16, 3], "rotation": 270, "texture": "#0"},
				"up": {"uv": [0, 13, 16, 3], "rotation": 270, "texture": "#0"},
				"down": {"uv": [0, 13, 16, 3], "rotation": 270, "texture": "#0"}
			}
		},
		{
			"from": [14.24642, 14.76037, 6],
			"to": [15.99642, 15.26037, 12],
			"rotation": {"angle": 22.5, "axis": "z", "origin": [10.44642, 14.07347, 7]},
			"faces": {
				"north": {"uv": [0, 13, 16, 3], "rotation": 270, "texture": "#0"},
				"east": {"uv": [0, 13, 16, 3], "rotation": 270, "texture": "#0"},
				"south": {"uv": [0, 13, 16, 3], "rotation": 270, "texture": "#0"},
				"west": {"uv": [0, 13, 16, 3], "rotation": 270, "texture": "#0"},
				"up": {"uv": [0, 13, 16, 3], "rotation": 270, "texture": "#0"},
				"down": {"uv": [0, 13, 16, 3], "rotation": 270, "texture": "#0"}
			}
		},
		{
			"from": [15.54772, 17.4732, 6],
			"to": [17.94772, 17.9732, 12],
			"rotation": {"angle": -22.5, "axis": "z", "origin": [15.04771, 18.88855, 7]},
			"faces": {
				"north": {"uv": [0, 13, 16, 3], "rotation": 270, "texture": "#0"},
				"east": {"uv": [0, 13, 16, 3], "rotation": 270, "texture": "#0"},
				"south": {"uv": [0, 13, 16, 3], "rotation": 270, "texture": "#0"},
				"west": {"uv": [0, 13, 16, 3], "rotation": 270, "texture": "#0"},
				"up": {"uv": [0, 13, 16, 3], "rotation": 270, "texture": "#0"},
				"down": {"uv": [0, 13, 16, 3], "rotation": 270, "texture": "#0"}
			}
		},
		{
			"from": [15.71847, 16.9732, 5.75],
			"to": [17.61847, 17.4732, 12.25],
			"rotation": {"angle": -22.5, "axis": "z", "origin": [14.96846, 18.88855, 7.25]},
			"faces": {
				"north": {"uv": [0, 13, 16, 3], "rotation": 270, "texture": "#0"},
				"east": {"uv": [0, 13, 16, 3], "rotation": 270, "texture": "#0"},
				"south": {"uv": [0, 13, 16, 3], "rotation": 270, "texture": "#0"},
				"west": {"uv": [0, 13, 16, 3], "rotation": 270, "texture": "#0"},
				"up": {"uv": [0, 13, 16, 3], "rotation": 270, "texture": "#0"},
				"down": {"uv": [0, 13, 16, 3], "rotation": 270, "texture": "#0"}
			}
		},
		{
			"from": [18.2767, 16.88872, 5.75],
			"to": [19.0767, 17.38872, 12.25],
			"rotation": {"angle": -45, "axis": "z", "origin": [17.2767, 18.24732, 7]},
			"faces": {
				"north": {"uv": [0, 13, 16, 3], "rotation": 270, "texture": "#0"},
				"east": {"uv": [0, 13, 16, 3], "rotation": 270, "texture": "#0"},
				"south": {"uv": [0, 13, 16, 3], "rotation": 270, "texture": "#0"},
				"west": {"uv": [0, 13, 16, 3], "rotation": 270, "texture": "#0"},
				"up": {"uv": [0, 13, 16, 3], "rotation": 270, "texture": "#0"},
				"down": {"uv": [0, 13, 16, 3], "rotation": 270, "texture": "#0"}
			}
		},
		{
			"from": [18.2767, 16.38872, 5.5],
			"to": [19.0767, 16.88872, 12.5],
			"rotation": {"angle": -45, "axis": "z", "origin": [17.2767, 18.24732, 7]},
			"faces": {
				"north": {"uv": [0, 13, 16, 3], "rotation": 270, "texture": "#0"},
				"east": {"uv": [0, 13, 16, 3], "rotation": 270, "texture": "#0"},
				"south": {"uv": [0, 13, 16, 3], "rotation": 270, "texture": "#0"},
				"west": {"uv": [0, 13, 16, 3], "rotation": 270, "texture": "#0"},
				"up": {"uv": [0, 13, 16, 3], "rotation": 270, "texture": "#0"},
				"down": {"uv": [0, 13, 16, 3], "rotation": 270, "texture": "#0"}
			}
		},
		{
			"from": [17.08881, 14.96385, 5.5],
			"to": [17.58881, 16.01385, 12.5],
			"rotation": {"angle": 0, "axis": "y", "origin": [16.3668, 17.18802, 7]},
			"faces": {
				"north": {"uv": [16, 3, 0, 13], "texture": "#0"},
				"east": {"uv": [16, 3, 0, 13], "texture": "#0"},
				"south": {"uv": [16, 3, 0, 13], "texture": "#0"},
				"west": {"uv": [16, 3, 0, 13], "texture": "#0"},
				"up": {"uv": [16, 3, 0, 13], "texture": "#0"},
				"down": {"uv": [16, 3, 0, 13], "texture": "#0"}
			}
		},
		{
			"from": [17.44237, 14.5674, 5.75],
			"to": [17.94237, 16.3674, 12.25],
			"rotation": {"angle": 0, "axis": "y", "origin": [16.22036, 17.29157, 7]},
			"faces": {
				"north": {"uv": [16, 3, 0, 13], "texture": "#0"},
				"east": {"uv": [16, 3, 0, 13], "texture": "#0"},
				"south": {"uv": [16, 3, 0, 13], "texture": "#0"},
				"west": {"uv": [16, 3, 0, 13], "texture": "#0"},
				"up": {"uv": [16, 3, 0, 13], "texture": "#0"},
				"down": {"uv": [16, 3, 0, 13], "texture": "#0"}
			}
		},
		{
			"from": [16.59204, 13.98055, 5.75],
			"to": [18.39204, 14.48055, 12.25],
			"rotation": {"angle": 22.5, "axis": "z", "origin": [16.69204, 13.14365, 7]},
			"faces": {
				"north": {"uv": [0, 13, 16, 3], "rotation": 270, "texture": "#0"},
				"east": {"uv": [0, 13, 16, 3], "rotation": 270, "texture": "#0"},
				"south": {"uv": [0, 13, 16, 3], "rotation": 270, "texture": "#0"},
				"west": {"uv": [0, 13, 16, 3], "rotation": 270, "texture": "#0"},
				"up": {"uv": [0, 13, 16, 3], "rotation": 270, "texture": "#0"},
				"down": {"uv": [0, 13, 16, 3], "rotation": 270, "texture": "#0"}
			}
		},
		{
			"from": [16.6608, 14.51072, 5.5],
			"to": [18.2108, 15.01072, 12.5],
			"rotation": {"angle": 22.5, "axis": "z", "origin": [16.7608, 13.17382, 7]},
			"faces": {
				"north": {"uv": [0, 13, 16, 3], "rotation": 270, "texture": "#0"},
				"east": {"uv": [0, 13, 16, 3], "rotation": 270, "texture": "#0"},
				"south": {"uv": [0, 13, 16, 3], "rotation": 270, "texture": "#0"},
				"west": {"uv": [0, 13, 16, 3], "rotation": 270, "texture": "#0"},
				"up": {"uv": [0, 13, 16, 3], "rotation": 270, "texture": "#0"},
				"down": {"uv": [0, 13, 16, 3], "rotation": 270, "texture": "#0"}
			}
		},
		{
			"from": [14.19613, 14.63111, 6],
			"to": [16.09613, 15.13111, 12],
			"rotation": {"angle": -22.5, "axis": "z", "origin": [14.29613, 13.79421, 7]},
			"faces": {
				"north": {"uv": [0, 13, 16, 3], "rotation": 270, "texture": "#0"},
				"east": {"uv": [0, 13, 16, 3], "rotation": 270, "texture": "#0"},
				"south": {"uv": [0, 13, 16, 3], "rotation": 270, "texture": "#0"},
				"west": {"uv": [0, 13, 16, 3], "rotation": 270, "texture": "#0"},
				"up": {"uv": [0, 13, 16, 3], "rotation": 270, "texture": "#0"},
				"down": {"uv": [0, 13, 16, 3], "rotation": 270, "texture": "#0"}
			}
		},
		{
			"from": [12.71536, 14.56761, 6.25],
			"to": [14.71536, 15.06761, 11.75],
			"rotation": {"angle": 0, "axis": "y", "origin": [9.81536, 13.73071, 7]},
			"faces": {
				"north": {"uv": [0, 13, 16, 3], "rotation": 270, "texture": "#0"},
				"east": {"uv": [0, 13, 16, 3], "rotation": 270, "texture": "#0"},
				"south": {"uv": [0, 13, 16, 3], "rotation": 270, "texture": "#0"},
				"west": {"uv": [0, 13, 16, 3], "rotation": 270, "texture": "#0"},
				"up": {"uv": [0, 13, 16, 3], "rotation": 270, "texture": "#0"},
				"down": {"uv": [0, 13, 16, 3], "rotation": 270, "texture": "#0"}
			}
		},
		{
			"from": [10.71536, 14.56761, 6.5],
			"to": [12.71536, 15.06761, 11.5],
			"rotation": {"angle": 0, "axis": "y", "origin": [9.81536, 13.73071, 7]},
			"faces": {
				"north": {"uv": [0, 13, 16, 3], "rotation": 270, "texture": "#0"},
				"east": {"uv": [0, 13, 16, 3], "rotation": 270, "texture": "#0"},
				"south": {"uv": [0, 13, 16, 3], "rotation": 270, "texture": "#0"},
				"west": {"uv": [0, 13, 16, 3], "rotation": 270, "texture": "#0"},
				"up": {"uv": [0, 13, 16, 3], "rotation": 270, "texture": "#0"},
				"down": {"uv": [0, 13, 16, 3], "rotation": 270, "texture": "#0"}
			}
		},
		{
			"from": [8.71536, 14.56761, 6.75],
			"to": [10.71536, 15.06761, 11.25],
			"rotation": {"angle": 0, "axis": "y", "origin": [9.81536, 13.73071, 7]},
			"faces": {
				"north": {"uv": [0, 13, 16, 3], "rotation": 270, "texture": "#0"},
				"east": {"uv": [0, 13, 16, 3], "rotation": 270, "texture": "#0"},
				"south": {"uv": [0, 13, 16, 3], "rotation": 270, "texture": "#0"},
				"west": {"uv": [0, 13, 16, 3], "rotation": 270, "texture": "#0"},
				"up": {"uv": [0, 13, 16, 3], "rotation": 270, "texture": "#0"},
				"down": {"uv": [0, 13, 16, 3], "rotation": 270, "texture": "#0"}
			}
		},
		{
			"from": [6, 13.49216, 6.09322],
			"to": [10, 15.49216, 8.09322],
			"rotation": {"angle": 22.5, "axis": "x", "origin": [8, 14.84019, 8.15939]},
			"faces": {
				"north": {"uv": [0, 0, 16, 16], "rotation": 270, "texture": "#0"},
				"east": {"uv": [0, 0, 16, 16], "rotation": 270, "texture": "#0"},
				"south": {"uv": [0, 0, 16, 16], "rotation": 270, "texture": "#0"},
				"west": {"uv": [0, 0, 16, 16], "rotation": 270, "texture": "#0"},
				"up": {"uv": [0, 0, 16, 16], "rotation": 270, "texture": "#0"},
				"down": {"uv": [0, 0, 16, 16], "rotation": 270, "texture": "#0"}
			}
		},
		{
			"from": [6, 13.49216, 9.90678],
			"to": [10, 15.49216, 11.90678],
			"rotation": {"angle": -22.5, "axis": "x", "origin": [8, 14.84019, 9.8406]},
			"faces": {
				"north": {"uv": [0, 0, 16, 16], "rotation": 270, "texture": "#0"},
				"east": {"uv": [0, 0, 16, 16], "rotation": 270, "texture": "#0"},
				"south": {"uv": [0, 0, 16, 16], "rotation": 270, "texture": "#0"},
				"west": {"uv": [0, 0, 16, 16], "rotation": 270, "texture": "#0"},
				"up": {"uv": [0, 0, 16, 16], "rotation": 270, "texture": "#0"},
				"down": {"uv": [0, 0, 16, 16], "rotation": 270, "texture": "#0"}
			}
		}
	],
	"display": {
		"thirdperson_righthand": {
			"scale": [0.3, 0.3, 0.3]
		},
		"thirdperson_lefthand": {
			"scale": [0.3, 0.3, 0.3]
		},
		"firstperson_righthand": {
			"scale": [0.3, 0.3, 0.3]
		},
		"firstperson_lefthand": {
			"scale": [0.3, 0.3, 0.3]
		},
		"ground": {
			"scale": [0.6, 0.6, 0.6]
		},
		"gui": {
			"translation": [0, -3, 0],
			"scale": [0.7, 0.7, 0.7]
		},
		"fixed": {
			"translation": [0, -2, -2]
		}
	}
}