{
	"texture_size": [48, 48],
	"textures": {
		"1": "block/red_stained_glass",
		"2": "block/iron_block",
		"3": "custom_item/charge_rifle"
	},
	"elements": [
		{
			"from": [7.9794, 7.65328, 2.4995],
			"to": [8.4794, 8.65328, 8.5095],
			"rotation": {"angle": -22.5, "axis": "z", "origin": [7.9794, 8.15328, 2]},
			"faces": {
				"north": {"uv": [12.33333, 12.66667, 12.5, 13], "texture": "#3"},
				"east": {"uv": [3.33333, 0, 8, 0.33333], "texture": "#3"},
				"south": {"uv": [12.66667, 12.33333, 12.83333, 12.66667], "texture": "#3"},
				"west": {"uv": [3.33333, 0.33333, 8, 0.66667], "texture": "#3"},
				"up": {"uv": [6.16667, 11, 6, 6.33333], "texture": "#3"},
				"down": {"uv": [6.5, 6.33333, 6.33333, 11], "texture": "#3"}
			}
		},
		{
			"from": [5.5206, 7.65328, -5.6],
			"to": [5.6206, 8.65328, -5.5],
			"rotation": {"angle": 22.5, "axis": "z", "origin": [6.0206, 8.15328, 2]},
			"faces": {
				"north": {"uv": [6, 13.33333, 6.08333, 13.66667], "texture": "#3"},
				"east": {"uv": [13.33333, 7, 13.41667, 7.33333], "texture": "#3"},
				"south": {"uv": [7.33333, 13.33333, 7.41667, 13.66667], "texture": "#3"},
				"west": {"uv": [13.33333, 7.33333, 13.41667, 7.66667], "texture": "#3"},
				"up": {"uv": [13.41667, 14.08333, 13.33333, 14], "texture": "#3"},
				"down": {"uv": [14.08333, 13.33333, 14, 13.41667], "texture": "#3"}
			}
		},
		{
			"from": [10.3794, 7.65328, -5.6],
			"to": [10.4794, 8.65328, -5.5],
			"rotation": {"angle": -22.5, "axis": "z", "origin": [9.9794, 8.15328, 2]},
			"faces": {
				"north": {"uv": [7.66667, 13.33333, 7.75, 13.66667], "texture": "#3"},
				"east": {"uv": [13.33333, 7.66667, 13.41667, 8], "texture": "#3"},
				"south": {"uv": [8, 13.33333, 8.08333, 13.66667], "texture": "#3"},
				"west": {"uv": [13.33333, 8, 13.41667, 8.33333], "texture": "#3"},
				"up": {"uv": [14.41667, 2.75, 14.33333, 2.66667], "texture": "#3"},
				"down": {"uv": [3.08333, 14.33333, 3, 14.41667], "texture": "#3"}
			}
		},
		{
			"from": [7.5206, 7.65328, 2.4995],
			"to": [8.0206, 8.65328, 8.5095],
			"rotation": {"angle": 22.5, "axis": "z", "origin": [8.0206, 8.15328, 2]},
			"faces": {
				"north": {"uv": [13, 2, 13.16667, 2.33333], "texture": "#3"},
				"east": {"uv": [3.33333, 0.66667, 8, 1], "texture": "#3"},
				"south": {"uv": [13, 2.33333, 13.16667, 2.66667], "texture": "#3"},
				"west": {"uv": [3.33333, 1, 8, 1.33333], "texture": "#3"},
				"up": {"uv": [4.16667, 11.33333, 4, 6.66667], "texture": "#3"},
				"down": {"uv": [4.5, 6.66667, 4.33333, 11.33333], "texture": "#3"}
			}
		},
		{
			"from": [5.75, 7.5, -5.6],
			"to": [6.25, 7.6, -5.5],
			"rotation": {"angle": 0, "axis": "y", "origin": [7, 8, 2]},
			"faces": {
				"north": {"uv": [13.66667, 12.33333, 13.83333, 12.41667], "texture": "#3"},
				"east": {"uv": [13, 14, 13.08333, 14.08333], "texture": "#3"},
				"south": {"uv": [12.66667, 13.66667, 12.83333, 13.75], "texture": "#3"},
				"west": {"uv": [14, 13, 14.08333, 13.08333], "texture": "#3"},
				"up": {"uv": [13.83333, 12.75, 13.66667, 12.66667], "texture": "#3"},
				"down": {"uv": [13.16667, 13.66667, 13, 13.75], "texture": "#3"}
			}
		},
		{
			"from": [9.75, 7.5, -5.6],
			"to": [10.25, 7.6, -5.5],
			"rotation": {"angle": 0, "axis": "y", "origin": [9, 8, 2]},
			"faces": {
				"north": {"uv": [13.66667, 12.33333, 13.83333, 12.41667], "texture": "#3"},
				"east": {"uv": [13, 14, 13.08333, 14.08333], "texture": "#3"},
				"south": {"uv": [12.66667, 13.66667, 12.83333, 13.75], "texture": "#3"},
				"west": {"uv": [14, 13, 14.08333, 13.08333], "texture": "#3"},
				"up": {"uv": [13.83333, 12.75, 13.66667, 12.66667], "texture": "#3"},
				"down": {"uv": [13.16667, 13.66667, 13, 13.75], "texture": "#3"}
			}
		},
		{
			"from": [5.75, 7.5, -5.5],
			"to": [6.25, 8.5, 2.5],
			"rotation": {"angle": 0, "axis": "y", "origin": [6, 8, 2]},
			"faces": {
				"north": {"uv": [13, 3, 13.16667, 3.33333], "texture": "#3"},
				"east": {"uv": [4, 2.66667, 8.66667, 3], "texture": "#3"},
				"south": {"uv": [13, 3.33333, 13.16667, 3.66667], "texture": "#3"},
				"west": {"uv": [4, 3, 8.66667, 3.33333], "texture": "#3"},
				"up": {"uv": [4.83333, 11.33333, 4.66667, 6.66667], "texture": "#3"},
				"down": {"uv": [5.16667, 6.66667, 5, 11.33333], "texture": "#3"}
			}
		},
		{
			"from": [9.75, 7.5, -5.5],
			"to": [10.25, 8.5, 2.5],
			"rotation": {"angle": 0, "axis": "y", "origin": [10, 8, 2]},
			"faces": {
				"north": {"uv": [13, 3, 13.16667, 3.33333], "texture": "#3"},
				"east": {"uv": [4, 2.66667, 8.66667, 3], "texture": "#3"},
				"south": {"uv": [13, 3.33333, 13.16667, 3.66667], "texture": "#3"},
				"west": {"uv": [4, 3, 8.66667, 3.33333], "texture": "#3"},
				"up": {"uv": [4.83333, 11.33333, 4.66667, 6.66667], "texture": "#3"},
				"down": {"uv": [5.16667, 6.66667, 5, 11.33333], "texture": "#3"}
			}
		},
		{
			"from": [7.5, 7.5, 8.5],
			"to": [8.5, 8.5, 11.5],
			"rotation": {"angle": -22.5, "axis": "x", "origin": [8, 8, 8]},
			"faces": {
				"north": {"uv": [12, 12, 12.33333, 12.33333], "texture": "#3"},
				"east": {"uv": [9.66667, 6.33333, 10.66667, 6.66667], "texture": "#3"},
				"south": {"uv": [0.66667, 12.33333, 1, 12.66667], "texture": "#3"},
				"west": {"uv": [9.66667, 6.66667, 10.66667, 7], "texture": "#3"},
				"up": {"uv": [5.66667, 10.66667, 5.33333, 9.66667], "texture": "#3"},
				"down": {"uv": [6, 9.66667, 5.66667, 10.66667], "texture": "#3"}
			}
		},
		{
			"from": [7.5, 7.5, 13],
			"to": [8.5, 8.5, 16],
			"rotation": {"angle": 22.5, "axis": "x", "origin": [8, 8, 16.5]},
			"faces": {
				"north": {"uv": [12.33333, 3, 12.66667, 3.33333], "texture": "#3"},
				"east": {"uv": [9.66667, 7, 10.66667, 7.33333], "texture": "#3"},
				"south": {"uv": [12.33333, 3.33333, 12.66667, 3.66667], "texture": "#3"},
				"west": {"uv": [9.66667, 7.33333, 10.66667, 7.66667], "texture": "#3"},
				"up": {"uv": [7.66667, 10.66667, 7.33333, 9.66667], "texture": "#3"},
				"down": {"uv": [8, 9.66667, 7.66667, 10.66667], "texture": "#3"}
			}
		},
		{
			"from": [7.5, 4.3, 8.5],
			"to": [8.5, 5.5, 14.5],
			"rotation": {"angle": -22.5, "axis": "x", "origin": [8, 8, 8]},
			"faces": {
				"north": {"uv": [8.33333, 12, 8.66667, 12.41667], "texture": "#3"},
				"east": {"uv": [0, 6.33333, 2, 6.75], "texture": "#3"},
				"south": {"uv": [8.66667, 12, 9, 12.41667], "texture": "#3"},
				"west": {"uv": [2, 6.33333, 4, 6.75], "texture": "#3"},
				"up": {"uv": [2.33333, 9, 2, 7], "texture": "#3"},
				"down": {"uv": [2.66667, 7, 2.33333, 9], "texture": "#3"}
			}
		},
		{
			"from": [7.495, 2, 7.8],
			"to": [8.505, 2.6, 8.9],
			"rotation": {"angle": -45, "axis": "x", "origin": [8, 5, 6]},
			"faces": {
				"north": {"uv": [13, 5, 13.33333, 5.16667], "texture": "#3"},
				"east": {"uv": [13, 5.66667, 13.33333, 5.83333], "texture": "#3"},
				"south": {"uv": [13, 6, 13.33333, 6.16667], "texture": "#3"},
				"west": {"uv": [13, 6.33333, 13.33333, 6.5], "texture": "#3"},
				"up": {"uv": [12.66667, 4, 12.33333, 3.66667], "texture": "#3"},
				"down": {"uv": [4.33333, 12.33333, 4, 12.66667], "texture": "#3"}
			}
		},
		{
			"from": [7.495, 2, 7],
			"to": [8.505, 2.5, 7.7],
			"rotation": {"angle": -45, "axis": "x", "origin": [8, 5, 5]},
			"faces": {
				"north": {"uv": [13, 6.66667, 13.33333, 6.83333], "texture": "#3"},
				"east": {"uv": [13.33333, 2.33333, 13.58333, 2.5], "texture": "#3"},
				"south": {"uv": [13, 7, 13.33333, 7.16667], "texture": "#3"},
				"west": {"uv": [13.33333, 2.66667, 13.58333, 2.83333], "texture": "#3"},
				"up": {"uv": [8.33333, 12.58333, 8, 12.33333], "texture": "#3"},
				"down": {"uv": [12.66667, 8.33333, 12.33333, 8.58333], "texture": "#3"}
			}
		},
		{
			"from": [7.5, 4.14645, 8.18198],
			"to": [8.5, 4.64645, 9.43198],
			"rotation": {"angle": 0, "axis": "y", "origin": [8, 7.14645, 6.68198]},
			"faces": {
				"north": {"uv": [7.33333, 13, 7.66667, 13.16667], "texture": "#3"},
				"east": {"uv": [12.66667, 10.33333, 13.08333, 10.5], "texture": "#3"},
				"south": {"uv": [13, 7.33333, 13.33333, 7.5], "texture": "#3"},
				"west": {"uv": [12.66667, 10.66667, 13.08333, 10.83333], "texture": "#3"},
				"up": {"uv": [9.33333, 12.41667, 9, 12], "texture": "#3"},
				"down": {"uv": [12.33333, 10, 12, 10.41667], "texture": "#3"}
			}
		},
		{
			"from": [7.5, 4.5, 7.5],
			"to": [8.5, 8.5, 8.5],
			"rotation": {"angle": -22.5, "axis": "x", "origin": [8, 8, 8]},
			"faces": {
				"north": {"uv": [8.33333, 8.66667, 8.66667, 10], "texture": "#3"},
				"east": {"uv": [8.66667, 8.66667, 9, 10], "texture": "#3"},
				"south": {"uv": [2, 9, 2.33333, 10.33333], "texture": "#3"},
				"west": {"uv": [2.33333, 9, 2.66667, 10.33333], "texture": "#3"},
				"up": {"uv": [12.66667, 2.33333, 12.33333, 2], "texture": "#3"},
				"down": {"uv": [12.66667, 2.33333, 12.33333, 2.66667], "texture": "#3"}
			}
		},
		{
			"from": [7.6, 6.9, 8.5],
			"to": [8.4, 7.9, 9],
			"rotation": {"angle": 0, "axis": "y", "origin": [8, 8, 9]},
			"faces": {
				"north": {"uv": [12.33333, 10, 12.58333, 10.33333], "texture": "#3"},
				"east": {"uv": [7.66667, 13, 7.83333, 13.33333], "texture": "#3"},
				"south": {"uv": [12.33333, 10.33333, 12.58333, 10.66667], "texture": "#3"},
				"west": {"uv": [13, 7.66667, 13.16667, 8], "texture": "#3"},
				"up": {"uv": [13.58333, 3.16667, 13.33333, 3], "texture": "#3"},
				"down": {"uv": [3.58333, 13.33333, 3.33333, 13.5], "texture": "#3"}
			}
		},
		{
			"from": [7.495, 7.65, 14.5],
			"to": [8.505, 8.75, 15.1],
			"rotation": {"angle": 0, "axis": "y", "origin": [8, 8.75, 15]},
			"faces": {
				"north": {"uv": [4.33333, 12.33333, 4.66667, 12.66667], "texture": "#3"},
				"east": {"uv": [8, 13, 8.16667, 13.33333], "texture": "#3"},
				"south": {"uv": [12.33333, 4.33333, 12.66667, 4.66667], "texture": "#3"},
				"west": {"uv": [13, 8, 13.16667, 8.33333], "texture": "#3"},
				"up": {"uv": [9.66667, 13.16667, 9.33333, 13], "texture": "#3"},
				"down": {"uv": [10, 13, 9.66667, 13.16667], "texture": "#3"}
			}
		},
		{
			"from": [7.495, 6.65, 14.4],
			"to": [8.505, 6.85, 15.1],
			"rotation": {"angle": 0, "axis": "y", "origin": [8, 7.75, 15]},
			"faces": {
				"north": {"uv": [1, 13.66667, 1.33333, 13.75], "texture": "#3"},
				"east": {"uv": [13.66667, 12, 13.91667, 12.08333], "texture": "#3"},
				"south": {"uv": [13.66667, 1, 14, 1.08333], "texture": "#3"},
				"west": {"uv": [12.33333, 13.66667, 12.58333, 13.75], "texture": "#3"},
				"up": {"uv": [11.66667, 12.58333, 11.33333, 12.33333], "texture": "#3"},
				"down": {"uv": [12.66667, 11.33333, 12.33333, 11.58333], "texture": "#3"}
			}
		},
		{
			"from": [7.295, 6.75, 15.1],
			"to": [8.705, 10.65, 16.9],
			"rotation": {"angle": 0, "axis": "y", "origin": [8, 8.75, 15]},
			"faces": {
				"north": {"uv": [2.66667, 7, 3.16667, 8.33333], "texture": "#3"},
				"east": {"uv": [6.66667, 6.33333, 7.25, 7.66667], "texture": "#3"},
				"south": {"uv": [3.33333, 7, 3.83333, 8.33333], "texture": "#3"},
				"west": {"uv": [0, 7, 0.58333, 8.33333], "texture": "#3"},
				"up": {"uv": [10.5, 2.25, 10, 1.66667], "texture": "#3"},
				"down": {"uv": [3.16667, 10, 2.66667, 10.58333], "texture": "#3"}
			}
		},
		{
			"from": [7.4206, 7.55328, 2.5],
			"to": [7.9206, 8.65328, 5.6],
			"rotation": {"angle": 22.5, "axis": "z", "origin": [7.9206, 8.05328, 10]},
			"faces": {
				"north": {"uv": [1.66667, 13, 1.83333, 13.33333], "texture": "#3"},
				"east": {"uv": [9.66667, 3.66667, 10.66667, 4], "texture": "#3"},
				"south": {"uv": [13, 1.66667, 13.16667, 2], "texture": "#3"},
				"west": {"uv": [9.66667, 4, 10.66667, 4.33333], "texture": "#3"},
				"up": {"uv": [6.5, 12, 6.33333, 11], "texture": "#3"},
				"down": {"uv": [7.5, 11, 7.33333, 12], "texture": "#3"}
			}
		},
		{
			"from": [8.0794, 7.55328, 2.5],
			"to": [8.5794, 8.65328, 5.6],
			"rotation": {"angle": -22.5, "axis": "z", "origin": [8.0794, 8.05328, 10]},
			"faces": {
				"north": {"uv": [12.66667, 12.66667, 12.83333, 13], "texture": "#3"},
				"east": {"uv": [2.66667, 9.66667, 3.66667, 10], "texture": "#3"},
				"south": {"uv": [13, 1, 13.16667, 1.33333], "texture": "#3"},
				"west": {"uv": [9.66667, 3.33333, 10.66667, 3.66667], "texture": "#3"},
				"up": {"uv": [11.16667, 2, 11, 1], "texture": "#3"},
				"down": {"uv": [11.16667, 3, 11, 4], "texture": "#3"}
			}
		},
		{
			"from": [7.65, 7.4, 2.5],
			"to": [8.35, 8.5, 5.6],
			"rotation": {"angle": 0, "axis": "y", "origin": [8, 8, 10]},
			"faces": {
				"north": {"uv": [12.33333, 4.66667, 12.58333, 5], "texture": "#3"},
				"east": {"uv": [2.66667, 9.33333, 3.66667, 9.66667], "texture": "#3"},
				"south": {"uv": [5.33333, 12.33333, 5.58333, 12.66667], "texture": "#3"},
				"west": {"uv": [9, 9.33333, 10, 9.66667], "texture": "#3"},
				"up": {"uv": [10.91667, 2, 10.66667, 1], "texture": "#3"},
				"down": {"uv": [10.91667, 3.33333, 10.66667, 4.33333], "texture": "#3"}
			}
		},
		{
			"from": [7.22905, 8.41627, 2.5],
			"to": [8.77095, 9.01627, 5.6],
			"rotation": {"angle": 0, "axis": "y", "origin": [7.42095, 9.01627, 10]},
			"faces": {
				"north": {"uv": [12.33333, 5.66667, 12.83333, 5.83333], "texture": "#3"},
				"east": {"uv": [11.33333, 3, 12.33333, 3.16667], "texture": "#3"},
				"south": {"uv": [12.33333, 6, 12.83333, 6.16667], "texture": "#3"},
				"west": {"uv": [11.33333, 3.33333, 12.33333, 3.5], "texture": "#3"},
				"up": {"uv": [8.5, 1, 8, 0], "texture": "#3"},
				"down": {"uv": [8.5, 6.33333, 8, 7.33333], "texture": "#3"}
			}
		},
		{
			"from": [7.25737, 10.272, 2.5],
			"to": [8.74263, 10.872, 5.6],
			"rotation": {"angle": 0, "axis": "y", "origin": [7.44927, 10.872, 10]},
			"faces": {
				"north": {"uv": [12.33333, 6.33333, 12.83333, 6.5], "texture": "#3"},
				"east": {"uv": [11.33333, 3.66667, 12.33333, 3.83333], "texture": "#3"},
				"south": {"uv": [12.33333, 6.66667, 12.83333, 6.83333], "texture": "#3"},
				"west": {"uv": [4, 11.33333, 5, 11.5], "texture": "#3"},
				"up": {"uv": [8.5, 8.33333, 8, 7.33333], "texture": "#3"},
				"down": {"uv": [0.5, 8.33333, 0, 9.33333], "texture": "#3"}
			}
		},
		{
			"from": [7.6, 8.6, -5.05],
			"to": [8.4, 8.85, 2.3],
			"rotation": {"angle": 0, "axis": "y", "origin": [8, 8, 2]},
			"faces": {
				"north": {"uv": [13.66667, 4.66667, 13.91667, 4.75], "texture": "#3"},
				"east": {"uv": [10.66667, 8.66667, 13.08333, 8.75], "texture": "#3"},
				"south": {"uv": [5.33333, 13.66667, 5.58333, 13.75], "texture": "#3"},
				"west": {"uv": [10.66667, 9, 13.08333, 9.08333], "texture": "#3"},
				"up": {"uv": [7.58333, 8.75, 7.33333, 6.33333], "texture": "#3"},
				"down": {"uv": [7.91667, 6.33333, 7.66667, 8.75], "texture": "#3"}
			}
		},
		{
			"from": [7.6294, 8.75328, -4.95],
			"to": [7.8294, 9.15328, 1.55],
			"rotation": {"angle": -22.5, "axis": "z", "origin": [7.3294, 9.25328, 2.75]},
			"faces": {
				"north": {"uv": [0, 14, 0.08333, 14.16667], "texture": "#3"},
				"east": {"uv": [8.66667, 3, 10.83333, 3.16667], "texture": "#3"},
				"south": {"uv": [14, 0, 14.08333, 0.16667], "texture": "#3"},
				"west": {"uv": [9.33333, 2.33333, 11.5, 2.5], "texture": "#3"},
				"up": {"uv": [9.41667, 12.83333, 9.33333, 10.66667], "texture": "#3"},
				"down": {"uv": [9.75, 10.66667, 9.66667, 12.83333], "texture": "#3"}
			}
		},
		{
			"from": [8.1706, 8.75328, -4.95],
			"to": [8.3706, 9.15328, 1.55],
			"rotation": {"angle": 22.5, "axis": "z", "origin": [8.6706, 9.25328, 2.75]},
			"faces": {
				"north": {"uv": [0.33333, 14, 0.41667, 14.16667], "texture": "#3"},
				"east": {"uv": [9.33333, 5.33333, 11.5, 5.5], "texture": "#3"},
				"south": {"uv": [14, 0.33333, 14.08333, 0.5], "texture": "#3"},
				"west": {"uv": [9.33333, 5.66667, 11.5, 5.83333], "texture": "#3"},
				"up": {"uv": [10.75, 12.16667, 10.66667, 10], "texture": "#3"},
				"down": {"uv": [2.08333, 11, 2, 13.16667], "texture": "#3"}
			}
		},
		{
			"from": [7.36819, 8.97896, -0.32396],
			"to": [7.46819, 9.22896, 0.27604],
			"rotation": {"angle": -22.5, "axis": "x", "origin": [8.41819, 9.10396, 1.07604]},
			"faces": {
				"north": {"uv": [13.66667, 14, 13.75, 14.08333], "texture": "#3"},
				"east": {"uv": [13.66667, 13, 13.83333, 13.08333], "texture": "#3"},
				"south": {"uv": [14, 13.66667, 14.08333, 13.75], "texture": "#3"},
				"west": {"uv": [13.33333, 13.66667, 13.5, 13.75], "texture": "#3"},
				"up": {"uv": [13.75, 13.5, 13.66667, 13.33333], "texture": "#3"},
				"down": {"uv": [13.75, 13.66667, 13.66667, 13.83333], "texture": "#3"}
			}
		},
		{
			"from": [7.25, 9, 0.2],
			"to": [7.45, 9.5, 2.7],
			"rotation": {"angle": 22.5, "axis": "z", "origin": [8.3, 9.1, 1.2]},
			"faces": {
				"north": {"uv": [0.66667, 14, 0.75, 14.16667], "texture": "#3"},
				"east": {"uv": [11.66667, 7.66667, 12.5, 7.83333], "texture": "#3"},
				"south": {"uv": [14, 0.66667, 14.08333, 0.83333], "texture": "#3"},
				"west": {"uv": [11.66667, 8, 12.5, 8.16667], "texture": "#3"},
				"up": {"uv": [0.75, 13.5, 0.66667, 12.66667], "texture": "#3"},
				"down": {"uv": [1.08333, 12.66667, 1, 13.5], "texture": "#3"}
			}
		},
		{
			"from": [7.1779, 9.41773, 1.5],
			"to": [7.2769, 9.91773, 1.7],
			"rotation": {"angle": 22.5, "axis": "x", "origin": [8.22685, 9.51773, 1.1]},
			"faces": {
				"north": {"uv": [1, 14, 1.08333, 14.16667], "texture": "#3"},
				"east": {"uv": [14, 1, 14.08333, 1.16667], "texture": "#3"},
				"south": {"uv": [1.33333, 14, 1.41667, 14.16667], "texture": "#3"},
				"west": {"uv": [14, 1.33333, 14.08333, 1.5], "texture": "#3"},
				"up": {"uv": [14.41667, 1.08333, 14.33333, 1], "texture": "#3"},
				"down": {"uv": [1.41667, 14.33333, 1.33333, 14.41667], "texture": "#3"}
			}
		},
		{
			"from": [7.1779, 9, 1.75],
			"to": [7.2769, 9.5, 1.95],
			"rotation": {"angle": -22.5, "axis": "x", "origin": [7.2274, 9.36497, 1.56934]},
			"faces": {
				"north": {"uv": [1.66667, 14, 1.75, 14.16667], "texture": "#3"},
				"east": {"uv": [14, 1.66667, 14.08333, 1.83333], "texture": "#3"},
				"south": {"uv": [2, 14, 2.08333, 14.16667], "texture": "#3"},
				"west": {"uv": [14, 2, 14.08333, 2.16667], "texture": "#3"},
				"up": {"uv": [14.41667, 1.41667, 14.33333, 1.33333], "texture": "#3"},
				"down": {"uv": [1.75, 14.33333, 1.66667, 14.41667], "texture": "#3"}
			}
		},
		{
			"from": [7.17685, 9.06773, 0.2],
			"to": [7.37685, 9.31773, 2.7],
			"rotation": {"angle": 0, "axis": "y", "origin": [8.22685, 9.16773, 1.2]},
			"faces": {
				"north": {"uv": [14.33333, 0.66667, 14.41667, 0.75], "texture": "#3"},
				"east": {"uv": [12.33333, 12, 13.16667, 12.08333], "texture": "#3"},
				"south": {"uv": [1, 14.33333, 1.08333, 14.41667], "texture": "#3"},
				"west": {"uv": [12.66667, 1.33333, 13.5, 1.41667], "texture": "#3"},
				"up": {"uv": [1.41667, 13.5, 1.33333, 12.66667], "texture": "#3"},
				"down": {"uv": [12.75, 1.66667, 12.66667, 2.5], "texture": "#3"}
			}
		},
		{
			"from": [8.62315, 9.06773, 0.2],
			"to": [8.82315, 9.31773, 2.7],
			"rotation": {"angle": 0, "axis": "y", "origin": [7.77315, 9.16773, 1.2]},
			"faces": {
				"north": {"uv": [0.33333, 14.66667, 0.41667, 14.75], "texture": "#3"},
				"east": {"uv": [12.66667, 8.33333, 13.5, 8.41667], "texture": "#3"},
				"south": {"uv": [14.66667, 0.33333, 14.75, 0.41667], "texture": "#3"},
				"west": {"uv": [12.66667, 10, 13.5, 10.08333], "texture": "#3"},
				"up": {"uv": [10.75, 13.5, 10.66667, 12.66667], "texture": "#3"},
				"down": {"uv": [11.08333, 12.66667, 11, 13.5], "texture": "#3"}
			}
		},
		{
			"from": [8.7231, 9.41773, 1.5],
			"to": [8.8221, 9.91773, 1.7],
			"rotation": {"angle": 22.5, "axis": "x", "origin": [7.77315, 9.51773, 1.1]},
			"faces": {
				"north": {"uv": [9, 14, 9.08333, 14.16667], "texture": "#3"},
				"east": {"uv": [14, 9, 14.08333, 9.16667], "texture": "#3"},
				"south": {"uv": [9.33333, 14, 9.41667, 14.16667], "texture": "#3"},
				"west": {"uv": [14, 9.33333, 14.08333, 9.5], "texture": "#3"},
				"up": {"uv": [14.41667, 13.41667, 14.33333, 13.33333], "texture": "#3"},
				"down": {"uv": [13.75, 14.33333, 13.66667, 14.41667], "texture": "#3"}
			}
		},
		{
			"from": [8.7231, 9, 1.75],
			"to": [8.8221, 9.5, 1.95],
			"rotation": {"angle": -22.5, "axis": "x", "origin": [8.7726, 9.36497, 1.56934]},
			"faces": {
				"north": {"uv": [8.33333, 14, 8.41667, 14.16667], "texture": "#3"},
				"east": {"uv": [14, 8.33333, 14.08333, 8.5], "texture": "#3"},
				"south": {"uv": [8.66667, 14, 8.75, 14.16667], "texture": "#3"},
				"west": {"uv": [14, 8.66667, 14.08333, 8.83333], "texture": "#3"},
				"up": {"uv": [14.41667, 13.08333, 14.33333, 13], "texture": "#3"},
				"down": {"uv": [13.41667, 14.33333, 13.33333, 14.41667], "texture": "#3"}
			}
		},
		{
			"from": [8.55, 9, 0.2],
			"to": [8.75, 9.5, 2.7],
			"rotation": {"angle": -22.5, "axis": "z", "origin": [7.7, 9.1, 1.2]},
			"faces": {
				"north": {"uv": [6.66667, 14, 6.75, 14.16667], "texture": "#3"},
				"east": {"uv": [5, 12, 5.83333, 12.16667], "texture": "#3"},
				"south": {"uv": [14, 6.66667, 14.08333, 6.83333], "texture": "#3"},
				"west": {"uv": [12, 5, 12.83333, 5.16667], "texture": "#3"},
				"up": {"uv": [5.75, 13.5, 5.66667, 12.66667], "texture": "#3"},
				"down": {"uv": [6.41667, 12.66667, 6.33333, 13.5], "texture": "#3"}
			}
		},
		{
			"from": [8.53181, 8.97896, -0.32396],
			"to": [8.63181, 9.22896, 0.27604],
			"rotation": {"angle": -22.5, "axis": "x", "origin": [7.58181, 9.10396, 1.07604]},
			"faces": {
				"north": {"uv": [14.33333, 11.66667, 14.41667, 11.75], "texture": "#3"},
				"east": {"uv": [5.33333, 14, 5.5, 14.08333], "texture": "#3"},
				"south": {"uv": [12, 14.33333, 12.08333, 14.41667], "texture": "#3"},
				"west": {"uv": [14, 5.33333, 14.16667, 5.41667], "texture": "#3"},
				"up": {"uv": [5.75, 14.16667, 5.66667, 14], "texture": "#3"},
				"down": {"uv": [14.08333, 5.66667, 14, 5.83333], "texture": "#3"}
			}
		},
		{
			"from": [5.36732, 8.42388, -5.6],
			"to": [5.46732, 8.67388, -5.5],
			"rotation": {"angle": 0, "axis": "y", "origin": [6.13268, 8.92388, 2]},
			"faces": {
				"north": {"uv": [14, 14, 14.08333, 14.08333], "texture": "#3"},
				"east": {"uv": [0, 14.33333, 0.08333, 14.41667], "texture": "#3"},
				"south": {"uv": [14.33333, 0, 14.41667, 0.08333], "texture": "#3"},
				"west": {"uv": [0.33333, 14.33333, 0.41667, 14.41667], "texture": "#3"},
				"up": {"uv": [14.41667, 0.41667, 14.33333, 0.33333], "texture": "#3"},
				"down": {"uv": [0.75, 14.33333, 0.66667, 14.41667], "texture": "#3"}
			}
		},
		{
			"from": [7.95, 9.19486, -2.67967],
			"to": [8.05, 9.49486, -2.42967],
			"rotation": {"angle": -22.5, "axis": "x", "origin": [8.71537, 1.89486, -2.17967]},
			"faces": {
				"north": {"uv": [13.33333, 8.66667, 13.41667, 9], "texture": "#3"},
				"east": {"uv": [13.33333, 9, 13.41667, 9.33333], "texture": "#3"},
				"south": {"uv": [9.33333, 13.33333, 9.41667, 13.66667], "texture": "#3"},
				"west": {"uv": [13.33333, 9.33333, 13.41667, 9.66667], "texture": "#3"},
				"up": {"uv": [14.41667, 3.08333, 14.33333, 3], "texture": "#3"},
				"down": {"uv": [3.41667, 14.33333, 3.33333, 14.41667], "texture": "#3"}
			}
		},
		{
			"from": [7.95, 8.52067, -5.31903],
			"to": [8.05, 8.82067, -4.06903],
			"rotation": {"angle": 0, "axis": "y", "origin": [8.71537, 1.22067, -4.81903]},
			"faces": {
				"north": {"uv": [9.66667, 13.33333, 9.75, 13.66667], "texture": "#3"},
				"east": {"uv": [11.66667, 8.33333, 12.08333, 8.66667], "texture": "#3"},
				"south": {"uv": [13.33333, 9.66667, 13.41667, 10], "texture": "#3"},
				"west": {"uv": [11.33333, 11.66667, 11.75, 12], "texture": "#3"},
				"up": {"uv": [3.75, 13.75, 3.66667, 13.33333], "texture": "#3"},
				"down": {"uv": [4.75, 13.33333, 4.66667, 13.75], "texture": "#3"}
			}
		},
		{
			"from": [7.95, 8.575, -5.55],
			"to": [8.05, 8.725, -5.45],
			"rotation": {"angle": 0, "axis": "y", "origin": [8.71537, 9.075, 2.05]},
			"faces": {
				"north": {"uv": [14.33333, 3.33333, 14.41667, 3.41667], "texture": "#3"},
				"east": {"uv": [3.66667, 14.33333, 3.75, 14.41667], "texture": "#3"},
				"south": {"uv": [14.33333, 3.66667, 14.41667, 3.75], "texture": "#3"},
				"west": {"uv": [4, 14.33333, 4.08333, 14.41667], "texture": "#3"},
				"up": {"uv": [14.41667, 4.08333, 14.33333, 4], "texture": "#3"},
				"down": {"uv": [4.41667, 14.33333, 4.33333, 14.41667], "texture": "#3"}
			}
		},
		{
			"from": [10.53268, 8.42388, -5.6],
			"to": [10.63268, 8.67388, -5.5],
			"rotation": {"angle": 0, "axis": "y", "origin": [9.86732, 8.92388, 2]},
			"faces": {
				"north": {"uv": [14.33333, 1.66667, 14.41667, 1.75], "texture": "#3"},
				"east": {"uv": [2, 14.33333, 2.08333, 14.41667], "texture": "#3"},
				"south": {"uv": [14.33333, 2, 14.41667, 2.08333], "texture": "#3"},
				"west": {"uv": [2.33333, 14.33333, 2.41667, 14.41667], "texture": "#3"},
				"up": {"uv": [14.41667, 2.41667, 14.33333, 2.33333], "texture": "#3"},
				"down": {"uv": [2.75, 14.33333, 2.66667, 14.41667], "texture": "#3"}
			}
		},
		{
			"from": [7.36732, 8.42388, 2.5],
			"to": [8.63268, 8.67388, 8.5],
			"rotation": {"angle": 0, "axis": "y", "origin": [8.13268, 8.92388, 2]},
			"faces": {
				"north": {"uv": [13.33333, 3.33333, 13.75, 3.41667], "texture": "#3"},
				"east": {"uv": [8.66667, 0, 13.33333, 0.08333], "texture": "#3"},
				"south": {"uv": [13.33333, 3.66667, 13.75, 3.75], "texture": "#3"},
				"west": {"uv": [8.66667, 0.33333, 13.33333, 0.41667], "texture": "#3"},
				"up": {"uv": [0.41667, 6, 0, 1.33333], "texture": "#3"},
				"down": {"uv": [1.08333, 1.33333, 0.66667, 6], "texture": "#3"}
			}
		},
		{
			"from": [9.76732, 8.42388, -5.5],
			"to": [10.63268, 8.67388, 2.5],
			"rotation": {"angle": 0, "axis": "y", "origin": [7.13268, 8.92388, 2]},
			"faces": {
				"north": {"uv": [13.33333, 3.33333, 13.75, 3.41667], "texture": "#3"},
				"east": {"uv": [8.66667, 0, 13.33333, 0.08333], "texture": "#3"},
				"south": {"uv": [13.33333, 3.66667, 13.75, 3.75], "texture": "#3"},
				"west": {"uv": [8.66667, 0.33333, 13.33333, 0.41667], "texture": "#3"},
				"up": {"uv": [0.41667, 6, 0, 1.33333], "texture": "#3"},
				"down": {"uv": [1.08333, 1.33333, 0.66667, 6], "texture": "#3"}
			}
		},
		{
			"from": [5.36732, 8.42388, -5.5],
			"to": [6.13268, 8.67388, 2.5],
			"rotation": {"angle": 0, "axis": "y", "origin": [7.13268, 8.92388, 2]},
			"faces": {
				"north": {"uv": [13.33333, 3.33333, 13.75, 3.41667], "texture": "#3"},
				"east": {"uv": [8.66667, 0, 13.33333, 0.08333], "texture": "#3"},
				"south": {"uv": [13.33333, 3.66667, 13.75, 3.75], "texture": "#3"},
				"west": {"uv": [8.66667, 0.33333, 13.33333, 0.41667], "texture": "#3"},
				"up": {"uv": [0.41667, 6, 0, 1.33333], "texture": "#3"},
				"down": {"uv": [1.08333, 1.33333, 0.66667, 6], "texture": "#3"}
			}
		},
		{
			"from": [5.5206, 7.65328, -5.5005],
			"to": [6.0206, 8.65328, 2.5095],
			"rotation": {"angle": 22.5, "axis": "z", "origin": [6.0206, 8.15328, 2]},
			"faces": {
				"north": {"uv": [13, 2, 13.16667, 2.33333], "texture": "#3"},
				"east": {"uv": [3.33333, 0.66667, 8, 1], "texture": "#3"},
				"south": {"uv": [13, 2.33333, 13.16667, 2.66667], "texture": "#3"},
				"west": {"uv": [3.33333, 1, 8, 1.33333], "texture": "#3"},
				"up": {"uv": [4.16667, 11.33333, 4, 6.66667], "texture": "#3"},
				"down": {"uv": [4.5, 6.66667, 4.33333, 11.33333], "texture": "#3"}
			}
		},
		{
			"from": [9.9794, 7.65328, -5.5005],
			"to": [10.4794, 8.65328, 2.5095],
			"rotation": {"angle": -22.5, "axis": "z", "origin": [9.9794, 8.15328, 2]},
			"faces": {
				"north": {"uv": [12.33333, 12.66667, 12.5, 13], "texture": "#3"},
				"east": {"uv": [3.33333, 0, 8, 0.33333], "texture": "#3"},
				"south": {"uv": [12.66667, 12.33333, 12.83333, 12.66667], "texture": "#3"},
				"west": {"uv": [3.33333, 0.33333, 8, 0.66667], "texture": "#3"},
				"up": {"uv": [6.16667, 11, 6, 6.33333], "texture": "#3"},
				"down": {"uv": [6.5, 6.33333, 6.33333, 11], "texture": "#3"}
			}
		},
		{
			"name": "octagon",
			"from": [7.58579, 8.7, 2.65],
			"to": [8.41421, 10.7, 5.35],
			"rotation": {"angle": 45, "axis": "z", "origin": [8, 9.7, 4]},
			"faces": {
				"north": {"uv": [0, 0, 0.33333, 0.33333], "texture": "#1"},
				"east": {"uv": [0, 0, 0.33333, 0.33333], "texture": "#1"},
				"south": {"uv": [0, 0, 0.33333, 0.33333], "texture": "#1"},
				"west": {"uv": [0, 0, 0.33333, 0.33333], "texture": "#1"},
				"up": {"uv": [0, 0, 0.33333, 0.33333], "texture": "#1"},
				"down": {"uv": [0, 0, 0.33333, 0.33333], "texture": "#1"}
			}
		},
		{
			"name": "octagon",
			"from": [7, 9.28579, 2.65],
			"to": [9, 10.11421, 5.35],
			"rotation": {"angle": 45, "axis": "z", "origin": [8, 9.7, 4]},
			"faces": {
				"north": {"uv": [0, 0, 0.33333, 0.33333], "texture": "#1"},
				"east": {"uv": [0, 0, 0.33333, 0.33333], "texture": "#1"},
				"south": {"uv": [0, 0, 0.33333, 0.33333], "texture": "#1"},
				"west": {"uv": [0, 0, 0.33333, 0.33333], "texture": "#1"},
				"up": {"uv": [0, 0, 0.33333, 0.33333], "texture": "#1"},
				"down": {"uv": [0, 0, 0.33333, 0.33333], "texture": "#1"}
			}
		},
		{
			"name": "octagon",
			"from": [7, 9.28579, 2.65],
			"to": [9, 10.11421, 5.35],
			"rotation": {"angle": 0, "axis": "y", "origin": [8, 9.7, 4]},
			"faces": {
				"north": {"uv": [0, 0, 0.33333, 0.33333], "texture": "#1"},
				"east": {"uv": [0, 0, 0.33333, 0.33333], "texture": "#1"},
				"south": {"uv": [0, 0, 0.33333, 0.33333], "texture": "#1"},
				"west": {"uv": [0, 0, 0.33333, 0.33333], "texture": "#1"},
				"up": {"uv": [0, 0, 0.33333, 0.33333], "texture": "#1"},
				"down": {"uv": [0, 0, 0.33333, 0.33333], "texture": "#1"}
			}
		},
		{
			"name": "octagon",
			"from": [7.50294, 8.5, 5.1],
			"to": [8.49706, 10.9, 5.6],
			"rotation": {"angle": 45, "axis": "z", "origin": [8, 9.7, 5.35]},
			"faces": {
				"north": {"uv": [0, 0, 0.33333, 0.33333], "texture": "#2"},
				"east": {"uv": [0, 0, 0.33333, 0.33333], "texture": "#2"},
				"south": {"uv": [0, 0, 0.33333, 0.33333], "texture": "#2"},
				"west": {"uv": [0, 0, 0.33333, 0.33333], "texture": "#2"},
				"up": {"uv": [0, 0, 0.33333, 0.33333], "texture": "#2"},
				"down": {"uv": [0, 0, 0.33333, 0.33333], "texture": "#2"}
			}
		},
		{
			"name": "octagon",
			"from": [6.8, 9.20294, 5.1],
			"to": [9.2, 10.19706, 5.6],
			"rotation": {"angle": 45, "axis": "z", "origin": [8, 9.7, 5.35]},
			"faces": {
				"north": {"uv": [0, 0, 0.33333, 0.33333], "texture": "#2"},
				"east": {"uv": [0, 0, 0.33333, 0.33333], "texture": "#2"},
				"south": {"uv": [0, 0, 0.33333, 0.33333], "texture": "#2"},
				"west": {"uv": [0, 0, 0.33333, 0.33333], "texture": "#2"},
				"up": {"uv": [0, 0, 0.33333, 0.33333], "texture": "#2"},
				"down": {"uv": [0, 0, 0.33333, 0.33333], "texture": "#2"}
			}
		},
		{
			"name": "octagon",
			"from": [6.8, 9.20294, 5.1],
			"to": [9.2, 10.19706, 5.6],
			"rotation": {"angle": 0, "axis": "y", "origin": [8, 9.7, 5.35]},
			"faces": {
				"north": {"uv": [0, 0, 0.33333, 0.33333], "texture": "#2"},
				"east": {"uv": [0, 0, 0.33333, 0.33333], "texture": "#2"},
				"south": {"uv": [0, 0, 0.33333, 0.33333], "texture": "#2"},
				"west": {"uv": [0, 0, 0.33333, 0.33333], "texture": "#2"},
				"up": {"uv": [0, 0, 0.33333, 0.33333], "texture": "#2"},
				"down": {"uv": [0, 0, 0.33333, 0.33333], "texture": "#2"}
			}
		},
		{
			"name": "octagon",
			"from": [7.68934, 8.95, 1.5],
			"to": [8.31066, 9.05, 2.7],
			"rotation": {"angle": 45, "axis": "z", "origin": [8, 9.7, 1.75]},
			"faces": {
				"north": {"uv": [0, 0, 0.33333, 0.33333], "texture": "#1"},
				"east": {"uv": [0, 0, 0.33333, 0.33333], "texture": "#1"},
				"south": {"uv": [0, 0, 0.33333, 0.33333], "texture": "#1"},
				"west": {"uv": [0, 0, 0.33333, 0.33333], "texture": "#1"},
				"up": {"uv": [0, 0, 0.33333, 0.33333], "texture": "#1"},
				"down": {"uv": [0, 0, 0.33333, 0.33333], "texture": "#1"}
			}
		},
		{
			"name": "octagon",
			"from": [7.68934, 8.95, 2],
			"to": [8.31066, 9.05, 2.7],
			"rotation": {"angle": 0, "axis": "y", "origin": [8, 9.7, 1.75]},
			"faces": {
				"north": {"uv": [0, 0, 0.33333, 0.33333], "texture": "#1"},
				"east": {"uv": [0, 0, 0.33333, 0.33333], "texture": "#1"},
				"south": {"uv": [0, 0, 0.33333, 0.33333], "texture": "#1"},
				"west": {"uv": [0, 0, 0.33333, 0.33333], "texture": "#1"},
				"up": {"uv": [0, 0, 0.33333, 0.33333], "texture": "#1"},
				"down": {"uv": [0, 0, 0.33333, 0.33333], "texture": "#1"}
			}
		},
		{
			"name": "octagon",
			"from": [7.68934, 10.35, 1.5],
			"to": [8.31066, 10.45, 2.7],
			"rotation": {"angle": 45, "axis": "z", "origin": [8, 9.7, 1.75]},
			"faces": {
				"north": {"uv": [0, 0, 0.33333, 0.33333], "texture": "#1"},
				"east": {"uv": [0, 0, 0.33333, 0.33333], "texture": "#1"},
				"south": {"uv": [0, 0, 0.33333, 0.33333], "texture": "#1"},
				"west": {"uv": [0, 0, 0.33333, 0.33333], "texture": "#1"},
				"up": {"uv": [0, 0, 0.33333, 0.33333], "texture": "#1"},
				"down": {"uv": [0, 0, 0.33333, 0.33333], "texture": "#1"}
			}
		},
		{
			"name": "octagon",
			"from": [7.68934, 10.35, 2],
			"to": [8.31066, 10.45, 2.7],
			"rotation": {"angle": 0, "axis": "y", "origin": [8, 9.7, 1.75]},
			"faces": {
				"north": {"uv": [0, 0, 0.33333, 0.33333], "texture": "#1"},
				"east": {"uv": [0, 0, 0.33333, 0.33333], "texture": "#1"},
				"south": {"uv": [0, 0, 0.33333, 0.33333], "texture": "#1"},
				"west": {"uv": [0, 0, 0.33333, 0.33333], "texture": "#1"},
				"up": {"uv": [0, 0, 0.33333, 0.33333], "texture": "#1"},
				"down": {"uv": [0, 0, 0.33333, 0.33333], "texture": "#1"}
			}
		},
		{
			"name": "octagon",
			"from": [7.25, 9.38934, 1.5],
			"to": [7.35, 10.01066, 2.7],
			"rotation": {"angle": 45, "axis": "z", "origin": [8, 9.7, 1.75]},
			"faces": {
				"north": {"uv": [0, 0, 0.33333, 0.33333], "texture": "#1"},
				"east": {"uv": [0, 0, 0.33333, 0.33333], "texture": "#1"},
				"south": {"uv": [0, 0, 0.33333, 0.33333], "texture": "#1"},
				"west": {"uv": [0, 0, 0.33333, 0.33333], "texture": "#1"},
				"up": {"uv": [0, 0, 0.33333, 0.33333], "texture": "#1"},
				"down": {"uv": [0, 0, 0.33333, 0.33333], "texture": "#1"}
			}
		},
		{
			"name": "octagon",
			"from": [7.25, 9.38934, 2],
			"to": [7.35, 10.01066, 2.7],
			"rotation": {"angle": 0, "axis": "y", "origin": [8, 9.7, 1.75]},
			"faces": {
				"north": {"uv": [0, 0, 0.33333, 0.33333], "texture": "#1"},
				"east": {"uv": [0, 0, 0.33333, 0.33333], "texture": "#1"},
				"south": {"uv": [0, 0, 0.33333, 0.33333], "texture": "#1"},
				"west": {"uv": [0, 0, 0.33333, 0.33333], "texture": "#1"},
				"up": {"uv": [0, 0, 0.33333, 0.33333], "texture": "#1"},
				"down": {"uv": [0, 0, 0.33333, 0.33333], "texture": "#1"}
			}
		},
		{
			"name": "octagon",
			"from": [8.65, 9.38934, 1.5],
			"to": [8.75, 10.01066, 2.7],
			"rotation": {"angle": 45, "axis": "z", "origin": [8, 9.7, 1.75]},
			"faces": {
				"north": {"uv": [0, 0, 0.33333, 0.33333], "texture": "#1"},
				"east": {"uv": [0, 0, 0.33333, 0.33333], "texture": "#1"},
				"south": {"uv": [0, 0, 0.33333, 0.33333], "texture": "#1"},
				"west": {"uv": [0, 0, 0.33333, 0.33333], "texture": "#1"},
				"up": {"uv": [0, 0, 0.33333, 0.33333], "texture": "#1"},
				"down": {"uv": [0, 0, 0.33333, 0.33333], "texture": "#1"}
			}
		},
		{
			"name": "octagon",
			"from": [8.65, 9.38934, 2],
			"to": [8.75, 10.01066, 2.7],
			"rotation": {"angle": 0, "axis": "y", "origin": [8, 9.7, 1.75]},
			"faces": {
				"north": {"uv": [0, 0, 0.33333, 0.33333], "texture": "#1"},
				"east": {"uv": [0, 0, 0.33333, 0.33333], "texture": "#1"},
				"south": {"uv": [0, 0, 0.33333, 0.33333], "texture": "#1"},
				"west": {"uv": [0, 0, 0.33333, 0.33333], "texture": "#1"},
				"up": {"uv": [0, 0, 0.33333, 0.33333], "texture": "#1"},
				"down": {"uv": [0, 0, 0.33333, 0.33333], "texture": "#1"}
			}
		},
		{
			"name": "octagon",
			"from": [7.83431, 9.3, 1.5],
			"to": [8.16569, 9.4, 2.5],
			"rotation": {"angle": 45, "axis": "z", "origin": [8, 9.7, 2]},
			"faces": {
				"north": {"uv": [0, 0, 0.33333, 0.33333], "texture": "#1"},
				"east": {"uv": [0, 0, 0.33333, 0.33333], "texture": "#1"},
				"south": {"uv": [0, 0, 0.33333, 0.33333], "texture": "#1"},
				"west": {"uv": [0, 0, 0.33333, 0.33333], "texture": "#1"},
				"up": {"uv": [0, 0, 0.33333, 0.33333], "texture": "#1"},
				"down": {"uv": [0, 0, 0.33333, 0.33333], "texture": "#1"}
			}
		},
		{
			"name": "octagon",
			"from": [7.83431, 9.3, 1.75],
			"to": [8.16569, 9.4, 2.5],
			"rotation": {"angle": 0, "axis": "y", "origin": [8, 9.7, 2]},
			"faces": {
				"north": {"uv": [0, 0, 0.33333, 0.33333], "texture": "#1"},
				"east": {"uv": [0, 0, 0.33333, 0.33333], "texture": "#1"},
				"south": {"uv": [0, 0, 0.33333, 0.33333], "texture": "#1"},
				"west": {"uv": [0, 0, 0.33333, 0.33333], "texture": "#1"},
				"up": {"uv": [0, 0, 0.33333, 0.33333], "texture": "#1"},
				"down": {"uv": [0, 0, 0.33333, 0.33333], "texture": "#1"}
			}
		},
		{
			"name": "octagon",
			"from": [7.83431, 10, 1.5],
			"to": [8.16569, 10.1, 2.5],
			"rotation": {"angle": 45, "axis": "z", "origin": [8, 9.7, 2]},
			"faces": {
				"north": {"uv": [0, 0, 0.33333, 0.33333], "texture": "#1"},
				"east": {"uv": [0, 0, 0.33333, 0.33333], "texture": "#1"},
				"south": {"uv": [0, 0, 0.33333, 0.33333], "texture": "#1"},
				"west": {"uv": [0, 0, 0.33333, 0.33333], "texture": "#1"},
				"up": {"uv": [0, 0, 0.33333, 0.33333], "texture": "#1"},
				"down": {"uv": [0, 0, 0.33333, 0.33333], "texture": "#1"}
			}
		},
		{
			"name": "octagon",
			"from": [7.83431, 10, 1.75],
			"to": [8.16569, 10.1, 2.5],
			"rotation": {"angle": 0, "axis": "y", "origin": [8, 9.7, 2]},
			"faces": {
				"north": {"uv": [0, 0, 0.33333, 0.33333], "texture": "#1"},
				"east": {"uv": [0, 0, 0.33333, 0.33333], "texture": "#1"},
				"south": {"uv": [0, 0, 0.33333, 0.33333], "texture": "#1"},
				"west": {"uv": [0, 0, 0.33333, 0.33333], "texture": "#1"},
				"up": {"uv": [0, 0, 0.33333, 0.33333], "texture": "#1"},
				"down": {"uv": [0, 0, 0.33333, 0.33333], "texture": "#1"}
			}
		},
		{
			"name": "octagon",
			"from": [7.6, 9.53431, 1.5],
			"to": [7.7, 9.86569, 2.5],
			"rotation": {"angle": 45, "axis": "z", "origin": [8, 9.7, 2]},
			"faces": {
				"north": {"uv": [0, 0, 0.33333, 0.33333], "texture": "#1"},
				"east": {"uv": [0, 0, 0.33333, 0.33333], "texture": "#1"},
				"south": {"uv": [0, 0, 0.33333, 0.33333], "texture": "#1"},
				"west": {"uv": [0, 0, 0.33333, 0.33333], "texture": "#1"},
				"up": {"uv": [0, 0, 0.33333, 0.33333], "texture": "#1"},
				"down": {"uv": [0, 0, 0.33333, 0.33333], "texture": "#1"}
			}
		},
		{
			"name": "octagon",
			"from": [7.6, 9.53431, 1.5],
			"to": [7.7, 9.86569, 2.5],
			"rotation": {"angle": 0, "axis": "y", "origin": [8, 9.7, 2]},
			"faces": {
				"north": {"uv": [0, 0, 0.33333, 0.33333], "texture": "#1"},
				"east": {"uv": [0, 0, 0.33333, 0.33333], "texture": "#1"},
				"south": {"uv": [0, 0, 0.33333, 0.33333], "texture": "#1"},
				"west": {"uv": [0, 0, 0.33333, 0.33333], "texture": "#1"},
				"up": {"uv": [0, 0, 0.33333, 0.33333], "texture": "#1"},
				"down": {"uv": [0, 0, 0.33333, 0.33333], "texture": "#1"}
			}
		},
		{
			"name": "octagon",
			"from": [8.3, 9.53431, 1.5],
			"to": [8.4, 9.86569, 2.5],
			"rotation": {"angle": 45, "axis": "z", "origin": [8, 9.7, 2]},
			"faces": {
				"north": {"uv": [0, 0, 0.33333, 0.33333], "texture": "#1"},
				"east": {"uv": [0, 0, 0.33333, 0.33333], "texture": "#1"},
				"south": {"uv": [0, 0, 0.33333, 0.33333], "texture": "#1"},
				"west": {"uv": [0, 0, 0.33333, 0.33333], "texture": "#1"},
				"up": {"uv": [0, 0, 0.33333, 0.33333], "texture": "#1"},
				"down": {"uv": [0, 0, 0.33333, 0.33333], "texture": "#1"}
			}
		},
		{
			"name": "octagon",
			"from": [8.3, 9.53431, 1.5],
			"to": [8.4, 9.86569, 2.5],
			"rotation": {"angle": 0, "axis": "y", "origin": [8, 9.7, 2]},
			"faces": {
				"north": {"uv": [0, 0, 0.33333, 0.33333], "texture": "#1"},
				"east": {"uv": [0, 0, 0.33333, 0.33333], "texture": "#1"},
				"south": {"uv": [0, 0, 0.33333, 0.33333], "texture": "#1"},
				"west": {"uv": [0, 0, 0.33333, 0.33333], "texture": "#1"},
				"up": {"uv": [0, 0, 0.33333, 0.33333], "texture": "#1"},
				"down": {"uv": [0, 0, 0.33333, 0.33333], "texture": "#1"}
			}
		},
		{
			"from": [7.9794, 10.64672, 2.4995],
			"to": [8.4794, 11.34672, 7.4995],
			"rotation": {"angle": 22.5, "axis": "z", "origin": [7.9794, 11.14672, 2]},
			"faces": {
				"north": {"uv": [13, 13, 13.16667, 13.25], "texture": "#3"},
				"east": {"uv": [5.33333, 3.33333, 9.66667, 3.58333], "texture": "#3"},
				"south": {"uv": [13.33333, 0, 13.5, 0.25], "texture": "#3"},
				"west": {"uv": [5.33333, 3.66667, 9.66667, 3.91667], "texture": "#3"},
				"up": {"uv": [0.83333, 11.33333, 0.66667, 7], "texture": "#3"},
				"down": {"uv": [1.16667, 7, 1, 11.33333], "texture": "#3"}
			}
		},
		{
			"from": [5.5206, 10.64672, -5.6],
			"to": [5.6206, 11.34672, -5.5],
			"rotation": {"angle": -22.5, "axis": "z", "origin": [6.0206, 11.14672, 2]},
			"faces": {
				"north": {"uv": [13.66667, 5.33333, 13.75, 5.58333], "texture": "#3"},
				"east": {"uv": [5.66667, 13.66667, 5.75, 13.91667], "texture": "#3"},
				"south": {"uv": [13.66667, 5.66667, 13.75, 5.91667], "texture": "#3"},
				"west": {"uv": [6, 13.66667, 6.08333, 13.91667], "texture": "#3"},
				"up": {"uv": [14.41667, 4.41667, 14.33333, 4.33333], "texture": "#3"},
				"down": {"uv": [4.75, 14.33333, 4.66667, 14.41667], "texture": "#3"}
			}
		},
		{
			"from": [10.3794, 10.64672, -5.6],
			"to": [10.4794, 11.34672, -5.5],
			"rotation": {"angle": 22.5, "axis": "z", "origin": [9.9794, 11.14672, 2]},
			"faces": {
				"north": {"uv": [13.66667, 6, 13.75, 6.25], "texture": "#3"},
				"east": {"uv": [6.33333, 13.66667, 6.41667, 13.91667], "texture": "#3"},
				"south": {"uv": [6.66667, 13.66667, 6.75, 13.91667], "texture": "#3"},
				"west": {"uv": [7, 13.66667, 7.08333, 13.91667], "texture": "#3"},
				"up": {"uv": [14.41667, 4.75, 14.33333, 4.66667], "texture": "#3"},
				"down": {"uv": [5.08333, 14.33333, 5, 14.41667], "texture": "#3"}
			}
		},
		{
			"from": [7.5206, 10.64672, 2.4995],
			"to": [8.0206, 11.34672, 7.4995],
			"rotation": {"angle": -22.5, "axis": "z", "origin": [8.0206, 11.14672, 2]},
			"faces": {
				"north": {"uv": [13.33333, 0.33333, 13.5, 0.58333], "texture": "#3"},
				"east": {"uv": [5.33333, 4, 9.66667, 4.25], "texture": "#3"},
				"south": {"uv": [13.33333, 0.66667, 13.5, 0.91667], "texture": "#3"},
				"west": {"uv": [5.33333, 4.33333, 9.66667, 4.58333], "texture": "#3"},
				"up": {"uv": [1.5, 11.33333, 1.33333, 7], "texture": "#3"},
				"down": {"uv": [1.83333, 7, 1.66667, 11.33333], "texture": "#3"}
			}
		},
		{
			"from": [5.63519, 11.42284, -5.6],
			"to": [6.36481, 11.52284, -5.5],
			"rotation": {"angle": 0, "axis": "y", "origin": [6.88519, 11.02284, 2]},
			"faces": {
				"north": {"uv": [13.66667, 7, 13.91667, 7.08333], "texture": "#3"},
				"east": {"uv": [14.33333, 5, 14.41667, 5.08333], "texture": "#3"},
				"south": {"uv": [7.33333, 13.66667, 7.58333, 13.75], "texture": "#3"},
				"west": {"uv": [5.33333, 14.33333, 5.41667, 14.41667], "texture": "#3"},
				"up": {"uv": [13.91667, 7.41667, 13.66667, 7.33333], "texture": "#3"},
				"down": {"uv": [7.91667, 13.66667, 7.66667, 13.75], "texture": "#3"}
			}
		},
		{
			"from": [9.63519, 11.42284, -5.6],
			"to": [10.36481, 11.52284, -5.5],
			"rotation": {"angle": 0, "axis": "y", "origin": [8.88519, 11.02284, 2]},
			"faces": {
				"north": {"uv": [13.66667, 7, 13.91667, 7.08333], "texture": "#3"},
				"east": {"uv": [14.33333, 5, 14.41667, 5.08333], "texture": "#3"},
				"south": {"uv": [7.33333, 13.66667, 7.58333, 13.75], "texture": "#3"},
				"west": {"uv": [5.33333, 14.33333, 5.41667, 14.41667], "texture": "#3"},
				"up": {"uv": [13.91667, 7.41667, 13.66667, 7.33333], "texture": "#3"},
				"down": {"uv": [7.91667, 13.66667, 7.66667, 13.75], "texture": "#3"}
			}
		},
		{
			"from": [7.63519, 10.8, 2.5],
			"to": [8.36481, 11.52284, 7.5],
			"rotation": {"angle": 0, "axis": "y", "origin": [8, 11.3, 2]},
			"faces": {
				"north": {"uv": [12.66667, 11.33333, 12.91667, 11.58333], "texture": "#3"},
				"east": {"uv": [5.33333, 4.66667, 9.66667, 4.91667], "texture": "#3"},
				"south": {"uv": [12, 12.66667, 12.25, 12.91667], "texture": "#3"},
				"west": {"uv": [5.33333, 5, 9.66667, 5.25], "texture": "#3"},
				"up": {"uv": [5.58333, 9.66667, 5.33333, 5.33333], "texture": "#3"},
				"down": {"uv": [5.91667, 5.33333, 5.66667, 9.66667], "texture": "#3"}
			}
		},
		{
			"from": [7.8, 11.3, 1],
			"to": [8.2, 11.8, 3],
			"rotation": {"angle": -22.5, "axis": "x", "origin": [8.06481, 11.3, 2.5]},
			"faces": {
				"north": {"uv": [13.33333, 10.33333, 13.5, 10.5], "texture": "#3"},
				"east": {"uv": [12, 10.66667, 12.66667, 10.83333], "texture": "#3"},
				"south": {"uv": [13.33333, 10.66667, 13.5, 10.83333], "texture": "#3"},
				"west": {"uv": [11, 12, 11.66667, 12.16667], "texture": "#3"},
				"up": {"uv": [12.16667, 11.66667, 12, 11], "texture": "#3"},
				"down": {"uv": [11.83333, 12, 11.66667, 12.66667], "texture": "#3"}
			}
		},
		{
			"from": [7.79, 6.3, 6.5],
			"to": [8.21, 6.8, 8.5],
			"rotation": {"angle": 0, "axis": "y", "origin": [8.06481, 6.3, 8]},
			"faces": {
				"north": {"uv": [13.33333, 12.33333, 13.5, 12.5], "texture": "#3"},
				"east": {"uv": [1, 12.33333, 1.66667, 12.5], "texture": "#3"},
				"south": {"uv": [12.66667, 13.33333, 12.83333, 13.5], "texture": "#3"},
				"west": {"uv": [12.33333, 1, 13, 1.16667], "texture": "#3"},
				"up": {"uv": [12.5, 2, 12.33333, 1.33333], "texture": "#3"},
				"down": {"uv": [1.83333, 12.33333, 1.66667, 13], "texture": "#3"}
			}
		},
		{
			"from": [7.8, 6.65355, 5.64645],
			"to": [8.2, 7.15355, 6.64645],
			"rotation": {"angle": 45, "axis": "x", "origin": [8.06481, 6.65355, 6.14645]},
			"faces": {
				"north": {"uv": [13.33333, 12.66667, 13.5, 12.83333], "texture": "#3"},
				"east": {"uv": [13, 3.66667, 13.33333, 3.83333], "texture": "#3"},
				"south": {"uv": [13, 13.33333, 13.16667, 13.5], "texture": "#3"},
				"west": {"uv": [13, 4, 13.33333, 4.16667], "texture": "#3"},
				"up": {"uv": [4.83333, 13.33333, 4.66667, 13], "texture": "#3"},
				"down": {"uv": [5.16667, 13, 5, 13.33333], "texture": "#3"}
			}
		},
		{
			"from": [7.75, 7.00711, 5.79289],
			"to": [8.25, 7.50711, 6.29289],
			"rotation": {"angle": 0, "axis": "y", "origin": [8.06481, 7.00711, 6.29289]},
			"faces": {
				"north": {"uv": [13.33333, 13, 13.5, 13.16667], "texture": "#3"},
				"east": {"uv": [13.33333, 13.33333, 13.5, 13.5], "texture": "#3"},
				"south": {"uv": [13.66667, 0, 13.83333, 0.16667], "texture": "#3"},
				"west": {"uv": [13.66667, 0.33333, 13.83333, 0.5], "texture": "#3"},
				"up": {"uv": [0.83333, 13.83333, 0.66667, 13.66667], "texture": "#3"},
				"down": {"uv": [13.83333, 0.66667, 13.66667, 0.83333], "texture": "#3"}
			}
		},
		{
			"from": [7.8, 11.45328, 2.7706],
			"to": [8.2, 11.95328, 5.7706],
			"rotation": {"angle": 0, "axis": "y", "origin": [8.06481, 11.45328, 4.2706]},
			"faces": {
				"north": {"uv": [13.33333, 11, 13.5, 11.16667], "texture": "#3"},
				"east": {"uv": [11, 4, 12, 4.16667], "texture": "#3"},
				"south": {"uv": [11.33333, 13.33333, 11.5, 13.5], "texture": "#3"},
				"west": {"uv": [11, 5, 12, 5.16667], "texture": "#3"},
				"up": {"uv": [1.16667, 12.33333, 1, 11.33333], "texture": "#3"},
				"down": {"uv": [11.5, 1, 11.33333, 2], "texture": "#3"}
			}
		},
		{
			"from": [7.5, 10.95328, 5.7706],
			"to": [8.5, 11.95328, 7.0706],
			"rotation": {"angle": 0, "axis": "y", "origin": [8.06481, 11.45328, 5.2706]},
			"faces": {
				"north": {"uv": [9.66667, 9, 10, 9.33333], "texture": "#3"},
				"east": {"uv": [1.33333, 12, 1.75, 12.33333], "texture": "#3"},
				"south": {"uv": [3.33333, 10, 3.66667, 10.33333], "texture": "#3"},
				"west": {"uv": [12, 7.33333, 12.41667, 7.66667], "texture": "#3"},
				"up": {"uv": [9.33333, 11.75, 9, 11.33333], "texture": "#3"},
				"down": {"uv": [6.66667, 12, 6.33333, 12.41667], "texture": "#3"}
			}
		},
		{
			"from": [7.5, 10.8, 6.8412],
			"to": [8.5, 11.8, 10.8412],
			"rotation": {"angle": 22.5, "axis": "x", "origin": [8.06481, 11.3, 7.3412]},
			"faces": {
				"north": {"uv": [5.33333, 11.66667, 5.66667, 12], "texture": "#3"},
				"east": {"uv": [8, 1, 9.33333, 1.33333], "texture": "#3"},
				"south": {"uv": [12, 11.66667, 12.33333, 12], "texture": "#3"},
				"west": {"uv": [8, 8.33333, 9.33333, 8.66667], "texture": "#3"},
				"up": {"uv": [9, 7.66667, 8.66667, 6.33333], "texture": "#3"},
				"down": {"uv": [8.33333, 8.66667, 8, 10], "texture": "#3"}
			}
		},
		{
			"from": [7.6, 11.95328, 5.8706],
			"to": [8.4, 12.15328, 6.8706],
			"rotation": {"angle": 0, "axis": "y", "origin": [8.06481, 11.65328, 6.2706]},
			"faces": {
				"north": {"uv": [13.66667, 10.66667, 13.91667, 10.75], "texture": "#3"},
				"east": {"uv": [13.33333, 11.33333, 13.66667, 11.41667], "texture": "#3"},
				"south": {"uv": [11, 13.66667, 11.25, 13.75], "texture": "#3"},
				"west": {"uv": [11.66667, 13.33333, 12, 13.41667], "texture": "#3"},
				"up": {"uv": [7.58333, 12.66667, 7.33333, 12.33333], "texture": "#3"},
				"down": {"uv": [7.91667, 12.33333, 7.66667, 12.66667], "texture": "#3"}
			}
		},
		{
			"from": [7.6, 12.40683, 6.22415],
			"to": [8.4, 12.50683, 6.32415],
			"rotation": {"angle": 0, "axis": "y", "origin": [8.06481, 11.85328, 6.3706]},
			"faces": {
				"north": {"uv": [13.66667, 11, 13.91667, 11.08333], "texture": "#3"},
				"east": {"uv": [0.66667, 14.66667, 0.75, 14.75], "texture": "#3"},
				"south": {"uv": [11.33333, 13.66667, 11.58333, 13.75], "texture": "#3"},
				"west": {"uv": [14.66667, 0.66667, 14.75, 0.75], "texture": "#3"},
				"up": {"uv": [13.91667, 11.41667, 13.66667, 11.33333], "texture": "#3"},
				"down": {"uv": [11.91667, 13.66667, 11.66667, 13.75], "texture": "#3"}
			}
		},
		{
			"from": [7.6, 12.15328, 6.32415],
			"to": [8.4, 12.50683, 6.82415],
			"rotation": {"angle": 0, "axis": "y", "origin": [8.06481, 11.85328, 6.2706]},
			"faces": {
				"north": {"uv": [13.66667, 11.66667, 13.91667, 11.75], "texture": "#3"},
				"east": {"uv": [11.33333, 14, 11.5, 14.08333], "texture": "#3"},
				"south": {"uv": [12, 13.66667, 12.25, 13.75], "texture": "#3"},
				"west": {"uv": [14, 11.33333, 14.16667, 11.41667], "texture": "#3"},
				"up": {"uv": [13.58333, 2.16667, 13.33333, 2], "texture": "#3"},
				"down": {"uv": [2.58333, 13.33333, 2.33333, 13.5], "texture": "#3"}
			}
		},
		{
			"from": [8.3, 12.18257, 6.10699],
			"to": [8.4, 12.58257, 6.60699],
			"rotation": {"angle": -45, "axis": "x", "origin": [8.06481, 12.08257, 6.50699]},
			"faces": {
				"north": {"uv": [10, 14, 10.08333, 14.16667], "texture": "#3"},
				"east": {"uv": [13.33333, 11.66667, 13.5, 11.83333], "texture": "#3"},
				"south": {"uv": [14, 10, 14.08333, 10.16667], "texture": "#3"},
				"west": {"uv": [12, 13.33333, 12.16667, 13.5], "texture": "#3"},
				"up": {"uv": [10.41667, 14.16667, 10.33333, 14], "texture": "#3"},
				"down": {"uv": [14.08333, 10.33333, 14, 10.5], "texture": "#3"}
			}
		},
		{
			"from": [7.6, 12.18257, 6.10699],
			"to": [7.7, 12.58257, 6.60699],
			"rotation": {"angle": -45, "axis": "x", "origin": [7.93519, 12.08257, 6.50699]},
			"faces": {
				"north": {"uv": [10.66667, 14, 10.75, 14.16667], "texture": "#3"},
				"east": {"uv": [13.33333, 12, 13.5, 12.16667], "texture": "#3"},
				"south": {"uv": [14, 10.66667, 14.08333, 10.83333], "texture": "#3"},
				"west": {"uv": [12.33333, 13.33333, 12.5, 13.5], "texture": "#3"},
				"up": {"uv": [11.08333, 14.16667, 11, 14], "texture": "#3"},
				"down": {"uv": [14.08333, 11, 14, 11.16667], "texture": "#3"}
			}
		},
		{
			"from": [7.45125, 10.64672, 2.5],
			"to": [7.9206, 11.3926, 5.6],
			"rotation": {"angle": -22.5, "axis": "z", "origin": [7.9206, 11.24672, 10]},
			"faces": {
				"north": {"uv": [13.33333, 1, 13.5, 1.25], "texture": "#3"},
				"east": {"uv": [10, 5, 11, 5.25], "texture": "#3"},
				"south": {"uv": [1.66667, 13.33333, 1.83333, 13.58333], "texture": "#3"},
				"west": {"uv": [10.66667, 2, 11.66667, 2.25], "texture": "#3"},
				"up": {"uv": [7.83333, 12, 7.66667, 11], "texture": "#3"},
				"down": {"uv": [11.16667, 10, 11, 11], "texture": "#3"}
			}
		},
		{
			"from": [8.0794, 10.64672, 2.5],
			"to": [8.54875, 11.3926, 5.6],
			"rotation": {"angle": 22.5, "axis": "z", "origin": [8.0794, 11.24672, 10]},
			"faces": {
				"north": {"uv": [13.33333, 1.66667, 13.5, 1.91667], "texture": "#3"},
				"east": {"uv": [10.66667, 4.33333, 11.66667, 4.58333], "texture": "#3"},
				"south": {"uv": [2, 13.33333, 2.16667, 13.58333], "texture": "#3"},
				"west": {"uv": [10.66667, 4.66667, 11.66667, 4.91667], "texture": "#3"},
				"up": {"uv": [11.16667, 12, 11, 11], "texture": "#3"},
				"down": {"uv": [0.83333, 11.33333, 0.66667, 12.33333], "texture": "#3"}
			}
		},
		{
			"from": [7.54281, 10.8, 2.5],
			"to": [8.45719, 11.5611, 5.6],
			"rotation": {"angle": 0, "axis": "y", "origin": [8, 11.3, 10]},
			"faces": {
				"north": {"uv": [12.33333, 5.33333, 12.66667, 5.58333], "texture": "#3"},
				"east": {"uv": [10.66667, 6.33333, 11.66667, 6.58333], "texture": "#3"},
				"south": {"uv": [5.66667, 12.33333, 6, 12.58333], "texture": "#3"},
				"west": {"uv": [10.66667, 6.66667, 11.66667, 6.91667], "texture": "#3"},
				"up": {"uv": [4, 10.33333, 3.66667, 9.33333], "texture": "#3"},
				"down": {"uv": [10, 4.33333, 9.66667, 5.33333], "texture": "#3"}
			}
		},
		{
			"from": [7.6, 10.45, -5.05],
			"to": [8.4, 10.7, 2.3],
			"rotation": {"angle": 0, "axis": "y", "origin": [8, 11.3, 2]},
			"faces": {
				"north": {"uv": [13.66667, 7.66667, 13.91667, 7.75], "texture": "#3"},
				"east": {"uv": [10.66667, 9.33333, 13.08333, 9.41667], "texture": "#3"},
				"south": {"uv": [8, 13.66667, 8.25, 13.75], "texture": "#3"},
				"west": {"uv": [10.66667, 9.66667, 13.08333, 9.75], "texture": "#3"},
				"up": {"uv": [6.91667, 10.08333, 6.66667, 7.66667], "texture": "#3"},
				"down": {"uv": [7.25, 7.66667, 7, 10.08333], "texture": "#3"}
			}
		},
		{
			"from": [7.6294, 10.14672, -4.95],
			"to": [7.8294, 10.54672, 1.55],
			"rotation": {"angle": 22.5, "axis": "z", "origin": [7.3294, 10.04672, 2.75]},
			"faces": {
				"north": {"uv": [2.33333, 14, 2.41667, 14.16667], "texture": "#3"},
				"east": {"uv": [9.33333, 6, 11.5, 6.16667], "texture": "#3"},
				"south": {"uv": [14, 2.33333, 14.08333, 2.5], "texture": "#3"},
				"west": {"uv": [9.33333, 7.66667, 11.5, 7.83333], "texture": "#3"},
				"up": {"uv": [2.41667, 13.16667, 2.33333, 11], "texture": "#3"},
				"down": {"uv": [3.41667, 11, 3.33333, 13.16667], "texture": "#3"}
			}
		},
		{
			"from": [8.1706, 10.14672, -4.95],
			"to": [8.3706, 10.54672, 1.55],
			"rotation": {"angle": -22.5, "axis": "z", "origin": [8.6706, 10.04672, 2.75]},
			"faces": {
				"north": {"uv": [2.66667, 14, 2.75, 14.16667], "texture": "#3"},
				"east": {"uv": [9.33333, 8, 11.5, 8.16667], "texture": "#3"},
				"south": {"uv": [14, 2.66667, 14.08333, 2.83333], "texture": "#3"},
				"west": {"uv": [9.33333, 8.33333, 11.5, 8.5], "texture": "#3"},
				"up": {"uv": [3.75, 13.16667, 3.66667, 11], "texture": "#3"},
				"down": {"uv": [6.08333, 11, 6, 13.16667], "texture": "#3"}
			}
		},
		{
			"from": [7.36819, 10.07104, -0.32396],
			"to": [7.46819, 10.32104, 0.27604],
			"rotation": {"angle": 22.5, "axis": "x", "origin": [8.41819, 10.19604, 1.07604]},
			"faces": {
				"north": {"uv": [14.33333, 5.33333, 14.41667, 5.41667], "texture": "#3"},
				"east": {"uv": [3, 14, 3.16667, 14.08333], "texture": "#3"},
				"south": {"uv": [5.66667, 14.33333, 5.75, 14.41667], "texture": "#3"},
				"west": {"uv": [14, 3, 14.16667, 3.08333], "texture": "#3"},
				"up": {"uv": [3.41667, 14.16667, 3.33333, 14], "texture": "#3"},
				"down": {"uv": [14.08333, 3.33333, 14, 3.5], "texture": "#3"}
			}
		},
		{
			"from": [7.25, 9.8, 0.2],
			"to": [7.45, 10.3, 2.7],
			"rotation": {"angle": -22.5, "axis": "z", "origin": [8.3, 10.2, 1.2]},
			"faces": {
				"north": {"uv": [3.66667, 14, 3.75, 14.16667], "texture": "#3"},
				"east": {"uv": [4, 12, 4.83333, 12.16667], "texture": "#3"},
				"south": {"uv": [14, 3.66667, 14.08333, 3.83333], "texture": "#3"},
				"west": {"uv": [12, 4, 12.83333, 4.16667], "texture": "#3"},
				"up": {"uv": [12.75, 3.83333, 12.66667, 3], "texture": "#3"},
				"down": {"uv": [4.08333, 12.66667, 4, 13.5], "texture": "#3"}
			}
		},
		{
			"from": [7.17685, 9.31773, 1.6],
			"to": [7.27685, 9.98227, 1.85],
			"rotation": {"angle": 0, "axis": "y", "origin": [8.22685, 9.88227, 1.2]},
			"faces": {
				"north": {"uv": [13.66667, 8, 13.75, 8.25], "texture": "#3"},
				"east": {"uv": [8.33333, 13.66667, 8.41667, 13.91667], "texture": "#3"},
				"south": {"uv": [13.66667, 8.33333, 13.75, 8.58333], "texture": "#3"},
				"west": {"uv": [8.66667, 13.66667, 8.75, 13.91667], "texture": "#3"},
				"up": {"uv": [14.41667, 5.75, 14.33333, 5.66667], "texture": "#3"},
				"down": {"uv": [6.08333, 14.33333, 6, 14.41667], "texture": "#3"}
			}
		},
		{
			"from": [7.1779, 9.38227, 1.5],
			"to": [7.2769, 9.88227, 1.7],
			"rotation": {"angle": -22.5, "axis": "x", "origin": [8.22685, 9.78227, 1.1]},
			"faces": {
				"north": {"uv": [4, 14, 4.08333, 14.16667], "texture": "#3"},
				"east": {"uv": [14, 4, 14.08333, 4.16667], "texture": "#3"},
				"south": {"uv": [4.33333, 14, 4.41667, 14.16667], "texture": "#3"},
				"west": {"uv": [14, 4.33333, 14.08333, 4.5], "texture": "#3"},
				"up": {"uv": [14.41667, 6.08333, 14.33333, 6], "texture": "#3"},
				"down": {"uv": [6.41667, 14.33333, 6.33333, 14.41667], "texture": "#3"}
			}
		},
		{
			"from": [7.1779, 9.8, 1.75],
			"to": [7.2769, 10.3, 1.95],
			"rotation": {"angle": 22.5, "axis": "x", "origin": [7.2274, 9.93503, 1.56934]},
			"faces": {
				"north": {"uv": [4.66667, 14, 4.75, 14.16667], "texture": "#3"},
				"east": {"uv": [14, 4.66667, 14.08333, 4.83333], "texture": "#3"},
				"south": {"uv": [5, 14, 5.08333, 14.16667], "texture": "#3"},
				"west": {"uv": [14, 5, 14.08333, 5.16667], "texture": "#3"},
				"up": {"uv": [14.41667, 6.41667, 14.33333, 6.33333], "texture": "#3"},
				"down": {"uv": [6.75, 14.33333, 6.66667, 14.41667], "texture": "#3"}
			}
		},
		{
			"from": [7.17685, 9.31773, 2.5],
			"to": [7.27685, 9.98227, 2.7],
			"rotation": {"angle": 0, "axis": "y", "origin": [8.22685, 9.88227, 2]},
			"faces": {
				"north": {"uv": [13.66667, 8.66667, 13.75, 8.91667], "texture": "#3"},
				"east": {"uv": [9, 13.66667, 9.08333, 13.91667], "texture": "#3"},
				"south": {"uv": [13.66667, 9, 13.75, 9.25], "texture": "#3"},
				"west": {"uv": [9.33333, 13.66667, 9.41667, 13.91667], "texture": "#3"},
				"up": {"uv": [14.41667, 6.75, 14.33333, 6.66667], "texture": "#3"},
				"down": {"uv": [7.08333, 14.33333, 7, 14.41667], "texture": "#3"}
			}
		},
		{
			"from": [7.17685, 9.98227, 0.2],
			"to": [7.37685, 10.23227, 2.7],
			"rotation": {"angle": 0, "axis": "y", "origin": [8.22685, 10.13227, 1.2]},
			"faces": {
				"north": {"uv": [14.33333, 7, 14.41667, 7.08333], "texture": "#3"},
				"east": {"uv": [12.66667, 4.33333, 13.5, 4.41667], "texture": "#3"},
				"south": {"uv": [7.33333, 14.33333, 7.41667, 14.41667], "texture": "#3"},
				"west": {"uv": [12.66667, 4.66667, 13.5, 4.75], "texture": "#3"},
				"up": {"uv": [4.41667, 13.5, 4.33333, 12.66667], "texture": "#3"},
				"down": {"uv": [5.41667, 12.66667, 5.33333, 13.5], "texture": "#3"}
			}
		},
		{
			"from": [8.72315, 9.18227, 2.5],
			"to": [8.82315, 9.98227, 2.7],
			"rotation": {"angle": 0, "axis": "y", "origin": [7.77315, 9.88227, 2]},
			"faces": {
				"north": {"uv": [13.66667, 10, 13.75, 10.25], "texture": "#3"},
				"east": {"uv": [10.33333, 13.66667, 10.41667, 13.91667], "texture": "#3"},
				"south": {"uv": [13.66667, 10.33333, 13.75, 10.58333], "texture": "#3"},
				"west": {"uv": [10.66667, 13.66667, 10.75, 13.91667], "texture": "#3"},
				"up": {"uv": [0.08333, 14.75, 0, 14.66667], "texture": "#3"},
				"down": {"uv": [14.75, 0, 14.66667, 0.08333], "texture": "#3"}
			}
		},
		{
			"from": [8.55, 9.8, 0.2],
			"to": [8.75, 10.3, 2.7],
			"rotation": {"angle": 22.5, "axis": "z", "origin": [7.7, 10.2, 1.2]},
			"faces": {
				"north": {"uv": [9.66667, 14, 9.75, 14.16667], "texture": "#3"},
				"east": {"uv": [12, 7, 12.83333, 7.16667], "texture": "#3"},
				"south": {"uv": [14, 9.66667, 14.08333, 9.83333], "texture": "#3"},
				"west": {"uv": [7.33333, 12, 8.16667, 12.16667], "texture": "#3"},
				"up": {"uv": [8.75, 13.5, 8.66667, 12.66667], "texture": "#3"},
				"down": {"uv": [9.08333, 12.66667, 9, 13.5], "texture": "#3"}
			}
		},
		{
			"from": [8.62315, 9.98227, 0.2],
			"to": [8.82315, 10.23227, 2.7],
			"rotation": {"angle": 0, "axis": "y", "origin": [7.77315, 10.13227, 1.2]},
			"faces": {
				"north": {"uv": [14.33333, 14, 14.41667, 14.08333], "texture": "#3"},
				"east": {"uv": [12.66667, 5.33333, 13.5, 5.41667], "texture": "#3"},
				"south": {"uv": [14.33333, 14.33333, 14.41667, 14.41667], "texture": "#3"},
				"west": {"uv": [7.33333, 12.66667, 8.16667, 12.75], "texture": "#3"},
				"up": {"uv": [12.75, 8.16667, 12.66667, 7.33333], "texture": "#3"},
				"down": {"uv": [8.41667, 12.66667, 8.33333, 13.5], "texture": "#3"}
			}
		},
		{
			"from": [8.72315, 9.18227, 1.6],
			"to": [8.82315, 9.98227, 1.9],
			"rotation": {"angle": 0, "axis": "y", "origin": [7.77315, 9.88227, 1.2]},
			"faces": {
				"north": {"uv": [13.66667, 9.33333, 13.75, 9.58333], "texture": "#3"},
				"east": {"uv": [9.66667, 13.66667, 9.75, 13.91667], "texture": "#3"},
				"south": {"uv": [13.66667, 9.66667, 13.75, 9.91667], "texture": "#3"},
				"west": {"uv": [10, 13.66667, 10.08333, 13.91667], "texture": "#3"},
				"up": {"uv": [14.41667, 13.75, 14.33333, 13.66667], "texture": "#3"},
				"down": {"uv": [14.08333, 14.33333, 14, 14.41667], "texture": "#3"}
			}
		},
		{
			"from": [8.7231, 9.8, 1.75],
			"to": [8.8221, 10.3, 1.95],
			"rotation": {"angle": 22.5, "axis": "x", "origin": [8.7726, 9.93503, 1.56934]},
			"faces": {
				"north": {"uv": [7.66667, 14, 7.75, 14.16667], "texture": "#3"},
				"east": {"uv": [14, 7.66667, 14.08333, 7.83333], "texture": "#3"},
				"south": {"uv": [8, 14, 8.08333, 14.16667], "texture": "#3"},
				"west": {"uv": [14, 8, 14.08333, 8.16667], "texture": "#3"},
				"up": {"uv": [14.41667, 12.75, 14.33333, 12.66667], "texture": "#3"},
				"down": {"uv": [13.08333, 14.33333, 13, 14.41667], "texture": "#3"}
			}
		},
		{
			"from": [8.7231, 9.38227, 1.5],
			"to": [8.8221, 9.88227, 1.7],
			"rotation": {"angle": -22.5, "axis": "x", "origin": [7.77315, 9.78227, 1.1]},
			"faces": {
				"north": {"uv": [7, 14, 7.08333, 14.16667], "texture": "#3"},
				"east": {"uv": [14, 7, 14.08333, 7.16667], "texture": "#3"},
				"south": {"uv": [7.33333, 14, 7.41667, 14.16667], "texture": "#3"},
				"west": {"uv": [14, 7.33333, 14.08333, 7.5], "texture": "#3"},
				"up": {"uv": [14.41667, 12.41667, 14.33333, 12.33333], "texture": "#3"},
				"down": {"uv": [12.75, 14.33333, 12.66667, 14.41667], "texture": "#3"}
			}
		},
		{
			"from": [8.53181, 10.07104, -0.32396],
			"to": [8.63181, 10.32104, 0.27604],
			"rotation": {"angle": 22.5, "axis": "x", "origin": [7.58181, 10.19604, 1.07604]},
			"faces": {
				"north": {"uv": [14.33333, 12, 14.41667, 12.08333], "texture": "#3"},
				"east": {"uv": [6, 14, 6.16667, 14.08333], "texture": "#3"},
				"south": {"uv": [12.33333, 14.33333, 12.41667, 14.41667], "texture": "#3"},
				"west": {"uv": [14, 6, 14.16667, 6.08333], "texture": "#3"},
				"up": {"uv": [6.41667, 14.16667, 6.33333, 14], "texture": "#3"},
				"down": {"uv": [14.08333, 6.33333, 14, 6.5], "texture": "#3"}
			}
		},
		{
			"from": [5.36732, 10.62612, -5.6],
			"to": [5.46732, 10.87612, -5.5],
			"rotation": {"angle": 0, "axis": "y", "origin": [6.13268, 10.37612, 2]},
			"faces": {
				"north": {"uv": [14.33333, 7.33333, 14.41667, 7.41667], "texture": "#3"},
				"east": {"uv": [7.66667, 14.33333, 7.75, 14.41667], "texture": "#3"},
				"south": {"uv": [14.33333, 7.66667, 14.41667, 7.75], "texture": "#3"},
				"west": {"uv": [8, 14.33333, 8.08333, 14.41667], "texture": "#3"},
				"up": {"uv": [14.41667, 8.08333, 14.33333, 8], "texture": "#3"},
				"down": {"uv": [8.41667, 14.33333, 8.33333, 14.41667], "texture": "#3"}
			}
		},
		{
			"from": [7.95, 9.80514, -2.67967],
			"to": [8.05, 10.00514, -2.42967],
			"rotation": {"angle": 22.5, "axis": "x", "origin": [8.71537, 17.40514, -2.17967]},
			"faces": {
				"north": {"uv": [14.33333, 8.33333, 14.41667, 8.41667], "texture": "#3"},
				"east": {"uv": [8.66667, 14.33333, 8.75, 14.41667], "texture": "#3"},
				"south": {"uv": [14.33333, 8.66667, 14.41667, 8.75], "texture": "#3"},
				"west": {"uv": [9, 14.33333, 9.08333, 14.41667], "texture": "#3"},
				"up": {"uv": [14.41667, 9.08333, 14.33333, 9], "texture": "#3"},
				"down": {"uv": [9.41667, 14.33333, 9.33333, 14.41667], "texture": "#3"}
			}
		},
		{
			"from": [7.95, 10.47933, -5.31903],
			"to": [8.05, 10.67933, -4.06903],
			"rotation": {"angle": 0, "axis": "y", "origin": [8.71537, 18.07933, -4.81903]},
			"faces": {
				"north": {"uv": [14.33333, 9.33333, 14.41667, 9.41667], "texture": "#3"},
				"east": {"uv": [13.33333, 4, 13.75, 4.08333], "texture": "#3"},
				"south": {"uv": [9.66667, 14.33333, 9.75, 14.41667], "texture": "#3"},
				"west": {"uv": [13.33333, 5, 13.75, 5.08333], "texture": "#3"},
				"up": {"uv": [5.08333, 13.75, 5, 13.33333], "texture": "#3"},
				"down": {"uv": [13.41667, 5.66667, 13.33333, 6.08333], "texture": "#3"}
			}
		},
		{
			"from": [7.95, 10.575, -5.55],
			"to": [8.05, 10.725, -5.45],
			"rotation": {"angle": 0, "axis": "y", "origin": [8.71537, 10.225, 2.05]},
			"faces": {
				"north": {"uv": [14.33333, 9.66667, 14.41667, 9.75], "texture": "#3"},
				"east": {"uv": [10, 14.33333, 10.08333, 14.41667], "texture": "#3"},
				"south": {"uv": [14.33333, 10, 14.41667, 10.08333], "texture": "#3"},
				"west": {"uv": [10.33333, 14.33333, 10.41667, 14.41667], "texture": "#3"},
				"up": {"uv": [14.41667, 10.41667, 14.33333, 10.33333], "texture": "#3"},
				"down": {"uv": [10.75, 14.33333, 10.66667, 14.41667], "texture": "#3"}
			}
		},
		{
			"from": [10.53268, 10.62612, -5.6],
			"to": [10.63268, 10.87612, -5.5],
			"rotation": {"angle": 0, "axis": "y", "origin": [9.86732, 10.37612, 2]},
			"faces": {
				"north": {"uv": [14.33333, 10.66667, 14.41667, 10.75], "texture": "#3"},
				"east": {"uv": [11, 14.33333, 11.08333, 14.41667], "texture": "#3"},
				"south": {"uv": [14.33333, 11, 14.41667, 11.08333], "texture": "#3"},
				"west": {"uv": [11.33333, 14.33333, 11.41667, 14.41667], "texture": "#3"},
				"up": {"uv": [14.41667, 11.41667, 14.33333, 11.33333], "texture": "#3"},
				"down": {"uv": [11.75, 14.33333, 11.66667, 14.41667], "texture": "#3"}
			}
		},
		{
			"from": [7.36732, 10.62612, 2.5],
			"to": [8.63268, 10.87612, 8.5],
			"rotation": {"angle": 0, "axis": "y", "origin": [8.13268, 10.37612, 2]},
			"faces": {
				"north": {"uv": [13.33333, 6.33333, 13.75, 6.41667], "texture": "#3"},
				"east": {"uv": [8.66667, 0.66667, 13.33333, 0.75], "texture": "#3"},
				"south": {"uv": [13.33333, 6.66667, 13.75, 6.75], "texture": "#3"},
				"west": {"uv": [8.66667, 2.66667, 13.33333, 2.75], "texture": "#3"},
				"up": {"uv": [1.75, 6, 1.33333, 1.33333], "texture": "#3"},
				"down": {"uv": [2.41667, 1.33333, 2, 6], "texture": "#3"}
			}
		},
		{
			"from": [5.5206, 10.64672, -5.5005],
			"to": [6.0206, 11.34672, 2.4995],
			"rotation": {"angle": -22.5, "axis": "z", "origin": [6.0206, 11.14672, 2]},
			"faces": {
				"north": {"uv": [13.33333, 0.33333, 13.5, 0.58333], "texture": "#3"},
				"east": {"uv": [5.33333, 4, 9.66667, 4.25], "texture": "#3"},
				"south": {"uv": [13.33333, 0.66667, 13.5, 0.91667], "texture": "#3"},
				"west": {"uv": [5.33333, 4.33333, 9.66667, 4.58333], "texture": "#3"},
				"up": {"uv": [1.5, 11.33333, 1.33333, 7], "texture": "#3"},
				"down": {"uv": [1.83333, 7, 1.66667, 11.33333], "texture": "#3"}
			}
		},
		{
			"from": [5.63519, 10.8, -5.5],
			"to": [6.36481, 11.52284, 2.5],
			"rotation": {"angle": 0, "axis": "y", "origin": [6, 11.3, 2]},
			"faces": {
				"north": {"uv": [12.66667, 11.33333, 12.91667, 11.58333], "texture": "#3"},
				"east": {"uv": [5.33333, 4.66667, 9.66667, 4.91667], "texture": "#3"},
				"south": {"uv": [12, 12.66667, 12.25, 12.91667], "texture": "#3"},
				"west": {"uv": [5.33333, 5, 9.66667, 5.25], "texture": "#3"},
				"up": {"uv": [5.58333, 9.66667, 5.33333, 5.33333], "texture": "#3"},
				"down": {"uv": [5.91667, 5.33333, 5.66667, 9.66667], "texture": "#3"}
			}
		},
		{
			"from": [9.63519, 10.8, -5.5],
			"to": [10.36481, 11.52284, 2.5],
			"rotation": {"angle": 0, "axis": "y", "origin": [10, 11.3, 2]},
			"faces": {
				"north": {"uv": [12.66667, 11.33333, 12.91667, 11.58333], "texture": "#3"},
				"east": {"uv": [5.33333, 4.66667, 9.66667, 4.91667], "texture": "#3"},
				"south": {"uv": [12, 12.66667, 12.25, 12.91667], "texture": "#3"},
				"west": {"uv": [5.33333, 5, 9.66667, 5.25], "texture": "#3"},
				"up": {"uv": [5.58333, 9.66667, 5.33333, 5.33333], "texture": "#3"},
				"down": {"uv": [5.91667, 5.33333, 5.66667, 9.66667], "texture": "#3"}
			}
		},
		{
			"from": [9.66732, 10.62612, -5.5],
			"to": [10.63268, 10.87612, 2.5],
			"rotation": {"angle": 0, "axis": "y", "origin": [7.13268, 10.37612, 2]},
			"faces": {
				"north": {"uv": [13.33333, 6.33333, 13.75, 6.41667], "texture": "#3"},
				"east": {"uv": [8.66667, 0.66667, 13.33333, 0.75], "texture": "#3"},
				"south": {"uv": [13.33333, 6.66667, 13.75, 6.75], "texture": "#3"},
				"west": {"uv": [8.66667, 2.66667, 13.33333, 2.75], "texture": "#3"},
				"up": {"uv": [1.75, 6, 1.33333, 1.33333], "texture": "#3"},
				"down": {"uv": [2.41667, 1.33333, 2, 6], "texture": "#3"}
			}
		},
		{
			"from": [5.36732, 10.62612, -5.5],
			"to": [6.33268, 10.87612, 2.5],
			"rotation": {"angle": 0, "axis": "y", "origin": [7.13268, 10.37612, 2]},
			"faces": {
				"north": {"uv": [13.33333, 6.33333, 13.75, 6.41667], "texture": "#3"},
				"east": {"uv": [8.66667, 0.66667, 13.33333, 0.75], "texture": "#3"},
				"south": {"uv": [13.33333, 6.66667, 13.75, 6.75], "texture": "#3"},
				"west": {"uv": [8.66667, 2.66667, 13.33333, 2.75], "texture": "#3"},
				"up": {"uv": [1.75, 6, 1.33333, 1.33333], "texture": "#3"},
				"down": {"uv": [2.41667, 1.33333, 2, 6], "texture": "#3"}
			}
		},
		{
			"from": [9.9794, 10.64672, -5.5005],
			"to": [10.4794, 11.34672, 2.4995],
			"rotation": {"angle": 22.5, "axis": "z", "origin": [9.9794, 11.14672, 2]},
			"faces": {
				"north": {"uv": [13, 13, 13.16667, 13.25], "texture": "#3"},
				"east": {"uv": [5.33333, 3.33333, 9.66667, 3.58333], "texture": "#3"},
				"south": {"uv": [13.33333, 0, 13.5, 0.25], "texture": "#3"},
				"west": {"uv": [5.33333, 3.66667, 9.66667, 3.91667], "texture": "#3"},
				"up": {"uv": [0.83333, 11.33333, 0.66667, 7], "texture": "#3"},
				"down": {"uv": [1.16667, 7, 1, 11.33333], "texture": "#3"}
			}
		},
		{
			"name": "octagon",
			"from": [7.22929, 8.82071, 5.6],
			"to": [8.77071, 10.57929, 15.1],
			"rotation": {"angle": 0, "axis": "y", "origin": [8, 10.3, 5.6]},
			"faces": {
				"north": {"uv": [8.66667, 10, 9.16667, 10.58333], "texture": "#3"},
				"east": {"uv": [2.66667, 1.33333, 5.83333, 1.91667], "texture": "#3"},
				"south": {"uv": [10, 9, 10.5, 9.58333], "texture": "#3"},
				"west": {"uv": [2.66667, 2, 5.83333, 2.58333], "texture": "#3"},
				"up": {"uv": [3.16667, 5.83333, 2.66667, 2.66667], "texture": "#3"},
				"down": {"uv": [3.83333, 2.66667, 3.33333, 5.83333], "texture": "#3"}
			}
		},
		{
			"name": "octagon",
			"from": [6.5, 8.5, 5.9],
			"to": [7.1, 9.8, 7.6],
			"rotation": {"angle": -22.5, "axis": "x", "origin": [7.1, 10.2, 5.6]},
			"faces": {
				"north": {"uv": [11.33333, 12.66667, 11.5, 13.08333], "texture": "#3"},
				"east": {"uv": [5.33333, 10.66667, 5.91667, 11.08333], "texture": "#3"},
				"south": {"uv": [11.66667, 12.66667, 11.83333, 13.08333], "texture": "#3"},
				"west": {"uv": [10.66667, 7, 11.25, 7.41667], "texture": "#3"},
				"up": {"uv": [4.83333, 12.91667, 4.66667, 12.33333], "texture": "#3"},
				"down": {"uv": [5.16667, 12.33333, 5, 12.91667], "texture": "#3"}
			}
		},
		{
			"name": "octagon",
			"from": [6.6, 8.74517, 5.70866],
			"to": [7.1, 9.33806, 6.70866],
			"rotation": {"angle": -22.5, "axis": "x", "origin": [7.1, 9.73806, 5.40866]},
			"faces": {
				"north": {"uv": [4.33333, 13.66667, 4.5, 13.83333], "texture": "#3"},
				"east": {"uv": [12.33333, 13, 12.66667, 13.16667], "texture": "#3"},
				"south": {"uv": [13.66667, 4.33333, 13.83333, 4.5], "texture": "#3"},
				"west": {"uv": [13, 12.33333, 13.33333, 12.5], "texture": "#3"},
				"up": {"uv": [12.83333, 13.33333, 12.66667, 13], "texture": "#3"},
				"down": {"uv": [13.16667, 12.66667, 13, 13], "texture": "#3"}
			}
		},
		{
			"name": "octagon",
			"from": [6.7, 9.54002, 6.02689],
			"to": [7.1, 9.84002, 6.52689],
			"rotation": {"angle": 22.5, "axis": "x", "origin": [7.1, 9.14002, 4.52689]},
			"faces": {
				"north": {"uv": [12.33333, 14, 12.5, 14.08333], "texture": "#3"},
				"east": {"uv": [14, 12.33333, 14.16667, 12.41667], "texture": "#3"},
				"south": {"uv": [12.66667, 14, 12.83333, 14.08333], "texture": "#3"},
				"west": {"uv": [14, 12.66667, 14.16667, 12.75], "texture": "#3"},
				"up": {"uv": [3.5, 13.83333, 3.33333, 13.66667], "texture": "#3"},
				"down": {"uv": [4.16667, 13.66667, 4, 13.83333], "texture": "#3"}
			}
		},
		{
			"name": "octagon",
			"from": [6.7, 9.75057, 5.29532],
			"to": [7.1, 10.25057, 5.59532],
			"rotation": {"angle": 22.5, "axis": "x", "origin": [7.1, 8.25057, 4.89532]},
			"faces": {
				"north": {"uv": [13.66667, 2.66667, 13.83333, 2.83333], "texture": "#3"},
				"east": {"uv": [11.66667, 14, 11.75, 14.16667], "texture": "#3"},
				"south": {"uv": [13.66667, 3, 13.83333, 3.16667], "texture": "#3"},
				"west": {"uv": [14, 11.66667, 14.08333, 11.83333], "texture": "#3"},
				"up": {"uv": [12.16667, 14.08333, 12, 14], "texture": "#3"},
				"down": {"uv": [14.16667, 12, 14, 12.08333], "texture": "#3"}
			}
		},
		{
			"name": "octagon",
			"from": [7.24246, 10.24749, 5.6],
			"to": [7.44246, 11.24749, 15.1],
			"rotation": {"angle": 45, "axis": "z", "origin": [8.04246, 10.89749, 5.6]},
			"faces": {
				"north": {"uv": [1.66667, 13.66667, 1.75, 14], "texture": "#3"},
				"east": {"uv": [6, 1.66667, 9.16667, 2], "texture": "#3"},
				"south": {"uv": [13.66667, 1.66667, 13.75, 2], "texture": "#3"},
				"west": {"uv": [6, 2, 9.16667, 2.33333], "texture": "#3"},
				"up": {"uv": [10.08333, 13.5, 10, 10.33333], "texture": "#3"},
				"down": {"uv": [10.41667, 10.33333, 10.33333, 13.5], "texture": "#3"}
			}
		},
		{
			"name": "octagon",
			"from": [7.37071, 8.67929, 5.6],
			"to": [8.62929, 10.72071, 15.1],
			"rotation": {"angle": 0, "axis": "y", "origin": [8, 10.3, 5.6]},
			"faces": {
				"north": {"uv": [2, 10.33333, 2.41667, 11], "texture": "#3"},
				"east": {"uv": [0, 0, 3.16667, 0.66667], "texture": "#3"},
				"south": {"uv": [3.33333, 10.33333, 3.75, 11], "texture": "#3"},
				"west": {"uv": [0, 0.66667, 3.16667, 1.33333], "texture": "#3"},
				"up": {"uv": [4.41667, 6.5, 4, 3.33333], "texture": "#3"},
				"down": {"uv": [5.08333, 3.33333, 4.66667, 6.5], "texture": "#3"}
			}
		},
		{
			"name": "octagon",
			"from": [7.24246, 8.15251, 5.6],
			"to": [7.44246, 9.15251, 15.1],
			"rotation": {"angle": -45, "axis": "z", "origin": [8.04246, 8.50251, 5.6]},
			"faces": {
				"north": {"uv": [2, 13.66667, 2.08333, 14], "texture": "#3"},
				"east": {"uv": [6, 2.33333, 9.16667, 2.66667], "texture": "#3"},
				"south": {"uv": [13.66667, 2, 13.75, 2.33333], "texture": "#3"},
				"west": {"uv": [6, 5.33333, 9.16667, 5.66667], "texture": "#3"},
				"up": {"uv": [0.08333, 13.83333, 0, 10.66667], "texture": "#3"},
				"down": {"uv": [0.41667, 10.66667, 0.33333, 13.83333], "texture": "#3"}
			}
		},
		{
			"name": "octagon",
			"from": [8.55754, 10.24749, 5.6],
			"to": [8.75754, 11.24749, 15.1],
			"rotation": {"angle": -45, "axis": "z", "origin": [7.95754, 10.89749, 5.6]},
			"faces": {
				"north": {"uv": [1.33333, 13.66667, 1.41667, 14], "texture": "#3"},
				"east": {"uv": [0, 6, 3.16667, 6.33333], "texture": "#3"},
				"south": {"uv": [13.66667, 1.33333, 13.75, 1.66667], "texture": "#3"},
				"west": {"uv": [6, 1.33333, 9.16667, 1.66667], "texture": "#3"},
				"up": {"uv": [6.75, 13.5, 6.66667, 10.33333], "texture": "#3"},
				"down": {"uv": [7.08333, 10.33333, 7, 13.5], "texture": "#3"}
			}
		},
		{
			"name": "octagon",
			"from": [8.55754, 8.15251, 5.6],
			"to": [8.75754, 9.15251, 15.1],
			"rotation": {"angle": 45, "axis": "z", "origin": [7.95754, 8.50251, 5.6]},
			"faces": {
				"north": {"uv": [2.33333, 13.66667, 2.41667, 14], "texture": "#3"},
				"east": {"uv": [6, 5.66667, 9.16667, 6], "texture": "#3"},
				"south": {"uv": [13.66667, 2.33333, 13.75, 2.66667], "texture": "#3"},
				"west": {"uv": [6, 6, 9.16667, 6.33333], "texture": "#3"},
				"up": {"uv": [2.75, 13.83333, 2.66667, 10.66667], "texture": "#3"},
				"down": {"uv": [3.08333, 10.66667, 3, 13.83333], "texture": "#3"}
			}
		},
		{
			"name": "octagon",
			"from": [7.3, 8.29645, 14.04645],
			"to": [8.7, 9.29645, 17.04645],
			"rotation": {"angle": -22.5, "axis": "x", "origin": [8, 8.94645, 12.24645]},
			"faces": {
				"north": {"uv": [11.33333, 10, 11.83333, 10.33333], "texture": "#3"},
				"east": {"uv": [9.66667, 8.66667, 10.66667, 9], "texture": "#3"},
				"south": {"uv": [11.33333, 10.33333, 11.83333, 10.66667], "texture": "#3"},
				"west": {"uv": [9, 9.66667, 10, 10], "texture": "#3"},
				"up": {"uv": [3.16667, 9.33333, 2.66667, 8.33333], "texture": "#3"},
				"down": {"uv": [3.83333, 8.33333, 3.33333, 9.33333], "texture": "#3"}
			}
		},
		{
			"name": "octagon",
			"from": [7.3, 11.61864, 13.40406],
			"to": [8.7, 12.11864, 14.40406],
			"rotation": {"angle": 45, "axis": "x", "origin": [8, 7.81864, 13.75406]},
			"faces": {
				"north": {"uv": [10.66667, 12.33333, 11.16667, 12.5], "texture": "#3"},
				"east": {"uv": [13, 11, 13.33333, 11.16667], "texture": "#3"},
				"south": {"uv": [12.33333, 11, 12.83333, 11.16667], "texture": "#3"},
				"west": {"uv": [13, 11.33333, 13.33333, 11.5], "texture": "#3"},
				"up": {"uv": [11.83333, 11.66667, 11.33333, 11.33333], "texture": "#3"},
				"down": {"uv": [12.16667, 1, 11.66667, 1.33333], "texture": "#3"}
			}
		},
		{
			"name": "octagon",
			"from": [7.3, 9.2137, 14.46683],
			"to": [8.7, 11.0137, 15.46683],
			"rotation": {"angle": 22.5, "axis": "x", "origin": [8, 6.2137, 14.81683]},
			"faces": {
				"north": {"uv": [10, 4.33333, 10.5, 4.91667], "texture": "#3"},
				"east": {"uv": [8, 10.66667, 8.33333, 11.25], "texture": "#3"},
				"south": {"uv": [8, 10, 8.5, 10.58333], "texture": "#3"},
				"west": {"uv": [8.33333, 10.66667, 8.66667, 11.25], "texture": "#3"},
				"up": {"uv": [11.83333, 11, 11.33333, 10.66667], "texture": "#3"},
				"down": {"uv": [11.83333, 11, 11.33333, 11.33333], "texture": "#3"}
			}
		},
		{
			"name": "octagon",
			"from": [7.3, 6.0863, 14.46683],
			"to": [8.7, 7.8863, 15.46683],
			"rotation": {"angle": -22.5, "axis": "x", "origin": [8, 10.8863, 14.81683]},
			"faces": {
				"north": {"uv": [9.33333, 10, 9.83333, 10.58333], "texture": "#3"},
				"east": {"uv": [8.66667, 10.66667, 9, 11.25], "texture": "#3"},
				"south": {"uv": [10, 9.66667, 10.5, 10.25], "texture": "#3"},
				"west": {"uv": [9, 10.66667, 9.33333, 11.25], "texture": "#3"},
				"up": {"uv": [1.83333, 12, 1.33333, 11.66667], "texture": "#3"},
				"down": {"uv": [12.16667, 1.33333, 11.66667, 1.66667], "texture": "#3"}
			}
		},
		{
			"name": "octagon",
			"from": [7.3, 7.80355, 15.04645],
			"to": [8.7, 8.80355, 17.04645],
			"rotation": {"angle": 22.5, "axis": "x", "origin": [8, 8.15355, 12.24645]},
			"faces": {
				"north": {"uv": [11.66667, 1.66667, 12.16667, 2], "texture": "#3"},
				"east": {"uv": [3.33333, 6, 4, 6.33333], "texture": "#3"},
				"south": {"uv": [11.66667, 2, 12.16667, 2.33333], "texture": "#3"},
				"west": {"uv": [7.33333, 10.66667, 8, 11], "texture": "#3"},
				"up": {"uv": [0.5, 10.66667, 0, 10], "texture": "#3"},
				"down": {"uv": [10.5, 1, 10, 1.66667], "texture": "#3"}
			}
		},
		{
			"name": "octagon",
			"from": [7.3, 4.98136, 13.40406],
			"to": [8.7, 5.48136, 14.40406],
			"rotation": {"angle": -45, "axis": "x", "origin": [8, 9.28136, 13.75406]},
			"faces": {
				"north": {"uv": [12.33333, 11.66667, 12.83333, 11.83333], "texture": "#3"},
				"east": {"uv": [13, 11.66667, 13.33333, 11.83333], "texture": "#3"},
				"south": {"uv": [12, 12.33333, 12.5, 12.5], "texture": "#3"},
				"west": {"uv": [12, 13, 12.33333, 13.16667], "texture": "#3"},
				"up": {"uv": [12.16667, 2.66667, 11.66667, 2.33333], "texture": "#3"},
				"down": {"uv": [4.5, 11.66667, 4, 12], "texture": "#3"}
			}
		},
		{
			"name": "octagon",
			"from": [7.1, 9.28579, 6.1],
			"to": [8.9, 10.11421, 8.1],
			"rotation": {"angle": 45, "axis": "x", "origin": [8, 9.7, 7.1]},
			"faces": {
				"north": {"uv": [11.66667, 4.33333, 12.25, 4.58333], "texture": "#3"},
				"east": {"uv": [1.33333, 11.33333, 2, 11.58333], "texture": "#3"},
				"south": {"uv": [4.66667, 11.66667, 5.25, 11.91667], "texture": "#3"},
				"west": {"uv": [5, 11.33333, 5.66667, 11.58333], "texture": "#3"},
				"up": {"uv": [9.25, 8.33333, 8.66667, 7.66667], "texture": "#3"},
				"down": {"uv": [9.58333, 6.33333, 9, 7], "texture": "#3"}
			}
		},
		{
			"name": "octagon",
			"from": [7.1, 9.28579, 6.1],
			"to": [8.9, 10.11421, 8.1],
			"rotation": {"angle": 0, "axis": "y", "origin": [8, 9.7, 7.1]},
			"faces": {
				"north": {"uv": [11.66667, 4.66667, 12.25, 4.91667], "texture": "#3"},
				"east": {"uv": [11.33333, 7, 12, 7.25], "texture": "#3"},
				"south": {"uv": [11.66667, 5.33333, 12.25, 5.58333], "texture": "#3"},
				"west": {"uv": [11.33333, 7.33333, 12, 7.58333], "texture": "#3"},
				"up": {"uv": [9.58333, 7.66667, 9, 7], "texture": "#3"},
				"down": {"uv": [7.91667, 9, 7.33333, 9.66667], "texture": "#3"}
			}
		},
		{
			"name": "octagon",
			"from": [7.1, 8.7, 6.68579],
			"to": [8.9, 10.7, 7.51421],
			"rotation": {"angle": 45, "axis": "x", "origin": [8, 9.7, 7.1]},
			"faces": {
				"north": {"uv": [9, 8.66667, 9.58333, 9.33333], "texture": "#3"},
				"east": {"uv": [5.66667, 11.33333, 5.91667, 12], "texture": "#3"},
				"south": {"uv": [0, 9.33333, 0.58333, 10], "texture": "#3"},
				"west": {"uv": [8, 11.33333, 8.25, 12], "texture": "#3"},
				"up": {"uv": [12.25, 5.91667, 11.66667, 5.66667], "texture": "#3"},
				"down": {"uv": [12.25, 6, 11.66667, 6.25], "texture": "#3"}
			}
		},
		{
			"name": "octagon",
			"from": [7.1, 8.7, 6.68579],
			"to": [8.9, 10.7, 7.51421],
			"rotation": {"angle": 0, "axis": "y", "origin": [8, 9.7, 7.1]},
			"faces": {
				"north": {"uv": [9.33333, 1, 9.91667, 1.66667], "texture": "#3"},
				"east": {"uv": [8.33333, 11.33333, 8.58333, 12], "texture": "#3"},
				"south": {"uv": [9.33333, 1.66667, 9.91667, 2.33333], "texture": "#3"},
				"west": {"uv": [8.66667, 11.33333, 8.91667, 12], "texture": "#3"},
				"up": {"uv": [12.25, 6.58333, 11.66667, 6.33333], "texture": "#3"},
				"down": {"uv": [12.25, 6.66667, 11.66667, 6.91667], "texture": "#3"}
			}
		}
	],
	"display": {
		"firstperson_righthand": {
			"translation": [-9, 1, 3]
		},
		"firstperson_lefthand": {
			"translation": [1, 1, 3]
		},
		"ground": {
			"scale": [0.7, 0.7, 0.7]
		},
		"gui": {
			"rotation": [90, 45, -90],
			"translation": [0.5, -2, 0],
			"scale": [0.9, 0.9, 0.9]
		},
		"head": {
			"translation": [0, 8.75, 0]
		},
		"fixed": {
			"rotation": [90, -45, 90],
			"translation": [-0.5, -2.5, -1]
		}
	}
}