{
	"texture_size": [64, 64],
	"textures": {
		"5": "custom_item/creeper_launcher"
	},
	"elements": [
		{
			"name": "hexadecagon",
			"from": [5.5, 7.50272, 11.5],
			"to": [10.5, 8.49728, 12],
			"rotation": {"angle": 22.5, "axis": "z", "origin": [8, 8, 12]},
			"faces": {
				"north": {"uv": [5, 4.75, 6.25, 5], "texture": "#5"},
				"east": {"uv": [9.25, 7.5, 9.5, 7.75], "texture": "#5"},
				"south": {"uv": [5.25, 5.25, 6.5, 5.5], "texture": "#5"},
				"west": {"uv": [9.25, 7.75, 9.5, 8], "texture": "#5"},
				"up": {"uv": [6.5, 0.25, 5.25, 0], "texture": "#5"},
				"down": {"uv": [6.5, 0.25, 5.25, 0.5], "texture": "#5"}
			}
		},
		{
			"name": "hexadecagon",
			"from": [5.5, 7.50272, 7.5],
			"to": [10.5, 8.49728, 8],
			"rotation": {"angle": 22.5, "axis": "z", "origin": [8, 8, 8]},
			"faces": {
				"north": {"uv": [5, 4.75, 6.25, 5], "texture": "#5"},
				"east": {"uv": [9.25, 7.5, 9.5, 7.75], "texture": "#5"},
				"south": {"uv": [5.25, 5.25, 6.5, 5.5], "texture": "#5"},
				"west": {"uv": [9.25, 7.75, 9.5, 8], "texture": "#5"},
				"up": {"uv": [6.5, 0.25, 5.25, 0], "texture": "#5"},
				"down": {"uv": [6.5, 0.25, 5.25, 0.5], "texture": "#5"}
			}
		},
		{
			"name": "hexadecagon",
			"from": [7.50272, 5.5, 11.51],
			"to": [8.49728, 10.5, 11.99],
			"rotation": {"angle": -45, "axis": "z", "origin": [8, 8, 12]},
			"faces": {
				"north": {"uv": [3, 3.75, 3.25, 5], "texture": "#5"},
				"east": {"uv": [3.75, 4, 4, 5.25], "texture": "#5"},
				"south": {"uv": [4, 4, 4.25, 5.25], "texture": "#5"},
				"west": {"uv": [0, 4.25, 0.25, 5.5], "texture": "#5"},
				"up": {"uv": [1, 1.75, 0.75, 1.5], "texture": "#5"},
				"down": {"uv": [0.75, 3.25, 0.5, 3.5], "texture": "#5"}
			}
		},
		{
			"name": "hexadecagon",
			"from": [7.50272, 5.5, 7.5],
			"to": [8.49728, 10.5, 8],
			"rotation": {"angle": -45, "axis": "z", "origin": [8, 8, 8]},
			"faces": {
				"north": {"uv": [3, 3.75, 3.25, 5], "texture": "#5"},
				"east": {"uv": [3.75, 4, 4, 5.25], "texture": "#5"},
				"south": {"uv": [4, 4, 4.25, 5.25], "texture": "#5"},
				"west": {"uv": [0, 4.25, 0.25, 5.5], "texture": "#5"},
				"up": {"uv": [1, 1.75, 0.75, 1.5], "texture": "#5"},
				"down": {"uv": [0.75, 3.25, 0.5, 3.5], "texture": "#5"}
			}
		},
		{
			"name": "hexadecagon",
			"from": [7.50272, 5.5, 11.5],
			"to": [8.49728, 10.5, 12],
			"rotation": {"angle": -22.5, "axis": "z", "origin": [8, 8, 12]},
			"faces": {
				"north": {"uv": [0.25, 4.25, 0.5, 5.5], "texture": "#5"},
				"east": {"uv": [3.25, 4.25, 3.5, 5.5], "texture": "#5"},
				"south": {"uv": [3.5, 4.25, 3.75, 5.5], "texture": "#5"},
				"west": {"uv": [4.25, 4.25, 4.5, 5.5], "texture": "#5"},
				"up": {"uv": [5, 3, 4.75, 2.75], "texture": "#5"},
				"down": {"uv": [5.5, 0.5, 5.25, 0.75], "texture": "#5"}
			}
		},
		{
			"name": "hexadecagon",
			"from": [7.50272, 5.5, 7.5],
			"to": [8.49728, 10.5, 8],
			"rotation": {"angle": -22.5, "axis": "z", "origin": [8, 8, 8]},
			"faces": {
				"north": {"uv": [0.25, 4.25, 0.5, 5.5], "texture": "#5"},
				"east": {"uv": [3.25, 4.25, 3.5, 5.5], "texture": "#5"},
				"south": {"uv": [3.5, 4.25, 3.75, 5.5], "texture": "#5"},
				"west": {"uv": [4.25, 4.25, 4.5, 5.5], "texture": "#5"},
				"up": {"uv": [5, 3, 4.75, 2.75], "texture": "#5"},
				"down": {"uv": [5.5, 0.5, 5.25, 0.75], "texture": "#5"}
			}
		},
		{
			"name": "hexadecagon",
			"from": [7.50272, 5.5, 11.51],
			"to": [8.49728, 10.5, 11.99],
			"rotation": {"angle": 0, "axis": "y", "origin": [8, 8, 12]},
			"faces": {
				"north": {"uv": [0.5, 4.5, 0.75, 5.75], "texture": "#5"},
				"east": {"uv": [0.75, 4.5, 1, 5.75], "texture": "#5"},
				"south": {"uv": [4.5, 4.5, 4.75, 5.75], "texture": "#5"},
				"west": {"uv": [4.5, 1, 4.75, 2.25], "texture": "#5"},
				"up": {"uv": [9.5, 5.25, 9.25, 5], "texture": "#5"},
				"down": {"uv": [9.5, 5.25, 9.25, 5.5], "texture": "#5"}
			}
		},
		{
			"name": "hexadecagon",
			"from": [7.50272, 5.5, 7.5],
			"to": [8.49728, 10.5, 8],
			"rotation": {"angle": 0, "axis": "y", "origin": [8, 8, 8]},
			"faces": {
				"north": {"uv": [0.5, 4.5, 0.75, 5.75], "texture": "#5"},
				"east": {"uv": [0.75, 4.5, 1, 5.75], "texture": "#5"},
				"south": {"uv": [4.5, 4.5, 4.75, 5.75], "texture": "#5"},
				"west": {"uv": [4.5, 1, 4.75, 2.25], "texture": "#5"},
				"up": {"uv": [9.5, 5.25, 9.25, 5], "texture": "#5"},
				"down": {"uv": [9.5, 5.25, 9.25, 5.5], "texture": "#5"}
			}
		},
		{
			"name": "hexadecagon",
			"from": [7.50272, 5.5, 11.5],
			"to": [8.49728, 10.5, 12],
			"rotation": {"angle": 22.5, "axis": "z", "origin": [8, 8, 12]},
			"faces": {
				"north": {"uv": [4.75, 4.75, 5, 6], "texture": "#5"},
				"east": {"uv": [4.75, 1, 5, 2.25], "texture": "#5"},
				"south": {"uv": [3, 5, 3.25, 6.25], "texture": "#5"},
				"west": {"uv": [5, 5, 5.25, 6.25], "texture": "#5"},
				"up": {"uv": [9.5, 5.75, 9.25, 5.5], "texture": "#5"},
				"down": {"uv": [9.5, 5.75, 9.25, 6], "texture": "#5"}
			}
		},
		{
			"name": "hexadecagon",
			"from": [7.50272, 5.5, 7.5],
			"to": [8.49728, 10.5, 8],
			"rotation": {"angle": 22.5, "axis": "z", "origin": [8, 8, 8]},
			"faces": {
				"north": {"uv": [4.75, 4.75, 5, 6], "texture": "#5"},
				"east": {"uv": [4.75, 1, 5, 2.25], "texture": "#5"},
				"south": {"uv": [3, 5, 3.25, 6.25], "texture": "#5"},
				"west": {"uv": [5, 5, 5.25, 6.25], "texture": "#5"},
				"up": {"uv": [9.5, 5.75, 9.25, 5.5], "texture": "#5"},
				"down": {"uv": [9.5, 5.75, 9.25, 6], "texture": "#5"}
			}
		},
		{
			"name": "hexadecagon",
			"from": [7.50272, 5.5, 11.51],
			"to": [8.49728, 10.5, 11.99],
			"rotation": {"angle": 45, "axis": "z", "origin": [8, 8, 12]},
			"faces": {
				"north": {"uv": [5, 1, 5.25, 2.25], "texture": "#5"},
				"east": {"uv": [5, 2.25, 5.25, 3.5], "texture": "#5"},
				"south": {"uv": [1, 5.25, 1.25, 6.5], "texture": "#5"},
				"west": {"uv": [1.25, 5.25, 1.5, 6.5], "texture": "#5"},
				"up": {"uv": [9.5, 6.25, 9.25, 6], "texture": "#5"},
				"down": {"uv": [9.5, 6.25, 9.25, 6.5], "texture": "#5"}
			}
		},
		{
			"name": "hexadecagon",
			"from": [7.50272, 5.5, 7.5],
			"to": [8.49728, 10.5, 8],
			"rotation": {"angle": 45, "axis": "z", "origin": [8, 8, 8]},
			"faces": {
				"north": {"uv": [5, 1, 5.25, 2.25], "texture": "#5"},
				"east": {"uv": [5, 2.25, 5.25, 3.5], "texture": "#5"},
				"south": {"uv": [1, 5.25, 1.25, 6.5], "texture": "#5"},
				"west": {"uv": [1.25, 5.25, 1.5, 6.5], "texture": "#5"},
				"up": {"uv": [9.5, 6.25, 9.25, 6], "texture": "#5"},
				"down": {"uv": [9.5, 6.25, 9.25, 6.5], "texture": "#5"}
			}
		},
		{
			"name": "hexadecagon",
			"from": [5.5, 7.50272, 11.5],
			"to": [10.5, 8.49728, 12],
			"rotation": {"angle": -22.5, "axis": "z", "origin": [8, 8, 12]},
			"faces": {
				"north": {"uv": [3.75, 2.25, 5, 2.5], "texture": "#5"},
				"east": {"uv": [9.25, 6.5, 9.5, 6.75], "texture": "#5"},
				"south": {"uv": [3.75, 2.5, 5, 2.75], "texture": "#5"},
				"west": {"uv": [9.25, 6.75, 9.5, 7], "texture": "#5"},
				"up": {"uv": [5, 3.5, 3.75, 3.25], "texture": "#5"},
				"down": {"uv": [5, 3.5, 3.75, 3.75], "texture": "#5"}
			}
		},
		{
			"name": "hexadecagon",
			"from": [5.5, 7.50272, 7.5],
			"to": [10.5, 8.49728, 8],
			"rotation": {"angle": -22.5, "axis": "z", "origin": [8, 8, 8]},
			"faces": {
				"north": {"uv": [3.75, 2.25, 5, 2.5], "texture": "#5"},
				"east": {"uv": [9.25, 6.5, 9.5, 6.75], "texture": "#5"},
				"south": {"uv": [3.75, 2.5, 5, 2.75], "texture": "#5"},
				"west": {"uv": [9.25, 6.75, 9.5, 7], "texture": "#5"},
				"up": {"uv": [5, 3.5, 3.75, 3.25], "texture": "#5"},
				"down": {"uv": [5, 3.5, 3.75, 3.75], "texture": "#5"}
			}
		},
		{
			"name": "hexadecagon",
			"from": [5.5, 7.50272, 11.5],
			"to": [10.5, 8.49728, 12],
			"rotation": {"angle": 0, "axis": "y", "origin": [8, 8, 12]},
			"faces": {
				"north": {"uv": [4.25, 4, 5.5, 4.25], "texture": "#5"},
				"east": {"uv": [9.25, 7, 9.5, 7.25], "texture": "#5"},
				"south": {"uv": [4.5, 4.25, 5.75, 4.5], "texture": "#5"},
				"west": {"uv": [9.25, 7.25, 9.5, 7.5], "texture": "#5"},
				"up": {"uv": [6, 4.75, 4.75, 4.5], "texture": "#5"},
				"down": {"uv": [6.25, 3.5, 5, 3.75], "texture": "#5"}
			}
		},
		{
			"name": "hexadecagon",
			"from": [5.5, 7.50272, 7.5],
			"to": [10.5, 8.49728, 8],
			"rotation": {"angle": 0, "axis": "y", "origin": [8, 8, 8]},
			"faces": {
				"north": {"uv": [4.25, 4, 5.5, 4.25], "texture": "#5"},
				"east": {"uv": [9.25, 7, 9.5, 7.25], "texture": "#5"},
				"south": {"uv": [4.5, 4.25, 5.75, 4.5], "texture": "#5"},
				"west": {"uv": [9.25, 7.25, 9.5, 7.5], "texture": "#5"},
				"up": {"uv": [6, 4.75, 4.75, 4.5], "texture": "#5"},
				"down": {"uv": [6.25, 3.5, 5, 3.75], "texture": "#5"}
			}
		},
		{
			"name": "hexadecagon",
			"from": [7.46294, 5.3, 7.01],
			"to": [8.53706, 10.7, 7.49],
			"rotation": {"angle": -45, "axis": "z", "origin": [8, 8, 7]},
			"faces": {
				"north": {"uv": [3.75, 5.25, 4, 6.5], "texture": "#5"},
				"east": {"uv": [4, 5.25, 4.25, 6.5], "texture": "#5"},
				"south": {"uv": [5.25, 1, 5.5, 2.25], "texture": "#5"},
				"west": {"uv": [5.25, 2.25, 5.5, 3.5], "texture": "#5"},
				"up": {"uv": [9.5, 8.25, 9.25, 8], "texture": "#5"},
				"down": {"uv": [9.5, 8.5, 9.25, 8.75], "texture": "#5"}
			}
		},
		{
			"name": "hexadecagon",
			"from": [7.46294, 5.3, 7],
			"to": [8.53706, 10.7, 7.5],
			"rotation": {"angle": -22.5, "axis": "z", "origin": [8, 8, 7]},
			"faces": {
				"north": {"uv": [0, 5.5, 0.25, 6.75], "texture": "#5"},
				"east": {"uv": [0.25, 5.5, 0.5, 6.75], "texture": "#5"},
				"south": {"uv": [1.5, 5.5, 1.75, 6.75], "texture": "#5"},
				"west": {"uv": [1.75, 5.5, 2, 6.75], "texture": "#5"},
				"up": {"uv": [9.5, 9.25, 9.25, 9], "texture": "#5"},
				"down": {"uv": [0.25, 9.5, 0, 9.75], "texture": "#5"}
			}
		},
		{
			"name": "hexadecagon",
			"from": [7.46294, 5.3, 7.01],
			"to": [8.53706, 10.7, 7.49],
			"rotation": {"angle": 0, "axis": "y", "origin": [8, 8, 7]},
			"faces": {
				"north": {"uv": [2, 5.5, 2.25, 6.75], "texture": "#5"},
				"east": {"uv": [2.25, 5.5, 2.5, 6.75], "texture": "#5"},
				"south": {"uv": [2.5, 5.5, 2.75, 6.75], "texture": "#5"},
				"west": {"uv": [2.75, 5.5, 3, 6.75], "texture": "#5"},
				"up": {"uv": [0.5, 9.75, 0.25, 9.5], "texture": "#5"},
				"down": {"uv": [1, 9.5, 0.75, 9.75], "texture": "#5"}
			}
		},
		{
			"name": "hexadecagon",
			"from": [7.46294, 5.3, 7],
			"to": [8.53706, 10.7, 7.5],
			"rotation": {"angle": 22.5, "axis": "z", "origin": [8, 8, 7]},
			"faces": {
				"north": {"uv": [3.25, 5.5, 3.5, 6.75], "texture": "#5"},
				"east": {"uv": [3.5, 5.5, 3.75, 6.75], "texture": "#5"},
				"south": {"uv": [4.25, 5.5, 4.5, 6.75], "texture": "#5"},
				"west": {"uv": [5.25, 5.5, 5.5, 6.75], "texture": "#5"},
				"up": {"uv": [1.75, 9.75, 1.5, 9.5], "texture": "#5"},
				"down": {"uv": [2, 9.5, 1.75, 9.75], "texture": "#5"}
			}
		},
		{
			"name": "hexadecagon",
			"from": [7.46294, 5.3, 7.01],
			"to": [8.53706, 10.7, 7.49],
			"rotation": {"angle": 45, "axis": "z", "origin": [8, 8, 7]},
			"faces": {
				"north": {"uv": [5.5, 5.5, 5.75, 6.75], "texture": "#5"},
				"east": {"uv": [5.5, 0.5, 5.75, 1.75], "texture": "#5"},
				"south": {"uv": [5.5, 1.75, 5.75, 3], "texture": "#5"},
				"west": {"uv": [0.5, 5.75, 0.75, 7], "texture": "#5"},
				"up": {"uv": [2.25, 9.75, 2, 9.5], "texture": "#5"},
				"down": {"uv": [2.5, 9.5, 2.25, 9.75], "texture": "#5"}
			}
		},
		{
			"name": "hexadecagon",
			"from": [5.3, 7.46294, 7],
			"to": [10.7, 8.53706, 7.5],
			"rotation": {"angle": -22.5, "axis": "z", "origin": [8, 8, 7]},
			"faces": {
				"north": {"uv": [5.25, 5, 6.5, 5.25], "texture": "#5"},
				"east": {"uv": [2.5, 9.5, 2.75, 9.75], "texture": "#5"},
				"south": {"uv": [5.5, 3, 6.75, 3.25], "texture": "#5"},
				"west": {"uv": [2.75, 9.5, 3, 9.75], "texture": "#5"},
				"up": {"uv": [6.75, 3.5, 5.5, 3.25], "texture": "#5"},
				"down": {"uv": [6.75, 3.75, 5.5, 4], "texture": "#5"}
			}
		},
		{
			"name": "hexadecagon",
			"from": [5.3, 7.46294, 7],
			"to": [10.7, 8.53706, 7.5],
			"rotation": {"angle": 0, "axis": "y", "origin": [8, 8, 7]},
			"faces": {
				"north": {"uv": [5.5, 4, 6.75, 4.25], "texture": "#5"},
				"east": {"uv": [3.25, 9.5, 3.5, 9.75], "texture": "#5"},
				"south": {"uv": [5.75, 5.75, 7, 6], "texture": "#5"},
				"west": {"uv": [3.5, 9.5, 3.75, 9.75], "texture": "#5"},
				"up": {"uv": [7, 0.75, 5.75, 0.5], "texture": "#5"},
				"down": {"uv": [7, 0.75, 5.75, 1], "texture": "#5"}
			}
		},
		{
			"name": "hexadecagon",
			"from": [5.3, 7.46294, 7],
			"to": [10.7, 8.53706, 7.5],
			"rotation": {"angle": 22.5, "axis": "z", "origin": [8, 8, 7]},
			"faces": {
				"north": {"uv": [5.75, 1, 7, 1.25], "texture": "#5"},
				"east": {"uv": [4.25, 9.5, 4.5, 9.75], "texture": "#5"},
				"south": {"uv": [5.75, 1.25, 7, 1.5], "texture": "#5"},
				"west": {"uv": [4.5, 9.5, 4.75, 9.75], "texture": "#5"},
				"up": {"uv": [7, 1.75, 5.75, 1.5], "texture": "#5"},
				"down": {"uv": [7, 1.75, 5.75, 2], "texture": "#5"}
			}
		},
		{
			"name": "octagon",
			"from": [7, 6.18579, 7.5],
			"to": [7.2, 7.01421, 11.5],
			"rotation": {"angle": 0, "axis": "y", "origin": [8, 6.6, 8]},
			"faces": {
				"north": {"uv": [8, 9.5, 8.25, 9.75], "texture": "#5"},
				"east": {"uv": [6.5, 0, 7.5, 0.25], "texture": "#5"},
				"south": {"uv": [8.25, 9.5, 8.5, 9.75], "texture": "#5"},
				"west": {"uv": [6.5, 0.25, 7.5, 0.5], "texture": "#5"},
				"up": {"uv": [0.25, 7.75, 0, 6.75], "texture": "#5"},
				"down": {"uv": [0.5, 6.75, 0.25, 7.75], "texture": "#5"}
			}
		},
		{
			"name": "octagon",
			"from": [8.8, 6.18579, 7.5],
			"to": [9, 7.01421, 11.5],
			"rotation": {"angle": 0, "axis": "y", "origin": [8, 6.6, 8]},
			"faces": {
				"north": {"uv": [9.5, 4.25, 9.75, 4.5], "texture": "#5"},
				"east": {"uv": [7, 4.5, 8, 4.75], "texture": "#5"},
				"south": {"uv": [9.5, 5, 9.75, 5.25], "texture": "#5"},
				"west": {"uv": [7, 5.75, 8, 6], "texture": "#5"},
				"up": {"uv": [3.25, 8.25, 3, 7.25], "texture": "#5"},
				"down": {"uv": [5.25, 7.25, 5, 8.25], "texture": "#5"}
			}
		},
		{
			"name": "octagon",
			"from": [7.58579, 5.6, 7.5],
			"to": [8.41421, 5.8, 11.5],
			"rotation": {"angle": 0, "axis": "y", "origin": [8, 6.6, 8]},
			"faces": {
				"north": {"uv": [6.5, 9.5, 6.75, 9.75], "texture": "#5"},
				"east": {"uv": [6.25, 3.5, 7.25, 3.75], "texture": "#5"},
				"south": {"uv": [6.75, 9.5, 7, 9.75], "texture": "#5"},
				"west": {"uv": [6.25, 4.75, 7.25, 5], "texture": "#5"},
				"up": {"uv": [1.25, 7.5, 1, 6.5], "texture": "#5"},
				"down": {"uv": [1.5, 6.5, 1.25, 7.5], "texture": "#5"}
			}
		},
		{
			"name": "octagon",
			"from": [7.58579, 5.6, 7.5],
			"to": [8.41421, 5.8, 11.5],
			"rotation": {"angle": 0, "axis": "y", "origin": [8, 6.6, 8]},
			"faces": {
				"north": {"uv": [9.5, 5.25, 9.75, 5.5], "texture": "#5"},
				"east": {"uv": [6.25, 7.25, 7.25, 7.5], "texture": "#5"},
				"south": {"uv": [9.5, 5.5, 9.75, 5.75], "texture": "#5"},
				"west": {"uv": [7.25, 7.25, 8.25, 7.5], "texture": "#5"},
				"up": {"uv": [7.5, 2.5, 7.25, 1.5], "texture": "#5"},
				"down": {"uv": [1.25, 7.5, 1, 8.5], "texture": "#5"}
			}
		},
		{
			"name": "octagon",
			"from": [7, 6.18579, 7.5],
			"to": [7.2, 7.01421, 11.5],
			"rotation": {"angle": 45, "axis": "z", "origin": [8, 6.6, 8]},
			"faces": {
				"north": {"uv": [7, 9.5, 7.25, 9.75], "texture": "#5"},
				"east": {"uv": [6.25, 6, 7.25, 6.25], "texture": "#5"},
				"south": {"uv": [7.75, 9.5, 8, 9.75], "texture": "#5"},
				"west": {"uv": [6.5, 6.5, 7.5, 6.75], "texture": "#5"},
				"up": {"uv": [4, 7.5, 3.75, 6.5], "texture": "#5"},
				"down": {"uv": [4.25, 6.5, 4, 7.5], "texture": "#5"}
			}
		},
		{
			"name": "octagon",
			"from": [8.8, 6.18579, 7.5],
			"to": [9, 7.01421, 11.5],
			"rotation": {"angle": -45, "axis": "z", "origin": [8, 6.6, 8]},
			"faces": {
				"north": {"uv": [9.5, 5.75, 9.75, 6], "texture": "#5"},
				"east": {"uv": [7.25, 3.5, 8.25, 3.75], "texture": "#5"},
				"south": {"uv": [9.5, 6, 9.75, 6.25], "texture": "#5"},
				"west": {"uv": [7.25, 4.75, 8.25, 5], "texture": "#5"},
				"up": {"uv": [1.5, 8.5, 1.25, 7.5], "texture": "#5"},
				"down": {"uv": [4, 7.5, 3.75, 8.5], "texture": "#5"}
			}
		},
		{
			"name": "octagon",
			"from": [6.38579, 9.4, 7.5],
			"to": [7.21421, 9.6, 11.5],
			"rotation": {"angle": 45, "axis": "z", "origin": [6.8, 8.6, 8]},
			"faces": {
				"north": {"uv": [8.75, 9.5, 9, 9.75], "texture": "#5"},
				"east": {"uv": [6.5, 5, 7.5, 5.25], "texture": "#5"},
				"south": {"uv": [9, 9.5, 9.25, 9.75], "texture": "#5"},
				"west": {"uv": [6.5, 5.25, 7.5, 5.5], "texture": "#5"},
				"up": {"uv": [1.75, 7.75, 1.5, 6.75], "texture": "#5"},
				"down": {"uv": [2, 6.75, 1.75, 7.75], "texture": "#5"}
			}
		},
		{
			"name": "octagon",
			"from": [8.78579, 9.4, 7.5],
			"to": [9.61421, 9.6, 11.5],
			"rotation": {"angle": -45, "axis": "z", "origin": [9.2, 8.6, 8]},
			"faces": {
				"north": {"uv": [9.5, 6.25, 9.75, 6.5], "texture": "#5"},
				"east": {"uv": [7.25, 6, 8.25, 6.25], "texture": "#5"},
				"south": {"uv": [9.5, 6.5, 9.75, 6.75], "texture": "#5"},
				"west": {"uv": [6.25, 7.5, 7.25, 7.75], "texture": "#5"},
				"up": {"uv": [4.25, 8.5, 4, 7.5], "texture": "#5"},
				"down": {"uv": [7.5, 7.5, 7.25, 8.5], "texture": "#5"}
			}
		},
		{
			"name": "octagon",
			"from": [6.38579, 9.4, 7.5],
			"to": [7.21421, 9.6, 11.5],
			"rotation": {"angle": 0, "axis": "y", "origin": [6.8, 8.6, 8]},
			"faces": {
				"north": {"uv": [9.5, 9.5, 9.75, 9.75], "texture": "#5"},
				"east": {"uv": [6.5, 6.25, 7.5, 6.5], "texture": "#5"},
				"south": {"uv": [9.5, 0, 9.75, 0.25], "texture": "#5"},
				"west": {"uv": [2, 6.75, 3, 7], "texture": "#5"},
				"up": {"uv": [3.5, 7.75, 3.25, 6.75], "texture": "#5"},
				"down": {"uv": [3.75, 6.75, 3.5, 7.75], "texture": "#5"}
			}
		},
		{
			"name": "octagon",
			"from": [8.78579, 9.4, 7.5],
			"to": [9.61421, 9.6, 11.5],
			"rotation": {"angle": 0, "axis": "y", "origin": [9.2, 8.6, 8]},
			"faces": {
				"north": {"uv": [9.5, 6.75, 9.75, 7], "texture": "#5"},
				"east": {"uv": [7.5, 7.5, 8.5, 7.75], "texture": "#5"},
				"south": {"uv": [9.5, 7, 9.75, 7.25], "texture": "#5"},
				"west": {"uv": [7.5, 0, 8.5, 0.25], "texture": "#5"},
				"up": {"uv": [7.75, 2.5, 7.5, 1.5], "texture": "#5"},
				"down": {"uv": [7.75, 6.25, 7.5, 7.25], "texture": "#5"}
			}
		},
		{
			"name": "octagon",
			"from": [5.8, 8.18579, 7.5],
			"to": [6, 9.01421, 11.5],
			"rotation": {"angle": 45, "axis": "z", "origin": [6.8, 8.6, 8]},
			"faces": {
				"north": {"uv": [9.5, 0.25, 9.75, 0.5], "texture": "#5"},
				"east": {"uv": [6.5, 6.75, 7.5, 7], "texture": "#5"},
				"south": {"uv": [9.5, 0.5, 9.75, 0.75], "texture": "#5"},
				"west": {"uv": [6.75, 2.5, 7.75, 2.75], "texture": "#5"},
				"up": {"uv": [4.5, 7.75, 4.25, 6.75], "texture": "#5"},
				"down": {"uv": [5.5, 6.75, 5.25, 7.75], "texture": "#5"}
			}
		},
		{
			"name": "octagon",
			"from": [10, 8.18579, 7.5],
			"to": [10.2, 9.01421, 11.5],
			"rotation": {"angle": -45, "axis": "z", "origin": [9.2, 8.6, 8]},
			"faces": {
				"north": {"uv": [9.5, 7.25, 9.75, 7.5], "texture": "#5"},
				"east": {"uv": [7.5, 0.25, 8.5, 0.5], "texture": "#5"},
				"south": {"uv": [9.5, 7.5, 9.75, 7.75], "texture": "#5"},
				"west": {"uv": [7.5, 5, 8.5, 5.25], "texture": "#5"},
				"up": {"uv": [0.25, 8.75, 0, 7.75], "texture": "#5"},
				"down": {"uv": [0.5, 7.75, 0.25, 8.75], "texture": "#5"}
			}
		},
		{
			"name": "octagon",
			"from": [5.8, 8.18579, 7.5],
			"to": [6, 9.01421, 11.5],
			"rotation": {"angle": 0, "axis": "y", "origin": [6.8, 8.6, 8]},
			"faces": {
				"north": {"uv": [9.5, 0.75, 9.75, 1], "texture": "#5"},
				"east": {"uv": [6.75, 2.75, 7.75, 3], "texture": "#5"},
				"south": {"uv": [9.5, 1, 9.75, 1.25], "texture": "#5"},
				"west": {"uv": [6.75, 3, 7.75, 3.25], "texture": "#5"},
				"up": {"uv": [5.75, 7.75, 5.5, 6.75], "texture": "#5"},
				"down": {"uv": [0.75, 7, 0.5, 8], "texture": "#5"}
			}
		},
		{
			"name": "octagon",
			"from": [10, 8.18579, 7.5],
			"to": [10.2, 9.01421, 11.5],
			"rotation": {"angle": 0, "axis": "y", "origin": [9.2, 8.6, 8]},
			"faces": {
				"north": {"uv": [9.5, 7.75, 9.75, 8], "texture": "#5"},
				"east": {"uv": [7.5, 5.25, 8.5, 5.5], "texture": "#5"},
				"south": {"uv": [9.5, 8, 9.75, 8.25], "texture": "#5"},
				"west": {"uv": [6.25, 7.75, 7.25, 8], "texture": "#5"},
				"up": {"uv": [1.75, 8.75, 1.5, 7.75], "texture": "#5"},
				"down": {"uv": [2, 7.75, 1.75, 8.75], "texture": "#5"}
			}
		},
		{
			"name": "octagon",
			"from": [5.8, 6.98579, 7.5],
			"to": [6, 7.81421, 11.5],
			"rotation": {"angle": 45, "axis": "z", "origin": [6.8, 7.4, 8]},
			"faces": {
				"north": {"uv": [9.5, 2.75, 9.75, 3], "texture": "#5"},
				"east": {"uv": [6.75, 5.5, 7.75, 5.75], "texture": "#5"},
				"south": {"uv": [9.5, 3, 9.75, 3.25], "texture": "#5"},
				"west": {"uv": [6.5, 7, 7.5, 7.25], "texture": "#5"},
				"up": {"uv": [3, 8, 2.75, 7], "texture": "#5"},
				"down": {"uv": [4.75, 7, 4.5, 8], "texture": "#5"}
			}
		},
		{
			"name": "octagon",
			"from": [10, 6.98579, 7.5],
			"to": [10.2, 7.81421, 11.5],
			"rotation": {"angle": -45, "axis": "z", "origin": [9.2, 7.4, 8]},
			"faces": {
				"north": {"uv": [9.5, 8.25, 9.75, 8.5], "texture": "#5"},
				"east": {"uv": [7.5, 7.75, 8.5, 8], "texture": "#5"},
				"south": {"uv": [9.5, 8.5, 9.75, 8.75], "texture": "#5"},
				"west": {"uv": [7.75, 1.5, 8.75, 1.75], "texture": "#5"},
				"up": {"uv": [3.5, 8.75, 3.25, 7.75], "texture": "#5"},
				"down": {"uv": [3.75, 7.75, 3.5, 8.75], "texture": "#5"}
			}
		},
		{
			"name": "octagon",
			"from": [6.38579, 6.4, 7.5],
			"to": [7.21421, 6.6, 11.5],
			"rotation": {"angle": 0, "axis": "y", "origin": [6.8, 7.4, 8]},
			"faces": {
				"north": {"uv": [9.5, 1.75, 9.75, 2], "texture": "#5"},
				"east": {"uv": [6.75, 4, 7.75, 4.25], "texture": "#5"},
				"south": {"uv": [9.5, 2, 9.75, 2.25], "texture": "#5"},
				"west": {"uv": [6.75, 4.25, 7.75, 4.5], "texture": "#5"},
				"up": {"uv": [2.5, 8, 2.25, 7], "texture": "#5"},
				"down": {"uv": [2.75, 7, 2.5, 8], "texture": "#5"}
			}
		},
		{
			"name": "octagon",
			"from": [8.78579, 6.4, 7.5],
			"to": [9.61421, 6.6, 11.5],
			"rotation": {"angle": 0, "axis": "y", "origin": [9.2, 7.4, 8]},
			"faces": {
				"north": {"uv": [9.5, 8.75, 9.75, 9], "texture": "#5"},
				"east": {"uv": [7.75, 1.75, 8.75, 2], "texture": "#5"},
				"south": {"uv": [9.5, 9, 9.75, 9.25], "texture": "#5"},
				"west": {"uv": [7.75, 2, 8.75, 2.25], "texture": "#5"},
				"up": {"uv": [4.5, 8.75, 4.25, 7.75], "texture": "#5"},
				"down": {"uv": [5.5, 7.75, 5.25, 8.75], "texture": "#5"}
			}
		},
		{
			"name": "octagon",
			"from": [6.38579, 8.2, 7.5],
			"to": [7.21421, 8.4, 11.5],
			"rotation": {"angle": 45, "axis": "z", "origin": [6.8, 7.4, 8]},
			"faces": {
				"north": {"uv": [9.5, 1.25, 9.75, 1.5], "texture": "#5"},
				"east": {"uv": [6.75, 3.25, 7.75, 3.5], "texture": "#5"},
				"south": {"uv": [9.5, 1.5, 9.75, 1.75], "texture": "#5"},
				"west": {"uv": [6.75, 3.75, 7.75, 4], "texture": "#5"},
				"up": {"uv": [1, 8, 0.75, 7], "texture": "#5"},
				"down": {"uv": [2.25, 7, 2, 8], "texture": "#5"}
			}
		},
		{
			"name": "octagon",
			"from": [8.78579, 8.2, 7.5],
			"to": [9.61421, 8.4, 11.5],
			"rotation": {"angle": -45, "axis": "z", "origin": [9.2, 7.4, 8]},
			"faces": {
				"north": {"uv": [9.5, 9.25, 9.75, 9.5], "texture": "#5"},
				"east": {"uv": [7.75, 2.25, 8.75, 2.5], "texture": "#5"},
				"south": {"uv": [0, 9.75, 0.25, 10], "texture": "#5"},
				"west": {"uv": [7.75, 2.5, 8.75, 2.75], "texture": "#5"},
				"up": {"uv": [5.75, 8.75, 5.5, 7.75], "texture": "#5"},
				"down": {"uv": [8, 6.25, 7.75, 7.25], "texture": "#5"}
			}
		},
		{
			"name": "octagon",
			"from": [7, 8.98579, 7.5],
			"to": [7.2, 9.81421, 11.5],
			"rotation": {"angle": 0, "axis": "y", "origin": [8, 9.4, 8]},
			"faces": {
				"north": {"uv": [6, 9.5, 6.25, 9.75], "texture": "#5"},
				"east": {"uv": [5.75, 5.5, 6.75, 5.75], "texture": "#5"},
				"south": {"uv": [6.25, 9.5, 6.5, 9.75], "texture": "#5"},
				"west": {"uv": [6, 4.5, 7, 4.75], "texture": "#5"},
				"up": {"uv": [5.25, 7.25, 5, 6.25], "texture": "#5"},
				"down": {"uv": [6.5, 6.25, 6.25, 7.25], "texture": "#5"}
			}
		},
		{
			"name": "octagon",
			"from": [8.8, 8.98579, 7.5],
			"to": [9, 9.81421, 11.5],
			"rotation": {"angle": 0, "axis": "y", "origin": [8, 9.4, 8]},
			"faces": {
				"north": {"uv": [0.25, 9.75, 0.5, 10], "texture": "#5"},
				"east": {"uv": [7.75, 2.75, 8.75, 3], "texture": "#5"},
				"south": {"uv": [0.5, 9.75, 0.75, 10], "texture": "#5"},
				"west": {"uv": [7.75, 3, 8.75, 3.25], "texture": "#5"},
				"up": {"uv": [0.75, 9, 0.5, 8], "texture": "#5"},
				"down": {"uv": [1, 8, 0.75, 9], "texture": "#5"}
			}
		},
		{
			"name": "octagon",
			"from": [7.58579, 10.2, 7.5],
			"to": [8.41421, 10.4, 11.5],
			"rotation": {"angle": 0, "axis": "y", "origin": [8, 9.4, 8]},
			"faces": {
				"north": {"uv": [5.5, 9.5, 5.75, 9.75], "texture": "#5"},
				"east": {"uv": [5.75, 2.75, 6.75, 3], "texture": "#5"},
				"south": {"uv": [5.75, 9.5, 6, 9.75], "texture": "#5"},
				"west": {"uv": [5.75, 4.25, 6.75, 4.5], "texture": "#5"},
				"up": {"uv": [6.25, 7, 6, 6], "texture": "#5"},
				"down": {"uv": [3.25, 6.25, 3, 7.25], "texture": "#5"}
			}
		},
		{
			"name": "octagon",
			"from": [7.58579, 10.2, 7.5],
			"to": [8.41421, 10.4, 11.5],
			"rotation": {"angle": 0, "axis": "y", "origin": [8, 9.4, 8]},
			"faces": {
				"north": {"uv": [0.75, 9.75, 1, 10], "texture": "#5"},
				"east": {"uv": [7.75, 3.25, 8.75, 3.5], "texture": "#5"},
				"south": {"uv": [1, 9.75, 1.25, 10], "texture": "#5"},
				"west": {"uv": [7.75, 3.75, 8.75, 4], "texture": "#5"},
				"up": {"uv": [2.25, 9, 2, 8], "texture": "#5"},
				"down": {"uv": [2.5, 8, 2.25, 9], "texture": "#5"}
			}
		},
		{
			"name": "octagon",
			"from": [7.58579, 10.2, 7.5],
			"to": [8.41421, 10.4, 11.5],
			"rotation": {"angle": 45, "axis": "z", "origin": [8, 9.4, 8]},
			"faces": {
				"north": {"uv": [4.75, 9.5, 5, 9.75], "texture": "#5"},
				"east": {"uv": [1, 0.75, 2, 1], "texture": "#5"},
				"south": {"uv": [5.25, 9.5, 5.5, 9.75], "texture": "#5"},
				"west": {"uv": [5.75, 2.5, 6.75, 2.75], "texture": "#5"},
				"up": {"uv": [5, 7, 4.75, 6], "texture": "#5"},
				"down": {"uv": [6, 6, 5.75, 7], "texture": "#5"}
			}
		},
		{
			"name": "octagon",
			"from": [7.58579, 10.2, 7.5],
			"to": [8.41421, 10.4, 11.5],
			"rotation": {"angle": -45, "axis": "z", "origin": [8, 9.4, 8]},
			"faces": {
				"north": {"uv": [1.25, 9.75, 1.5, 10], "texture": "#5"},
				"east": {"uv": [7.75, 4, 8.75, 4.25], "texture": "#5"},
				"south": {"uv": [1.5, 9.75, 1.75, 10], "texture": "#5"},
				"west": {"uv": [7.75, 4.25, 8.75, 4.5], "texture": "#5"},
				"up": {"uv": [2.75, 9, 2.5, 8], "texture": "#5"},
				"down": {"uv": [3, 8, 2.75, 9], "texture": "#5"}
			}
		},
		{
			"name": "octagon",
			"from": [5.8, 6.98579, 7.5],
			"to": [6, 7.81421, 11.5],
			"rotation": {"angle": 0, "axis": "y", "origin": [6.8, 7.4, 8]},
			"faces": {
				"north": {"uv": [9.5, 3.25, 9.75, 3.5], "texture": "#5"},
				"east": {"uv": [7, 0.5, 8, 0.75], "texture": "#5"},
				"south": {"uv": [9.5, 3.5, 9.75, 3.75], "texture": "#5"},
				"west": {"uv": [7, 0.75, 8, 1], "texture": "#5"},
				"up": {"uv": [5, 8, 4.75, 7], "texture": "#5"},
				"down": {"uv": [6, 7, 5.75, 8], "texture": "#5"}
			}
		},
		{
			"name": "octagon",
			"from": [10, 6.98579, 7.5],
			"to": [10.2, 7.81421, 11.5],
			"rotation": {"angle": 0, "axis": "y", "origin": [9.2, 7.4, 8]},
			"faces": {
				"north": {"uv": [9.5, 3.75, 9.75, 4], "texture": "#5"},
				"east": {"uv": [7, 1, 8, 1.25], "texture": "#5"},
				"south": {"uv": [9.5, 4, 9.75, 4.25], "texture": "#5"},
				"west": {"uv": [7, 1.25, 8, 1.5], "texture": "#5"},
				"up": {"uv": [6.25, 8, 6, 7], "texture": "#5"},
				"down": {"uv": [7.25, 1.5, 7, 2.5], "texture": "#5"}
			}
		},
		{
			"from": [7.5, 10.7, 6.8],
			"to": [8.5, 11.7, 7.8],
			"rotation": {"angle": 0, "axis": "y", "origin": [8, 10.7, 7.4]},
			"faces": {
				"north": {"uv": [5.75, 9.75, 6, 10], "texture": "#5"},
				"east": {"uv": [6, 9.75, 6.25, 10], "texture": "#5"},
				"south": {"uv": [6.25, 9.75, 6.5, 10], "texture": "#5"},
				"west": {"uv": [6.5, 9.75, 6.75, 10], "texture": "#5"},
				"up": {"uv": [7, 10, 6.75, 9.75], "texture": "#5"},
				"down": {"uv": [7.25, 9.75, 7, 10], "texture": "#5"}
			}
		},
		{
			"from": [7.8, 9.1, 15.6],
			"to": [8.2, 9.4, 17.6],
			"rotation": {"angle": 45, "axis": "x", "origin": [8, 9.25, 16.6]},
			"faces": {
				"north": {"uv": [5.5, 10.5, 5.75, 10.75], "texture": "#5"},
				"east": {"uv": [9, 3.5, 9.5, 3.75], "texture": "#5"},
				"south": {"uv": [5.75, 10.5, 6, 10.75], "texture": "#5"},
				"west": {"uv": [9, 8.25, 9.5, 8.5], "texture": "#5"},
				"up": {"uv": [8.75, 9.75, 8.5, 9.25], "texture": "#5"},
				"down": {"uv": [9.5, 9.25, 9.25, 9.75], "texture": "#5"}
			}
		},
		{
			"from": [7.6, 5.5, 12.1],
			"to": [8.4, 7.8, 12.2],
			"rotation": {"angle": 0, "axis": "y", "origin": [8, 5.25, 12.6]},
			"faces": {
				"north": {"uv": [8.75, 9, 9, 9.5], "texture": "#5"},
				"east": {"uv": [9, 9, 9.25, 9.5], "texture": "#5"},
				"south": {"uv": [9, 0.5, 9.25, 1], "texture": "#5"},
				"west": {"uv": [9, 1, 9.25, 1.5], "texture": "#5"},
				"up": {"uv": [10, 8, 9.75, 7.75], "texture": "#5"},
				"down": {"uv": [10, 8, 9.75, 8.25], "texture": "#5"}
			}
		},
		{
			"from": [7.6, 5.193, 11.884],
			"to": [8.4, 5.619, 11.984],
			"rotation": {"angle": 45, "axis": "x", "origin": [8, 5.3, 11.95]},
			"faces": {
				"north": {"uv": [9.75, 9.25, 10, 9.5], "texture": "#5"},
				"east": {"uv": [9.75, 9.5, 10, 9.75], "texture": "#5"},
				"south": {"uv": [0, 10, 0.25, 10.25], "texture": "#5"},
				"west": {"uv": [0.25, 10, 0.5, 10.25], "texture": "#5"},
				"up": {"uv": [0.75, 10.25, 0.5, 10], "texture": "#5"},
				"down": {"uv": [1, 10, 0.75, 10.25], "texture": "#5"}
			}
		},
		{
			"from": [7.6, 5.2, 7],
			"to": [8.4, 5.3, 11.9],
			"rotation": {"angle": 0, "axis": "y", "origin": [8, 5.25, 7.7]},
			"faces": {
				"north": {"uv": [9.75, 8.75, 10, 9], "texture": "#5"},
				"east": {"uv": [5.75, 2, 7, 2.25], "texture": "#5"},
				"south": {"uv": [9.75, 9, 10, 9.25], "texture": "#5"},
				"west": {"uv": [5.75, 2.25, 7, 2.5], "texture": "#5"},
				"up": {"uv": [1, 7, 0.75, 5.75], "texture": "#5"},
				"down": {"uv": [4.75, 5.75, 4.5, 7], "texture": "#5"}
			}
		},
		{
			"from": [7.7, 7.1, 12.2],
			"to": [8.3, 7.2, 14],
			"rotation": {"angle": 0, "axis": "y", "origin": [8, 7.15, 10.7]},
			"faces": {
				"north": {"uv": [9.75, 8.25, 10, 8.5], "texture": "#5"},
				"east": {"uv": [8.75, 5.5, 9.25, 5.75], "texture": "#5"},
				"south": {"uv": [9.75, 8.5, 10, 8.75], "texture": "#5"},
				"west": {"uv": [8.75, 8.5, 9.25, 8.75], "texture": "#5"},
				"up": {"uv": [9.25, 2.25, 9, 1.75], "texture": "#5"},
				"down": {"uv": [9.25, 2.25, 9, 2.75], "texture": "#5"}
			}
		},
		{
			"from": [7.7, 7.35, 13.95],
			"to": [8.3, 8.25, 14.05],
			"rotation": {"angle": 22.5, "axis": "x", "origin": [8, 8.25, 14]},
			"faces": {
				"north": {"uv": [2.5, 10, 2.75, 10.25], "texture": "#5"},
				"east": {"uv": [2.75, 10, 3, 10.25], "texture": "#5"},
				"south": {"uv": [3, 10, 3.25, 10.25], "texture": "#5"},
				"west": {"uv": [3.25, 10, 3.5, 10.25], "texture": "#5"},
				"up": {"uv": [3.75, 10.25, 3.5, 10], "texture": "#5"},
				"down": {"uv": [4, 10, 3.75, 10.25], "texture": "#5"}
			}
		},
		{
			"from": [7.7, 7.217, 13.925],
			"to": [8.3, 7.317, 14.425],
			"rotation": {"angle": -45, "axis": "x", "origin": [8, 7.25, 14.1]},
			"faces": {
				"north": {"uv": [1, 10, 1.25, 10.25], "texture": "#5"},
				"east": {"uv": [1.25, 10, 1.5, 10.25], "texture": "#5"},
				"south": {"uv": [1.5, 10, 1.75, 10.25], "texture": "#5"},
				"west": {"uv": [1.75, 10, 2, 10.25], "texture": "#5"},
				"up": {"uv": [2.25, 10.25, 2, 10], "texture": "#5"},
				"down": {"uv": [2.5, 10, 2.25, 10.25], "texture": "#5"}
			}
		},
		{
			"from": [7.4, 8.617, 14.225],
			"to": [8.6, 8.717, 14.725],
			"rotation": {"angle": 22.5, "axis": "x", "origin": [8, 8.65, 14.4]},
			"faces": {
				"north": {"uv": [10.5, 8.75, 10.75, 9], "texture": "#5"},
				"east": {"uv": [10.5, 9, 10.75, 9.25], "texture": "#5"},
				"south": {"uv": [10.5, 9.25, 10.75, 9.5], "texture": "#5"},
				"west": {"uv": [10.5, 9.5, 10.75, 9.75], "texture": "#5"},
				"up": {"uv": [10.75, 10, 10.5, 9.75], "texture": "#5"},
				"down": {"uv": [10.75, 10, 10.5, 10.25], "texture": "#5"}
			}
		},
		{
			"from": [7.5, 10.9, 12.8],
			"to": [8.5, 11.7, 13.1],
			"rotation": {"angle": 0, "axis": "y", "origin": [8, 10.7, 13.4]},
			"faces": {
				"north": {"uv": [9.25, 9.75, 9.5, 10], "texture": "#5"},
				"east": {"uv": [9.5, 9.75, 9.75, 10], "texture": "#5"},
				"south": {"uv": [9.75, 9.75, 10, 10], "texture": "#5"},
				"west": {"uv": [9.75, 0, 10, 0.25], "texture": "#5"},
				"up": {"uv": [10, 0.5, 9.75, 0.25], "texture": "#5"},
				"down": {"uv": [10, 0.5, 9.75, 0.75], "texture": "#5"}
			}
		},
		{
			"from": [7.3, 10.4, 13.2],
			"to": [8.7, 10.7, 13.5],
			"rotation": {"angle": 0, "axis": "y", "origin": [8, 10.2, 13.8]},
			"faces": {
				"north": {"uv": [6, 10.5, 6.25, 10.75], "texture": "#5"},
				"east": {"uv": [6.25, 10.5, 6.5, 10.75], "texture": "#5"},
				"south": {"uv": [6.5, 10.5, 6.75, 10.75], "texture": "#5"},
				"west": {"uv": [6.75, 10.5, 7, 10.75], "texture": "#5"},
				"up": {"uv": [7.25, 10.75, 7, 10.5], "texture": "#5"},
				"down": {"uv": [7.5, 10.5, 7.25, 10.75], "texture": "#5"}
			}
		},
		{
			"from": [7.3, 10.1, 17.8],
			"to": [8.7, 12, 18.1],
			"rotation": {"angle": 0, "axis": "y", "origin": [8, 10.7, 18.4]},
			"faces": {
				"north": {"uv": [1, 9.25, 1.25, 9.75], "texture": "#5"},
				"east": {"uv": [1.25, 9.25, 1.5, 9.75], "texture": "#5"},
				"south": {"uv": [3, 9.25, 3.25, 9.75], "texture": "#5"},
				"west": {"uv": [3.75, 9.25, 4, 9.75], "texture": "#5"},
				"up": {"uv": [4.75, 10.75, 4.5, 10.5], "texture": "#5"},
				"down": {"uv": [5, 10.5, 4.75, 10.75], "texture": "#5"}
			}
		},
		{
			"from": [7.31, 7.89542, 17.58029],
			"to": [8.69, 10.19542, 17.88029],
			"rotation": {"angle": 22.5, "axis": "x", "origin": [7.95, 9.59542, 17.75029]},
			"faces": {
				"north": {"uv": [4, 9.25, 4.25, 9.75], "texture": "#5"},
				"east": {"uv": [5, 9.25, 5.25, 9.75], "texture": "#5"},
				"south": {"uv": [7.25, 9.25, 7.5, 9.75], "texture": "#5"},
				"west": {"uv": [7.5, 9.25, 7.75, 9.75], "texture": "#5"},
				"up": {"uv": [5.25, 10.75, 5, 10.5], "texture": "#5"},
				"down": {"uv": [5.5, 10.5, 5.25, 10.75], "texture": "#5"}
			}
		},
		{
			"from": [7.3, 10.4, 14.5],
			"to": [8.7, 10.7, 14.8],
			"rotation": {"angle": 45, "axis": "x", "origin": [8, 10.55, 14.65]},
			"faces": {
				"north": {"uv": [10.25, 5.75, 10.5, 6], "texture": "#5"},
				"east": {"uv": [10.25, 6, 10.5, 6.25], "texture": "#5"},
				"south": {"uv": [10.25, 6.25, 10.5, 6.5], "texture": "#5"},
				"west": {"uv": [10.25, 6.5, 10.5, 6.75], "texture": "#5"},
				"up": {"uv": [10.5, 7, 10.25, 6.75], "texture": "#5"},
				"down": {"uv": [10.5, 7, 10.25, 7.25], "texture": "#5"}
			}
		},
		{
			"from": [7.3, 8.5, 14],
			"to": [8.7, 8.8, 14.3],
			"rotation": {"angle": 45, "axis": "x", "origin": [8, 8.65, 14.15]},
			"faces": {
				"north": {"uv": [10.5, 10.25, 10.75, 10.5], "texture": "#5"},
				"east": {"uv": [0, 10.75, 0.25, 11], "texture": "#5"},
				"south": {"uv": [0.25, 10.75, 0.5, 11], "texture": "#5"},
				"west": {"uv": [0.5, 10.75, 0.75, 11], "texture": "#5"},
				"up": {"uv": [1, 11, 0.75, 10.75], "texture": "#5"},
				"down": {"uv": [1.25, 10.75, 1, 11], "texture": "#5"}
			}
		},
		{
			"from": [7.5, 10.3, 12.8],
			"to": [8.5, 10.9, 14.7],
			"rotation": {"angle": 0, "axis": "y", "origin": [8, 9.9, 14.4]},
			"faces": {
				"north": {"uv": [10.25, 4.75, 10.5, 5], "texture": "#5"},
				"east": {"uv": [9, 2.75, 9.5, 3], "texture": "#5"},
				"south": {"uv": [10.25, 5, 10.5, 5.25], "texture": "#5"},
				"west": {"uv": [9, 3, 9.5, 3.25], "texture": "#5"},
				"up": {"uv": [9.25, 5, 9, 4.5], "texture": "#5"},
				"down": {"uv": [9.25, 5.75, 9, 6.25], "texture": "#5"}
			}
		},
		{
			"from": [7.55, 8.4, 12.5],
			"to": [8.45, 10.2, 15.7],
			"rotation": {"angle": 22.5, "axis": "x", "origin": [8, 9.85, 13.8]},
			"faces": {
				"north": {"uv": [8, 9, 8.25, 9.5], "texture": "#5"},
				"east": {"uv": [3.75, 1, 4.5, 1.5], "texture": "#5"},
				"south": {"uv": [8.25, 9, 8.5, 9.5], "texture": "#5"},
				"west": {"uv": [3.75, 1.5, 4.5, 2], "texture": "#5"},
				"up": {"uv": [1.25, 9.25, 1, 8.5], "texture": "#5"},
				"down": {"uv": [1.5, 8.5, 1.25, 9.25], "texture": "#5"}
			}
		},
		{
			"from": [7.35, 9.9, 14.5],
			"to": [8.65, 11.65, 15.2],
			"rotation": {"angle": 22.5, "axis": "x", "origin": [8, 10.85, 15.8]},
			"faces": {
				"north": {"uv": [9, 6.25, 9.25, 6.75], "texture": "#5"},
				"east": {"uv": [9, 6.75, 9.25, 7.25], "texture": "#5"},
				"south": {"uv": [9, 7.25, 9.25, 7.75], "texture": "#5"},
				"west": {"uv": [9, 7.75, 9.25, 8.25], "texture": "#5"},
				"up": {"uv": [10.5, 5.5, 10.25, 5.25], "texture": "#5"},
				"down": {"uv": [10.5, 5.5, 10.25, 5.75], "texture": "#5"}
			}
		},
		{
			"from": [7.55, 9.9, 15.2],
			"to": [8.45, 11.15, 18],
			"rotation": {"angle": 22.5, "axis": "x", "origin": [8, 10.85, 15.8]},
			"faces": {
				"north": {"uv": [4, 10.5, 4.25, 10.75], "texture": "#5"},
				"east": {"uv": [8.75, 4, 9.5, 4.25], "texture": "#5"},
				"south": {"uv": [4.25, 10.5, 4.5, 10.75], "texture": "#5"},
				"west": {"uv": [8.75, 4.25, 9.5, 4.5], "texture": "#5"},
				"up": {"uv": [9, 8.5, 8.75, 7.75], "texture": "#5"},
				"down": {"uv": [0.75, 9, 0.5, 9.75], "texture": "#5"}
			}
		},
		{
			"from": [7.5, 7.4, 6.7],
			"to": [8.5, 11.7, 6.8],
			"rotation": {"angle": 0, "axis": "y", "origin": [8, 11.2, 6.3]},
			"faces": {
				"north": {"uv": [4.5, 8, 4.75, 9], "texture": "#5"},
				"east": {"uv": [4.75, 8, 5, 9], "texture": "#5"},
				"south": {"uv": [5.75, 8, 6, 9], "texture": "#5"},
				"west": {"uv": [6, 8, 6.25, 9], "texture": "#5"},
				"up": {"uv": [2, 10, 1.75, 9.75], "texture": "#5"},
				"down": {"uv": [2.25, 9.75, 2, 10], "texture": "#5"}
			}
		},
		{
			"from": [7.6, 5.2, 6.8],
			"to": [8.4, 7.7, 7],
			"rotation": {"angle": 0, "axis": "y", "origin": [8, 7.2, 6.3]},
			"faces": {
				"north": {"uv": [0.25, 8.75, 0.5, 9.5], "texture": "#5"},
				"east": {"uv": [1.5, 8.75, 1.75, 9.5], "texture": "#5"},
				"south": {"uv": [1.75, 8.75, 2, 9.5], "texture": "#5"},
				"west": {"uv": [3.25, 8.75, 3.5, 9.5], "texture": "#5"},
				"up": {"uv": [1.75, 10.75, 1.5, 10.5], "texture": "#5"},
				"down": {"uv": [2, 10.5, 1.75, 10.75], "texture": "#5"}
			}
		},
		{
			"from": [7.45, 7.8, 12],
			"to": [8.55, 10.7, 12.8],
			"rotation": {"angle": 0, "axis": "y", "origin": [8, 9.35, 13.8]},
			"faces": {
				"north": {"uv": [3.75, 8.5, 4, 9.25], "texture": "#5"},
				"east": {"uv": [4, 8.5, 4.25, 9.25], "texture": "#5"},
				"south": {"uv": [7.25, 8.5, 7.5, 9.25], "texture": "#5"},
				"west": {"uv": [8.5, 8.5, 8.75, 9.25], "texture": "#5"},
				"up": {"uv": [10, 5.5, 9.75, 5.25], "texture": "#5"},
				"down": {"uv": [10, 5.5, 9.75, 5.75], "texture": "#5"}
			}
		},
		{
			"from": [7.5, 7.4, 14.2],
			"to": [8.5, 8.5, 15],
			"rotation": {"angle": 0, "axis": "y", "origin": [8, 7.35, 16]},
			"faces": {
				"north": {"uv": [9.75, 6.25, 10, 6.5], "texture": "#5"},
				"east": {"uv": [9.75, 6.5, 10, 6.75], "texture": "#5"},
				"south": {"uv": [9.75, 6.75, 10, 7], "texture": "#5"},
				"west": {"uv": [9.75, 7, 10, 7.25], "texture": "#5"},
				"up": {"uv": [10, 7.5, 9.75, 7.25], "texture": "#5"},
				"down": {"uv": [10, 7.5, 9.75, 7.75], "texture": "#5"}
			}
		},
		{
			"from": [7.45, 5.7573, 15.58534],
			"to": [8.55, 6.2473, 16.58534],
			"rotation": {"angle": 0, "axis": "y", "origin": [8, 5.7073, 17.39034]},
			"faces": {
				"north": {"uv": [4, 10, 4.25, 10.25], "texture": "#5"},
				"east": {"uv": [4.25, 10, 4.5, 10.25], "texture": "#5"},
				"south": {"uv": [4.5, 10, 4.75, 10.25], "texture": "#5"},
				"west": {"uv": [4.75, 10, 5, 10.25], "texture": "#5"},
				"up": {"uv": [5.25, 10.25, 5, 10], "texture": "#5"},
				"down": {"uv": [5.5, 10, 5.25, 10.25], "texture": "#5"}
			}
		},
		{
			"from": [7.45, 5.8, 15],
			"to": [8.55, 8.8, 16.1],
			"rotation": {"angle": -22.5, "axis": "x", "origin": [8, 7.25, 15.4]},
			"faces": {
				"north": {"uv": [8.5, 6, 8.75, 6.75], "texture": "#5"},
				"east": {"uv": [8.5, 7, 8.75, 7.75], "texture": "#5"},
				"south": {"uv": [8.5, 7.75, 8.75, 8.5], "texture": "#5"},
				"west": {"uv": [0, 8.75, 0.25, 9.5], "texture": "#5"},
				"up": {"uv": [10, 6, 9.75, 5.75], "texture": "#5"},
				"down": {"uv": [10, 6, 9.75, 6.25], "texture": "#5"}
			}
		},
		{
			"name": "octagon",
			"from": [7.55, 7.8136, 11.5],
			"to": [7.75, 8.1864, 12.7],
			"rotation": {"angle": 45, "axis": "z", "origin": [8, 8, 12]},
			"faces": {
				"north": {"uv": [9.75, 3.75, 10, 4], "texture": "#5"},
				"east": {"uv": [9.75, 4, 10, 4.25], "texture": "#5"},
				"south": {"uv": [9.75, 4.25, 10, 4.5], "texture": "#5"},
				"west": {"uv": [9.75, 4.5, 10, 4.75], "texture": "#5"},
				"up": {"uv": [10, 5, 9.75, 4.75], "texture": "#5"},
				"down": {"uv": [10, 5, 9.75, 5.25], "texture": "#5"}
			}
		},
		{
			"name": "octagon",
			"from": [7.8136, 7.55, 11.5],
			"to": [8.1864, 7.75, 12.7],
			"rotation": {"angle": 45, "axis": "z", "origin": [8, 8, 12]},
			"faces": {
				"north": {"uv": [9.75, 0.75, 10, 1], "texture": "#5"},
				"east": {"uv": [9.75, 1, 10, 1.25], "texture": "#5"},
				"south": {"uv": [9.75, 1.25, 10, 1.5], "texture": "#5"},
				"west": {"uv": [9.75, 1.5, 10, 1.75], "texture": "#5"},
				"up": {"uv": [10, 2, 9.75, 1.75], "texture": "#5"},
				"down": {"uv": [10, 2, 9.75, 2.25], "texture": "#5"}
			}
		},
		{
			"name": "octagon",
			"from": [7.8136, 7.55, 11.5],
			"to": [8.1864, 7.8, 12.8],
			"rotation": {"angle": 0, "axis": "y", "origin": [8, 8, 12]},
			"faces": {
				"north": {"uv": [9.75, 2.25, 10, 2.5], "texture": "#5"},
				"east": {"uv": [9.75, 2.5, 10, 2.75], "texture": "#5"},
				"south": {"uv": [9.75, 2.75, 10, 3], "texture": "#5"},
				"west": {"uv": [9.75, 3, 10, 3.25], "texture": "#5"},
				"up": {"uv": [10, 3.5, 9.75, 3.25], "texture": "#5"},
				"down": {"uv": [10, 3.5, 9.75, 3.75], "texture": "#5"}
			}
		},
		{
			"name": "octagon",
			"from": [7.89645, 11.35, 7.8],
			"to": [8.10355, 11.55, 14.7],
			"rotation": {"angle": 45, "axis": "z", "origin": [8, 11.3, 8.3]},
			"faces": {
				"north": {"uv": [7.25, 9.75, 7.5, 10], "texture": "#5"},
				"east": {"uv": [3, 2.75, 4.75, 3], "texture": "#5"},
				"south": {"uv": [7.5, 9.75, 7.75, 10], "texture": "#5"},
				"west": {"uv": [3.25, 3, 5, 3.25], "texture": "#5"},
				"up": {"uv": [1.25, 5.25, 1, 3.5], "texture": "#5"},
				"down": {"uv": [1.5, 3.5, 1.25, 5.25], "texture": "#5"}
			}
		},
		{
			"name": "octagon",
			"from": [7.89645, 11.25, 7.8],
			"to": [8.10355, 11.55, 14.7],
			"rotation": {"angle": 0, "axis": "y", "origin": [8, 11.3, 8.3]},
			"faces": {
				"north": {"uv": [7.75, 9.75, 8, 10], "texture": "#5"},
				"east": {"uv": [1.5, 3.5, 3.25, 3.75], "texture": "#5"},
				"south": {"uv": [8, 9.75, 8.25, 10], "texture": "#5"},
				"west": {"uv": [3.5, 0, 5.25, 0.25], "texture": "#5"},
				"up": {"uv": [1.75, 5.5, 1.5, 3.75], "texture": "#5"},
				"down": {"uv": [2, 3.75, 1.75, 5.5], "texture": "#5"}
			}
		},
		{
			"name": "octagon",
			"from": [8.05, 11.19645, 7.8],
			"to": [8.25, 11.40355, 14.7],
			"rotation": {"angle": 45, "axis": "z", "origin": [8, 11.3, 8.3]},
			"faces": {
				"north": {"uv": [8.25, 9.75, 8.5, 10], "texture": "#5"},
				"east": {"uv": [3.5, 0.25, 5.25, 0.5], "texture": "#5"},
				"south": {"uv": [8.5, 9.75, 8.75, 10], "texture": "#5"},
				"west": {"uv": [3.5, 0.5, 5.25, 0.75], "texture": "#5"},
				"up": {"uv": [2.25, 5.5, 2, 3.75], "texture": "#5"},
				"down": {"uv": [2.5, 3.75, 2.25, 5.5], "texture": "#5"}
			}
		},
		{
			"name": "octagon",
			"from": [7.75, 10.69645, 7.8],
			"to": [8.25, 11.40355, 14.7],
			"rotation": {"angle": 0, "axis": "y", "origin": [8, 11.3, 8.3]},
			"faces": {
				"north": {"uv": [8.75, 9.75, 9, 10], "texture": "#5"},
				"east": {"uv": [3.75, 3.75, 5.5, 4], "texture": "#5"},
				"south": {"uv": [9, 9.75, 9.25, 10], "texture": "#5"},
				"west": {"uv": [3.75, 0.75, 5.5, 1], "texture": "#5"},
				"up": {"uv": [2.75, 5.5, 2.5, 3.75], "texture": "#5"},
				"down": {"uv": [3, 3.75, 2.75, 5.5], "texture": "#5"}
			}
		},
		{
			"name": "octagon",
			"from": [6.7, 8.76152, 3.5],
			"to": [9.3, 9.83848, 7],
			"rotation": {"angle": 0, "axis": "y", "origin": [8, 9.3, 6.5]},
			"faces": {
				"north": {"uv": [8.25, 4.75, 9, 5], "texture": "#5"},
				"east": {"uv": [8, 0.5, 9, 0.75], "texture": "#5"},
				"south": {"uv": [8.25, 6.75, 9, 7], "texture": "#5"},
				"west": {"uv": [8, 0.75, 9, 1], "texture": "#5"}
			}
		},
		{
			"name": "octagon",
			"from": [6.7, 8.76152, 3.5],
			"to": [9.3, 9.83848, 7],
			"rotation": {"angle": 45, "axis": "z", "origin": [8, 9.3, 6.5]},
			"faces": {
				"north": {"uv": [3.75, 2, 4.5, 2.25], "texture": "#5"},
				"east": {"uv": [7.75, 5.5, 8.75, 5.75], "texture": "#5"},
				"south": {"uv": [8.25, 3.5, 9, 3.75], "texture": "#5"},
				"west": {"uv": [7.5, 8, 8.5, 8.25], "texture": "#5"}
			}
		},
		{
			"name": "octagon",
			"from": [7.46152, 8, 3.5],
			"to": [8.53848, 10.6, 7],
			"rotation": {"angle": 0, "axis": "y", "origin": [8, 9.3, 6.5]},
			"faces": {
				"north": {"uv": [8.25, 8.25, 8.5, 9], "texture": "#5"},
				"south": {"uv": [8.25, 6, 8.5, 6.75], "texture": "#5"},
				"up": {"uv": [7, 9, 6.75, 8], "texture": "#5"},
				"down": {"uv": [7.25, 8, 7, 9], "texture": "#5"}
			}
		},
		{
			"name": "octagon",
			"from": [7.46152, 8, 3.5],
			"to": [8.53848, 10.6, 7],
			"rotation": {"angle": 45, "axis": "z", "origin": [8, 9.3, 6.5]},
			"faces": {
				"north": {"uv": [7.75, 8.25, 8, 9], "texture": "#5"},
				"south": {"uv": [8, 8.25, 8.25, 9], "texture": "#5"},
				"up": {"uv": [6.5, 9, 6.25, 8], "texture": "#5"},
				"down": {"uv": [6.75, 8, 6.5, 9], "texture": "#5"}
			}
		},
		{
			"name": "octagon",
			"from": [7.8136, 7.55, 6.6],
			"to": [8.1864, 7.75, 6.9],
			"rotation": {"angle": 0, "axis": "y", "origin": [8, 8, 6.1]},
			"faces": {
				"north": {"uv": [10.25, 8.75, 10.5, 9], "texture": "#5"},
				"east": {"uv": [10.25, 9, 10.5, 9.25], "texture": "#5"},
				"south": {"uv": [10.25, 9.25, 10.5, 9.5], "texture": "#5"},
				"west": {"uv": [10.25, 9.5, 10.5, 9.75], "texture": "#5"},
				"up": {"uv": [10.5, 10, 10.25, 9.75], "texture": "#5"},
				"down": {"uv": [10.5, 10, 10.25, 10.25], "texture": "#5"}
			}
		},
		{
			"name": "octagon",
			"from": [7.8136, 7.55, 6.6],
			"to": [8.1864, 8.15, 6.9],
			"rotation": {"angle": 45, "axis": "z", "origin": [8, 8, 6.1]},
			"faces": {
				"north": {"uv": [10.25, 7.25, 10.5, 7.5], "texture": "#5"},
				"east": {"uv": [10.25, 7.5, 10.5, 7.75], "texture": "#5"},
				"south": {"uv": [10.25, 7.75, 10.5, 8], "texture": "#5"},
				"west": {"uv": [10.25, 8, 10.5, 8.25], "texture": "#5"},
				"up": {"uv": [10.5, 8.5, 10.25, 8.25], "texture": "#5"},
				"down": {"uv": [10.5, 8.5, 10.25, 8.75], "texture": "#5"}
			}
		},
		{
			"name": "octagon",
			"from": [7.55, 7.8136, 6.61],
			"to": [8.15, 8.1864, 6.9],
			"rotation": {"angle": 45, "axis": "z", "origin": [8, 8, 6.1]},
			"faces": {
				"north": {"uv": [0, 10.5, 0.25, 10.75], "texture": "#5"},
				"east": {"uv": [0.25, 10.5, 0.5, 10.75], "texture": "#5"},
				"south": {"uv": [0.5, 10.5, 0.75, 10.75], "texture": "#5"},
				"west": {"uv": [0.75, 10.5, 1, 10.75], "texture": "#5"},
				"up": {"uv": [1.25, 10.75, 1, 10.5], "texture": "#5"},
				"down": {"uv": [1.5, 10.5, 1.25, 10.75], "texture": "#5"}
			}
		},
		{
			"name": "octagon",
			"from": [7.45, 10.27218, 14.8],
			"to": [8.55, 11.42782, 17.9],
			"rotation": {"angle": 0, "axis": "y", "origin": [8, 11.2, 15.2]},
			"faces": {
				"north": {"uv": [3.5, 10.5, 3.75, 10.75], "texture": "#5"},
				"east": {"uv": [8.75, 3.25, 9.5, 3.5], "texture": "#5"},
				"south": {"uv": [3.75, 10.5, 4, 10.75], "texture": "#5"},
				"west": {"uv": [8.75, 3.75, 9.5, 4], "texture": "#5"},
				"up": {"uv": [9, 6.75, 8.75, 6], "texture": "#5"},
				"down": {"uv": [9, 7, 8.75, 7.75], "texture": "#5"}
			}
		},
		{
			"name": "octagon",
			"from": [7.77218, 11.45, 14.8],
			"to": [8.22782, 11.75, 17.9],
			"rotation": {"angle": 45, "axis": "z", "origin": [8, 11.2, 15.2]},
			"faces": {
				"north": {"uv": [2, 10.5, 2.25, 10.75], "texture": "#5"},
				"east": {"uv": [8.5, 0, 9.25, 0.25], "texture": "#5"},
				"south": {"uv": [2.25, 10.5, 2.5, 10.75], "texture": "#5"},
				"west": {"uv": [8.5, 0.25, 9.25, 0.5], "texture": "#5"},
				"up": {"uv": [3.75, 9.5, 3.5, 8.75], "texture": "#5"},
				"down": {"uv": [4.5, 8.75, 4.25, 9.5], "texture": "#5"}
			}
		},
		{
			"name": "octagon",
			"from": [7.77218, 11.35, 14.8],
			"to": [8.22782, 11.75, 17.9],
			"rotation": {"angle": 0, "axis": "y", "origin": [8, 11.2, 15.2]},
			"faces": {
				"north": {"uv": [2.5, 10.5, 2.75, 10.75], "texture": "#5"},
				"east": {"uv": [8.5, 5, 9.25, 5.25], "texture": "#5"},
				"south": {"uv": [2.75, 10.5, 3, 10.75], "texture": "#5"},
				"west": {"uv": [8.5, 5.25, 9.25, 5.5], "texture": "#5"},
				"up": {"uv": [5.5, 9.5, 5.25, 8.75], "texture": "#5"},
				"down": {"uv": [5.75, 8.75, 5.5, 9.5], "texture": "#5"}
			}
		},
		{
			"name": "octagon",
			"from": [8.25, 10.97218, 14.8],
			"to": [8.55, 11.42782, 17.9],
			"rotation": {"angle": 45, "axis": "z", "origin": [8, 11.2, 15.2]},
			"faces": {
				"north": {"uv": [3, 10.5, 3.25, 10.75], "texture": "#5"},
				"east": {"uv": [8.75, 8.75, 9.5, 9], "texture": "#5"},
				"south": {"uv": [3.25, 10.5, 3.5, 10.75], "texture": "#5"},
				"west": {"uv": [8.75, 1.5, 9.5, 1.75], "texture": "#5"},
				"up": {"uv": [9, 2.5, 8.75, 1.75], "texture": "#5"},
				"down": {"uv": [9, 2.5, 8.75, 3.25], "texture": "#5"}
			}
		},
		{
			"name": "octagon",
			"from": [7.4, 11.1, 13.53431],
			"to": [7.6, 11.2, 13.86569],
			"rotation": {"angle": 0, "axis": "y", "origin": [8.2, 10.8, 13.7]},
			"faces": {
				"north": {"uv": [10.5, 10.5, 10.75, 10.75], "texture": "#5"},
				"east": {"uv": [10.5, 0, 10.75, 0.25], "texture": "#5"},
				"south": {"uv": [10.5, 0.25, 10.75, 0.5], "texture": "#5"},
				"west": {"uv": [10.5, 0.5, 10.75, 0.75], "texture": "#5"},
				"up": {"uv": [10.75, 1, 10.5, 0.75], "texture": "#5"},
				"down": {"uv": [10.75, 1, 10.5, 1.25], "texture": "#5"}
			}
		},
		{
			"name": "octagon",
			"from": [7.4, 9.9, 13.53431],
			"to": [7.6, 10, 13.86569],
			"rotation": {"angle": 0, "axis": "y", "origin": [8.2, 10.3, 13.7]},
			"faces": {
				"north": {"uv": [10.5, 7.25, 10.75, 7.5], "texture": "#5"},
				"east": {"uv": [10.5, 7.5, 10.75, 7.75], "texture": "#5"},
				"south": {"uv": [10.5, 7.75, 10.75, 8], "texture": "#5"},
				"west": {"uv": [10.5, 8, 10.75, 8.25], "texture": "#5"},
				"up": {"uv": [10.75, 8.5, 10.5, 8.25], "texture": "#5"},
				"down": {"uv": [10.75, 8.5, 10.5, 8.75], "texture": "#5"}
			}
		},
		{
			"name": "octagon",
			"from": [7.4, 9.9, 13.53431],
			"to": [7.6, 10, 13.86569],
			"rotation": {"angle": 45, "axis": "x", "origin": [8.2, 10.3, 13.7]},
			"faces": {
				"north": {"uv": [10.5, 5.75, 10.75, 6], "texture": "#5"},
				"east": {"uv": [10.5, 6, 10.75, 6.25], "texture": "#5"},
				"south": {"uv": [10.5, 6.25, 10.75, 6.5], "texture": "#5"},
				"west": {"uv": [10.5, 6.5, 10.75, 6.75], "texture": "#5"},
				"up": {"uv": [10.75, 7, 10.5, 6.75], "texture": "#5"},
				"down": {"uv": [10.75, 7, 10.5, 7.25], "texture": "#5"}
			}
		},
		{
			"name": "octagon",
			"from": [7.4, 10.13431, 14],
			"to": [7.6, 10.96569, 14.1],
			"rotation": {"angle": 0, "axis": "y", "origin": [8.2, 10.3, 13.7]},
			"faces": {
				"north": {"uv": [10.5, 4.25, 10.75, 4.5], "texture": "#5"},
				"east": {"uv": [10.5, 4.5, 10.75, 4.75], "texture": "#5"},
				"south": {"uv": [10.5, 4.75, 10.75, 5], "texture": "#5"},
				"west": {"uv": [10.5, 5, 10.75, 5.25], "texture": "#5"},
				"up": {"uv": [10.75, 5.5, 10.5, 5.25], "texture": "#5"},
				"down": {"uv": [10.75, 5.5, 10.5, 5.75], "texture": "#5"}
			}
		},
		{
			"name": "octagon",
			"from": [7.4, 10.13431, 14],
			"to": [7.6, 10.46569, 14.1],
			"rotation": {"angle": 45, "axis": "x", "origin": [8.2, 10.3, 13.7]},
			"faces": {
				"north": {"uv": [10.5, 2.75, 10.75, 3], "texture": "#5"},
				"east": {"uv": [10.5, 3, 10.75, 3.25], "texture": "#5"},
				"south": {"uv": [10.5, 3.25, 10.75, 3.5], "texture": "#5"},
				"west": {"uv": [10.5, 3.5, 10.75, 3.75], "texture": "#5"},
				"up": {"uv": [10.75, 4, 10.5, 3.75], "texture": "#5"},
				"down": {"uv": [10.75, 4, 10.5, 4.25], "texture": "#5"}
			}
		},
		{
			"name": "octagon",
			"from": [7.4, 10.13431, 13.3],
			"to": [7.6, 10.96569, 13.4],
			"rotation": {"angle": 0, "axis": "y", "origin": [8.2, 10.3, 13.7]},
			"faces": {
				"north": {"uv": [10.5, 1.25, 10.75, 1.5], "texture": "#5"},
				"east": {"uv": [10.5, 1.5, 10.75, 1.75], "texture": "#5"},
				"south": {"uv": [10.5, 1.75, 10.75, 2], "texture": "#5"},
				"west": {"uv": [10.5, 2, 10.75, 2.25], "texture": "#5"},
				"up": {"uv": [10.75, 2.5, 10.5, 2.25], "texture": "#5"},
				"down": {"uv": [10.75, 2.5, 10.5, 2.75], "texture": "#5"}
			}
		},
		{
			"name": "octagon",
			"from": [7.4, 11.1, 13.53431],
			"to": [7.6, 11.2, 13.86569],
			"rotation": {"angle": 45, "axis": "x", "origin": [8.2, 10.8, 13.7]},
			"faces": {
				"north": {"uv": [9, 10.5, 9.25, 10.75], "texture": "#5"},
				"east": {"uv": [9.25, 10.5, 9.5, 10.75], "texture": "#5"},
				"south": {"uv": [9.5, 10.5, 9.75, 10.75], "texture": "#5"},
				"west": {"uv": [9.75, 10.5, 10, 10.75], "texture": "#5"},
				"up": {"uv": [10.25, 10.75, 10, 10.5], "texture": "#5"},
				"down": {"uv": [10.5, 10.5, 10.25, 10.75], "texture": "#5"}
			}
		},
		{
			"name": "octagon",
			"from": [7.4, 10.63431, 13.3],
			"to": [7.6, 10.96569, 13.4],
			"rotation": {"angle": 45, "axis": "x", "origin": [8.2, 10.8, 13.7]},
			"faces": {
				"north": {"uv": [7.5, 10.5, 7.75, 10.75], "texture": "#5"},
				"east": {"uv": [7.75, 10.5, 8, 10.75], "texture": "#5"},
				"south": {"uv": [8, 10.5, 8.25, 10.75], "texture": "#5"},
				"west": {"uv": [8.25, 10.5, 8.5, 10.75], "texture": "#5"},
				"up": {"uv": [8.75, 10.75, 8.5, 10.5], "texture": "#5"},
				"down": {"uv": [9, 10.5, 8.75, 10.75], "texture": "#5"}
			}
		},
		{
			"name": "octagon",
			"from": [7.75147, 7, 3.7],
			"to": [8.24853, 7.2, 4.9],
			"rotation": {"angle": 45, "axis": "y", "origin": [8, 7.1, 4.3]},
			"faces": {
				"north": {"uv": [5.5, 10, 5.75, 10.25], "texture": "#5"},
				"east": {"uv": [5.75, 10, 6, 10.25], "texture": "#5"},
				"south": {"uv": [6, 10, 6.25, 10.25], "texture": "#5"},
				"west": {"uv": [6.25, 10, 6.5, 10.25], "texture": "#5"},
				"up": {"uv": [6.75, 10.25, 6.5, 10], "texture": "#5"},
				"down": {"uv": [7, 10, 6.75, 10.25], "texture": "#5"}
			}
		},
		{
			"name": "octagon",
			"from": [7.75147, 7, 3.7],
			"to": [8.24853, 7.2, 4.9],
			"rotation": {"angle": 0, "axis": "y", "origin": [8, 7.1, 4.3]},
			"faces": {
				"north": {"uv": [7, 10, 7.25, 10.25], "texture": "#5"},
				"east": {"uv": [7.25, 10, 7.5, 10.25], "texture": "#5"},
				"south": {"uv": [7.5, 10, 7.75, 10.25], "texture": "#5"},
				"west": {"uv": [7.75, 10, 8, 10.25], "texture": "#5"},
				"up": {"uv": [8.25, 10.25, 8, 10], "texture": "#5"},
				"down": {"uv": [8.5, 10, 8.25, 10.25], "texture": "#5"}
			}
		},
		{
			"name": "octagon",
			"from": [7.4, 7, 4.05147],
			"to": [8.6, 7.2, 4.54853],
			"rotation": {"angle": 45, "axis": "y", "origin": [8, 7.1, 4.3]},
			"faces": {
				"north": {"uv": [8.5, 10, 8.75, 10.25], "texture": "#5"},
				"east": {"uv": [8.75, 10, 9, 10.25], "texture": "#5"},
				"south": {"uv": [9, 10, 9.25, 10.25], "texture": "#5"},
				"west": {"uv": [9.25, 10, 9.5, 10.25], "texture": "#5"},
				"up": {"uv": [9.75, 10.25, 9.5, 10], "texture": "#5"},
				"down": {"uv": [10, 10, 9.75, 10.25], "texture": "#5"}
			}
		},
		{
			"name": "octagon",
			"from": [7.4, 7, 4.05147],
			"to": [8.6, 7.2, 4.54853],
			"rotation": {"angle": 0, "axis": "y", "origin": [8, 7.1, 4.3]},
			"faces": {
				"north": {"uv": [10, 10, 10.25, 10.25], "texture": "#5"},
				"east": {"uv": [10, 0, 10.25, 0.25], "texture": "#5"},
				"south": {"uv": [10, 0.25, 10.25, 0.5], "texture": "#5"},
				"west": {"uv": [10, 0.5, 10.25, 0.75], "texture": "#5"},
				"up": {"uv": [10.25, 1, 10, 0.75], "texture": "#5"},
				"down": {"uv": [10.25, 1, 10, 1.25], "texture": "#5"}
			}
		},
		{
			"name": "octagon",
			"from": [7.75147, 6.5, 3.7],
			"to": [8.24853, 6.7, 4.9],
			"rotation": {"angle": 45, "axis": "y", "origin": [8, 6.6, 4.3]},
			"faces": {
				"north": {"uv": [10, 1.25, 10.25, 1.5], "texture": "#5"},
				"east": {"uv": [10, 1.5, 10.25, 1.75], "texture": "#5"},
				"south": {"uv": [10, 1.75, 10.25, 2], "texture": "#5"},
				"west": {"uv": [10, 2, 10.25, 2.25], "texture": "#5"},
				"up": {"uv": [10.25, 2.5, 10, 2.25], "texture": "#5"},
				"down": {"uv": [10.25, 2.5, 10, 2.75], "texture": "#5"}
			}
		},
		{
			"name": "octagon",
			"from": [7.75147, 5.5, 3.7],
			"to": [8.24853, 5.7, 4.9],
			"rotation": {"angle": 45, "axis": "y", "origin": [8, 5.6, 4.3]},
			"faces": {
				"north": {"uv": [3.25, 10.25, 3.5, 10.5], "texture": "#5"},
				"east": {"uv": [3.5, 10.25, 3.75, 10.5], "texture": "#5"},
				"south": {"uv": [3.75, 10.25, 4, 10.5], "texture": "#5"},
				"west": {"uv": [4, 10.25, 4.25, 10.5], "texture": "#5"},
				"up": {"uv": [4.5, 10.5, 4.25, 10.25], "texture": "#5"},
				"down": {"uv": [4.75, 10.25, 4.5, 10.5], "texture": "#5"}
			}
		},
		{
			"name": "octagon",
			"from": [7.75147, 6.5, 3.7],
			"to": [8.24853, 6.7, 4.9],
			"rotation": {"angle": 0, "axis": "y", "origin": [8, 6.6, 4.3]},
			"faces": {
				"north": {"uv": [10, 2.75, 10.25, 3], "texture": "#5"},
				"east": {"uv": [10, 3, 10.25, 3.25], "texture": "#5"},
				"south": {"uv": [10, 3.25, 10.25, 3.5], "texture": "#5"},
				"west": {"uv": [10, 3.5, 10.25, 3.75], "texture": "#5"},
				"up": {"uv": [10.25, 4, 10, 3.75], "texture": "#5"},
				"down": {"uv": [10.25, 4, 10, 4.25], "texture": "#5"}
			}
		},
		{
			"name": "octagon",
			"from": [7.75147, 5.5, 3.7],
			"to": [8.24853, 5.7, 4.9],
			"rotation": {"angle": 0, "axis": "y", "origin": [8, 5.6, 4.3]},
			"faces": {
				"north": {"uv": [4.75, 10.25, 5, 10.5], "texture": "#5"},
				"east": {"uv": [5, 10.25, 5.25, 10.5], "texture": "#5"},
				"south": {"uv": [5.25, 10.25, 5.5, 10.5], "texture": "#5"},
				"west": {"uv": [5.5, 10.25, 5.75, 10.5], "texture": "#5"},
				"up": {"uv": [6, 10.5, 5.75, 10.25], "texture": "#5"},
				"down": {"uv": [6.25, 10.25, 6, 10.5], "texture": "#5"}
			}
		},
		{
			"name": "octagon",
			"from": [7.4, 6.5, 4.05147],
			"to": [8.6, 6.7, 4.54853],
			"rotation": {"angle": 45, "axis": "y", "origin": [8, 6.6, 4.3]},
			"faces": {
				"north": {"uv": [10, 4.25, 10.25, 4.5], "texture": "#5"},
				"east": {"uv": [10, 4.5, 10.25, 4.75], "texture": "#5"},
				"south": {"uv": [10, 4.75, 10.25, 5], "texture": "#5"},
				"west": {"uv": [10, 5, 10.25, 5.25], "texture": "#5"},
				"up": {"uv": [10.25, 5.5, 10, 5.25], "texture": "#5"},
				"down": {"uv": [10.25, 5.5, 10, 5.75], "texture": "#5"}
			}
		},
		{
			"name": "octagon",
			"from": [7.4, 5.5, 4.05147],
			"to": [8.6, 5.7, 4.54853],
			"rotation": {"angle": 45, "axis": "y", "origin": [8, 5.6, 4.3]},
			"faces": {
				"north": {"uv": [6.25, 10.25, 6.5, 10.5], "texture": "#5"},
				"east": {"uv": [6.5, 10.25, 6.75, 10.5], "texture": "#5"},
				"south": {"uv": [6.75, 10.25, 7, 10.5], "texture": "#5"},
				"west": {"uv": [7, 10.25, 7.25, 10.5], "texture": "#5"},
				"up": {"uv": [7.5, 10.5, 7.25, 10.25], "texture": "#5"},
				"down": {"uv": [7.75, 10.25, 7.5, 10.5], "texture": "#5"}
			}
		},
		{
			"name": "octagon",
			"from": [7.4, 6.5, 4.05147],
			"to": [8.6, 6.7, 4.54853],
			"rotation": {"angle": 0, "axis": "y", "origin": [8, 6.6, 4.3]},
			"faces": {
				"north": {"uv": [10, 5.75, 10.25, 6], "texture": "#5"},
				"east": {"uv": [10, 6, 10.25, 6.25], "texture": "#5"},
				"south": {"uv": [10, 6.25, 10.25, 6.5], "texture": "#5"},
				"west": {"uv": [10, 6.5, 10.25, 6.75], "texture": "#5"},
				"up": {"uv": [10.25, 7, 10, 6.75], "texture": "#5"},
				"down": {"uv": [10.25, 7, 10, 7.25], "texture": "#5"}
			}
		},
		{
			"name": "octagon",
			"from": [7.4, 5.5, 4.05147],
			"to": [8.6, 5.7, 4.54853],
			"rotation": {"angle": 0, "axis": "y", "origin": [8, 5.6, 4.3]},
			"faces": {
				"north": {"uv": [7.75, 10.25, 8, 10.5], "texture": "#5"},
				"east": {"uv": [8, 10.25, 8.25, 10.5], "texture": "#5"},
				"south": {"uv": [8.25, 10.25, 8.5, 10.5], "texture": "#5"},
				"west": {"uv": [8.5, 10.25, 8.75, 10.5], "texture": "#5"},
				"up": {"uv": [9, 10.5, 8.75, 10.25], "texture": "#5"},
				"down": {"uv": [9.25, 10.25, 9, 10.5], "texture": "#5"}
			}
		},
		{
			"name": "octagon",
			"from": [7.4, 6, 4.05147],
			"to": [8.6, 6.2, 4.54853],
			"rotation": {"angle": 0, "axis": "y", "origin": [8, 6.1, 4.3]},
			"faces": {
				"north": {"uv": [1.75, 10.25, 2, 10.5], "texture": "#5"},
				"east": {"uv": [2, 10.25, 2.25, 10.5], "texture": "#5"},
				"south": {"uv": [2.25, 10.25, 2.5, 10.5], "texture": "#5"},
				"west": {"uv": [2.5, 10.25, 2.75, 10.5], "texture": "#5"},
				"up": {"uv": [3, 10.5, 2.75, 10.25], "texture": "#5"},
				"down": {"uv": [3.25, 10.25, 3, 10.5], "texture": "#5"}
			}
		},
		{
			"name": "octagon",
			"from": [7.4, 5, 4.05147],
			"to": [8.6, 5.2, 4.54853],
			"rotation": {"angle": 45, "axis": "y", "origin": [8, 5.1, 4.3]},
			"faces": {
				"north": {"uv": [10.25, 1.75, 10.5, 2], "texture": "#5"},
				"east": {"uv": [10.25, 2, 10.5, 2.25], "texture": "#5"},
				"south": {"uv": [10.25, 2.25, 10.5, 2.5], "texture": "#5"},
				"west": {"uv": [10.25, 2.5, 10.5, 2.75], "texture": "#5"},
				"up": {"uv": [10.5, 3, 10.25, 2.75], "texture": "#5"},
				"down": {"uv": [10.5, 3, 10.25, 3.25], "texture": "#5"}
			}
		},
		{
			"name": "octagon",
			"from": [7.4, 6, 4.05147],
			"to": [8.6, 6.2, 4.54853],
			"rotation": {"angle": 45, "axis": "y", "origin": [8, 6.1, 4.3]},
			"faces": {
				"north": {"uv": [0.25, 10.25, 0.5, 10.5], "texture": "#5"},
				"east": {"uv": [0.5, 10.25, 0.75, 10.5], "texture": "#5"},
				"south": {"uv": [0.75, 10.25, 1, 10.5], "texture": "#5"},
				"west": {"uv": [1, 10.25, 1.25, 10.5], "texture": "#5"},
				"up": {"uv": [1.5, 10.5, 1.25, 10.25], "texture": "#5"},
				"down": {"uv": [1.75, 10.25, 1.5, 10.5], "texture": "#5"}
			}
		},
		{
			"name": "octagon",
			"from": [7.75147, 5, 3.7],
			"to": [8.24853, 5.2, 4.9],
			"rotation": {"angle": 0, "axis": "y", "origin": [8, 5.1, 4.3]},
			"faces": {
				"north": {"uv": [10.25, 0.25, 10.5, 0.5], "texture": "#5"},
				"east": {"uv": [10.25, 0.5, 10.5, 0.75], "texture": "#5"},
				"south": {"uv": [10.25, 0.75, 10.5, 1], "texture": "#5"},
				"west": {"uv": [10.25, 1, 10.5, 1.25], "texture": "#5"},
				"up": {"uv": [10.5, 1.5, 10.25, 1.25], "texture": "#5"},
				"down": {"uv": [10.5, 1.5, 10.25, 1.75], "texture": "#5"}
			}
		},
		{
			"name": "octagon",
			"from": [7.75147, 6, 3.7],
			"to": [8.24853, 6.2, 4.9],
			"rotation": {"angle": 0, "axis": "y", "origin": [8, 6.1, 4.3]},
			"faces": {
				"north": {"uv": [10, 8.75, 10.25, 9], "texture": "#5"},
				"east": {"uv": [10, 9, 10.25, 9.25], "texture": "#5"},
				"south": {"uv": [10, 9.25, 10.25, 9.5], "texture": "#5"},
				"west": {"uv": [10, 9.5, 10.25, 9.75], "texture": "#5"},
				"up": {"uv": [10.25, 10, 10, 9.75], "texture": "#5"},
				"down": {"uv": [0.25, 10.25, 0, 10.5], "texture": "#5"}
			}
		},
		{
			"name": "octagon",
			"from": [7.75147, 5, 3.7],
			"to": [8.24853, 5.2, 4.9],
			"rotation": {"angle": 45, "axis": "y", "origin": [8, 5.1, 4.3]},
			"faces": {
				"north": {"uv": [9.25, 10.25, 9.5, 10.5], "texture": "#5"},
				"east": {"uv": [9.5, 10.25, 9.75, 10.5], "texture": "#5"},
				"south": {"uv": [9.75, 10.25, 10, 10.5], "texture": "#5"},
				"west": {"uv": [10, 10.25, 10.25, 10.5], "texture": "#5"},
				"up": {"uv": [10.5, 10.5, 10.25, 10.25], "texture": "#5"},
				"down": {"uv": [10.5, 0, 10.25, 0.25], "texture": "#5"}
			}
		},
		{
			"name": "octagon",
			"from": [7.75147, 6, 3.7],
			"to": [8.24853, 6.2, 4.9],
			"rotation": {"angle": 45, "axis": "y", "origin": [8, 6.1, 4.3]},
			"faces": {
				"north": {"uv": [10, 7.25, 10.25, 7.5], "texture": "#5"},
				"east": {"uv": [10, 7.5, 10.25, 7.75], "texture": "#5"},
				"south": {"uv": [10, 7.75, 10.25, 8], "texture": "#5"},
				"west": {"uv": [10, 8, 10.25, 8.25], "texture": "#5"},
				"up": {"uv": [10.25, 8.5, 10, 8.25], "texture": "#5"},
				"down": {"uv": [10.25, 8.5, 10, 8.75], "texture": "#5"}
			}
		},
		{
			"name": "octagon",
			"from": [7.4, 5, 4.05147],
			"to": [8.6, 5.2, 4.54853],
			"rotation": {"angle": 0, "axis": "y", "origin": [8, 5.1, 4.3]},
			"faces": {
				"north": {"uv": [10.25, 3.25, 10.5, 3.5], "texture": "#5"},
				"east": {"uv": [10.25, 3.5, 10.5, 3.75], "texture": "#5"},
				"south": {"uv": [10.25, 3.75, 10.5, 4], "texture": "#5"},
				"west": {"uv": [10.25, 4, 10.5, 4.25], "texture": "#5"},
				"up": {"uv": [10.5, 4.5, 10.25, 4.25], "texture": "#5"},
				"down": {"uv": [10.5, 4.5, 10.25, 4.75], "texture": "#5"}
			}
		},
		{
			"name": "octagon",
			"from": [7.79289, 5.1, 3.8],
			"to": [8.20711, 7.5, 4.8],
			"rotation": {"angle": 45, "axis": "y", "origin": [8, 7, 4.3]},
			"faces": {
				"north": {"uv": [3, 2.25, 3.25, 2.75], "texture": "#5"},
				"east": {"uv": [8.25, 7, 8.5, 7.5], "texture": "#5"},
				"south": {"uv": [0.75, 9, 1, 9.5], "texture": "#5"},
				"west": {"uv": [2, 9, 2.25, 9.5], "texture": "#5"},
				"up": {"uv": [4, 10, 3.75, 9.75], "texture": "#5"},
				"down": {"uv": [4.25, 9.75, 4, 10], "texture": "#5"}
			}
		},
		{
			"name": "octagon",
			"from": [7.79289, 5.1, 3.8],
			"to": [8.20711, 7.5, 4.8],
			"rotation": {"angle": 0, "axis": "y", "origin": [8, 7, 4.3]},
			"faces": {
				"north": {"uv": [2.25, 9, 2.5, 9.5], "texture": "#5"},
				"east": {"uv": [2.5, 9, 2.75, 9.5], "texture": "#5"},
				"south": {"uv": [2.75, 9, 3, 9.5], "texture": "#5"},
				"west": {"uv": [4.5, 9, 4.75, 9.5], "texture": "#5"},
				"up": {"uv": [4.5, 10, 4.25, 9.75], "texture": "#5"},
				"down": {"uv": [4.75, 9.75, 4.5, 10], "texture": "#5"}
			}
		},
		{
			"name": "octagon",
			"from": [7.5, 5.1, 4.09289],
			"to": [8.5, 7.5, 4.50711],
			"rotation": {"angle": 45, "axis": "y", "origin": [8, 7, 4.3]},
			"faces": {
				"north": {"uv": [4.75, 9, 5, 9.5], "texture": "#5"},
				"east": {"uv": [5.75, 9, 6, 9.5], "texture": "#5"},
				"south": {"uv": [6, 9, 6.25, 9.5], "texture": "#5"},
				"west": {"uv": [6.25, 9, 6.5, 9.5], "texture": "#5"},
				"up": {"uv": [5, 10, 4.75, 9.75], "texture": "#5"},
				"down": {"uv": [5.25, 9.75, 5, 10], "texture": "#5"}
			}
		},
		{
			"name": "octagon",
			"from": [7.5, 5.1, 4.09289],
			"to": [8.5, 7.5, 4.50711],
			"rotation": {"angle": 0, "axis": "y", "origin": [8, 7, 4.3]},
			"faces": {
				"north": {"uv": [6.5, 9, 6.75, 9.5], "texture": "#5"},
				"east": {"uv": [6.75, 9, 7, 9.5], "texture": "#5"},
				"south": {"uv": [7, 9, 7.25, 9.5], "texture": "#5"},
				"west": {"uv": [7.75, 9, 8, 9.5], "texture": "#5"},
				"up": {"uv": [5.5, 10, 5.25, 9.75], "texture": "#5"},
				"down": {"uv": [5.75, 9.75, 5.5, 10], "texture": "#5"}
			}
		},
		{
			"from": [7.4, 7.5, 3.7],
			"to": [8.6, 8, 4.9],
			"rotation": {"angle": 0, "axis": "y", "origin": [8, 7.5, 4.3]},
			"faces": {
				"north": {"uv": [2.25, 9.75, 2.5, 10], "texture": "#5"},
				"east": {"uv": [2.5, 9.75, 2.75, 10], "texture": "#5"},
				"south": {"uv": [2.75, 9.75, 3, 10], "texture": "#5"},
				"west": {"uv": [3, 9.75, 3.25, 10], "texture": "#5"},
				"up": {"uv": [3.5, 10, 3.25, 9.75], "texture": "#5"},
				"down": {"uv": [3.75, 9.75, 3.5, 10], "texture": "#5"}
			}
		},
		{
			"name": "octagon",
			"from": [7.58579, 8.3, 3.5],
			"to": [8.41421, 10.3, 7],
			"rotation": {"angle": 45, "axis": "z", "origin": [8, 9.3, 4]},
			"faces": {
				"north": {"uv": [9.25, 0, 9.5, 0.5], "texture": "#5"},
				"east": {"uv": [2.25, 1.75, 3.25, 2.25], "texture": "#5"},
				"south": {"uv": [9.25, 0.5, 9.5, 1], "texture": "#5"},
				"west": {"uv": [2.75, 0.75, 3.75, 1.25], "texture": "#5"},
				"up": {"uv": [8.25, 7.25, 8, 6.25], "texture": "#5"},
				"down": {"uv": [3.25, 8.25, 3, 9.25], "texture": "#5"}
			}
		},
		{
			"name": "octagon",
			"from": [7.58579, 8.3, 3.5],
			"to": [8.41421, 10.3, 7],
			"rotation": {"angle": 0, "axis": "y", "origin": [8, 9.3, 4]},
			"faces": {
				"north": {"uv": [9.25, 1, 9.5, 1.5], "texture": "#5"},
				"east": {"uv": [2.75, 1.25, 3.75, 1.75], "texture": "#5"},
				"south": {"uv": [9.25, 1.75, 9.5, 2.25], "texture": "#5"},
				"west": {"uv": [2.25, 3, 3.25, 3.5], "texture": "#5"},
				"up": {"uv": [5.25, 9.25, 5, 8.25], "texture": "#5"},
				"down": {"uv": [7.75, 8.25, 7.5, 9.25], "texture": "#5"}
			}
		},
		{
			"name": "octagon",
			"from": [7, 8.88579, 3.5],
			"to": [9, 9.71421, 7],
			"rotation": {"angle": 45, "axis": "z", "origin": [8, 9.3, 4]},
			"faces": {
				"north": {"uv": [9.25, 2.25, 9.75, 2.5], "texture": "#5"},
				"east": {"uv": [8, 1, 9, 1.25], "texture": "#5"},
				"south": {"uv": [9.25, 2.5, 9.75, 2.75], "texture": "#5"},
				"west": {"uv": [8, 1.25, 9, 1.5], "texture": "#5"},
				"up": {"uv": [0.5, 4.25, 0, 3.25], "texture": "#5"},
				"down": {"uv": [3.75, 3.25, 3.25, 4.25], "texture": "#5"}
			}
		},
		{
			"name": "octagon",
			"from": [7, 8.88579, 3.5],
			"to": [9, 9.71421, 7],
			"rotation": {"angle": 0, "axis": "y", "origin": [8, 9.3, 4]},
			"faces": {
				"north": {"uv": [9.25, 4.5, 9.75, 4.75], "texture": "#5"},
				"east": {"uv": [8, 4.5, 9, 4.75], "texture": "#5"},
				"south": {"uv": [9.25, 4.75, 9.75, 5], "texture": "#5"},
				"west": {"uv": [8, 5.75, 9, 6], "texture": "#5"},
				"up": {"uv": [3.75, 2.75, 3.25, 1.75], "texture": "#5"},
				"down": {"uv": [1, 3.5, 0.5, 4.5], "texture": "#5"}
			}
		},
		{
			"from": [6.5, 7.8, 0.5],
			"to": [9.5, 10.8, 3.5],
			"rotation": {"angle": 0, "axis": "y", "origin": [7, 8.3, 1]},
			"faces": {
				"north": {"uv": [2, 1, 2.75, 1.75], "texture": "#5"},
				"east": {"uv": [2.25, 2.25, 3, 3], "texture": "#5"},
				"south": {"uv": [0, 2.5, 0.75, 3.25], "texture": "#5"},
				"west": {"uv": [0.75, 2.75, 1.5, 3.5], "texture": "#5"},
				"up": {"uv": [2.25, 3.5, 1.5, 2.75], "texture": "#5"},
				"down": {"uv": [3.5, 0, 2.75, 0.75], "texture": "#5"}
			}
		}
	],
	"display": {
		"thirdperson_righthand": {
			"translation": [0, 0, -5]
		},
		"thirdperson_lefthand": {
			"translation": [0, 0, -5]
		},
		"firstperson_righthand": {
			"rotation": [7, 6, 0],
			"translation": [-1.5, 4.5, 0]
		},
		"firstperson_lefthand": {
			"rotation": [7, 6, 0],
			"translation": [-1.5, 4.5, 0]
		},
		"gui": {
			"rotation": [0, 90, 0],
			"translation": [-1, 0, 0],
			"scale": [0.85, 0.85, 0.85]
		},
		"head": {
			"translation": [0, 9.5, 0]
		},
		"fixed": {
			"rotation": [0, -90, 0],
			"translation": [1, 0, -2]
		}
	}
}