{
	"texture_size": [64, 64],
	"textures": {
		"0": "block/smithing_table_top",
		"1": "block/iron_block",
		"2": "block/stripped_spruce_log",
		"4": "block/polished_granite",
		"5": "block/green_concrete",
		"particle": "block/iron_block"
	},
	"elements": [
		{
			"from": [7.9, 7.85838, 12.59145],
			"to": [8.1, 9.35838, 12.79145],
			"rotation": {"angle": 45, "axis": "x", "origin": [8, 8.65838, 12.49145]},
			"faces": {
				"north": {"uv": [3.25, 10, 3.4, 10.975], "texture": "#0"},
				"east": {"uv": [3.25, 10, 3.4, 10.975], "texture": "#0"},
				"south": {"uv": [3.25, 10, 3.4, 10.975], "texture": "#0"},
				"west": {"uv": [3.25, 10, 3.4, 10.975], "texture": "#0"},
				"up": {"uv": [3.25, 10, 3.4, 10.975], "texture": "#0"},
				"down": {"uv": [3.25, 10, 3.4, 10.975], "texture": "#0"}
			}
		},
		{
			"from": [7.7, 7.35, 13.25],
			"to": [8.3, 8.75, 13.35],
			"rotation": {"angle": 22.5, "axis": "x", "origin": [8, 8.25, 14]},
			"faces": {
				"north": {"uv": [3.25, 10, 3.4, 10.975], "texture": "#0"},
				"east": {"uv": [3.25, 10, 3.4, 10.975], "texture": "#0"},
				"south": {"uv": [3.25, 10, 3.4, 10.975], "texture": "#0"},
				"west": {"uv": [3.25, 10, 3.4, 10.975], "texture": "#0"},
				"up": {"uv": [3.25, 10, 3.4, 10.975], "texture": "#0"},
				"down": {"uv": [3.25, 10, 3.4, 10.975], "texture": "#0"}
			}
		},
		{
			"from": [7.1, 8.9, 13.8],
			"to": [7.5, 9.2, 14.1],
			"rotation": {"angle": 0, "axis": "y", "origin": [7.8, 9.4, 13.5]},
			"faces": {
				"north": {"uv": [6.75, 10.5, 6.825, 10.6], "rotation": 270, "texture": "#0"},
				"east": {"uv": [6.75, 10.5, 6.825, 10.6], "texture": "#0"},
				"south": {"uv": [6.75, 10.5, 6.825, 10.6], "rotation": 90, "texture": "#0"},
				"west": {"uv": [6.75, 10.5, 6.825, 10.6], "rotation": 180, "texture": "#0"},
				"up": {"uv": [6.75, 10.5, 6.825, 10.6], "rotation": 270, "texture": "#0"},
				"down": {"uv": [6.75, 10.5, 6.825, 10.6], "rotation": 90, "texture": "#0"}
			}
		},
		{
			"from": [7.6, 9.38952, 12.75],
			"to": [8.4, 10.48952, 14.4],
			"rotation": {"angle": 0, "axis": "y", "origin": [8, 8.93952, 14.05813]},
			"faces": {
				"north": {"uv": [0, 0, 7, 11], "texture": "#2"},
				"east": {"uv": [0, 0, 7, 11], "texture": "#2"},
				"south": {"uv": [0, 0, 7, 11], "texture": "#2"},
				"west": {"uv": [0, 0, 7, 11], "texture": "#2"},
				"up": {"uv": [0, 0, 7, 11], "texture": "#2"},
				"down": {"uv": [0, 0, 7, 11], "texture": "#2"}
			}
		},
		{
			"from": [7.6, 6.99765, 13.10813],
			"to": [8.4, 8.54765, 13.50813],
			"rotation": {"angle": -22.5, "axis": "x", "origin": [8, 9.42265, 13.05813]},
			"faces": {
				"north": {"uv": [0, 0, 7, 11], "rotation": 180, "texture": "#2"},
				"east": {"uv": [0, 0, 7, 11], "rotation": 270, "texture": "#2"},
				"south": {"uv": [0, 0, 7, 11], "texture": "#2"},
				"west": {"uv": [0, 0, 7, 11], "rotation": 90, "texture": "#2"},
				"up": {"uv": [0, 0, 7, 11], "rotation": 180, "texture": "#2"},
				"down": {"uv": [0, 0, 7, 11], "texture": "#2"}
			}
		},
		{
			"from": [7.45, 8.5, 12],
			"to": [8.55, 9.5, 14.5],
			"rotation": {"angle": 0, "axis": "y", "origin": [8, 8.47493, 13.98425]},
			"faces": {
				"north": {"uv": [0, 0, 7, 11], "texture": "#2"},
				"east": {"uv": [0, 0, 7, 11], "texture": "#2"},
				"south": {"uv": [0, 0, 7, 11], "texture": "#2"},
				"west": {"uv": [0, 0, 7, 11], "texture": "#2"},
				"up": {"uv": [0, 0, 7, 11], "texture": "#2"},
				"down": {"uv": [0, 0, 7, 11], "texture": "#2"}
			}
		},
		{
			"from": [7.55, 7.93934, 5.39645],
			"to": [8.45, 8.43934, 7.14645],
			"rotation": {"angle": 0, "axis": "y", "origin": [8, 8.39262, 10.97585]},
			"faces": {
				"north": {"uv": [4, 2, 14, 12], "texture": "#4"},
				"east": {"uv": [4, 2, 14, 12], "texture": "#4"},
				"south": {"uv": [4, 2, 14, 12], "texture": "#4"},
				"west": {"uv": [4, 2, 14, 12], "texture": "#4"},
				"up": {"uv": [4, 2, 14, 12], "texture": "#4"},
				"down": {"uv": [4, 2, 14, 12], "texture": "#4"}
			}
		},
		{
			"from": [7.8, 8.43934, 5.79645],
			"to": [8.2, 9.03934, 6.34645],
			"rotation": {"angle": 0, "axis": "y", "origin": [8, 8.39262, 10.97585]},
			"faces": {
				"north": {"uv": [2, 2, 15, 14], "texture": "#4"},
				"east": {"uv": [2, 2, 15, 14], "texture": "#4"},
				"south": {"uv": [2, 2, 15, 14], "texture": "#4"},
				"west": {"uv": [2, 2, 15, 14], "texture": "#4"},
				"up": {"uv": [2, 2, 15, 14], "texture": "#4"},
				"down": {"uv": [2, 2, 15, 14], "texture": "#4"}
			}
		},
		{
			"from": [7.55, 8.5, 7.5],
			"to": [8.45, 9, 12],
			"rotation": {"angle": 0, "axis": "y", "origin": [8, 8.95328, 12.8294]},
			"faces": {
				"north": {"uv": [0, 0, 15, 14], "texture": "#4"},
				"east": {"uv": [0, 0, 15, 14], "texture": "#4"},
				"south": {"uv": [0, 0, 15, 14], "texture": "#4"},
				"west": {"uv": [0, 0, 15, 14], "texture": "#4"},
				"up": {"uv": [0, 0, 15, 14], "texture": "#4"},
				"down": {"uv": [0, 0, 15, 14], "texture": "#4"}
			}
		},
		{
			"from": [7.45, 8.21967, 6.82322],
			"to": [8.55, 8.71967, 7.82322],
			"rotation": {"angle": -45, "axis": "x", "origin": [8, 8.46967, 7.32322]},
			"faces": {
				"north": {"uv": [2, 2, 14, 14], "texture": "#4"},
				"east": {"uv": [2, 2, 14, 14], "texture": "#4"},
				"south": {"uv": [2, 2, 14, 14], "texture": "#4"},
				"west": {"uv": [2, 2, 14, 14], "texture": "#4"},
				"up": {"uv": [2, 2, 14, 14], "texture": "#4"},
				"down": {"uv": [2, 2, 14, 14], "texture": "#4"}
			}
		},
		{
			"from": [7.55, 6.25276, 19.32794],
			"to": [8.45, 8.05276, 19.52794],
			"rotation": {"angle": 22.5, "axis": "x", "origin": [8, 9.10276, 18.52794]},
			"faces": {
				"north": {"uv": [0, 8.75, 0.275, 9.625], "rotation": 180, "texture": "#0"},
				"east": {"uv": [0, 8.75, 0.275, 9.625], "rotation": 90, "texture": "#0"},
				"south": {"uv": [0, 8.75, 0.275, 9.625], "texture": "#0"},
				"west": {"uv": [0, 8.75, 0.275, 9.625], "rotation": 270, "texture": "#0"},
				"up": {"uv": [0, 8.75, 0.275, 9.625], "texture": "#0"},
				"down": {"uv": [0, 8.75, 0.275, 9.625], "rotation": 180, "texture": "#0"}
			}
		},
		{
			"from": [7.55, 7.75, 18.85],
			"to": [8.45, 9.65, 19.05],
			"rotation": {"angle": 0, "axis": "y", "origin": [8, 8.15, 15.9]},
			"faces": {
				"north": {"uv": [0, 8.75, 0.275, 9.625], "rotation": 180, "texture": "#0"},
				"east": {"uv": [0, 8.75, 0.275, 9.625], "rotation": 90, "texture": "#0"},
				"south": {"uv": [0, 8.75, 0.275, 9.625], "texture": "#0"},
				"west": {"uv": [0, 8.75, 0.275, 9.625], "rotation": 270, "texture": "#0"},
				"up": {"uv": [0, 8.75, 0.275, 9.625], "texture": "#0"},
				"down": {"uv": [0, 8.75, 0.275, 9.625], "rotation": 180, "texture": "#0"}
			}
		},
		{
			"from": [7.35, 7.85, 17.85],
			"to": [8.65, 9.75, 18.85],
			"rotation": {"angle": 0, "axis": "y", "origin": [8, 8.15, 15.9]},
			"faces": {
				"north": {"uv": [0, 0, 14, 16], "rotation": 270, "texture": "#2"},
				"east": {"uv": [0, 0, 14, 16], "rotation": 270, "texture": "#2"},
				"south": {"uv": [0, 0, 14, 16], "rotation": 270, "texture": "#2"},
				"west": {"uv": [0, 0, 14, 16], "rotation": 270, "texture": "#2"},
				"up": {"uv": [0, 0, 14, 16], "rotation": 270, "texture": "#2"},
				"down": {"uv": [0, 0, 14, 16], "rotation": 270, "texture": "#2"}
			}
		},
		{
			"from": [7.65, 7.66731, 16.10448],
			"to": [8.35, 8.36731, 18.12388],
			"rotation": {"angle": -22.5, "axis": "x", "origin": [8, 8.42402, 14.96418]},
			"faces": {
				"north": {"uv": [0, 0, 14, 16], "rotation": 270, "texture": "#4"},
				"east": {"uv": [0, 0, 14, 16], "rotation": 270, "texture": "#4"},
				"south": {"uv": [0, 0, 14, 16], "rotation": 270, "texture": "#4"},
				"west": {"uv": [0, 0, 14, 16], "rotation": 270, "texture": "#4"},
				"up": {"uv": [0, 0, 14, 16], "rotation": 270, "texture": "#4"},
				"down": {"uv": [0, 0, 14, 16], "rotation": 270, "texture": "#4"}
			}
		},
		{
			"from": [7.65, 6.42547, 15.36107],
			"to": [8.35, 7.12547, 16.53047],
			"rotation": {"angle": -22.5, "axis": "x", "origin": [8, 7.18218, 15.47077]},
			"faces": {
				"north": {"uv": [0, 0, 14, 16], "rotation": 270, "texture": "#4"},
				"east": {"uv": [0, 0, 14, 16], "rotation": 270, "texture": "#4"},
				"south": {"uv": [0, 0, 14, 16], "rotation": 270, "texture": "#4"},
				"west": {"uv": [0, 0, 14, 16], "rotation": 270, "texture": "#4"},
				"up": {"uv": [0, 0, 14, 16], "rotation": 270, "texture": "#4"},
				"down": {"uv": [0, 0, 14, 16], "rotation": 270, "texture": "#4"}
			}
		},
		{
			"from": [7.75, 6.9197, 15.38412],
			"to": [8.25, 7.6197, 16.48412],
			"rotation": {"angle": 45, "axis": "x", "origin": [8, 7.67641, 15.49382]},
			"faces": {
				"north": {"uv": [0, 0, 14, 16], "rotation": 270, "texture": "#4"},
				"east": {"uv": [0, 0, 14, 16], "rotation": 270, "texture": "#4"},
				"south": {"uv": [0, 0, 14, 16], "rotation": 270, "texture": "#4"},
				"west": {"uv": [0, 0, 14, 16], "rotation": 270, "texture": "#4"},
				"up": {"uv": [0, 0, 14, 16], "rotation": 270, "texture": "#4"},
				"down": {"uv": [0, 0, 14, 16], "rotation": 270, "texture": "#4"}
			}
		},
		{
			"from": [7.75, 6.8886, 16.03938],
			"to": [8.25, 8.808, 16.73938],
			"rotation": {"angle": 0, "axis": "y", "origin": [8, 6.21262, 14.50356]},
			"faces": {
				"north": {"uv": [0, 0, 14, 16], "rotation": 90, "texture": "#4"},
				"east": {"uv": [0, 0, 14, 16], "rotation": 180, "texture": "#4"},
				"south": {"uv": [0, 0, 14, 16], "rotation": 270, "texture": "#4"},
				"west": {"uv": [0, 0, 14, 16], "texture": "#4"},
				"up": {"uv": [0, 0, 14, 16], "rotation": 90, "texture": "#4"},
				"down": {"uv": [0, 0, 14, 16], "rotation": 270, "texture": "#4"}
			}
		},
		{
			"from": [7.65, 7.26714, 14.41023],
			"to": [8.35, 10.26714, 15.11023],
			"rotation": {"angle": -22.5, "axis": "x", "origin": [8, 8.42684, 14.76694]},
			"faces": {
				"north": {"uv": [0, 0, 14, 16], "rotation": 90, "texture": "#4"},
				"east": {"uv": [0, 0, 14, 16], "rotation": 180, "texture": "#4"},
				"south": {"uv": [0, 0, 14, 16], "rotation": 270, "texture": "#4"},
				"west": {"uv": [0, 0, 14, 16], "texture": "#4"},
				"up": {"uv": [0, 0, 14, 16], "rotation": 90, "texture": "#4"},
				"down": {"uv": [0, 0, 14, 16], "rotation": 270, "texture": "#4"}
			}
		},
		{
			"from": [7.45, 7.04266, 17.30876],
			"to": [8.55, 8.95608, 18.42815],
			"rotation": {"angle": 22.5, "axis": "x", "origin": [8, 7.34266, 15.85876]},
			"faces": {
				"north": {"uv": [0, 0, 14, 16], "rotation": 270, "texture": "#2"},
				"east": {"uv": [0, 0, 14, 16], "rotation": 270, "texture": "#2"},
				"south": {"uv": [0, 0, 14, 16], "rotation": 270, "texture": "#2"},
				"west": {"uv": [0, 0, 14, 16], "rotation": 270, "texture": "#2"},
				"up": {"uv": [0, 0, 14, 16], "rotation": 270, "texture": "#2"},
				"down": {"uv": [0, 0, 14, 16], "rotation": 270, "texture": "#2"}
			}
		},
		{
			"name": "octagon",
			"from": [7.2, 8.53431, 14.5],
			"to": [7.4, 8.86569, 14.6],
			"rotation": {"angle": 0, "axis": "y", "origin": [8, 8.7, 14.2]},
			"faces": {
				"north": {"uv": [10.5, 0.5, 10.58284, 0.55], "rotation": 90, "texture": "#1"},
				"east": {"uv": [10.5, 0.5, 10.58284, 0.55], "rotation": 90, "texture": "#1"},
				"south": {"uv": [10.5, 0.5, 10.58284, 0.55], "rotation": 90, "texture": "#1"},
				"west": {"uv": [10.5, 0.5, 10.58284, 0.55], "rotation": 90, "texture": "#1"},
				"up": {"uv": [10.5, 0.5, 10.58284, 0.55], "rotation": 90, "texture": "#1"},
				"down": {"uv": [10.5, 0.5, 10.58284, 0.55], "rotation": 90, "texture": "#1"}
			}
		},
		{
			"name": "octagon",
			"from": [7.2, 8.53431, 13.3],
			"to": [7.4, 8.86569, 13.4],
			"rotation": {"angle": 0, "axis": "y", "origin": [8, 8.7, 13.7]},
			"faces": {
				"north": {"uv": [10.5, 8, 10.58284, 8.05], "rotation": 90, "texture": "#1"},
				"east": {"uv": [10.5, 8, 10.58284, 8.05], "rotation": 90, "texture": "#1"},
				"south": {"uv": [10.5, 8, 10.58284, 8.05], "rotation": 90, "texture": "#1"},
				"west": {"uv": [10.5, 8, 10.58284, 8.05], "rotation": 90, "texture": "#1"},
				"up": {"uv": [10.5, 8, 10.58284, 8.05], "rotation": 90, "texture": "#1"},
				"down": {"uv": [10.5, 8, 10.58284, 8.05], "rotation": 90, "texture": "#1"}
			}
		},
		{
			"name": "octagon",
			"from": [7.2, 8.53431, 13.3],
			"to": [7.4, 8.86569, 13.4],
			"rotation": {"angle": 45, "axis": "x", "origin": [8, 8.7, 13.7]},
			"faces": {
				"north": {"uv": [10.5, 6.5, 10.58284, 6.55], "rotation": 90, "texture": "#1"},
				"east": {"uv": [10.5, 6.5, 10.58284, 6.55], "rotation": 90, "texture": "#1"},
				"south": {"uv": [10.5, 6.5, 10.58284, 6.55], "rotation": 90, "texture": "#1"},
				"west": {"uv": [10.5, 6.5, 10.58284, 6.55], "rotation": 90, "texture": "#1"},
				"up": {"uv": [10.5, 6.5, 10.58284, 6.55], "rotation": 90, "texture": "#1"},
				"down": {"uv": [10.5, 6.5, 10.58284, 6.55], "rotation": 90, "texture": "#1"}
			}
		},
		{
			"name": "octagon",
			"from": [7.2, 8.3, 13.53431],
			"to": [7.4, 8.4, 14.36569],
			"rotation": {"angle": 0, "axis": "y", "origin": [8, 8.7, 13.7]},
			"faces": {
				"north": {"uv": [10.5, 5, 10.525, 5.05], "rotation": 90, "texture": "#1"},
				"east": {"uv": [10.5, 5, 10.525, 5.05], "rotation": 90, "texture": "#1"},
				"south": {"uv": [10.5, 5, 10.525, 5.05], "rotation": 90, "texture": "#1"},
				"west": {"uv": [10.5, 5, 10.525, 5.05], "rotation": 90, "texture": "#1"},
				"up": {"uv": [10.5, 5, 10.525, 5.05], "rotation": 90, "texture": "#1"},
				"down": {"uv": [10.5, 5, 10.525, 5.05], "rotation": 90, "texture": "#1"}
			}
		},
		{
			"name": "octagon",
			"from": [7.2, 8.3, 13.53431],
			"to": [7.4, 8.4, 13.86569],
			"rotation": {"angle": 45, "axis": "x", "origin": [8, 8.7, 13.7]},
			"faces": {
				"north": {"uv": [10.5, 3.5, 10.525, 3.55], "rotation": 90, "texture": "#1"},
				"east": {"uv": [10.5, 3.5, 10.525, 3.55], "rotation": 90, "texture": "#1"},
				"south": {"uv": [10.5, 3.5, 10.525, 3.55], "rotation": 90, "texture": "#1"},
				"west": {"uv": [10.5, 3.5, 10.525, 3.55], "rotation": 90, "texture": "#1"},
				"up": {"uv": [10.5, 3.5, 10.525, 3.55], "rotation": 90, "texture": "#1"},
				"down": {"uv": [10.5, 3.5, 10.525, 3.55], "rotation": 90, "texture": "#1"}
			}
		},
		{
			"name": "octagon",
			"from": [7.2, 9, 13.53431],
			"to": [7.4, 9.1, 14.36569],
			"rotation": {"angle": 0, "axis": "y", "origin": [8, 8.7, 13.7]},
			"faces": {
				"north": {"uv": [10.5, 2, 10.525, 2.05], "rotation": 90, "texture": "#1"},
				"east": {"uv": [10.5, 2, 10.525, 2.05], "rotation": 90, "texture": "#1"},
				"south": {"uv": [10.5, 2, 10.525, 2.05], "rotation": 90, "texture": "#1"},
				"west": {"uv": [10.5, 2, 10.525, 2.05], "rotation": 90, "texture": "#1"},
				"up": {"uv": [10.5, 2, 10.525, 2.05], "rotation": 90, "texture": "#1"},
				"down": {"uv": [10.5, 2, 10.525, 2.05], "rotation": 90, "texture": "#1"}
			}
		},
		{
			"name": "octagon",
			"from": [7.2, 8.53431, 14.5],
			"to": [7.4, 8.86569, 14.6],
			"rotation": {"angle": 45, "axis": "x", "origin": [8, 8.7, 14.2]},
			"faces": {
				"north": {"uv": [9.75, 10.5, 9.83284, 10.55], "rotation": 90, "texture": "#1"},
				"east": {"uv": [9.75, 10.5, 9.83284, 10.55], "rotation": 90, "texture": "#1"},
				"south": {"uv": [9.75, 10.5, 9.83284, 10.55], "rotation": 90, "texture": "#1"},
				"west": {"uv": [9.75, 10.5, 9.83284, 10.55], "rotation": 90, "texture": "#1"},
				"up": {"uv": [9.75, 10.5, 9.83284, 10.55], "rotation": 90, "texture": "#1"},
				"down": {"uv": [9.75, 10.5, 9.83284, 10.55], "rotation": 90, "texture": "#1"}
			}
		},
		{
			"name": "octagon",
			"from": [7.2, 9, 14.03431],
			"to": [7.4, 9.1, 14.36569],
			"rotation": {"angle": 45, "axis": "x", "origin": [8, 8.7, 14.2]},
			"faces": {
				"north": {"uv": [8.25, 10.5, 8.275, 10.55], "rotation": 90, "texture": "#1"},
				"east": {"uv": [8.25, 10.5, 8.275, 10.55], "rotation": 90, "texture": "#1"},
				"south": {"uv": [8.25, 10.5, 8.275, 10.55], "rotation": 90, "texture": "#1"},
				"west": {"uv": [8.25, 10.5, 8.275, 10.55], "rotation": 90, "texture": "#1"},
				"up": {"uv": [8.25, 10.5, 8.275, 10.55], "rotation": 90, "texture": "#1"},
				"down": {"uv": [8.25, 10.5, 8.275, 10.55], "rotation": 90, "texture": "#1"}
			}
		},
		{
			"name": "octagon",
			"from": [7.8136, 9.35, -3.3],
			"to": [8.1864, 10.25, 12.2],
			"rotation": {"angle": 45, "axis": "z", "origin": [8, 9.8, 10.7]},
			"faces": {
				"north": {"uv": [2, 2, 2, 2], "texture": "#0"},
				"east": {"uv": [2, 2, 14, 13], "texture": "#1"},
				"south": {"uv": [2, 2, 14, 13], "texture": "#1"},
				"west": {"uv": [2, 2, 14, 13], "texture": "#1"},
				"up": {"uv": [2, 2, 14, 13], "texture": "#1"},
				"down": {"uv": [2, 2, 14, 13], "texture": "#1"}
			}
		},
		{
			"name": "octagon",
			"from": [7.8136, 9.35, -3.3],
			"to": [8.1864, 10.25, 12.2],
			"rotation": {"angle": 0, "axis": "y", "origin": [8, 9.8, 10.7]},
			"faces": {
				"north": {"uv": [2, 2, 2, 2], "texture": "#0"},
				"east": {"uv": [2, 2, 14, 13], "texture": "#1"},
				"south": {"uv": [2, 2, 14, 13], "texture": "#1"},
				"west": {"uv": [2, 2, 14, 13], "texture": "#1"},
				"up": {"uv": [2, 2, 14, 13], "texture": "#1"},
				"down": {"uv": [2, 2, 14, 13], "texture": "#1"}
			}
		},
		{
			"name": "octagon",
			"from": [7.55, 9.6136, -3.3],
			"to": [8.45, 9.9864, 12.2],
			"rotation": {"angle": 45, "axis": "z", "origin": [8, 9.8, 10.7]},
			"faces": {
				"north": {"uv": [2, 2, 2, 2], "texture": "#0"},
				"east": {"uv": [2, 2, 14, 13], "texture": "#1"},
				"south": {"uv": [2, 2, 14, 13], "texture": "#1"},
				"west": {"uv": [2, 2, 14, 13], "texture": "#1"},
				"up": {"uv": [2, 2, 14, 13], "texture": "#1"},
				"down": {"uv": [2, 2, 14, 13], "texture": "#1"}
			}
		},
		{
			"name": "octagon",
			"from": [7.55, 9.6136, -3.3],
			"to": [8.45, 9.9864, 12.2],
			"rotation": {"angle": 0, "axis": "y", "origin": [8, 9.8, 10.7]},
			"faces": {
				"north": {"uv": [2, 2, 2, 2], "texture": "#0"},
				"east": {"uv": [2, 2, 14, 13], "texture": "#1"},
				"south": {"uv": [2, 2, 14, 13], "texture": "#1"},
				"west": {"uv": [2, 2, 14, 13], "texture": "#1"},
				"up": {"uv": [2, 2, 14, 13], "texture": "#1"},
				"down": {"uv": [2, 2, 14, 13], "texture": "#1"}
			}
		},
		{
			"name": "octagon",
			"from": [7.79289, 8.95, 9.5],
			"to": [8.20711, 9.95, 12.75],
			"rotation": {"angle": 45, "axis": "z", "origin": [8, 9.45, 13.7]},
			"faces": {
				"north": {"uv": [0, 0, 0.25, 0.25], "texture": "#2"},
				"east": {"uv": [0, 0, 0.25, 0.25], "texture": "#2"},
				"south": {"uv": [0, 0, 0.25, 0.25], "texture": "#2"},
				"west": {"uv": [0, 0, 0.25, 0.25], "texture": "#2"},
				"up": {"uv": [0, 0, 0.25, 0.25], "texture": "#2"},
				"down": {"uv": [0, 0, 4, 15], "texture": "#2"}
			}
		},
		{
			"name": "octagon",
			"from": [7.79289, 9.35001, 9.5],
			"to": [8.20711, 10.35001, 12.75],
			"rotation": {"angle": 45, "axis": "z", "origin": [8, 9.85001, 13.7]},
			"faces": {
				"north": {"uv": [0, 0, 0.25, 0.25], "texture": "#2"},
				"east": {"uv": [0, 0, 0.25, 0.25], "texture": "#2"},
				"south": {"uv": [0, 0, 0.25, 0.25], "texture": "#2"},
				"west": {"uv": [0, 0, 0.25, 0.25], "texture": "#2"},
				"up": {"uv": [0, 0, 0.25, 0.25], "texture": "#2"},
				"down": {"uv": [0, 0, 4, 15], "texture": "#2"}
			}
		},
		{
			"name": "octagon",
			"from": [7.79289, 8.95, 9.5],
			"to": [8.20711, 10.35, 12.75],
			"rotation": {"angle": 0, "axis": "y", "origin": [8, 9.45, 13.7]},
			"faces": {
				"north": {"uv": [0, 0, 4, 15], "texture": "#2"},
				"east": {"uv": [0, 0, 4, 15], "texture": "#2"},
				"south": {"uv": [0, 0, 4, 15], "texture": "#2"},
				"west": {"uv": [0, 0, 4, 15], "texture": "#2"},
				"up": {"uv": [0, 0, 4, 15], "texture": "#2"},
				"down": {"uv": [0, 0, 4, 15], "texture": "#2"}
			}
		},
		{
			"name": "octagon",
			"from": [7.5, 9.24289, 9.5],
			"to": [8.5, 9.65711, 12.75],
			"rotation": {"angle": 45, "axis": "z", "origin": [8, 9.45, 13.7]},
			"faces": {
				"north": {"uv": [0, 0, 4, 15], "texture": "#2"},
				"east": {"uv": [0, 0, 4, 15], "texture": "#2"},
				"south": {"uv": [0, 0, 4, 15], "texture": "#2"},
				"west": {"uv": [0, 0, 4, 15], "texture": "#2"},
				"up": {"uv": [0, 0, 4, 15], "texture": "#2"},
				"down": {"uv": [0, 0, 4, 15], "texture": "#2"}
			}
		},
		{
			"name": "octagon",
			"from": [7.5, 9.6429, 9.5],
			"to": [8.5, 10.05712, 12.75],
			"rotation": {"angle": 45, "axis": "z", "origin": [8, 9.85001, 13.7]},
			"faces": {
				"north": {"uv": [0, 0, 4, 15], "texture": "#2"},
				"east": {"uv": [0, 0, 4, 15], "texture": "#2"},
				"south": {"uv": [0, 0, 4, 15], "texture": "#2"},
				"west": {"uv": [0, 0, 4, 15], "texture": "#2"},
				"up": {"uv": [0, 0, 4, 15], "texture": "#2"},
				"down": {"uv": [0, 0, 4, 15], "texture": "#2"}
			}
		},
		{
			"name": "octagon",
			"from": [7.5, 9.24289, 9.5],
			"to": [8.5, 10.05711, 12.75],
			"rotation": {"angle": 0, "axis": "y", "origin": [8, 9.45, 13.7]},
			"faces": {
				"north": {"uv": [0, 0, 4, 15], "texture": "#2"},
				"east": {"uv": [0, 0, 4, 15], "texture": "#2"},
				"south": {"uv": [0, 0, 4, 15], "texture": "#2"},
				"west": {"uv": [0, 0, 4, 15], "texture": "#2"},
				"up": {"uv": [0, 0, 4, 15], "texture": "#2"},
				"down": {"uv": [0, 0, 4, 15], "texture": "#2"}
			}
		},
		{
			"name": "octagon",
			"from": [7.79289, 8.95, 5.55],
			"to": [8.20711, 9.95, 6.55],
			"rotation": {"angle": 45, "axis": "z", "origin": [8, 9.45, 9.7]},
			"faces": {
				"north": {"uv": [0, 0, 0.25, 0.25], "texture": "#2"},
				"east": {"uv": [0, 0, 0.25, 0.25], "texture": "#2"},
				"south": {"uv": [0, 0, 0.25, 0.25], "texture": "#2"},
				"west": {"uv": [0, 0, 0.25, 0.25], "texture": "#2"},
				"up": {"uv": [0, 0, 0.25, 0.25], "texture": "#2"},
				"down": {"uv": [0, 0, 4, 15], "texture": "#2"}
			}
		},
		{
			"name": "octagon",
			"from": [7.79289, 9.35001, 5.55],
			"to": [8.20711, 10.35001, 6.55],
			"rotation": {"angle": 45, "axis": "z", "origin": [8, 9.85001, 9.7]},
			"faces": {
				"north": {"uv": [0, 0, 0.25, 0.25], "texture": "#2"},
				"east": {"uv": [0, 0, 0.25, 0.25], "texture": "#2"},
				"south": {"uv": [0, 0, 0.25, 0.25], "texture": "#2"},
				"west": {"uv": [0, 0, 0.25, 0.25], "texture": "#2"},
				"up": {"uv": [0, 0, 0.25, 0.25], "texture": "#2"},
				"down": {"uv": [0, 0, 4, 15], "texture": "#2"}
			}
		},
		{
			"name": "octagon",
			"from": [7.79289, 8.95, 5.55],
			"to": [8.20711, 10.35, 6.55],
			"rotation": {"angle": 0, "axis": "y", "origin": [8, 9.45, 9.7]},
			"faces": {
				"north": {"uv": [0, 0, 4, 15], "texture": "#2"},
				"east": {"uv": [0, 0, 4, 15], "texture": "#2"},
				"south": {"uv": [0, 0, 4, 15], "texture": "#2"},
				"west": {"uv": [0, 0, 4, 15], "texture": "#2"},
				"up": {"uv": [0, 0, 4, 15], "texture": "#2"},
				"down": {"uv": [0, 0, 4, 15], "texture": "#2"}
			}
		},
		{
			"name": "octagon",
			"from": [7.5, 9.24289, 5.55],
			"to": [8.5, 9.65711, 6.55],
			"rotation": {"angle": 45, "axis": "z", "origin": [8, 9.45, 9.7]},
			"faces": {
				"north": {"uv": [0, 0, 4, 15], "texture": "#2"},
				"east": {"uv": [0, 0, 4, 15], "texture": "#2"},
				"south": {"uv": [0, 0, 4, 15], "texture": "#2"},
				"west": {"uv": [0, 0, 4, 15], "texture": "#2"},
				"up": {"uv": [0, 0, 4, 15], "texture": "#2"},
				"down": {"uv": [0, 0, 4, 15], "texture": "#2"}
			}
		},
		{
			"name": "octagon",
			"from": [7.5, 9.6429, 5.55],
			"to": [8.5, 10.05712, 6.55],
			"rotation": {"angle": 45, "axis": "z", "origin": [8, 9.85001, 9.7]},
			"faces": {
				"north": {"uv": [0, 0, 4, 15], "texture": "#2"},
				"east": {"uv": [0, 0, 4, 15], "texture": "#2"},
				"south": {"uv": [0, 0, 4, 15], "texture": "#2"},
				"west": {"uv": [0, 0, 4, 15], "texture": "#2"},
				"up": {"uv": [0, 0, 4, 15], "texture": "#2"},
				"down": {"uv": [0, 0, 4, 15], "texture": "#2"}
			}
		},
		{
			"name": "octagon",
			"from": [7.5, 9.24289, 5.55],
			"to": [8.5, 10.05711, 6.55],
			"rotation": {"angle": 0, "axis": "y", "origin": [8, 9.45, 9.7]},
			"faces": {
				"north": {"uv": [0, 0, 4, 15], "texture": "#2"},
				"east": {"uv": [0, 0, 4, 15], "texture": "#2"},
				"south": {"uv": [0, 0, 4, 15], "texture": "#2"},
				"west": {"uv": [0, 0, 4, 15], "texture": "#2"},
				"up": {"uv": [0, 0, 4, 15], "texture": "#2"},
				"down": {"uv": [0, 0, 4, 15], "texture": "#2"}
			}
		},
		{
			"name": "octagon",
			"from": [7.79289, 7.65001, 9.55],
			"to": [8.20711, 8.65001, 12.1],
			"rotation": {"angle": 45, "axis": "z", "origin": [8, 8.15001, 13.7]},
			"faces": {
				"north": {"uv": [0, 0, 0.25, 0.25], "texture": "#5"},
				"east": {"uv": [0, 0, 0.25, 0.25], "texture": "#5"},
				"south": {"uv": [0, 0, 0.25, 0.25], "texture": "#5"},
				"west": {"uv": [0, 0, 0.25, 0.25], "texture": "#5"},
				"up": {"uv": [0, 0, 0.25, 0.25], "texture": "#5"},
				"down": {"uv": [0, 0, 4, 15], "texture": "#5"}
			}
		},
		{
			"name": "octagon",
			"from": [7.7929, 7.65001, 9.55],
			"to": [8.20711, 8.65, 12.2],
			"rotation": {"angle": 0, "axis": "y", "origin": [8, 7.75, 13.7]},
			"faces": {
				"north": {"uv": [0, 0, 4, 15], "texture": "#5"},
				"east": {"uv": [0, 0, 4, 15], "texture": "#5"},
				"south": {"uv": [0, 0, 4, 15], "texture": "#5"},
				"west": {"uv": [0, 0, 4, 15], "texture": "#5"},
				"up": {"uv": [0, 0, 4, 15], "texture": "#5"},
				"down": {"uv": [0, 0, 4, 15], "texture": "#5"}
			}
		},
		{
			"name": "octagon",
			"from": [7.5, 7.9429, 9.55],
			"to": [8.5, 8.35712, 12.1],
			"rotation": {"angle": 45, "axis": "z", "origin": [8, 8.15001, 13.7]},
			"faces": {
				"north": {"uv": [0, 0, 4, 15], "texture": "#5"},
				"east": {"uv": [0, 0, 4, 15], "texture": "#5"},
				"south": {"uv": [0, 0, 4, 15], "texture": "#5"},
				"west": {"uv": [0, 0, 4, 15], "texture": "#5"},
				"up": {"uv": [0, 0, 4, 15], "texture": "#5"},
				"down": {"uv": [0, 0, 4, 15], "texture": "#5"}
			}
		},
		{
			"name": "octagon",
			"from": [7.5, 7.94289, 9.55],
			"to": [8.5, 8.35711, 12.2],
			"rotation": {"angle": 0, "axis": "y", "origin": [8, 7.75, 13.7]},
			"faces": {
				"north": {"uv": [0, 0, 4, 15], "texture": "#5"},
				"east": {"uv": [0, 0, 4, 15], "texture": "#5"},
				"south": {"uv": [0, 0, 4, 15], "texture": "#5"},
				"west": {"uv": [0, 0, 4, 15], "texture": "#5"},
				"up": {"uv": [0, 0, 4, 15], "texture": "#5"},
				"down": {"uv": [0, 0, 4, 15], "texture": "#5"}
			}
		},
		{
			"name": "octagon",
			"from": [7.499, 7.94289, 10],
			"to": [7.499, 10.05711, 10.25],
			"rotation": {"angle": 0, "axis": "y", "origin": [8.95, 7.76422, 12.85]},
			"faces": {
				"north": {"uv": [4, 0, 0, 15], "texture": "#0"},
				"east": {"uv": [4, 0, 0, 15], "texture": "#0"},
				"south": {"uv": [4, 0, 0, 15], "texture": "#0"},
				"west": {"uv": [4, 0, 0, 15], "texture": "#0"},
				"up": {"uv": [4, 0, 0, 15], "texture": "#0"},
				"down": {"uv": [4, 0, 0, 15], "texture": "#0"}
			}
		},
		{
			"name": "octagon",
			"from": [8.5, 7.94289, 10],
			"to": [8.5, 10.05711, 10.25],
			"rotation": {"angle": 0, "axis": "y", "origin": [7.05, 7.76422, 12.85]},
			"faces": {
				"north": {"uv": [0, 0, 4, 15], "texture": "#0"},
				"east": {"uv": [0, 0, 4, 15], "texture": "#0"},
				"south": {"uv": [0, 0, 4, 15], "texture": "#0"},
				"west": {"uv": [0, 0, 4, 15], "texture": "#0"},
				"up": {"uv": [0, 0, 4, 15], "texture": "#0"},
				"down": {"uv": [0, 0, 4, 15], "texture": "#0"}
			}
		},
		{
			"name": "octagon",
			"from": [9.23753, 8.92103, 10],
			"to": [9.23753, 9.33525, 10.25],
			"rotation": {"angle": -45, "axis": "z", "origin": [7.18753, 9.52814, 13.25]},
			"faces": {
				"north": {"uv": [4, 15, 0, 0], "texture": "#0"},
				"east": {"uv": [4, 15, 0, 0], "texture": "#0"},
				"south": {"uv": [4, 15, 0, 0], "texture": "#0"},
				"west": {"uv": [4, 15, 0, 0], "texture": "#0"},
				"up": {"uv": [4, 15, 0, 0], "texture": "#0"},
				"down": {"uv": [4, 15, 0, 0], "texture": "#0"}
			}
		},
		{
			"name": "octagon",
			"from": [9.23753, 8.66475, 10],
			"to": [9.23753, 9.07897, 10.25],
			"rotation": {"angle": 45, "axis": "z", "origin": [7.18753, 8.47186, 13.25]},
			"faces": {
				"north": {"uv": [4, 0, 0, 15], "texture": "#0"},
				"east": {"uv": [4, 0, 0, 15], "texture": "#0"},
				"south": {"uv": [4, 0, 0, 15], "texture": "#0"},
				"west": {"uv": [4, 0, 0, 15], "texture": "#0"},
				"up": {"uv": [4, 0, 0, 15], "texture": "#0"},
				"down": {"uv": [4, 0, 0, 15], "texture": "#0"}
			}
		},
		{
			"name": "octagon",
			"from": [6.76247, 8.92103, 10],
			"to": [6.76247, 9.33525, 10.25],
			"rotation": {"angle": 45, "axis": "z", "origin": [8.81247, 9.52814, 13.25]},
			"faces": {
				"north": {"uv": [0, 15, 4, 0], "texture": "#0"},
				"east": {"uv": [0, 15, 4, 0], "texture": "#0"},
				"south": {"uv": [0, 15, 4, 0], "texture": "#0"},
				"west": {"uv": [0, 15, 4, 0], "texture": "#0"},
				"up": {"uv": [0, 15, 4, 0], "texture": "#0"},
				"down": {"uv": [0, 15, 4, 0], "texture": "#0"}
			}
		},
		{
			"name": "octagon",
			"from": [6.76247, 8.66475, 10],
			"to": [6.76247, 9.07897, 10.25],
			"rotation": {"angle": -45, "axis": "z", "origin": [8.81247, 8.47186, 13.25]},
			"faces": {
				"north": {"uv": [0, 0, 4, 15], "texture": "#0"},
				"east": {"uv": [0, 0, 4, 15], "texture": "#0"},
				"south": {"uv": [0, 0, 4, 15], "texture": "#0"},
				"west": {"uv": [0, 0, 4, 15], "texture": "#0"},
				"up": {"uv": [0, 0, 4, 15], "texture": "#0"},
				"down": {"uv": [0, 0, 4, 15], "texture": "#0"}
			}
		},
		{
			"name": "octagon",
			"from": [7.79289, 7.65, 10],
			"to": [8.20711, 7.65, 10.25],
			"rotation": {"angle": 0, "axis": "y", "origin": [8.35285, 7.08862, 10.125]},
			"faces": {
				"north": {"uv": [4, 0, 0, 15], "rotation": 270, "texture": "#0"},
				"east": {"uv": [4, 0, 0, 15], "rotation": 90, "texture": "#0"},
				"south": {"uv": [4, 0, 0, 15], "rotation": 90, "texture": "#0"},
				"west": {"uv": [4, 0, 0, 15], "rotation": 90, "texture": "#0"},
				"up": {"uv": [4, 0, 0, 15], "rotation": 90, "texture": "#0"},
				"down": {"uv": [4, 0, 0, 15], "rotation": 90, "texture": "#0"}
			}
		},
		{
			"name": "octagon",
			"from": [7.79289, 10.36, 10],
			"to": [8.20711, 10.36, 10.25],
			"rotation": {"angle": 0, "axis": "y", "origin": [8.35285, 10.91138, 10.125]},
			"faces": {
				"north": {"uv": [0, 0, 4, 15], "rotation": 270, "texture": "#0"},
				"east": {"uv": [0, 0, 4, 15], "rotation": 90, "texture": "#0"},
				"south": {"uv": [0, 0, 4, 15], "rotation": 90, "texture": "#0"},
				"west": {"uv": [0, 0, 4, 15], "rotation": 90, "texture": "#0"},
				"up": {"uv": [0, 0, 4, 15], "rotation": 90, "texture": "#0"},
				"down": {"uv": [0, 0, 4, 15], "rotation": 90, "texture": "#0"}
			}
		},
		{
			"name": "octagon",
			"from": [7.499, 7.94289, 11.5],
			"to": [7.499, 10.05711, 11.75],
			"rotation": {"angle": 0, "axis": "y", "origin": [8.95, 7.76422, 14.35]},
			"faces": {
				"north": {"uv": [4, 0, 0, 15], "texture": "#0"},
				"east": {"uv": [4, 0, 0, 15], "texture": "#0"},
				"south": {"uv": [4, 0, 0, 15], "texture": "#0"},
				"west": {"uv": [4, 0, 0, 15], "texture": "#0"},
				"up": {"uv": [4, 0, 0, 15], "texture": "#0"},
				"down": {"uv": [4, 0, 0, 15], "texture": "#0"}
			}
		},
		{
			"name": "octagon",
			"from": [8.5, 7.94289, 11.5],
			"to": [8.5, 10.05711, 11.75],
			"rotation": {"angle": 0, "axis": "y", "origin": [7.05, 7.76422, 14.35]},
			"faces": {
				"north": {"uv": [0, 0, 4, 15], "texture": "#0"},
				"east": {"uv": [0, 0, 4, 15], "texture": "#0"},
				"south": {"uv": [0, 0, 4, 15], "texture": "#0"},
				"west": {"uv": [0, 0, 4, 15], "texture": "#0"},
				"up": {"uv": [0, 0, 4, 15], "texture": "#0"},
				"down": {"uv": [0, 0, 4, 15], "texture": "#0"}
			}
		},
		{
			"name": "octagon",
			"from": [9.23753, 8.92103, 11.5],
			"to": [9.23753, 9.33525, 11.75],
			"rotation": {"angle": -45, "axis": "z", "origin": [7.18753, 9.52814, 14.75]},
			"faces": {
				"north": {"uv": [4, 15, 0, 0], "texture": "#0"},
				"east": {"uv": [4, 15, 0, 0], "texture": "#0"},
				"south": {"uv": [4, 15, 0, 0], "texture": "#0"},
				"west": {"uv": [4, 15, 0, 0], "texture": "#0"},
				"up": {"uv": [4, 15, 0, 0], "texture": "#0"},
				"down": {"uv": [4, 15, 0, 0], "texture": "#0"}
			}
		},
		{
			"name": "octagon",
			"from": [9.23753, 8.66475, 11.5],
			"to": [9.23753, 9.07897, 11.75],
			"rotation": {"angle": 45, "axis": "z", "origin": [7.18753, 8.47186, 14.75]},
			"faces": {
				"north": {"uv": [4, 0, 0, 15], "texture": "#0"},
				"east": {"uv": [4, 0, 0, 15], "texture": "#0"},
				"south": {"uv": [4, 0, 0, 15], "texture": "#0"},
				"west": {"uv": [4, 0, 0, 15], "texture": "#0"},
				"up": {"uv": [4, 0, 0, 15], "texture": "#0"},
				"down": {"uv": [4, 0, 0, 15], "texture": "#0"}
			}
		},
		{
			"name": "octagon",
			"from": [6.76247, 8.92103, 11.5],
			"to": [6.76247, 9.33525, 11.75],
			"rotation": {"angle": 45, "axis": "z", "origin": [8.81247, 9.52814, 14.75]},
			"faces": {
				"north": {"uv": [0, 15, 4, 0], "texture": "#0"},
				"east": {"uv": [0, 15, 4, 0], "texture": "#0"},
				"south": {"uv": [0, 15, 4, 0], "texture": "#0"},
				"west": {"uv": [0, 15, 4, 0], "texture": "#0"},
				"up": {"uv": [0, 15, 4, 0], "texture": "#0"},
				"down": {"uv": [0, 15, 4, 0], "texture": "#0"}
			}
		},
		{
			"name": "octagon",
			"from": [6.76247, 8.66475, 11.5],
			"to": [6.76247, 9.07897, 11.75],
			"rotation": {"angle": -45, "axis": "z", "origin": [8.81247, 8.47186, 14.75]},
			"faces": {
				"north": {"uv": [0, 0, 4, 15], "texture": "#0"},
				"east": {"uv": [0, 0, 4, 15], "texture": "#0"},
				"south": {"uv": [0, 0, 4, 15], "texture": "#0"},
				"west": {"uv": [0, 0, 4, 15], "texture": "#0"},
				"up": {"uv": [0, 0, 4, 15], "texture": "#0"},
				"down": {"uv": [0, 0, 4, 15], "texture": "#0"}
			}
		},
		{
			"name": "octagon",
			"from": [7.79289, 7.65, 11.5],
			"to": [8.20711, 7.65, 11.75],
			"rotation": {"angle": 0, "axis": "y", "origin": [8.35285, 7.08862, 11.625]},
			"faces": {
				"north": {"uv": [4, 0, 0, 15], "rotation": 270, "texture": "#0"},
				"east": {"uv": [4, 0, 0, 15], "rotation": 90, "texture": "#0"},
				"south": {"uv": [4, 0, 0, 15], "rotation": 90, "texture": "#0"},
				"west": {"uv": [4, 0, 0, 15], "rotation": 90, "texture": "#0"},
				"up": {"uv": [4, 0, 0, 15], "rotation": 90, "texture": "#0"},
				"down": {"uv": [4, 0, 0, 15], "rotation": 90, "texture": "#0"}
			}
		},
		{
			"name": "octagon",
			"from": [7.79289, 10.36, 11.5],
			"to": [8.20711, 10.36, 11.75],
			"rotation": {"angle": 0, "axis": "y", "origin": [8.35285, 10.91138, 11.625]},
			"faces": {
				"north": {"uv": [0, 0, 4, 15], "rotation": 270, "texture": "#0"},
				"east": {"uv": [0, 0, 4, 15], "rotation": 90, "texture": "#0"},
				"south": {"uv": [0, 0, 4, 15], "rotation": 90, "texture": "#0"},
				"west": {"uv": [0, 0, 4, 15], "rotation": 90, "texture": "#0"},
				"up": {"uv": [0, 0, 4, 15], "rotation": 90, "texture": "#0"},
				"down": {"uv": [0, 0, 4, 15], "rotation": 90, "texture": "#0"}
			}
		}
	],
	"display": {
		"thirdperson_righthand": {
			"translation": [0, 0, -5]
		},
		"thirdperson_lefthand": {
			"translation": [0, 0, -5.5]
		},
		"firstperson_righthand": {
			"translation": [-3.5, 3, 0]
		},
		"ground": {
			"translation": [0, 0, -4.25]
		},
		"gui": {
			"rotation": [-90, 135, 90]
		},
		"head": {
			"translation": [0, 9.5, 0]
		},
		"fixed": {
			"rotation": [-90, -135, -90],
			"translation": [3, 1, -2],
			"scale": [2, 2, 2]
		}
	}
}