{
	"texture_size": [64, 64],
	"textures": {
		"0": "block/smithing_table_top",
		"1": "block/iron_block",
		"2": "block/stripped_spruce_log",
		"particle": "block/iron_block"
	},
	"elements": [
		{
			"from": [7.7, 7.1, 13.2],
			"to": [8.3, 7.2, 14],
			"rotation": {"angle": 0, "axis": "y", "origin": [8, 7.15, 10.7]},
			"faces": {
				"north": {"uv": [8.75, 8.5, 8.9, 8.525], "texture": "#0"},
				"east": {"uv": [8.75, 8.5, 8.9, 8.525], "texture": "#0"},
				"south": {"uv": [8.75, 8.5, 8.9, 8.525], "texture": "#0"},
				"west": {"uv": [8.75, 8.5, 8.9, 8.525], "texture": "#0"},
				"up": {"uv": [8.75, 8.5, 8.9, 8.525], "texture": "#0"},
				"down": {"uv": [8.75, 8.5, 8.9, 8.525], "texture": "#0"}
			}
		},
		{
			"from": [7.7, 7.45355, 12.84645],
			"to": [8.3, 8.25355, 12.94645],
			"rotation": {"angle": 0, "axis": "y", "origin": [8, 7.85355, 12.89645]},
			"faces": {
				"north": {"uv": [8.75, 8.5, 8.95, 8.65], "rotation": 270, "texture": "#0"},
				"east": {"uv": [8.75, 8.5, 8.95, 8.65], "rotation": 270, "texture": "#0"},
				"south": {"uv": [8.75, 8.5, 8.95, 8.65], "rotation": 270, "texture": "#0"},
				"west": {"uv": [8.75, 8.5, 8.95, 8.65], "rotation": 270, "texture": "#0"},
				"up": {"uv": [8.75, 8.5, 8.95, 8.65], "rotation": 270, "texture": "#0"},
				"down": {"uv": [8.75, 8.5, 8.95, 8.65], "rotation": 270, "texture": "#0"}
			}
		},
		{
			"from": [7.7, 7.35, 13.95],
			"to": [8.3, 10.75, 14.05],
			"rotation": {"angle": 22.5, "axis": "x", "origin": [8, 8.25, 14]},
			"faces": {
				"north": {"uv": [3.25, 10, 3.4, 10.975], "texture": "#0"},
				"east": {"uv": [3.25, 10, 3.4, 10.975], "texture": "#0"},
				"south": {"uv": [3.25, 10, 3.4, 10.975], "texture": "#0"},
				"west": {"uv": [3.25, 10, 3.4, 10.975], "texture": "#0"},
				"up": {"uv": [3.25, 10, 3.4, 10.975], "texture": "#0"},
				"down": {"uv": [3.25, 10, 3.4, 10.975], "texture": "#0"}
			}
		},
		{
			"from": [7.7, 7.217, 13.925],
			"to": [8.3, 7.317, 14.425],
			"rotation": {"angle": -45, "axis": "x", "origin": [8, 7.25, 14.1]},
			"faces": {
				"north": {"uv": [1.75, 10, 1.9, 10.025], "texture": "#0"},
				"east": {"uv": [1.75, 10, 1.9, 10.025], "texture": "#0"},
				"south": {"uv": [1.75, 10, 1.9, 10.025], "texture": "#0"},
				"west": {"uv": [1.75, 10, 1.9, 10.025], "texture": "#0"},
				"up": {"uv": [1.75, 10, 1.9, 10.025], "texture": "#0"},
				"down": {"uv": [1.75, 10, 1.9, 10.025], "texture": "#0"}
			}
		},
		{
			"from": [7.9, 10.01408, 8.87459],
			"to": [8.1, 10.31408, 9.37459],
			"rotation": {"angle": 22.5, "axis": "x", "origin": [8, 10.24708, 9.19959]},
			"faces": {
				"north": {"uv": [1.8, 10, 1.75, 10.075], "texture": "#0"},
				"east": {"uv": [1.8, 10, 1.75, 10.075], "texture": "#0"},
				"south": {"uv": [1.8, 10, 1.75, 10.075], "texture": "#0"},
				"west": {"uv": [1.8, 10, 1.75, 10.075], "texture": "#0"},
				"up": {"uv": [1.8, 10, 1.75, 10.075], "texture": "#0"},
				"down": {"uv": [1.8, 10, 1.75, 10.075], "texture": "#0"}
			}
		},
		{
			"from": [7.7, 7.21408, 12.77459],
			"to": [8.3, 7.31408, 13.27459],
			"rotation": {"angle": 45, "axis": "x", "origin": [8, 7.24708, 13.09959]},
			"faces": {
				"north": {"uv": [1.9, 10, 1.75, 10.025], "texture": "#0"},
				"east": {"uv": [1.9, 10, 1.75, 10.025], "texture": "#0"},
				"south": {"uv": [1.9, 10, 1.75, 10.025], "texture": "#0"},
				"west": {"uv": [1.9, 10, 1.75, 10.025], "texture": "#0"},
				"up": {"uv": [1.9, 10, 1.75, 10.025], "texture": "#0"},
				"down": {"uv": [1.9, 10, 1.75, 10.025], "texture": "#0"}
			}
		},
		{
			"from": [7.8, 5.9, 15.6],
			"to": [8.2, 6.2, 15.9],
			"rotation": {"angle": 0, "axis": "y", "origin": [8.5, 5.6, 15.4]},
			"faces": {
				"north": {"uv": [6.75, 10.5, 6.825, 10.6], "rotation": 90, "texture": "#0"},
				"east": {"uv": [6.75, 10.5, 6.825, 10.6], "rotation": 90, "texture": "#0"},
				"south": {"uv": [6.75, 10.5, 6.825, 10.6], "rotation": 90, "texture": "#0"},
				"west": {"uv": [6.75, 10.5, 6.825, 10.6], "rotation": 90, "texture": "#0"},
				"up": {"uv": [6.75, 10.5, 6.825, 10.6], "rotation": 90, "texture": "#0"},
				"down": {"uv": [6.75, 10.5, 6.825, 10.6], "rotation": 90, "texture": "#0"}
			}
		},
		{
			"from": [7.5, 9.3, 11.2],
			"to": [8.5, 10.4, 14.7],
			"rotation": {"angle": 0, "axis": "y", "origin": [8, 9.9, 14.4]},
			"faces": {
				"north": {"uv": [0, 0, 3, 1], "texture": "#0"},
				"east": {"uv": [0, 0, 3, 1], "texture": "#0"},
				"south": {"uv": [0, 0, 3, 1], "texture": "#0"},
				"west": {"uv": [0, 0, 3, 1], "texture": "#0"},
				"up": {"uv": [0, 0, 3, 1], "texture": "#0"},
				"down": {"uv": [0, 0, 3, 1], "texture": "#0"}
			}
		},
		{
			"from": [7.65, 8.2, 11.4],
			"to": [8.35, 9.9, 15.1],
			"rotation": {"angle": 0, "axis": "y", "origin": [8, 9.85, 13.8]},
			"faces": {
				"north": {"uv": [3.75, 1.5, 3.975, 2], "texture": "#0"},
				"east": {"uv": [3.75, 1.5, 3.975, 2], "texture": "#0"},
				"south": {"uv": [3.75, 1.5, 3.975, 2], "texture": "#0"},
				"west": {"uv": [3.75, 1.5, 3.975, 2], "texture": "#0"},
				"up": {"uv": [3.75, 1.5, 3.975, 2], "texture": "#0"},
				"down": {"uv": [3.75, 1.5, 3.975, 2], "texture": "#0"}
			}
		},
		{
			"from": [7.55, 7.4, 14.2],
			"to": [8.45, 9, 15],
			"rotation": {"angle": 0, "axis": "y", "origin": [8, 7.35, 16]},
			"faces": {
				"north": {"uv": [0, 0, 0.2, 0.4], "texture": "#0"},
				"east": {"uv": [0, 0, 0.2, 0.4], "texture": "#0"},
				"south": {"uv": [0, 0, 0.2, 0.4], "texture": "#0"},
				"west": {"uv": [0, 0, 0.2, 0.4], "texture": "#0"},
				"up": {"uv": [0, 0, 0.2, 0.4], "texture": "#0"},
				"down": {"uv": [0, 0, 0.2, 0.4], "texture": "#0"}
			}
		},
		{
			"from": [7.45, 6.21924, 15.394],
			"to": [8.55, 6.64019, 16.41026],
			"rotation": {"angle": 0, "axis": "y", "origin": [8, 6.15, 17.2]},
			"faces": {
				"north": {"uv": [0, 0, 2, 2], "texture": "#0"},
				"east": {"uv": [0, 0, 2, 2], "texture": "#0"},
				"south": {"uv": [0, 0, 2, 2], "texture": "#0"},
				"west": {"uv": [0, 0, 2, 2], "texture": "#0"},
				"up": {"uv": [0, 0, 2, 2], "texture": "#0"},
				"down": {"uv": [0, 0, 2, 2], "texture": "#0"}
			}
		},
		{
			"from": [7.45, 6.3, 15],
			"to": [8.55, 9.3, 16.1],
			"rotation": {"angle": -22.5, "axis": "x", "origin": [8, 7.25, 15.4]},
			"faces": {
				"north": {"uv": [0, 8.75, 0.275, 9.625], "texture": "#0"},
				"east": {"uv": [0, 8.75, 0.275, 9.625], "texture": "#0"},
				"south": {"uv": [0, 8.75, 0.275, 9.625], "texture": "#0"},
				"west": {"uv": [0, 8.75, 0.275, 9.625], "texture": "#0"},
				"up": {"uv": [0, 8.75, 0.275, 9.625], "texture": "#0"},
				"down": {"uv": [0, 8.75, 0.275, 9.625], "texture": "#0"}
			}
		},
		{
			"from": [7.35, 6.3, 15.1],
			"to": [8.65, 9.1, 16],
			"rotation": {"angle": -22.5, "axis": "x", "origin": [8, 7.25, 15.4]},
			"faces": {
				"north": {"uv": [0, 8.75, 0.325, 9.575], "texture": "#2"},
				"east": {"uv": [0, 8.75, 0.325, 9.575], "texture": "#2"},
				"south": {"uv": [0, 8.75, 0.325, 9.575], "texture": "#2"},
				"west": {"uv": [0, 0, 14, 16], "texture": "#2"},
				"up": {"uv": [0, 8.75, 0.325, 9.575], "texture": "#2"},
				"down": {"uv": [0, 8.75, 0.325, 9.575], "texture": "#2"}
			}
		},
		{
			"name": "octagon",
			"from": [7.9, 5.53431, 16.3],
			"to": [8.1, 5.86569, 16.4],
			"rotation": {"angle": 0, "axis": "y", "origin": [8.7, 5.7, 16]},
			"faces": {
				"north": {"uv": [10.5, 0.5, 10.58284, 0.55], "rotation": 90, "texture": "#1"},
				"east": {"uv": [10.5, 0.5, 10.58284, 0.55], "rotation": 90, "texture": "#1"},
				"south": {"uv": [10.5, 0.5, 10.58284, 0.55], "rotation": 90, "texture": "#1"},
				"west": {"uv": [10.5, 0.5, 10.58284, 0.55], "rotation": 90, "texture": "#1"},
				"up": {"uv": [10.5, 0.5, 10.58284, 0.55], "rotation": 90, "texture": "#1"},
				"down": {"uv": [10.5, 0.5, 10.58284, 0.55], "rotation": 90, "texture": "#1"}
			}
		},
		{
			"name": "octagon",
			"from": [7.9, 5.53431, 15.1],
			"to": [8.1, 5.86569, 15.2],
			"rotation": {"angle": 0, "axis": "y", "origin": [8.7, 5.7, 15.5]},
			"faces": {
				"north": {"uv": [10.5, 8, 10.58284, 8.05], "rotation": 90, "texture": "#1"},
				"east": {"uv": [10.5, 8, 10.58284, 8.05], "rotation": 90, "texture": "#1"},
				"south": {"uv": [10.5, 8, 10.58284, 8.05], "rotation": 90, "texture": "#1"},
				"west": {"uv": [10.5, 8, 10.58284, 8.05], "rotation": 90, "texture": "#1"},
				"up": {"uv": [10.5, 8, 10.58284, 8.05], "rotation": 90, "texture": "#1"},
				"down": {"uv": [10.5, 8, 10.58284, 8.05], "rotation": 90, "texture": "#1"}
			}
		},
		{
			"name": "octagon",
			"from": [7.9, 5.53431, 15.1],
			"to": [8.1, 5.86569, 15.2],
			"rotation": {"angle": 45, "axis": "x", "origin": [8.7, 5.7, 15.5]},
			"faces": {
				"north": {"uv": [10.5, 6.5, 10.58284, 6.55], "rotation": 90, "texture": "#1"},
				"east": {"uv": [10.5, 6.5, 10.58284, 6.55], "rotation": 90, "texture": "#1"},
				"south": {"uv": [10.5, 6.5, 10.58284, 6.55], "rotation": 90, "texture": "#1"},
				"west": {"uv": [10.5, 6.5, 10.58284, 6.55], "rotation": 90, "texture": "#1"},
				"up": {"uv": [10.5, 6.5, 10.58284, 6.55], "rotation": 90, "texture": "#1"},
				"down": {"uv": [10.5, 6.5, 10.58284, 6.55], "rotation": 90, "texture": "#1"}
			}
		},
		{
			"name": "octagon",
			"from": [7.9, 5.3, 15.33431],
			"to": [8.1, 5.4, 16.16569],
			"rotation": {"angle": 0, "axis": "y", "origin": [8.7, 5.7, 15.5]},
			"faces": {
				"north": {"uv": [10.5, 5, 10.525, 5.05], "rotation": 90, "texture": "#1"},
				"east": {"uv": [10.5, 5, 10.525, 5.05], "rotation": 90, "texture": "#1"},
				"south": {"uv": [10.5, 5, 10.525, 5.05], "rotation": 90, "texture": "#1"},
				"west": {"uv": [10.5, 5, 10.525, 5.05], "rotation": 90, "texture": "#1"},
				"up": {"uv": [10.5, 5, 10.525, 5.05], "rotation": 90, "texture": "#1"},
				"down": {"uv": [10.5, 5, 10.525, 5.05], "rotation": 90, "texture": "#1"}
			}
		},
		{
			"name": "octagon",
			"from": [7.9, 5.3, 15.33431],
			"to": [8.1, 5.4, 15.66569],
			"rotation": {"angle": 45, "axis": "x", "origin": [8.7, 5.7, 15.5]},
			"faces": {
				"north": {"uv": [10.5, 3.5, 10.525, 3.55], "rotation": 90, "texture": "#1"},
				"east": {"uv": [10.5, 3.5, 10.525, 3.55], "rotation": 90, "texture": "#1"},
				"south": {"uv": [10.5, 3.5, 10.525, 3.55], "rotation": 90, "texture": "#1"},
				"west": {"uv": [10.5, 3.5, 10.525, 3.55], "rotation": 90, "texture": "#1"},
				"up": {"uv": [10.5, 3.5, 10.525, 3.55], "rotation": 90, "texture": "#1"},
				"down": {"uv": [10.5, 3.5, 10.525, 3.55], "rotation": 90, "texture": "#1"}
			}
		},
		{
			"name": "octagon",
			"from": [7.9, 6, 15.33431],
			"to": [8.1, 6.1, 16.16569],
			"rotation": {"angle": 0, "axis": "y", "origin": [8.7, 5.7, 15.5]},
			"faces": {
				"north": {"uv": [10.5, 2, 10.525, 2.05], "rotation": 90, "texture": "#1"},
				"east": {"uv": [10.5, 2, 10.525, 2.05], "rotation": 90, "texture": "#1"},
				"south": {"uv": [10.5, 2, 10.525, 2.05], "rotation": 90, "texture": "#1"},
				"west": {"uv": [10.5, 2, 10.525, 2.05], "rotation": 90, "texture": "#1"},
				"up": {"uv": [10.5, 2, 10.525, 2.05], "rotation": 90, "texture": "#1"},
				"down": {"uv": [10.5, 2, 10.525, 2.05], "rotation": 90, "texture": "#1"}
			}
		},
		{
			"name": "octagon",
			"from": [7.9, 5.53431, 16.3],
			"to": [8.1, 5.86569, 16.4],
			"rotation": {"angle": 45, "axis": "x", "origin": [8.7, 5.7, 16]},
			"faces": {
				"north": {"uv": [9.75, 10.5, 9.83284, 10.55], "rotation": 90, "texture": "#1"},
				"east": {"uv": [9.75, 10.5, 9.83284, 10.55], "rotation": 90, "texture": "#1"},
				"south": {"uv": [9.75, 10.5, 9.83284, 10.55], "rotation": 90, "texture": "#1"},
				"west": {"uv": [9.75, 10.5, 9.83284, 10.55], "rotation": 90, "texture": "#1"},
				"up": {"uv": [9.75, 10.5, 9.83284, 10.55], "rotation": 90, "texture": "#1"},
				"down": {"uv": [9.75, 10.5, 9.83284, 10.55], "rotation": 90, "texture": "#1"}
			}
		},
		{
			"name": "octagon",
			"from": [7.9, 6, 15.83431],
			"to": [8.1, 6.1, 16.16569],
			"rotation": {"angle": 45, "axis": "x", "origin": [8.7, 5.7, 16]},
			"faces": {
				"north": {"uv": [8.25, 10.5, 8.275, 10.55], "rotation": 90, "texture": "#1"},
				"east": {"uv": [8.25, 10.5, 8.275, 10.55], "rotation": 90, "texture": "#1"},
				"south": {"uv": [8.25, 10.5, 8.275, 10.55], "rotation": 90, "texture": "#1"},
				"west": {"uv": [8.25, 10.5, 8.275, 10.55], "rotation": 90, "texture": "#1"},
				"up": {"uv": [8.25, 10.5, 8.275, 10.55], "rotation": 90, "texture": "#1"},
				"down": {"uv": [8.25, 10.5, 8.275, 10.55], "rotation": 90, "texture": "#1"}
			}
		},
		{
			"name": "octagon",
			"from": [7.58579, 8.3, 11.6],
			"to": [8.41421, 10.3, 14.1],
			"rotation": {"angle": 45, "axis": "z", "origin": [8, 9.3, 11.1]},
			"faces": {
				"north": {"uv": [8, 5.75, 8.625, 5.95711], "texture": "#0"},
				"east": {"uv": [8, 5.75, 8.625, 5.95711], "texture": "#0"},
				"south": {"uv": [8, 5.75, 8.625, 5.95711], "texture": "#0"},
				"west": {"uv": [8, 5.75, 8.625, 5.95711], "texture": "#0"},
				"up": {"uv": [8, 5.75, 8.625, 5.95711], "texture": "#0"},
				"down": {"uv": [8, 5.75, 8.625, 5.95711], "texture": "#0"}
			}
		},
		{
			"name": "octagon",
			"from": [7.58579, 8.3, 11.6],
			"to": [8.41421, 10.3, 14.1],
			"rotation": {"angle": 0, "axis": "y", "origin": [8, 9.3, 11.1]},
			"faces": {
				"north": {"uv": [2.25, 3, 2.45711, 3.5], "texture": "#0"},
				"east": {"uv": [2.25, 3, 2.45711, 3.5], "texture": "#0"},
				"south": {"uv": [2.25, 3, 2.45711, 3.5], "texture": "#0"},
				"west": {"uv": [2.25, 3, 2.45711, 3.5], "texture": "#0"},
				"up": {"uv": [2.25, 3, 2.45711, 3.5], "texture": "#0"},
				"down": {"uv": [2.25, 3, 2.45711, 3.5], "texture": "#0"}
			}
		},
		{
			"name": "octagon",
			"from": [7, 8.88579, 11.6],
			"to": [9, 9.71421, 14.1],
			"rotation": {"angle": 45, "axis": "z", "origin": [8, 9.3, 11.1]},
			"faces": {
				"north": {"uv": [8, 5.75, 8.625, 5.95711], "texture": "#0"},
				"east": {"uv": [8, 5.75, 8.625, 5.95711], "texture": "#0"},
				"south": {"uv": [8, 5.75, 8.625, 5.95711], "texture": "#0"},
				"west": {"uv": [8, 5.75, 8.625, 5.95711], "texture": "#0"},
				"up": {"uv": [8, 5.75, 8.625, 5.95711], "texture": "#0"},
				"down": {"uv": [8, 5.75, 8.625, 5.95711], "texture": "#0"}
			}
		},
		{
			"name": "octagon",
			"from": [7, 8.88579, 11.6],
			"to": [9, 9.71421, 14.1],
			"rotation": {"angle": 0, "axis": "y", "origin": [8, 9.3, 11.1]},
			"faces": {
				"north": {"uv": [8, 5.75, 8.625, 5.95711], "texture": "#0"},
				"east": {"uv": [8, 5.75, 8.625, 5.95711], "texture": "#0"},
				"south": {"uv": [8, 5.75, 8.625, 5.95711], "texture": "#0"},
				"west": {"uv": [8, 5.75, 8.625, 5.95711], "texture": "#0"},
				"up": {"uv": [8, 5.75, 8.625, 5.95711], "texture": "#0"},
				"down": {"uv": [8, 5.75, 8.625, 5.95711], "texture": "#0"}
			}
		},
		{
			"name": "octagon",
			"from": [7.8136, 9.35, 8.7],
			"to": [8.1864, 10.25, 11.2],
			"rotation": {"angle": 45, "axis": "z", "origin": [8, 9.8, 10.7]},
			"faces": {
				"north": {"uv": [0, 0, 0.0932, 0.225], "texture": "#0"},
				"east": {"uv": [0, 0, 0.0932, 0.225], "texture": "#0"},
				"south": {"uv": [0, 0, 0.0932, 0.225], "texture": "#0"},
				"west": {"uv": [0, 0, 0.0932, 0.225], "texture": "#0"},
				"up": {"uv": [0, 0, 0.0932, 0.225], "texture": "#0"},
				"down": {"uv": [0, 0, 0.0932, 0.225], "texture": "#0"}
			}
		},
		{
			"name": "octagon",
			"from": [7.8136, 9.35, 8.7],
			"to": [8.1864, 10.25, 11.2],
			"rotation": {"angle": 0, "axis": "y", "origin": [8, 9.8, 10.7]},
			"faces": {
				"north": {"uv": [0, 0, 0.0932, 0.225], "texture": "#0"},
				"east": {"uv": [0, 0, 0.0932, 0.225], "texture": "#0"},
				"south": {"uv": [0, 0, 0.0932, 0.225], "texture": "#0"},
				"west": {"uv": [0, 0, 0.0932, 0.225], "texture": "#0"},
				"up": {"uv": [0, 0, 0.0932, 0.225], "texture": "#0"},
				"down": {"uv": [0, 0, 0.0932, 0.225], "texture": "#0"}
			}
		},
		{
			"name": "octagon",
			"from": [7.55, 9.6136, 8.7],
			"to": [8.45, 9.9864, 11.2],
			"rotation": {"angle": 45, "axis": "z", "origin": [8, 9.8, 10.7]},
			"faces": {
				"north": {"uv": [0, 0, 0.225, 0.0932], "texture": "#0"},
				"east": {"uv": [0, 0, 0.225, 0.0932], "texture": "#0"},
				"south": {"uv": [0, 0, 0.225, 0.0932], "texture": "#0"},
				"west": {"uv": [0, 0, 0.225, 0.0932], "texture": "#0"},
				"up": {"uv": [0, 0, 0.225, 0.0932], "texture": "#0"},
				"down": {"uv": [0, 0, 0.225, 0.0932], "texture": "#0"}
			}
		},
		{
			"name": "octagon",
			"from": [7.55, 9.6136, 8.7],
			"to": [8.45, 9.9864, 11.2],
			"rotation": {"angle": 0, "axis": "y", "origin": [8, 9.8, 10.7]},
			"faces": {
				"north": {"uv": [0, 0, 0.225, 0.0932], "texture": "#0"},
				"east": {"uv": [0, 0, 0.225, 0.0932], "texture": "#0"},
				"south": {"uv": [0, 0, 0.225, 0.0932], "texture": "#0"},
				"west": {"uv": [0, 0, 0.225, 0.0932], "texture": "#0"},
				"up": {"uv": [0, 0, 0.225, 0.0932], "texture": "#0"},
				"down": {"uv": [0, 0, 0.225, 0.0932], "texture": "#0"}
			}
		}
	],
	"display": {
		"thirdperson_righthand": {
			"translation": [0, 0, -5.5]
		},
		"thirdperson_lefthand": {
			"translation": [0, 0, -5.5]
		},
		"firstperson_righthand": {
			"translation": [-9, 4.5, 0]
		},
		"firstperson_lefthand": {
			"translation": [-3.25, 4.5, 0]
		},
		"ground": {
			"translation": [0, 0, -4.25]
		},
		"gui": {
			"rotation": [-90, 135, 90],
			"translation": [-7.5, 7, 0],
			"scale": [2, 2, 2]
		},
		"head": {
			"translation": [0, 9.5, 0]
		},
		"fixed": {
			"rotation": [-90, -135, -90],
			"translation": [9, 6.5, -2],
			"scale": [2, 2, 2]
		}
	}
}