{
	"credit": "Made with Blockbench",
	"texture_size": [64, 64],
	"textures": {
		"6": "custom_item/plasma_cutter_x"
	},
	"elements": [
		{
			"from": [7.3, 10, 6.8],
			"to": [8.7, 10.5, 11.9],
			"rotation": {"angle": 0, "axis": "y", "origin": [8, 10, 10.5]},
			"faces": {
				"north": {"uv": [8.25, 0.25, 8.5, 0.5], "texture": "#6"},
				"east": {"uv": [1, 0.5, 2.25, 0.75], "texture": "#6"},
				"south": {"uv": [8.25, 0.5, 8.5, 0.75], "texture": "#6"},
				"west": {"uv": [1, 0.75, 2.25, 1], "texture": "#6"},
				"up": {"uv": [1.25, 3.25, 1, 2], "texture": "#6"},
				"down": {"uv": [1.5, 2, 1.25, 3.25], "texture": "#6"}
			}
		},
		{
			"from": [7.3, 9.3, 7.3],
			"to": [8.7, 9.8, 11.8],
			"rotation": {"angle": 0, "axis": "y", "origin": [8, 9.3, 10.5]},
			"faces": {
				"north": {"uv": [8.25, 0.75, 8.5, 1], "texture": "#6"},
				"east": {"uv": [1.5, 1, 2.75, 1.25], "texture": "#6"},
				"south": {"uv": [8.25, 1, 8.5, 1.25], "texture": "#6"},
				"west": {"uv": [1.5, 1.25, 2.75, 1.5], "texture": "#6"},
				"up": {"uv": [2.25, 3.25, 2, 2], "texture": "#6"},
				"down": {"uv": [2.5, 2.25, 2.25, 3.5], "texture": "#6"}
			}
		},
		{
			"from": [7.3, 8.6, 7.3],
			"to": [8.7, 9.1, 11.8],
			"rotation": {"angle": 0, "axis": "y", "origin": [8, 8.6, 10.5]},
			"faces": {
				"north": {"uv": [8.25, 1.25, 8.5, 1.5], "texture": "#6"},
				"east": {"uv": [2, 0, 3.25, 0.25], "texture": "#6"},
				"south": {"uv": [8.25, 1.5, 8.5, 1.75], "texture": "#6"},
				"west": {"uv": [2, 0.25, 3.25, 0.5], "texture": "#6"},
				"up": {"uv": [0.25, 3.75, 0, 2.5], "texture": "#6"},
				"down": {"uv": [0.5, 2.5, 0.25, 3.75], "texture": "#6"}
			}
		},
		{
			"from": [7.7, 7.8, 12],
			"to": [8.3, 9.1, 12.1],
			"rotation": {"angle": 0, "axis": "y", "origin": [8, 8.6, 12.1]},
			"faces": {
				"north": {"uv": [9, 6.25, 9.25, 6.5], "texture": "#6"},
				"east": {"uv": [9, 6.5, 9.25, 6.75], "texture": "#6"},
				"south": {"uv": [9, 6.75, 9.25, 7], "texture": "#6"},
				"west": {"uv": [9, 7, 9.25, 7.25], "texture": "#6"},
				"up": {"uv": [9.25, 7.5, 9, 7.25], "texture": "#6"},
				"down": {"uv": [9.25, 7.5, 9, 7.75], "texture": "#6"}
			}
		},
		{
			"from": [7.5, 4.9, 10.7],
			"to": [8.5, 5.6, 13.8],
			"rotation": {"angle": -22.5, "axis": "x", "origin": [8, 5.1, 12.05]},
			"faces": {
				"north": {"uv": [8.25, 1.75, 8.5, 2], "texture": "#6"},
				"east": {"uv": [3.5, 3.25, 4.25, 3.5], "texture": "#6"},
				"south": {"uv": [8.25, 2, 8.5, 2.25], "texture": "#6"},
				"west": {"uv": [4, 1, 4.75, 1.25], "texture": "#6"},
				"up": {"uv": [3.5, 5, 3.25, 4.25], "texture": "#6"},
				"down": {"uv": [4.5, 4.25, 4.25, 5], "texture": "#6"}
			}
		},
		{
			"from": [7.9, 4.55, 11.25],
			"to": [8.1, 4.75, 12.35],
			"rotation": {"angle": 0, "axis": "y", "origin": [8, 4.75, 10.6]},
			"faces": {
				"north": {"uv": [9, 4.75, 9.25, 5], "texture": "#6"},
				"east": {"uv": [9, 5, 9.25, 5.25], "texture": "#6"},
				"south": {"uv": [9, 5.25, 9.25, 5.5], "texture": "#6"},
				"west": {"uv": [9, 5.5, 9.25, 5.75], "texture": "#6"},
				"up": {"uv": [9.25, 6, 9, 5.75], "texture": "#6"},
				"down": {"uv": [9.25, 6, 9, 6.25], "texture": "#6"}
			}
		},
		{
			"from": [7.5, 5.7, 6.2],
			"to": [8.5, 6.3, 7.4],
			"rotation": {"angle": 0, "axis": "y", "origin": [8, 5.8, 9.5]},
			"faces": {
				"north": {"uv": [8.25, 2.25, 8.5, 2.5], "texture": "#6"},
				"east": {"uv": [8.25, 2.5, 8.5, 2.75], "texture": "#6"},
				"south": {"uv": [8.25, 2.75, 8.5, 3], "texture": "#6"},
				"west": {"uv": [8.25, 3, 8.5, 3.25], "texture": "#6"},
				"up": {"uv": [8.5, 3.5, 8.25, 3.25], "texture": "#6"},
				"down": {"uv": [8.5, 3.5, 8.25, 3.75], "texture": "#6"}
			}
		},
		{
			"from": [7.5, 6.3, 7.2],
			"to": [8.5, 9.8, 7.4],
			"rotation": {"angle": 0, "axis": "y", "origin": [8, 5.8, 10.5]},
			"faces": {
				"north": {"uv": [2.75, 4, 3, 5], "texture": "#6"},
				"east": {"uv": [4, 4, 4.25, 5], "texture": "#6"},
				"south": {"uv": [4, 0, 4.25, 1], "texture": "#6"},
				"west": {"uv": [3, 4.25, 3.25, 5.25], "texture": "#6"},
				"up": {"uv": [10, 2.5, 9.75, 2.25], "texture": "#6"},
				"down": {"uv": [10, 2.5, 9.75, 2.75], "texture": "#6"}
			}
		},
		{
			"from": [7.5, 9.8, 6.8],
			"to": [8.5, 10, 15.2],
			"rotation": {"angle": 0, "axis": "y", "origin": [8, 9.5, 10.5]},
			"faces": {
				"north": {"uv": [8.25, 3.75, 8.5, 4], "texture": "#6"},
				"east": {"uv": [0, 0, 2, 0.25], "texture": "#6"},
				"south": {"uv": [8.25, 4, 8.5, 4.25], "texture": "#6"},
				"west": {"uv": [0, 0.25, 2, 0.5], "texture": "#6"},
				"up": {"uv": [0.25, 2.5, 0, 0.5], "texture": "#6"},
				"down": {"uv": [0.5, 0.5, 0.25, 2.5], "texture": "#6"}
			}
		},
		{
			"from": [7.5, 9.1, 7.3],
			"to": [8.5, 9.3, 11.8],
			"rotation": {"angle": 0, "axis": "y", "origin": [8, 8.8, 10.2]},
			"faces": {
				"north": {"uv": [8.25, 4.25, 8.5, 4.5], "texture": "#6"},
				"east": {"uv": [2, 1.5, 3.25, 1.75], "texture": "#6"},
				"south": {"uv": [8.25, 4.5, 8.5, 4.75], "texture": "#6"},
				"west": {"uv": [2, 1.75, 3.25, 2], "texture": "#6"},
				"up": {"uv": [0.75, 3.75, 0.5, 2.5], "texture": "#6"},
				"down": {"uv": [1, 2.5, 0.75, 3.75], "texture": "#6"}
			}
		},
		{
			"from": [7.5, 10.5, 7.1],
			"to": [8.5, 11.6, 11.5],
			"rotation": {"angle": 0, "axis": "y", "origin": [8, 11, 7.5]},
			"faces": {
				"north": {"uv": [8.25, 4.75, 8.5, 5], "texture": "#6"},
				"east": {"uv": [2.25, 0.5, 3.25, 0.75], "texture": "#6"},
				"south": {"uv": [8.25, 5, 8.5, 5.25], "texture": "#6"},
				"west": {"uv": [2.25, 0.75, 3.25, 1], "texture": "#6"},
				"up": {"uv": [3.25, 3, 3, 2], "texture": "#6"},
				"down": {"uv": [3.5, 3.25, 3.25, 4.25], "texture": "#6"}
			}
		},
		{
			"from": [7.5, 11, 11.9],
			"to": [8.5, 11.9, 15.7],
			"rotation": {"angle": 0, "axis": "y", "origin": [8, 12, 11.5]},
			"faces": {
				"north": {"uv": [8.25, 5.25, 8.5, 5.5], "texture": "#6"},
				"east": {"uv": [2.75, 1, 3.75, 1.25], "texture": "#6"},
				"south": {"uv": [8.25, 5.5, 8.5, 5.75], "texture": "#6"},
				"west": {"uv": [2.75, 1.25, 3.75, 1.5], "texture": "#6"},
				"up": {"uv": [3.5, 1, 3.25, 0], "texture": "#6"},
				"down": {"uv": [3.5, 1.5, 3.25, 2.5], "texture": "#6"}
			}
		},
		{
			"from": [7.5, 11.9, 14.6],
			"to": [8.5, 12.3, 15.6],
			"rotation": {"angle": 0, "axis": "y", "origin": [8, 12.1, 15]},
			"faces": {
				"north": {"uv": [8.25, 5.75, 8.5, 6], "texture": "#6"},
				"east": {"uv": [8.25, 6, 8.5, 6.25], "texture": "#6"},
				"south": {"uv": [8.25, 6.25, 8.5, 6.5], "texture": "#6"},
				"west": {"uv": [8.25, 6.5, 8.5, 6.75], "texture": "#6"},
				"up": {"uv": [8.5, 7, 8.25, 6.75], "texture": "#6"},
				"down": {"uv": [8.5, 7, 8.25, 7.25], "texture": "#6"}
			}
		},
		{
			"from": [7.2, 10, 11.9],
			"to": [8.8, 11, 15.4],
			"rotation": {"angle": 0, "axis": "y", "origin": [8, 10.5, 11.5]},
			"faces": {
				"north": {"uv": [4, 3.75, 4.5, 4], "texture": "#6"},
				"east": {"uv": [3.25, 2.5, 4.25, 2.75], "texture": "#6"},
				"south": {"uv": [4.25, 0.75, 4.75, 1], "texture": "#6"},
				"west": {"uv": [3.25, 2.75, 4.25, 3], "texture": "#6"},
				"up": {"uv": [1, 1.5, 0.5, 0.5], "texture": "#6"},
				"down": {"uv": [1.5, 1, 1, 2], "texture": "#6"}
			}
		},
		{
			"from": [7.2, 9.1, 11.8],
			"to": [8.8, 9.8, 15.3],
			"rotation": {"angle": 0, "axis": "y", "origin": [8, 9.3, 11.5]},
			"faces": {
				"north": {"uv": [4, 6.5, 4.5, 6.75], "texture": "#6"},
				"east": {"uv": [3.25, 3, 4.25, 3.25], "texture": "#6"},
				"south": {"uv": [4.5, 6.5, 5, 6.75], "texture": "#6"},
				"west": {"uv": [3.5, 3.5, 4.5, 3.75], "texture": "#6"},
				"up": {"uv": [1, 2.5, 0.5, 1.5], "texture": "#6"},
				"down": {"uv": [2, 1.5, 1.5, 2.5], "texture": "#6"}
			}
		},
		{
			"from": [7.2, 10, 11.9],
			"to": [8.8, 10.9, 12.3],
			"rotation": {"angle": 22.5, "axis": "x", "origin": [8, 11, 12.1]},
			"faces": {
				"north": {"uv": [5, 6.5, 5.5, 6.75], "texture": "#6"},
				"east": {"uv": [8.25, 7.25, 8.5, 7.5], "texture": "#6"},
				"south": {"uv": [5.5, 6.5, 6, 6.75], "texture": "#6"},
				"west": {"uv": [8.25, 7.5, 8.5, 7.75], "texture": "#6"},
				"up": {"uv": [6.5, 6.75, 6, 6.5], "texture": "#6"},
				"down": {"uv": [7, 6.5, 6.5, 6.75], "texture": "#6"}
			}
		},
		{
			"from": [7.3, 9.5, 6.1],
			"to": [8.7, 11.6, 6.5],
			"rotation": {"angle": 0, "axis": "y", "origin": [8, 11, 9.1]},
			"faces": {
				"north": {"uv": [3.5, 0.5, 3.75, 1], "texture": "#6"},
				"east": {"uv": [6.5, 0, 6.75, 0.5], "texture": "#6"},
				"south": {"uv": [6.5, 1.25, 6.75, 1.75], "texture": "#6"},
				"west": {"uv": [6.5, 2.5, 6.75, 3], "texture": "#6"},
				"up": {"uv": [8.5, 8, 8.25, 7.75], "texture": "#6"},
				"down": {"uv": [8.5, 8, 8.25, 8.25], "texture": "#6"}
			}
		},
		{
			"from": [7.2, 10.3, 6.5],
			"to": [8.8, 12, 7.1],
			"rotation": {"angle": 0, "axis": "y", "origin": [8, 11, 9.1]},
			"faces": {
				"north": {"uv": [2.5, 2, 3, 2.5], "texture": "#6"},
				"east": {"uv": [6.5, 3, 6.75, 3.5], "texture": "#6"},
				"south": {"uv": [3.5, 0, 4, 0.5], "texture": "#6"},
				"west": {"uv": [6.5, 4.5, 6.75, 5], "texture": "#6"},
				"up": {"uv": [7, 3.75, 6.5, 3.5], "texture": "#6"},
				"down": {"uv": [7, 5, 6.5, 5.25], "texture": "#6"}
			}
		},
		{
			"from": [7.2, 9.5, 6.5],
			"to": [8.8, 10.5, 7],
			"rotation": {"angle": 22.5, "axis": "x", "origin": [8, 10.3, 6.7]},
			"faces": {
				"north": {"uv": [6.5, 5.25, 7, 5.5], "texture": "#6"},
				"east": {"uv": [0, 8.5, 0.25, 8.75], "texture": "#6"},
				"south": {"uv": [6.5, 5.5, 7, 5.75], "texture": "#6"},
				"west": {"uv": [0.25, 8.5, 0.5, 8.75], "texture": "#6"},
				"up": {"uv": [7, 6, 6.5, 5.75], "texture": "#6"},
				"down": {"uv": [0.5, 6.75, 0, 7], "texture": "#6"}
			}
		},
		{
			"from": [7.2, 8.9, 8.9],
			"to": [8.8, 9.5, 9.9],
			"rotation": {"angle": 0, "axis": "y", "origin": [7.3, 8.85, 9.2]},
			"faces": {
				"north": {"uv": [1, 6.75, 1.5, 7], "texture": "#6"},
				"east": {"uv": [0.5, 8.5, 0.75, 8.75], "texture": "#6"},
				"south": {"uv": [2, 6.75, 2.5, 7], "texture": "#6"},
				"west": {"uv": [0.75, 8.5, 1, 8.75], "texture": "#6"},
				"up": {"uv": [4.5, 7, 4, 6.75], "texture": "#6"},
				"down": {"uv": [5, 6.75, 4.5, 7], "texture": "#6"}
			}
		},
		{
			"from": [7.3, 10.3, 11.4],
			"to": [8.7, 12.1, 12],
			"rotation": {"angle": 22.5, "axis": "x", "origin": [7.9, 11.25, 11.7]},
			"faces": {
				"north": {"uv": [0.5, 6.75, 0.75, 7.25], "texture": "#6"},
				"east": {"uv": [3, 6.75, 3.25, 7.25], "texture": "#6"},
				"south": {"uv": [5, 6.75, 5.25, 7.25], "texture": "#6"},
				"west": {"uv": [5.25, 6.75, 5.5, 7.25], "texture": "#6"},
				"up": {"uv": [1.25, 8.75, 1, 8.5], "texture": "#6"},
				"down": {"uv": [1.5, 8.5, 1.25, 8.75], "texture": "#6"}
			}
		},
		{
			"from": [7.2, 10, 15.3],
			"to": [8.8, 12.1, 15.9],
			"rotation": {"angle": 22.5, "axis": "x", "origin": [7.9, 11.25, 15.6]},
			"faces": {
				"north": {"uv": [3.75, 1.5, 4.25, 2], "texture": "#6"},
				"east": {"uv": [7.5, 3.75, 7.75, 4.25], "texture": "#6"},
				"south": {"uv": [3.75, 2, 4.25, 2.5], "texture": "#6"},
				"west": {"uv": [7.5, 4.25, 7.75, 4.75], "texture": "#6"},
				"up": {"uv": [8, 5.25, 7.5, 5], "texture": "#6"},
				"down": {"uv": [8, 5.25, 7.5, 5.5], "texture": "#6"}
			}
		},
		{
			"from": [6.8, 9.2, 15.1],
			"to": [7, 10.9, 15.4],
			"rotation": {"angle": -22.5, "axis": "x", "origin": [7.5, 10.05, 15.4]},
			"faces": {
				"north": {"uv": [5.5, 6.75, 5.75, 7.25], "texture": "#6"},
				"east": {"uv": [5.75, 6.75, 6, 7.25], "texture": "#6"},
				"south": {"uv": [6, 6.75, 6.25, 7.25], "texture": "#6"},
				"west": {"uv": [6.25, 6.75, 6.5, 7.25], "texture": "#6"},
				"up": {"uv": [1.75, 8.75, 1.5, 8.5], "texture": "#6"},
				"down": {"uv": [2, 8.5, 1.75, 8.75], "texture": "#6"}
			}
		},
		{
			"from": [6.8, 5.63105, 12.0287],
			"to": [7, 5.93105, 13.8287],
			"rotation": {"angle": -22.5, "axis": "x", "origin": [8, 5.78105, 12.9662]},
			"faces": {
				"north": {"uv": [2, 8.5, 2.25, 8.75], "texture": "#6"},
				"east": {"uv": [6.5, 6.75, 7, 7], "texture": "#6"},
				"south": {"uv": [2.25, 8.5, 2.5, 8.75], "texture": "#6"},
				"west": {"uv": [6.75, 0, 7.25, 0.25], "texture": "#6"},
				"up": {"uv": [7, 0.75, 6.75, 0.25], "texture": "#6"},
				"down": {"uv": [7, 0.75, 6.75, 1.25], "texture": "#6"}
			}
		},
		{
			"from": [9, 4.1627, 12.09167],
			"to": [9.2, 4.4627, 13.79167],
			"rotation": {"angle": 0, "axis": "y", "origin": [8, 4.3127, 12.81167]},
			"faces": {
				"north": {"uv": [2.5, 8.5, 2.75, 8.75], "texture": "#6"},
				"east": {"uv": [6.75, 1.25, 7.25, 1.5], "texture": "#6"},
				"south": {"uv": [2.75, 8.5, 3, 8.75], "texture": "#6"},
				"west": {"uv": [6.75, 1.5, 7.25, 1.75], "texture": "#6"},
				"up": {"uv": [7, 3, 6.75, 2.5], "texture": "#6"},
				"down": {"uv": [7, 3, 6.75, 3.5], "texture": "#6"}
			}
		},
		{
			"from": [9, 4.1327, 12.06167],
			"to": [9.2, 5.5327, 12.36167],
			"rotation": {"angle": 0, "axis": "y", "origin": [8, 5.1127, 12.21167]},
			"faces": {
				"north": {"uv": [3, 8.5, 3.25, 8.75], "texture": "#6"},
				"east": {"uv": [3.25, 8.5, 3.5, 8.75], "texture": "#6"},
				"south": {"uv": [3.5, 8.5, 3.75, 8.75], "texture": "#6"},
				"west": {"uv": [3.75, 8.5, 4, 8.75], "texture": "#6"},
				"up": {"uv": [4.25, 8.75, 4, 8.5], "texture": "#6"},
				"down": {"uv": [4.5, 8.5, 4.25, 8.75], "texture": "#6"}
			}
		},
		{
			"from": [9, 9.2, 15.1],
			"to": [9.2, 10.9, 15.4],
			"rotation": {"angle": -22.5, "axis": "x", "origin": [9.7, 10.05, 15.4]},
			"faces": {
				"north": {"uv": [0.25, 7, 0.5, 7.5], "texture": "#6"},
				"east": {"uv": [0.75, 7, 1, 7.5], "texture": "#6"},
				"south": {"uv": [1, 7, 1.25, 7.5], "texture": "#6"},
				"west": {"uv": [1.25, 7, 1.5, 7.5], "texture": "#6"},
				"up": {"uv": [5.25, 8.75, 5, 8.5], "texture": "#6"},
				"down": {"uv": [5.5, 8.5, 5.25, 8.75], "texture": "#6"}
			}
		},
		{
			"from": [9, 5.63105, 12.0287],
			"to": [9.2, 5.93105, 13.8287],
			"rotation": {"angle": -22.5, "axis": "x", "origin": [8, 5.78105, 12.9662]},
			"faces": {
				"north": {"uv": [5.5, 8.5, 5.75, 8.75], "texture": "#6"},
				"east": {"uv": [6.75, 4.75, 7.25, 5], "texture": "#6"},
				"south": {"uv": [5.75, 8.5, 6, 8.75], "texture": "#6"},
				"west": {"uv": [1.5, 7, 2, 7.25], "texture": "#6"},
				"up": {"uv": [2.25, 7.5, 2, 7], "texture": "#6"},
				"down": {"uv": [2.5, 7, 2.25, 7.5], "texture": "#6"}
			}
		},
		{
			"from": [6.8, 4.1627, 12.09167],
			"to": [7, 4.4627, 13.79167],
			"rotation": {"angle": 0, "axis": "y", "origin": [8, 4.3127, 12.81167]},
			"faces": {
				"north": {"uv": [4.75, 7, 4.5, 7.5], "texture": "#6"},
				"east": {"uv": [4.75, 7, 4.5, 7.5], "texture": "#6"},
				"south": {"uv": [4.75, 7, 4.5, 7.5], "texture": "#6"},
				"west": {"uv": [4.75, 7, 4.5, 7.5], "texture": "#6"},
				"up": {"uv": [4.75, 7, 4.5, 7.5], "texture": "#6"},
				"down": {"uv": [4.75, 7, 4.5, 7.5], "texture": "#6"}
			}
		},
		{
			"from": [6.8, 4.1327, 12.06167],
			"to": [7, 5.5327, 12.36167],
			"rotation": {"angle": 0, "axis": "y", "origin": [8, 5.1127, 12.21167]},
			"faces": {
				"north": {"uv": [6.5, 8.5, 6.75, 8.75], "texture": "#6"},
				"east": {"uv": [6.75, 8.5, 7, 8.75], "texture": "#6"},
				"south": {"uv": [7, 8.5, 7.25, 8.75], "texture": "#6"},
				"west": {"uv": [7.25, 8.5, 7.5, 8.75], "texture": "#6"},
				"up": {"uv": [7.75, 8.75, 7.5, 8.5], "texture": "#6"},
				"down": {"uv": [8, 8.5, 7.75, 8.75], "texture": "#6"}
			}
		},
		{
			"from": [7, 10.6, 15.1],
			"to": [9, 10.9, 15.4],
			"rotation": {"angle": -22.5, "axis": "x", "origin": [9.5, 10.05, 15.4]},
			"faces": {
				"north": {"uv": [7, 0.75, 7.5, 1], "texture": "#6"},
				"east": {"uv": [8.5, 8.5, 8.75, 8.75], "texture": "#6"},
				"south": {"uv": [7, 1, 7.5, 1.25], "texture": "#6"},
				"west": {"uv": [8.5, 0, 8.75, 0.25], "texture": "#6"},
				"up": {"uv": [7.5, 2, 7, 1.75], "texture": "#6"},
				"down": {"uv": [7.5, 2, 7, 2.25], "texture": "#6"}
			}
		},
		{
			"from": [7, 5.63105, 13.5287],
			"to": [9, 5.93105, 13.8287],
			"rotation": {"angle": -22.5, "axis": "x", "origin": [8, 5.78105, 12.9662]},
			"faces": {
				"north": {"uv": [7, 2.25, 7.5, 2.5], "texture": "#6"},
				"east": {"uv": [8.5, 0.25, 8.75, 0.5], "texture": "#6"},
				"south": {"uv": [7, 2.5, 7.5, 2.75], "texture": "#6"},
				"west": {"uv": [8.5, 0.5, 8.75, 0.75], "texture": "#6"},
				"up": {"uv": [7.5, 3, 7, 2.75], "texture": "#6"},
				"down": {"uv": [7.5, 3, 7, 3.25], "texture": "#6"}
			}
		},
		{
			"from": [7, 4.1627, 12.09167],
			"to": [9, 4.4627, 12.39167],
			"rotation": {"angle": 0, "axis": "y", "origin": [8, 4.3127, 12.81167]},
			"faces": {
				"north": {"uv": [7, 3.25, 7.5, 3.5], "texture": "#6"},
				"east": {"uv": [8.5, 0.75, 8.75, 1], "texture": "#6"},
				"south": {"uv": [7, 3.5, 7.5, 3.75], "texture": "#6"},
				"west": {"uv": [8.5, 1, 8.75, 1.25], "texture": "#6"},
				"up": {"uv": [7.5, 4, 7, 3.75], "texture": "#6"},
				"down": {"uv": [7.5, 4, 7, 4.25], "texture": "#6"}
			}
		},
		{
			"from": [7, 9.2, 15.1],
			"to": [9, 9.4, 15.4],
			"rotation": {"angle": -22.5, "axis": "x", "origin": [7.5, 10.05, 15.4]},
			"faces": {
				"north": {"uv": [7, 6, 7.5, 6.25], "texture": "#6"},
				"east": {"uv": [8.5, 1.75, 8.75, 2], "texture": "#6"},
				"south": {"uv": [7, 6.25, 7.5, 6.5], "texture": "#6"},
				"west": {"uv": [8.5, 2, 8.75, 2.25], "texture": "#6"},
				"up": {"uv": [7.5, 6.75, 7, 6.5], "texture": "#6"},
				"down": {"uv": [7.5, 6.75, 7, 7], "texture": "#6"}
			}
		},
		{
			"from": [7, 4.1627, 13.59167],
			"to": [9, 4.4627, 13.79167],
			"rotation": {"angle": 0, "axis": "y", "origin": [8, 4.3127, 12.81167]},
			"faces": {
				"north": {"uv": [1.5, 7.25, 2, 7.5], "texture": "#6"},
				"east": {"uv": [8.5, 2.25, 8.75, 2.5], "texture": "#6"},
				"south": {"uv": [2.75, 7.25, 3.25, 7.5], "texture": "#6"},
				"west": {"uv": [8.5, 2.5, 8.75, 2.75], "texture": "#6"},
				"up": {"uv": [3.75, 7.5, 3.25, 7.25], "texture": "#6"},
				"down": {"uv": [4.25, 7.25, 3.75, 7.5], "texture": "#6"}
			}
		},
		{
			"from": [7.6, 5.2, 13.1],
			"to": [8.4, 7.7, 13.2],
			"rotation": {"angle": -22.5, "axis": "x", "origin": [8, 7.1, 12.8]},
			"faces": {
				"north": {"uv": [4.25, 0, 4.5, 0.75], "texture": "#6"},
				"east": {"uv": [4.25, 1.25, 4.5, 2], "texture": "#6"},
				"south": {"uv": [4.25, 2, 4.5, 2.75], "texture": "#6"},
				"west": {"uv": [4.25, 2.75, 4.5, 3.5], "texture": "#6"},
				"up": {"uv": [8.75, 3.5, 8.5, 3.25], "texture": "#6"},
				"down": {"uv": [8.75, 3.5, 8.5, 3.75], "texture": "#6"}
			}
		},
		{
			"from": [7.6, 7.1, 13.8],
			"to": [8.4, 9.6, 14.5],
			"rotation": {"angle": -22.5, "axis": "x", "origin": [8, 9, 13.5]},
			"faces": {
				"north": {"uv": [1, 4.5, 1.25, 5.25], "texture": "#6"},
				"east": {"uv": [1.25, 4.5, 1.5, 5.25], "texture": "#6"},
				"south": {"uv": [2, 4.5, 2.25, 5.25], "texture": "#6"},
				"west": {"uv": [2.25, 4.5, 2.5, 5.25], "texture": "#6"},
				"up": {"uv": [8.75, 4, 8.5, 3.75], "texture": "#6"},
				"down": {"uv": [8.75, 4, 8.5, 4.25], "texture": "#6"}
			}
		},
		{
			"from": [7.5, 5.5, 12.5],
			"to": [8.5, 9.6, 13.833],
			"rotation": {"angle": -22.5, "axis": "x", "origin": [8, 9, 13.5]},
			"faces": {
				"north": {"uv": [2.25, 3.5, 2.5, 4.5], "texture": "#6"},
				"east": {"uv": [3.5, 1.5, 3.75, 2.5], "texture": "#6"},
				"south": {"uv": [0, 3.75, 0.25, 4.75], "texture": "#6"},
				"west": {"uv": [0.25, 3.75, 0.5, 4.75], "texture": "#6"},
				"up": {"uv": [8.75, 4.5, 8.5, 4.25], "texture": "#6"},
				"down": {"uv": [8.75, 4.5, 8.5, 4.75], "texture": "#6"}
			}
		},
		{
			"from": [7.5, 5.9, 14.45],
			"to": [8.5, 7.626, 15.15],
			"rotation": {"angle": 0, "axis": "y", "origin": [8, 8.15, 14.2]},
			"faces": {
				"north": {"uv": [0.5, 7.25, 0.75, 7.75], "texture": "#6"},
				"east": {"uv": [4.25, 7.25, 4.5, 7.75], "texture": "#6"},
				"south": {"uv": [7, 7.25, 7.25, 7.75], "texture": "#6"},
				"west": {"uv": [7.25, 7.25, 7.5, 7.75], "texture": "#6"},
				"up": {"uv": [8.75, 5, 8.5, 4.75], "texture": "#6"},
				"down": {"uv": [8.75, 5, 8.5, 5.25], "texture": "#6"}
			}
		},
		{
			"name": "hexadecagon",
			"from": [7.70163, 6.7, 6.2],
			"to": [8.29837, 9.3, 7],
			"rotation": {"angle": -45, "axis": "z", "origin": [8, 8, 6.6]},
			"faces": {
				"north": {"uv": [4.5, 4.5, 4.75, 5.25], "texture": "#6"},
				"east": {"uv": [4.5, 0, 4.75, 0.75], "texture": "#6"},
				"south": {"uv": [4.5, 1.25, 4.75, 2], "texture": "#6"},
				"west": {"uv": [4.5, 2, 4.75, 2.75], "texture": "#6"},
				"up": {"uv": [8.75, 7, 8.5, 6.75], "texture": "#6"},
				"down": {"uv": [8.75, 7, 8.5, 7.25], "texture": "#6"}
			}
		},
		{
			"name": "hexadecagon",
			"from": [7.70163, 6.5, 6.1],
			"to": [8.29837, 9.5, 7.1],
			"rotation": {"angle": -22.5, "axis": "z", "origin": [8, 8, 6.6]},
			"faces": {
				"north": {"uv": [4.5, 2.75, 4.75, 3.5], "texture": "#6"},
				"east": {"uv": [4.5, 3.5, 4.75, 4.25], "texture": "#6"},
				"south": {"uv": [0, 4.75, 0.25, 5.5], "texture": "#6"},
				"west": {"uv": [0.25, 4.75, 0.5, 5.5], "texture": "#6"},
				"up": {"uv": [8.75, 7.5, 8.5, 7.25], "texture": "#6"},
				"down": {"uv": [8.75, 7.5, 8.5, 7.75], "texture": "#6"}
			}
		},
		{
			"name": "hexadecagon",
			"from": [7.70163, 6.7, 6.2],
			"to": [8.29837, 9.3, 7],
			"rotation": {"angle": 0, "axis": "y", "origin": [8, 8, 6.6]},
			"faces": {
				"north": {"uv": [0.5, 4.75, 0.75, 5.5], "texture": "#6"},
				"east": {"uv": [0.75, 4.75, 1, 5.5], "texture": "#6"},
				"south": {"uv": [1.5, 4.75, 1.75, 5.5], "texture": "#6"},
				"west": {"uv": [1.75, 4.75, 2, 5.5], "texture": "#6"},
				"up": {"uv": [8.75, 8, 8.5, 7.75], "texture": "#6"},
				"down": {"uv": [8.75, 8, 8.5, 8.25], "texture": "#6"}
			}
		},
		{
			"name": "hexadecagon",
			"from": [7.70163, 6.5, 6.1],
			"to": [8.29837, 9.5, 7.1],
			"rotation": {"angle": 22.5, "axis": "z", "origin": [8, 8, 6.6]},
			"faces": {
				"north": {"uv": [2.5, 4.75, 2.75, 5.5], "texture": "#6"},
				"east": {"uv": [3.5, 4.75, 3.75, 5.5], "texture": "#6"},
				"south": {"uv": [3.75, 4.75, 4, 5.5], "texture": "#6"},
				"west": {"uv": [4.75, 4.75, 5, 5.5], "texture": "#6"},
				"up": {"uv": [8.75, 8.5, 8.5, 8.25], "texture": "#6"},
				"down": {"uv": [0.25, 8.75, 0, 9], "texture": "#6"}
			}
		},
		{
			"name": "hexadecagon",
			"from": [7.70163, 6.7, 6.2],
			"to": [8.29837, 9.3, 7],
			"rotation": {"angle": 45, "axis": "z", "origin": [8, 8, 6.6]},
			"faces": {
				"north": {"uv": [4.75, 0, 5, 0.75], "texture": "#6"},
				"east": {"uv": [4.75, 0.75, 5, 1.5], "texture": "#6"},
				"south": {"uv": [4.75, 1.5, 5, 2.25], "texture": "#6"},
				"west": {"uv": [4.75, 2.25, 5, 3], "texture": "#6"},
				"up": {"uv": [0.5, 9, 0.25, 8.75], "texture": "#6"},
				"down": {"uv": [0.75, 8.75, 0.5, 9], "texture": "#6"}
			}
		},
		{
			"name": "hexadecagon",
			"from": [6.5, 7.70163, 6.1],
			"to": [9.5, 8.29837, 7.1],
			"rotation": {"angle": -22.5, "axis": "z", "origin": [8, 8, 6.6]},
			"faces": {
				"north": {"uv": [4.5, 4.25, 5.25, 4.5], "texture": "#6"},
				"east": {"uv": [0.75, 8.75, 1, 9], "texture": "#6"},
				"south": {"uv": [4.75, 3, 5.5, 3.25], "texture": "#6"},
				"west": {"uv": [1, 8.75, 1.25, 9], "texture": "#6"},
				"up": {"uv": [5.5, 3.5, 4.75, 3.25], "texture": "#6"},
				"down": {"uv": [5.5, 3.5, 4.75, 3.75], "texture": "#6"}
			}
		},
		{
			"name": "hexadecagon",
			"from": [6.7, 7.70163, 6.2],
			"to": [9.3, 8.29837, 7],
			"rotation": {"angle": 0, "axis": "y", "origin": [8, 8, 6.6]},
			"faces": {
				"north": {"uv": [4.75, 3.75, 5.5, 4], "texture": "#6"},
				"east": {"uv": [1.25, 8.75, 1.5, 9], "texture": "#6"},
				"south": {"uv": [4.75, 4, 5.5, 4.25], "texture": "#6"},
				"west": {"uv": [1.5, 8.75, 1.75, 9], "texture": "#6"},
				"up": {"uv": [5.5, 4.75, 4.75, 4.5], "texture": "#6"},
				"down": {"uv": [5.75, 5, 5, 5.25], "texture": "#6"}
			}
		},
		{
			"name": "hexadecagon",
			"from": [6.5, 7.70163, 6.1],
			"to": [9.5, 8.29837, 7.1],
			"rotation": {"angle": 22.5, "axis": "z", "origin": [8, 8, 6.6]},
			"faces": {
				"north": {"uv": [5, 0, 5.75, 0.25], "texture": "#6"},
				"east": {"uv": [1.75, 8.75, 2, 9], "texture": "#6"},
				"south": {"uv": [5, 0.25, 5.75, 0.5], "texture": "#6"},
				"west": {"uv": [2, 8.75, 2.25, 9], "texture": "#6"},
				"up": {"uv": [5.75, 0.75, 5, 0.5], "texture": "#6"},
				"down": {"uv": [5.75, 0.75, 5, 1], "texture": "#6"}
			}
		},
		{
			"name": "octagon",
			"from": [7.27513, 6.25, 6.1],
			"to": [8.72487, 6.35, 7.1],
			"rotation": {"angle": 45, "axis": "z", "origin": [8, 8, 6.6]},
			"faces": {
				"north": {"uv": [2.25, 8.75, 2.5, 9], "texture": "#6"},
				"east": {"uv": [2.5, 8.75, 2.75, 9], "texture": "#6"},
				"south": {"uv": [2.75, 8.75, 3, 9], "texture": "#6"},
				"west": {"uv": [3, 8.75, 3.25, 9], "texture": "#6"},
				"up": {"uv": [3.5, 9, 3.25, 8.75], "texture": "#6"},
				"down": {"uv": [3.75, 8.75, 3.5, 9], "texture": "#6"}
			}
		},
		{
			"name": "octagon",
			"from": [7.27513, 6.25, 6.1],
			"to": [8.72487, 6.35, 7.1],
			"rotation": {"angle": 0, "axis": "y", "origin": [8, 8, 6.6]},
			"faces": {
				"north": {"uv": [3.75, 8.75, 4, 9], "texture": "#6"},
				"east": {"uv": [4, 8.75, 4.25, 9], "texture": "#6"},
				"south": {"uv": [4.25, 8.75, 4.5, 9], "texture": "#6"},
				"west": {"uv": [4.5, 8.75, 4.75, 9], "texture": "#6"},
				"up": {"uv": [5, 9, 4.75, 8.75], "texture": "#6"},
				"down": {"uv": [5.25, 8.75, 5, 9], "texture": "#6"}
			}
		},
		{
			"name": "octagon",
			"from": [6.25, 7.27513, 6.1],
			"to": [6.35, 8.72487, 7.1],
			"rotation": {"angle": 45, "axis": "z", "origin": [8, 8, 6.6]},
			"faces": {
				"north": {"uv": [5.25, 8.75, 5.5, 9], "texture": "#6"},
				"east": {"uv": [5.5, 8.75, 5.75, 9], "texture": "#6"},
				"south": {"uv": [5.75, 8.75, 6, 9], "texture": "#6"},
				"west": {"uv": [6, 8.75, 6.25, 9], "texture": "#6"},
				"up": {"uv": [6.5, 9, 6.25, 8.75], "texture": "#6"},
				"down": {"uv": [6.75, 8.75, 6.5, 9], "texture": "#6"}
			}
		},
		{
			"name": "octagon",
			"from": [6.25, 7.57513, 6.8],
			"to": [6.35, 8.52487, 7.5],
			"rotation": {"angle": 0, "axis": "y", "origin": [8, 8, 7.3]},
			"faces": {
				"north": {"uv": [6.75, 8.75, 7, 9], "texture": "#6"},
				"east": {"uv": [7, 8.75, 7.25, 9], "texture": "#6"},
				"south": {"uv": [7.25, 8.75, 7.5, 9], "texture": "#6"},
				"west": {"uv": [7.5, 8.75, 7.75, 9], "texture": "#6"},
				"up": {"uv": [8, 9, 7.75, 8.75], "texture": "#6"},
				"down": {"uv": [8.25, 8.75, 8, 9], "texture": "#6"}
			}
		},
		{
			"name": "octagon",
			"from": [6.35, 7.27513, 6.05],
			"to": [6.45, 8.92487, 7.05],
			"rotation": {"angle": 0, "axis": "y", "origin": [8.1, 8, 6.55]},
			"faces": {
				"north": {"uv": [7.25, 0, 7.5, 0.5], "texture": "#6"},
				"east": {"uv": [7.25, 1.25, 7.5, 1.75], "texture": "#6"},
				"south": {"uv": [7.25, 4.25, 7.5, 4.75], "texture": "#6"},
				"west": {"uv": [0, 7.5, 0.25, 8], "texture": "#6"},
				"up": {"uv": [8.5, 9, 8.25, 8.75], "texture": "#6"},
				"down": {"uv": [8.75, 8.75, 8.5, 9], "texture": "#6"}
			}
		},
		{
			"name": "octagon",
			"from": [9.65, 7.57513, 6.8],
			"to": [9.75, 8.52487, 7.5],
			"rotation": {"angle": 0, "axis": "y", "origin": [8, 8, 7.3]},
			"faces": {
				"north": {"uv": [8.75, 8.75, 9, 9], "texture": "#6"},
				"east": {"uv": [8.75, 0, 9, 0.25], "texture": "#6"},
				"south": {"uv": [8.75, 0.25, 9, 0.5], "texture": "#6"},
				"west": {"uv": [8.75, 0.5, 9, 0.75], "texture": "#6"},
				"up": {"uv": [9, 1, 8.75, 0.75], "texture": "#6"},
				"down": {"uv": [9, 1, 8.75, 1.25], "texture": "#6"}
			}
		},
		{
			"name": "octagon",
			"from": [9.55, 7.27513, 6.05],
			"to": [9.65, 8.92487, 7.05],
			"rotation": {"angle": 0, "axis": "y", "origin": [7.9, 8, 6.55]},
			"faces": {
				"north": {"uv": [0.25, 7.5, 0.5, 8], "texture": "#6"},
				"east": {"uv": [0.75, 7.5, 1, 8], "texture": "#6"},
				"south": {"uv": [1, 7.5, 1.25, 8], "texture": "#6"},
				"west": {"uv": [1.25, 7.5, 1.5, 8], "texture": "#6"},
				"up": {"uv": [9, 1.5, 8.75, 1.25], "texture": "#6"},
				"down": {"uv": [9, 1.5, 8.75, 1.75], "texture": "#6"}
			}
		},
		{
			"name": "octagon",
			"from": [8.45, 4.47513, 8.38],
			"to": [8.55, 5.02487, 11.08],
			"rotation": {"angle": 0, "axis": "y", "origin": [10.2, 5, 10.6]},
			"faces": {
				"north": {"uv": [8.75, 1.75, 9, 2], "texture": "#6"},
				"east": {"uv": [5, 1, 5.75, 1.25], "texture": "#6"},
				"south": {"uv": [8.75, 2, 9, 2.25], "texture": "#6"},
				"west": {"uv": [5, 1.25, 5.75, 1.5], "texture": "#6"},
				"up": {"uv": [3, 5.75, 2.75, 5], "texture": "#6"},
				"down": {"uv": [3.5, 5, 3.25, 5.75], "texture": "#6"}
			}
		},
		{
			"name": "octagon",
			"from": [7.45, 4.47513, 8.38],
			"to": [7.55, 5.02487, 11.08],
			"rotation": {"angle": 0, "axis": "y", "origin": [9.2, 5, 10.6]},
			"faces": {
				"north": {"uv": [9, 3.25, 9.25, 3.5], "texture": "#6"},
				"east": {"uv": [5.25, 4.25, 6, 4.5], "texture": "#6"},
				"south": {"uv": [9, 3.5, 9.25, 3.75], "texture": "#6"},
				"west": {"uv": [0, 5.5, 0.75, 5.75], "texture": "#6"},
				"up": {"uv": [1, 6.25, 0.75, 5.5], "texture": "#6"},
				"down": {"uv": [1.75, 5.5, 1.5, 6.25], "texture": "#6"}
			}
		},
		{
			"name": "octagon",
			"from": [8.35, 5.47513, 7.02],
			"to": [8.65, 6.02487, 9.02],
			"rotation": {"angle": 45, "axis": "x", "origin": [9, 5.75, 7.5]},
			"faces": {
				"north": {"uv": [8.75, 2.25, 9, 2.5], "texture": "#6"},
				"east": {"uv": [7.25, 0.5, 7.75, 0.75], "texture": "#6"},
				"south": {"uv": [8.75, 2.5, 9, 2.75], "texture": "#6"},
				"west": {"uv": [7.25, 4.75, 7.75, 5], "texture": "#6"},
				"up": {"uv": [1.75, 8, 1.5, 7.5], "texture": "#6"},
				"down": {"uv": [2, 7.5, 1.75, 8], "texture": "#6"}
			}
		},
		{
			"name": "octagon",
			"from": [7.35, 5.47513, 7.02],
			"to": [7.65, 6.02487, 9.02],
			"rotation": {"angle": 45, "axis": "x", "origin": [8, 5.75, 7.5]},
			"faces": {
				"north": {"uv": [9, 2.75, 9.25, 3], "texture": "#6"},
				"east": {"uv": [3, 7.5, 3.5, 7.75], "texture": "#6"},
				"south": {"uv": [9, 3, 9.25, 3.25], "texture": "#6"},
				"west": {"uv": [3.5, 7.5, 4, 7.75], "texture": "#6"},
				"up": {"uv": [4.25, 8, 4, 7.5], "texture": "#6"},
				"down": {"uv": [4.75, 7.5, 4.5, 8], "texture": "#6"}
			}
		},
		{
			"name": "octagon",
			"from": [7.71005, 4.3, 12.4],
			"to": [8.28995, 5.7, 15.4],
			"rotation": {"angle": 45, "axis": "z", "origin": [8, 5, 15]},
			"faces": {
				"north": {"uv": [8.75, 2.75, 9, 3], "texture": "#6"},
				"east": {"uv": [5, 1.5, 5.75, 1.75], "texture": "#6"},
				"south": {"uv": [8.75, 3, 9, 3.25], "texture": "#6"},
				"west": {"uv": [5, 1.75, 5.75, 2], "texture": "#6"},
				"up": {"uv": [4.25, 5.75, 4, 5], "texture": "#6"},
				"down": {"uv": [4.5, 5, 4.25, 5.75], "texture": "#6"}
			}
		},
		{
			"name": "octagon",
			"from": [7.71005, 4.3, 12.4],
			"to": [8.28995, 5.7, 15.4],
			"rotation": {"angle": 0, "axis": "y", "origin": [8, 5, 15]},
			"faces": {
				"north": {"uv": [8.75, 3.25, 9, 3.5], "texture": "#6"},
				"east": {"uv": [5, 2, 5.75, 2.25], "texture": "#6"},
				"south": {"uv": [8.75, 3.5, 9, 3.75], "texture": "#6"},
				"west": {"uv": [5, 2.25, 5.75, 2.5], "texture": "#6"},
				"up": {"uv": [1.25, 6, 1, 5.25], "texture": "#6"},
				"down": {"uv": [1.5, 5.25, 1.25, 6], "texture": "#6"}
			}
		},
		{
			"name": "octagon",
			"from": [7.3, 4.71005, 12.4],
			"to": [8.7, 5.28995, 15.4],
			"rotation": {"angle": 45, "axis": "z", "origin": [8, 5, 15]},
			"faces": {
				"north": {"uv": [8.75, 3.75, 9, 4], "texture": "#6"},
				"east": {"uv": [5, 2.5, 5.75, 2.75], "texture": "#6"},
				"south": {"uv": [8.75, 4, 9, 4.25], "texture": "#6"},
				"west": {"uv": [5, 2.75, 5.75, 3], "texture": "#6"},
				"up": {"uv": [2.25, 6, 2, 5.25], "texture": "#6"},
				"down": {"uv": [2.5, 5.25, 2.25, 6], "texture": "#6"}
			}
		},
		{
			"name": "octagon",
			"from": [7.3, 4.71005, 12.4],
			"to": [8.7, 5.28995, 15.4],
			"rotation": {"angle": 0, "axis": "y", "origin": [8, 5, 15]},
			"faces": {
				"north": {"uv": [8.75, 4.25, 9, 4.5], "texture": "#6"},
				"east": {"uv": [5, 4.75, 5.75, 5], "texture": "#6"},
				"south": {"uv": [8.75, 4.5, 9, 4.75], "texture": "#6"},
				"west": {"uv": [5, 5.25, 5.75, 5.5], "texture": "#6"},
				"up": {"uv": [3.25, 6, 3, 5.25], "texture": "#6"},
				"down": {"uv": [4.75, 5.25, 4.5, 6], "texture": "#6"}
			}
		},
		{
			"name": "octagon",
			"from": [7.66863, 4.2, 15.4],
			"to": [8.33137, 5.8, 15.5],
			"rotation": {"angle": 45, "axis": "z", "origin": [8, 5, 15]},
			"faces": {
				"north": {"uv": [7.5, 5.5, 7.75, 6], "texture": "#6"},
				"east": {"uv": [7.5, 6, 7.75, 6.5], "texture": "#6"},
				"south": {"uv": [7.5, 6.5, 7.75, 7], "texture": "#6"},
				"west": {"uv": [7.5, 7, 7.75, 7.5], "texture": "#6"},
				"up": {"uv": [10, 0.5, 9.75, 0.25], "texture": "#6"},
				"down": {"uv": [10, 0.5, 9.75, 0.75], "texture": "#6"}
			}
		},
		{
			"name": "octagon",
			"from": [7.66863, 4.2, 15.4],
			"to": [8.33137, 5.8, 15.5],
			"rotation": {"angle": 0, "axis": "y", "origin": [8, 5, 15]},
			"faces": {
				"north": {"uv": [0.5, 7.75, 0.75, 8.25], "texture": "#6"},
				"east": {"uv": [3, 7.75, 3.25, 8.25], "texture": "#6"},
				"south": {"uv": [3.25, 7.75, 3.5, 8.25], "texture": "#6"},
				"west": {"uv": [3.5, 7.75, 3.75, 8.25], "texture": "#6"},
				"up": {"uv": [10, 1, 9.75, 0.75], "texture": "#6"},
				"down": {"uv": [10, 1, 9.75, 1.25], "texture": "#6"}
			}
		},
		{
			"name": "octagon",
			"from": [7.2, 4.66863, 15.4],
			"to": [8.8, 5.33137, 15.5],
			"rotation": {"angle": 45, "axis": "z", "origin": [8, 5, 15]},
			"faces": {
				"north": {"uv": [4.75, 7.75, 5.25, 8], "texture": "#6"},
				"east": {"uv": [9.75, 1.25, 10, 1.5], "texture": "#6"},
				"south": {"uv": [5.25, 7.75, 5.75, 8], "texture": "#6"},
				"west": {"uv": [9.75, 1.5, 10, 1.75], "texture": "#6"},
				"up": {"uv": [6.75, 8, 6.25, 7.75], "texture": "#6"},
				"down": {"uv": [7.5, 7.75, 7, 8], "texture": "#6"}
			}
		},
		{
			"name": "octagon",
			"from": [7.2, 4.66863, 15.4],
			"to": [8.8, 5.33137, 15.5],
			"rotation": {"angle": 0, "axis": "y", "origin": [8, 5, 15]},
			"faces": {
				"north": {"uv": [7.5, 7.75, 8, 8], "texture": "#6"},
				"east": {"uv": [9.75, 1.75, 10, 2], "texture": "#6"},
				"south": {"uv": [7.75, 0, 8.25, 0.25], "texture": "#6"},
				"west": {"uv": [9.75, 2, 10, 2.25], "texture": "#6"},
				"up": {"uv": [8.25, 0.5, 7.75, 0.25], "texture": "#6"},
				"down": {"uv": [8.25, 0.5, 7.75, 0.75], "texture": "#6"}
			}
		},
		{
			"name": "octagon",
			"from": [7.30482, 7.72169, 5.2],
			"to": [8.70482, 8.30159, 6.1],
			"rotation": {"angle": 45, "axis": "z", "origin": [8.01646, 8, 3.45298]},
			"faces": {
				"north": {"uv": [8.75, 4.75, 9, 5], "rotation": 90, "texture": "#6"},
				"east": {"uv": [9, 6, 8.75, 6.25], "rotation": 270, "texture": "#6"},
				"south": {"uv": [8.75, 5.25, 9, 5.5], "rotation": 270, "texture": "#6"},
				"west": {"uv": [9, 6, 8.75, 5.75], "rotation": 270, "texture": "#6"},
				"up": {"uv": [8.75, 5, 9, 5.25], "rotation": 270, "texture": "#6"},
				"down": {"uv": [8.75, 5.5, 9, 5.75], "rotation": 270, "texture": "#6"}
			}
		},
		{
			"name": "octagon",
			"from": [7.3, 7.71005, 5.2],
			"to": [8.7, 8.28995, 6.1],
			"rotation": {"angle": 0, "axis": "y", "origin": [8.01646, 8, 3.45298]},
			"faces": {
				"north": {"uv": [8.75, 6.25, 9, 6.5], "rotation": 90, "texture": "#6"},
				"east": {"uv": [9, 7.5, 8.75, 7.75], "rotation": 270, "texture": "#6"},
				"south": {"uv": [8.75, 6.75, 9, 7], "rotation": 270, "texture": "#6"},
				"west": {"uv": [9, 7.5, 8.75, 7.25], "rotation": 270, "texture": "#6"},
				"up": {"uv": [8.75, 6.5, 9, 6.75], "rotation": 270, "texture": "#6"},
				"down": {"uv": [8.75, 7, 9, 7.25], "rotation": 270, "texture": "#6"}
			}
		},
		{
			"name": "octagon",
			"from": [7.71487, 7.31164, 5.2],
			"to": [8.29477, 8.71164, 6.1],
			"rotation": {"angle": 45, "axis": "z", "origin": [8.01646, 8, 3.45298]},
			"faces": {
				"north": {"uv": [8.75, 7.75, 9, 8], "rotation": 90, "texture": "#6"},
				"east": {"uv": [0.5, 9, 0.25, 9.25], "rotation": 270, "texture": "#6"},
				"south": {"uv": [8.75, 8.25, 9, 8.5], "rotation": 270, "texture": "#6"},
				"west": {"uv": [0.25, 9.25, 0, 9], "rotation": 270, "texture": "#6"},
				"up": {"uv": [8.75, 8, 9, 8.25], "rotation": 270, "texture": "#6"},
				"down": {"uv": [8.75, 8.5, 9, 8.75], "rotation": 270, "texture": "#6"}
			}
		},
		{
			"name": "octagon",
			"from": [7.71005, 7.3, 5.2],
			"to": [8.28995, 8.7, 6.1],
			"rotation": {"angle": 0, "axis": "y", "origin": [8.01646, 8, 3.45298]},
			"faces": {
				"north": {"uv": [0.5, 9, 0.75, 9.25], "rotation": 90, "texture": "#6"},
				"east": {"uv": [2, 9, 1.75, 9.25], "rotation": 270, "texture": "#6"},
				"south": {"uv": [1, 9, 1.25, 9.25], "rotation": 270, "texture": "#6"},
				"west": {"uv": [1.75, 9.25, 1.5, 9], "rotation": 270, "texture": "#6"},
				"up": {"uv": [0.75, 9, 1, 9.25], "rotation": 270, "texture": "#6"},
				"down": {"uv": [1.25, 9, 1.5, 9.25], "rotation": 270, "texture": "#6"}
			}
		},
		{
			"name": "hexadecagon",
			"from": [4.40109, 7.2, 1.7],
			"to": [5.49891, 7.7, 2.6],
			"rotation": {"angle": 0, "axis": "y", "origin": [8.01646, 8, 3.45298]},
			"faces": {
				"north": {"uv": [2.25, 2, 2.5, 2.25], "rotation": 90, "texture": "#6"},
				"east": {"uv": [4.5, 7.75, 4.25, 8], "rotation": 270, "texture": "#6"},
				"south": {"uv": [4, 1.25, 4.25, 1.5], "rotation": 270, "texture": "#6"},
				"west": {"uv": [4, 8, 3.75, 7.75], "rotation": 270, "texture": "#6"},
				"up": {"uv": [2.75, 2.5, 3, 2.75], "rotation": 270, "texture": "#6"},
				"down": {"uv": [4.25, 4, 4.5, 4.25], "rotation": 270, "texture": "#6"}
			}
		},
		{
			"name": "hexadecagon",
			"from": [10.50109, 7.2, 1.7],
			"to": [11.59891, 7.7, 2.6],
			"rotation": {"angle": 0, "axis": "y", "origin": [8.01646, 8, 3.45298]},
			"faces": {
				"north": {"uv": [7.75, 1.25, 8, 1.5], "rotation": 90, "texture": "#6"},
				"east": {"uv": [8, 3, 7.75, 3.25], "rotation": 270, "texture": "#6"},
				"south": {"uv": [7.75, 1.75, 8, 2], "rotation": 270, "texture": "#6"},
				"west": {"uv": [8, 3, 7.75, 2.75], "rotation": 270, "texture": "#6"},
				"up": {"uv": [7.75, 1.5, 8, 1.75], "rotation": 270, "texture": "#6"},
				"down": {"uv": [7.75, 2, 8, 2.25], "rotation": 270, "texture": "#6"}
			}
		},
		{
			"name": "hexadecagon",
			"from": [4.40109, 8.3, 1.7],
			"to": [5.49891, 8.8, 2.6],
			"rotation": {"angle": 0, "axis": "y", "origin": [8.01646, 8, 3.45298]},
			"faces": {
				"north": {"uv": [7.75, 3.25, 8, 3.5], "rotation": 90, "texture": "#6"},
				"east": {"uv": [8, 4.5, 7.75, 4.75], "rotation": 270, "texture": "#6"},
				"south": {"uv": [7.75, 3.75, 8, 4], "rotation": 270, "texture": "#6"},
				"west": {"uv": [8, 4.5, 7.75, 4.25], "rotation": 270, "texture": "#6"},
				"up": {"uv": [7.75, 3.5, 8, 3.75], "rotation": 270, "texture": "#6"},
				"down": {"uv": [7.75, 4, 8, 4.25], "rotation": 270, "texture": "#6"}
			}
		},
		{
			"name": "hexadecagon",
			"from": [10.50109, 8.3, 1.7],
			"to": [11.59891, 8.8, 2.6],
			"rotation": {"angle": 0, "axis": "y", "origin": [8.01646, 8, 3.45298]},
			"faces": {
				"north": {"uv": [7.75, 4.75, 8, 5], "rotation": 90, "texture": "#6"},
				"east": {"uv": [8, 6.5, 7.75, 6.75], "rotation": 270, "texture": "#6"},
				"south": {"uv": [7.75, 5.75, 8, 6], "rotation": 270, "texture": "#6"},
				"west": {"uv": [8, 6.5, 7.75, 6.25], "rotation": 270, "texture": "#6"},
				"up": {"uv": [7.75, 5.5, 8, 5.75], "rotation": 270, "texture": "#6"},
				"down": {"uv": [7.75, 6, 8, 6.25], "rotation": 270, "texture": "#6"}
			}
		},
		{
			"name": "hexadecagon",
			"from": [4.9493, 7.2, 0.44989],
			"to": [5.34713, 7.7, 1.34989],
			"rotation": {"angle": 22.5, "axis": "y", "origin": [8.01646, 8, 3.45298]},
			"faces": {
				"north": {"uv": [7.75, 6.75, 8, 7], "rotation": 90, "texture": "#6"},
				"east": {"uv": [1, 8, 0.75, 8.25], "rotation": 270, "texture": "#6"},
				"south": {"uv": [7.75, 7.25, 8, 7.5], "rotation": 270, "texture": "#6"},
				"west": {"uv": [0.5, 8.25, 0.25, 8], "rotation": 270, "texture": "#6"},
				"up": {"uv": [7.75, 7, 8, 7.25], "rotation": 270, "texture": "#6"},
				"down": {"uv": [0, 8, 0.25, 8.25], "rotation": 270, "texture": "#6"}
			}
		},
		{
			"name": "hexadecagon",
			"from": [10.65538, 7.2, 0.46249],
			"to": [11.0532, 7.7, 1.36249],
			"rotation": {"angle": -22.5, "axis": "y", "origin": [8.01646, 8, 3.45298]},
			"faces": {
				"north": {"uv": [1, 8, 1.25, 8.25], "rotation": 90, "texture": "#6"},
				"east": {"uv": [2.5, 8, 2.25, 8.25], "rotation": 270, "texture": "#6"},
				"south": {"uv": [1.5, 8, 1.75, 8.25], "rotation": 270, "texture": "#6"},
				"west": {"uv": [2.25, 8.25, 2, 8], "rotation": 270, "texture": "#6"},
				"up": {"uv": [1.25, 8, 1.5, 8.25], "rotation": 270, "texture": "#6"},
				"down": {"uv": [1.75, 8, 2, 8.25], "rotation": 270, "texture": "#6"}
			}
		},
		{
			"name": "hexadecagon",
			"from": [4.9493, 8.3, 0.44989],
			"to": [5.34713, 8.8, 1.34989],
			"rotation": {"angle": 22.5, "axis": "y", "origin": [8.01646, 8, 3.45298]},
			"faces": {
				"north": {"uv": [2.5, 8, 2.75, 8.25], "rotation": 90, "texture": "#6"},
				"east": {"uv": [4.75, 8, 4.5, 8.25], "rotation": 270, "texture": "#6"},
				"south": {"uv": [3.75, 8, 4, 8.25], "rotation": 270, "texture": "#6"},
				"west": {"uv": [4.5, 8.25, 4.25, 8], "rotation": 270, "texture": "#6"},
				"up": {"uv": [2.75, 8, 3, 8.25], "rotation": 270, "texture": "#6"},
				"down": {"uv": [4, 8, 4.25, 8.25], "rotation": 270, "texture": "#6"}
			}
		},
		{
			"name": "hexadecagon",
			"from": [10.65538, 8.3, 0.46249],
			"to": [11.0532, 8.8, 1.36249],
			"rotation": {"angle": -22.5, "axis": "y", "origin": [8.01646, 8, 3.45298]},
			"faces": {
				"north": {"uv": [4.75, 8, 5, 8.25], "rotation": 90, "texture": "#6"},
				"east": {"uv": [6.25, 8, 6, 8.25], "rotation": 270, "texture": "#6"},
				"south": {"uv": [5.25, 8, 5.5, 8.25], "rotation": 270, "texture": "#6"},
				"west": {"uv": [6, 8.25, 5.75, 8], "rotation": 270, "texture": "#6"},
				"up": {"uv": [5, 8, 5.25, 8.25], "rotation": 270, "texture": "#6"},
				"down": {"uv": [5.5, 8, 5.75, 8.25], "rotation": 270, "texture": "#6"}
			}
		},
		{
			"name": "hexadecagon",
			"from": [5.93418, 7.2, -0.49526],
			"to": [6.33201, 7.7, 0.40474],
			"rotation": {"angle": 45, "axis": "y", "origin": [8.01646, 8, 3.45298]},
			"faces": {
				"north": {"uv": [6.25, 8, 6.5, 8.25], "rotation": 90, "texture": "#6"},
				"east": {"uv": [7.75, 8, 7.5, 8.25], "rotation": 270, "texture": "#6"},
				"south": {"uv": [6.75, 8, 7, 8.25], "rotation": 270, "texture": "#6"},
				"west": {"uv": [7.5, 8.25, 7.25, 8], "rotation": 270, "texture": "#6"},
				"up": {"uv": [6.5, 8, 6.75, 8.25], "rotation": 270, "texture": "#6"},
				"down": {"uv": [7, 8, 7.25, 8.25], "rotation": 270, "texture": "#6"}
			}
		},
		{
			"name": "hexadecagon",
			"from": [9.67764, 7.2, -0.47198],
			"to": [10.07546, 7.7, 0.42802],
			"rotation": {"angle": -45, "axis": "y", "origin": [8.01646, 8, 3.45298]},
			"faces": {
				"north": {"uv": [7.75, 8, 8, 8.25], "rotation": 90, "texture": "#6"},
				"east": {"uv": [8.25, 1.5, 8, 1.75], "rotation": 270, "texture": "#6"},
				"south": {"uv": [8, 0.75, 8.25, 1], "rotation": 270, "texture": "#6"},
				"west": {"uv": [8.25, 1.5, 8, 1.25], "rotation": 270, "texture": "#6"},
				"up": {"uv": [8, 8, 8.25, 8.25], "rotation": 270, "texture": "#6"},
				"down": {"uv": [8, 1, 8.25, 1.25], "rotation": 270, "texture": "#6"}
			}
		},
		{
			"name": "hexadecagon",
			"from": [5.93418, 8.3, -0.49526],
			"to": [6.33201, 8.8, 0.40474],
			"rotation": {"angle": 45, "axis": "y", "origin": [8.01646, 8, 3.45298]},
			"faces": {
				"north": {"uv": [8, 1.75, 8.25, 2], "rotation": 90, "texture": "#6"},
				"east": {"uv": [8.25, 3, 8, 3.25], "rotation": 270, "texture": "#6"},
				"south": {"uv": [8, 2.25, 8.25, 2.5], "rotation": 270, "texture": "#6"},
				"west": {"uv": [8.25, 3, 8, 2.75], "rotation": 270, "texture": "#6"},
				"up": {"uv": [8, 2, 8.25, 2.25], "rotation": 270, "texture": "#6"},
				"down": {"uv": [8, 2.5, 8.25, 2.75], "rotation": 270, "texture": "#6"}
			}
		},
		{
			"name": "hexadecagon",
			"from": [9.67764, 8.3, -0.47198],
			"to": [10.07546, 8.8, 0.42802],
			"rotation": {"angle": -45, "axis": "y", "origin": [8.01646, 8, 3.45298]},
			"faces": {
				"north": {"uv": [8, 3.25, 8.25, 3.5], "rotation": 90, "texture": "#6"},
				"east": {"uv": [8.25, 4.5, 8, 4.75], "rotation": 270, "texture": "#6"},
				"south": {"uv": [8, 3.75, 8.25, 4], "rotation": 270, "texture": "#6"},
				"west": {"uv": [8.25, 4.5, 8, 4.25], "rotation": 270, "texture": "#6"},
				"up": {"uv": [8, 3.5, 8.25, 3.75], "rotation": 270, "texture": "#6"},
				"down": {"uv": [8, 4, 8.25, 4.25], "rotation": 270, "texture": "#6"}
			}
		},
		{
			"name": "hexadecagon",
			"from": [3.57191, 7.2, 3.86583],
			"to": [4.47191, 7.7, 4.26365],
			"rotation": {"angle": -22.5, "axis": "y", "origin": [8.01646, 8, 3.45298]},
			"faces": {
				"north": {"uv": [8, 4.75, 8.25, 5], "rotation": 90, "texture": "#6"},
				"east": {"uv": [8.25, 6, 8, 6.25], "rotation": 270, "texture": "#6"},
				"south": {"uv": [8, 5.25, 8.25, 5.5], "rotation": 270, "texture": "#6"},
				"west": {"uv": [8.25, 6, 8, 5.75], "rotation": 270, "texture": "#6"},
				"up": {"uv": [8, 5, 8.25, 5.25], "rotation": 270, "texture": "#6"},
				"down": {"uv": [8, 5.5, 8.25, 5.75], "rotation": 270, "texture": "#6"}
			}
		},
		{
			"name": "hexadecagon",
			"from": [11.5306, 7.2, 3.85323],
			"to": [12.4306, 7.7, 4.25105],
			"rotation": {"angle": 22.5, "axis": "y", "origin": [8.01646, 8, 3.45298]},
			"faces": {
				"north": {"uv": [8, 6.25, 8.25, 6.5], "rotation": 90, "texture": "#6"},
				"east": {"uv": [8.25, 7.5, 8, 7.75], "rotation": 270, "texture": "#6"},
				"south": {"uv": [8, 6.75, 8.25, 7], "rotation": 270, "texture": "#6"},
				"west": {"uv": [8.25, 7.5, 8, 7.25], "rotation": 270, "texture": "#6"},
				"up": {"uv": [8, 6.5, 8.25, 6.75], "rotation": 270, "texture": "#6"},
				"down": {"uv": [8, 7, 8.25, 7.25], "rotation": 270, "texture": "#6"}
			}
		},
		{
			"name": "hexadecagon",
			"from": [3.57191, 8.3, 3.86583],
			"to": [4.47191, 8.8, 4.26365],
			"rotation": {"angle": -22.5, "axis": "y", "origin": [8.01646, 8, 3.45298]},
			"faces": {
				"north": {"uv": [8, 7.75, 8.25, 8], "rotation": 90, "texture": "#6"},
				"east": {"uv": [1.25, 8.25, 1, 8.5], "rotation": 270, "texture": "#6"},
				"south": {"uv": [0.25, 8.25, 0.5, 8.5], "rotation": 270, "texture": "#6"},
				"west": {"uv": [1, 8.5, 0.75, 8.25], "rotation": 270, "texture": "#6"},
				"up": {"uv": [0, 8.25, 0.25, 8.5], "rotation": 270, "texture": "#6"},
				"down": {"uv": [0.5, 8.25, 0.75, 8.5], "rotation": 270, "texture": "#6"}
			}
		},
		{
			"name": "hexadecagon",
			"from": [11.5306, 8.3, 3.85323],
			"to": [12.4306, 8.8, 4.25105],
			"rotation": {"angle": 22.5, "axis": "y", "origin": [8.01646, 8, 3.45298]},
			"faces": {
				"north": {"uv": [1.25, 8.25, 1.5, 8.5], "rotation": 90, "texture": "#6"},
				"east": {"uv": [2.75, 8.25, 2.5, 8.5], "rotation": 270, "texture": "#6"},
				"south": {"uv": [1.75, 8.25, 2, 8.5], "rotation": 270, "texture": "#6"},
				"west": {"uv": [2.5, 8.5, 2.25, 8.25], "rotation": 270, "texture": "#6"},
				"up": {"uv": [1.5, 8.25, 1.75, 8.5], "rotation": 270, "texture": "#6"},
				"down": {"uv": [2, 8.25, 2.25, 8.5], "rotation": 270, "texture": "#6"}
			}
		},
		{
			"name": "hexadecagon",
			"from": [3.6, 7.2, 2.50109],
			"to": [4.5, 7.7, 2.89891],
			"rotation": {"angle": 0, "axis": "y", "origin": [8.01646, 8, 3.45298]},
			"faces": {
				"north": {"uv": [2.75, 8.25, 3, 8.5], "rotation": 90, "texture": "#6"},
				"east": {"uv": [4.25, 8.25, 4, 8.5], "rotation": 270, "texture": "#6"},
				"south": {"uv": [3.25, 8.25, 3.5, 8.5], "rotation": 270, "texture": "#6"},
				"west": {"uv": [4, 8.5, 3.75, 8.25], "rotation": 270, "texture": "#6"},
				"up": {"uv": [3, 8.25, 3.25, 8.5], "rotation": 270, "texture": "#6"},
				"down": {"uv": [3.5, 8.25, 3.75, 8.5], "rotation": 270, "texture": "#6"}
			}
		},
		{
			"name": "hexadecagon",
			"from": [11.5, 7.2, 2.50109],
			"to": [12.4, 7.7, 2.89891],
			"rotation": {"angle": 0, "axis": "y", "origin": [8.01646, 8, 3.45298]},
			"faces": {
				"north": {"uv": [4.25, 8.25, 4.5, 8.5], "rotation": 90, "texture": "#6"},
				"east": {"uv": [5.75, 8.25, 5.5, 8.5], "rotation": 270, "texture": "#6"},
				"south": {"uv": [4.75, 8.25, 5, 8.5], "rotation": 270, "texture": "#6"},
				"west": {"uv": [5.5, 8.5, 5.25, 8.25], "rotation": 270, "texture": "#6"},
				"up": {"uv": [4.5, 8.25, 4.75, 8.5], "rotation": 270, "texture": "#6"},
				"down": {"uv": [5, 8.25, 5.25, 8.5], "rotation": 270, "texture": "#6"}
			}
		},
		{
			"name": "hexadecagon",
			"from": [3.6, 8.3, 2.50109],
			"to": [4.5, 8.8, 2.89891],
			"rotation": {"angle": 0, "axis": "y", "origin": [8.01646, 8, 3.45298]},
			"faces": {
				"north": {"uv": [5.75, 8.25, 6, 8.5], "rotation": 90, "texture": "#6"},
				"east": {"uv": [7.25, 8.25, 7, 8.5], "rotation": 270, "texture": "#6"},
				"south": {"uv": [6.25, 8.25, 6.5, 8.5], "rotation": 270, "texture": "#6"},
				"west": {"uv": [7, 8.5, 6.75, 8.25], "rotation": 270, "texture": "#6"},
				"up": {"uv": [6, 8.25, 6.25, 8.5], "rotation": 270, "texture": "#6"},
				"down": {"uv": [6.5, 8.25, 6.75, 8.5], "rotation": 270, "texture": "#6"}
			}
		},
		{
			"name": "hexadecagon",
			"from": [11.5, 8.3, 2.50109],
			"to": [12.4, 8.8, 2.89891],
			"rotation": {"angle": 0, "axis": "y", "origin": [8.01646, 8, 3.45298]},
			"faces": {
				"north": {"uv": [7.25, 8.25, 7.5, 8.5], "rotation": 90, "texture": "#6"},
				"east": {"uv": [8.5, 0, 8.25, 0.25], "rotation": 270, "texture": "#6"},
				"south": {"uv": [7.75, 8.25, 8, 8.5], "rotation": 270, "texture": "#6"},
				"west": {"uv": [8.5, 8.5, 8.25, 8.25], "rotation": 270, "texture": "#6"},
				"up": {"uv": [7.5, 8.25, 7.75, 8.5], "rotation": 270, "texture": "#6"},
				"down": {"uv": [8, 8.25, 8.25, 8.5], "rotation": 270, "texture": "#6"}
			}
		},
		{
			"from": [5.5, 8.1, 3.1],
			"to": [10.6, 8.2, 3.4],
			"rotation": {"angle": 0, "axis": "y", "origin": [8.01646, 8, 3.45298]},
			"faces": {
				"north": {"uv": [3, 3, 3.25, 4.25], "rotation": 90, "texture": "#6"},
				"east": {"uv": [2.75, 9.25, 2.5, 9.5], "rotation": 270, "texture": "#6"},
				"south": {"uv": [1.25, 3.25, 1.5, 4.5], "rotation": 270, "texture": "#6"},
				"west": {"uv": [2.5, 9.5, 2.25, 9.25], "rotation": 270, "texture": "#6"},
				"up": {"uv": [1, 3.25, 1.25, 4.5], "rotation": 270, "texture": "#6"},
				"down": {"uv": [2, 3.25, 2.25, 4.5], "rotation": 270, "texture": "#6"}
			}
		},
		{
			"from": [5.5, 7.8, 3.1],
			"to": [10.6, 7.9, 3.4],
			"rotation": {"angle": 0, "axis": "y", "origin": [8.01646, 8, 3.45298]},
			"faces": {
				"north": {"uv": [1.5, 2.5, 1.75, 3.75], "rotation": 90, "texture": "#6"},
				"east": {"uv": [2.25, 9.25, 2, 9.5], "rotation": 270, "texture": "#6"},
				"south": {"uv": [2.5, 2.5, 2.75, 3.75], "rotation": 270, "texture": "#6"},
				"west": {"uv": [2, 9.5, 1.75, 9.25], "rotation": 270, "texture": "#6"},
				"up": {"uv": [1.75, 2.5, 2, 3.75], "rotation": 270, "texture": "#6"},
				"down": {"uv": [2.75, 2.75, 3, 4], "rotation": 270, "texture": "#6"}
			}
		},
		{
			"from": [5.5, 7.1, 1.4],
			"to": [6.4, 7.8, 2.8],
			"rotation": {"angle": 0, "axis": "y", "origin": [8.01646, 8, 3.45298]},
			"faces": {
				"north": {"uv": [9.25, 1.25, 9.5, 1.5], "rotation": 90, "texture": "#6"},
				"east": {"uv": [9.5, 2.5, 9.25, 2.75], "rotation": 270, "texture": "#6"},
				"south": {"uv": [9.25, 1.75, 9.5, 2], "rotation": 270, "texture": "#6"},
				"west": {"uv": [9.5, 2.5, 9.25, 2.25], "rotation": 270, "texture": "#6"},
				"up": {"uv": [9.25, 1.5, 9.5, 1.75], "rotation": 270, "texture": "#6"},
				"down": {"uv": [9.25, 2, 9.5, 2.25], "rotation": 270, "texture": "#6"}
			}
		},
		{
			"from": [5, 7.1, 1.4],
			"to": [5.5, 7.8, 1.9],
			"rotation": {"angle": 0, "axis": "y", "origin": [8.01646, 8, 3.45298]},
			"faces": {
				"north": {"uv": [9.25, 2.75, 9.5, 3], "rotation": 90, "texture": "#6"},
				"east": {"uv": [9.5, 4, 9.25, 4.25], "rotation": 270, "texture": "#6"},
				"south": {"uv": [9.25, 3.25, 9.5, 3.5], "rotation": 270, "texture": "#6"},
				"west": {"uv": [9.5, 4, 9.25, 3.75], "rotation": 270, "texture": "#6"},
				"up": {"uv": [9.25, 3, 9.5, 3.25], "rotation": 270, "texture": "#6"},
				"down": {"uv": [9.25, 3.5, 9.5, 3.75], "rotation": 270, "texture": "#6"}
			}
		},
		{
			"from": [5.2, 7, 1.5],
			"to": [6.3, 7.9, 1.6],
			"rotation": {"angle": 0, "axis": "y", "origin": [8.01646, 8, 3.45298]},
			"faces": {
				"north": {"uv": [9.25, 5.75, 9.5, 6], "rotation": 90, "texture": "#6"},
				"east": {"uv": [9.5, 7, 9.25, 7.25], "rotation": 270, "texture": "#6"},
				"south": {"uv": [9.25, 6.25, 9.5, 6.5], "rotation": 270, "texture": "#6"},
				"west": {"uv": [9.5, 7, 9.25, 6.75], "rotation": 270, "texture": "#6"},
				"up": {"uv": [9.25, 6, 9.5, 6.25], "rotation": 270, "texture": "#6"},
				"down": {"uv": [9.25, 6.5, 9.5, 6.75], "rotation": 270, "texture": "#6"}
			}
		},
		{
			"from": [5.1, 7.3, 3.3],
			"to": [6, 7.5, 5.8],
			"rotation": {"angle": 0, "axis": "y", "origin": [8.01646, 8, 3.45298]},
			"faces": {
				"north": {"uv": [9, 3.75, 9.25, 4], "rotation": 90, "texture": "#6"},
				"east": {"uv": [2.75, 5.5, 2.5, 6.25], "rotation": 270, "texture": "#6"},
				"south": {"uv": [9, 4, 9.25, 4.25], "rotation": 270, "texture": "#6"},
				"west": {"uv": [2, 6.25, 1.75, 5.5], "rotation": 270, "texture": "#6"},
				"up": {"uv": [4.75, 5.5, 5.5, 5.75], "rotation": 270, "texture": "#6"},
				"down": {"uv": [5.5, 5.5, 6.25, 5.75], "rotation": 270, "texture": "#6"}
			}
		},
		{
			"from": [4.1, 7, 2.9],
			"to": [4.6, 7.1, 5.8],
			"rotation": {"angle": 0, "axis": "y", "origin": [8.01646, 8, 3.45298]},
			"faces": {
				"north": {"uv": [4.75, 9.25, 5, 9.5], "rotation": 90, "texture": "#6"},
				"east": {"uv": [4.25, 5.75, 4, 6.5], "rotation": 270, "texture": "#6"},
				"south": {"uv": [5, 9.25, 5.25, 9.5], "rotation": 270, "texture": "#6"},
				"west": {"uv": [3.5, 6.5, 3.25, 5.75], "rotation": 270, "texture": "#6"},
				"up": {"uv": [4.75, 5.75, 5.5, 6], "rotation": 270, "texture": "#6"},
				"down": {"uv": [5.5, 5.75, 6.25, 6], "rotation": 270, "texture": "#6"}
			}
		},
		{
			"from": [3.5, 7.1, 2.9],
			"to": [4.6, 7.8, 5.8],
			"rotation": {"angle": 0, "axis": "y", "origin": [8.01646, 8, 3.45298]},
			"faces": {
				"north": {"uv": [5.25, 9.25, 5.5, 9.5], "rotation": 90, "texture": "#6"},
				"east": {"uv": [6, 0.5, 5.75, 1.25], "rotation": 270, "texture": "#6"},
				"south": {"uv": [5.5, 9.25, 5.75, 9.5], "rotation": 270, "texture": "#6"},
				"west": {"uv": [4.5, 6.5, 4.25, 5.75], "rotation": 270, "texture": "#6"},
				"up": {"uv": [5.75, 0, 6.5, 0.25], "rotation": 270, "texture": "#6"},
				"down": {"uv": [5.75, 0.25, 6.5, 0.5], "rotation": 270, "texture": "#6"}
			}
		},
		{
			"from": [7.15589, 7.1, 0.32545],
			"to": [7.35589, 7.8, 0.82545],
			"rotation": {"angle": 45, "axis": "y", "origin": [8.01646, 8, 3.45298]},
			"faces": {
				"north": {"uv": [9.25, 4.25, 9.5, 4.5], "rotation": 90, "texture": "#6"},
				"east": {"uv": [9.5, 5.5, 9.25, 5.75], "rotation": 270, "texture": "#6"},
				"south": {"uv": [9.25, 4.75, 9.5, 5], "rotation": 270, "texture": "#6"},
				"west": {"uv": [9.5, 5.5, 9.25, 5.25], "rotation": 270, "texture": "#6"},
				"up": {"uv": [9.25, 4.5, 9.5, 4.75], "rotation": 270, "texture": "#6"},
				"down": {"uv": [9.25, 5, 9.5, 5.25], "rotation": 270, "texture": "#6"}
			}
		},
		{
			"from": [5.2, 8.1, 1.5],
			"to": [6.3, 9, 1.6],
			"rotation": {"angle": 0, "axis": "y", "origin": [8.01646, 8, 3.45298]},
			"faces": {
				"north": {"uv": [7, 9.5, 7.25, 9.75], "rotation": 90, "texture": "#6"},
				"east": {"uv": [8.5, 9.5, 8.25, 9.75], "rotation": 270, "texture": "#6"},
				"south": {"uv": [7.5, 9.5, 7.75, 9.75], "rotation": 270, "texture": "#6"},
				"west": {"uv": [8.25, 9.75, 8, 9.5], "rotation": 270, "texture": "#6"},
				"up": {"uv": [7.25, 9.5, 7.5, 9.75], "rotation": 270, "texture": "#6"},
				"down": {"uv": [7.75, 9.5, 8, 9.75], "rotation": 270, "texture": "#6"}
			}
		},
		{
			"from": [5, 8.2, 1.4],
			"to": [5.5, 8.9, 1.9],
			"rotation": {"angle": 0, "axis": "y", "origin": [8.01646, 8, 3.45298]},
			"faces": {
				"north": {"uv": [9.25, 7.25, 9.5, 7.5], "rotation": 90, "texture": "#6"},
				"east": {"uv": [9.5, 8.5, 9.25, 8.75], "rotation": 270, "texture": "#6"},
				"south": {"uv": [9.25, 7.75, 9.5, 8], "rotation": 270, "texture": "#6"},
				"west": {"uv": [9.5, 8.5, 9.25, 8.25], "rotation": 270, "texture": "#6"},
				"up": {"uv": [9.25, 7.5, 9.5, 7.75], "rotation": 270, "texture": "#6"},
				"down": {"uv": [9.25, 8, 9.5, 8.25], "rotation": 270, "texture": "#6"}
			}
		},
		{
			"from": [5.5, 8.2, 1.4],
			"to": [6.4, 8.9, 2.8],
			"rotation": {"angle": 0, "axis": "y", "origin": [8.01646, 8, 3.45298]},
			"faces": {
				"north": {"uv": [5.5, 9.5, 5.75, 9.75], "rotation": 90, "texture": "#6"},
				"east": {"uv": [7, 9.5, 6.75, 9.75], "rotation": 270, "texture": "#6"},
				"south": {"uv": [6, 9.5, 6.25, 9.75], "rotation": 270, "texture": "#6"},
				"west": {"uv": [6.75, 9.75, 6.5, 9.5], "rotation": 270, "texture": "#6"},
				"up": {"uv": [5.75, 9.5, 6, 9.75], "rotation": 270, "texture": "#6"},
				"down": {"uv": [6.25, 9.5, 6.5, 9.75], "rotation": 270, "texture": "#6"}
			}
		},
		{
			"from": [3.5, 6.8, 2.9],
			"to": [3.6, 7, 4.1],
			"rotation": {"angle": 0, "axis": "y", "origin": [8.01646, 8, 3.45298]},
			"faces": {
				"north": {"uv": [7.75, 9.25, 8, 9.5], "rotation": 90, "texture": "#6"},
				"east": {"uv": [9.25, 9.25, 9, 9.5], "rotation": 270, "texture": "#6"},
				"south": {"uv": [8.25, 9.25, 8.5, 9.5], "rotation": 270, "texture": "#6"},
				"west": {"uv": [9, 9.5, 8.75, 9.25], "rotation": 270, "texture": "#6"},
				"up": {"uv": [8, 9.25, 8.25, 9.5], "rotation": 270, "texture": "#6"},
				"down": {"uv": [8.5, 9.25, 8.75, 9.5], "rotation": 270, "texture": "#6"}
			}
		},
		{
			"from": [3.5, 7, 2.9],
			"to": [4, 7.1, 5.8],
			"rotation": {"angle": 0, "axis": "y", "origin": [8.01646, 8, 3.45298]},
			"faces": {
				"north": {"uv": [5.75, 9.25, 6, 9.5], "rotation": 90, "texture": "#6"},
				"east": {"uv": [6, 4.75, 5.75, 5.5], "rotation": 270, "texture": "#6"},
				"south": {"uv": [6, 9.25, 6.25, 9.5], "rotation": 270, "texture": "#6"},
				"west": {"uv": [6, 2.5, 5.75, 1.75], "rotation": 270, "texture": "#6"},
				"up": {"uv": [5.75, 1.25, 6.5, 1.5], "rotation": 270, "texture": "#6"},
				"down": {"uv": [5.75, 1.5, 6.5, 1.75], "rotation": 270, "texture": "#6"}
			}
		},
		{
			"from": [3.3, 7.3, 5.2],
			"to": [3.6, 7.5, 5.6],
			"rotation": {"angle": 0, "axis": "y", "origin": [8.01646, 8, 3.45298]},
			"faces": {
				"north": {"uv": [9.25, 9.25, 9.5, 9.5], "rotation": 90, "texture": "#6"},
				"east": {"uv": [9.5, 1, 9.25, 1.25], "rotation": 270, "texture": "#6"},
				"south": {"uv": [9.25, 0.25, 9.5, 0.5], "rotation": 270, "texture": "#6"},
				"west": {"uv": [9.5, 1, 9.25, 0.75], "rotation": 270, "texture": "#6"},
				"up": {"uv": [9.25, 0, 9.5, 0.25], "rotation": 270, "texture": "#6"},
				"down": {"uv": [9.25, 0.5, 9.5, 0.75], "rotation": 270, "texture": "#6"}
			}
		},
		{
			"from": [7.15589, 8.2, 0.32545],
			"to": [7.35589, 8.9, 0.82545],
			"rotation": {"angle": 45, "axis": "y", "origin": [8.01646, 8, 3.45298]},
			"faces": {
				"north": {"uv": [4, 9.5, 4.25, 9.75], "rotation": 90, "texture": "#6"},
				"east": {"uv": [5.5, 9.5, 5.25, 9.75], "rotation": 270, "texture": "#6"},
				"south": {"uv": [4.5, 9.5, 4.75, 9.75], "rotation": 270, "texture": "#6"},
				"west": {"uv": [5.25, 9.75, 5, 9.5], "rotation": 270, "texture": "#6"},
				"up": {"uv": [4.25, 9.5, 4.5, 9.75], "rotation": 270, "texture": "#6"},
				"down": {"uv": [4.75, 9.5, 5, 9.75], "rotation": 270, "texture": "#6"}
			}
		},
		{
			"from": [5.1, 8.5, 3.3],
			"to": [6, 8.7, 5.8],
			"rotation": {"angle": 0, "axis": "y", "origin": [8.01646, 8, 3.45298]},
			"faces": {
				"north": {"uv": [2.75, 9.25, 3, 9.5], "rotation": 90, "texture": "#6"},
				"east": {"uv": [0.5, 5.75, 0.25, 6.5], "rotation": 270, "texture": "#6"},
				"south": {"uv": [3, 9.25, 3.25, 9.5], "rotation": 270, "texture": "#6"},
				"west": {"uv": [0.25, 6.5, 0, 5.75], "rotation": 270, "texture": "#6"},
				"up": {"uv": [5.5, 3.5, 6.25, 3.75], "rotation": 270, "texture": "#6"},
				"down": {"uv": [5.5, 3.75, 6.25, 4], "rotation": 270, "texture": "#6"}
			}
		},
		{
			"from": [4.1, 8.9, 2.9],
			"to": [4.6, 9, 5.8],
			"rotation": {"angle": 0, "axis": "y", "origin": [8.01646, 8, 3.45298]},
			"faces": {
				"north": {"uv": [9.25, 8.75, 9.5, 9], "rotation": 90, "texture": "#6"},
				"east": {"uv": [1.5, 6, 1.25, 6.75], "rotation": 270, "texture": "#6"},
				"south": {"uv": [9.25, 9, 9.5, 9.25], "rotation": 270, "texture": "#6"},
				"west": {"uv": [1.25, 6.75, 1, 6], "rotation": 270, "texture": "#6"},
				"up": {"uv": [5.75, 2.5, 6.5, 2.75], "rotation": 270, "texture": "#6"},
				"down": {"uv": [5.75, 2.75, 6.5, 3], "rotation": 270, "texture": "#6"}
			}
		},
		{
			"from": [3.5, 8.9, 2.9],
			"to": [4, 9, 5.8],
			"rotation": {"angle": 0, "axis": "y", "origin": [8.01646, 8, 3.45298]},
			"faces": {
				"north": {"uv": [0, 9.5, 0.25, 9.75], "rotation": 90, "texture": "#6"},
				"east": {"uv": [2.5, 6, 2.25, 6.75], "rotation": 270, "texture": "#6"},
				"south": {"uv": [0.25, 9.5, 0.5, 9.75], "rotation": 270, "texture": "#6"},
				"west": {"uv": [2.25, 6.75, 2, 6], "rotation": 270, "texture": "#6"},
				"up": {"uv": [4.5, 6, 5.25, 6.25], "rotation": 270, "texture": "#6"},
				"down": {"uv": [5.25, 6, 6, 6.25], "rotation": 270, "texture": "#6"}
			}
		},
		{
			"from": [3.5, 9, 2.9],
			"to": [3.6, 9.2, 4.1],
			"rotation": {"angle": 0, "axis": "y", "origin": [8.01646, 8, 3.45298]},
			"faces": {
				"north": {"uv": [2.5, 9.5, 2.75, 9.75], "rotation": 90, "texture": "#6"},
				"east": {"uv": [4, 9.5, 3.75, 9.75], "rotation": 270, "texture": "#6"},
				"south": {"uv": [3, 9.5, 3.25, 9.75], "rotation": 270, "texture": "#6"},
				"west": {"uv": [3.75, 9.75, 3.5, 9.5], "rotation": 270, "texture": "#6"},
				"up": {"uv": [2.75, 9.5, 3, 9.75], "rotation": 270, "texture": "#6"},
				"down": {"uv": [3.25, 9.5, 3.5, 9.75], "rotation": 270, "texture": "#6"}
			}
		},
		{
			"from": [3.5, 8.2, 2.9],
			"to": [4.6, 8.9, 5.8],
			"rotation": {"angle": 0, "axis": "y", "origin": [8.01646, 8, 3.45298]},
			"faces": {
				"north": {"uv": [2, 9.5, 2.25, 9.75], "rotation": 90, "texture": "#6"},
				"east": {"uv": [6.25, 1.75, 6, 2.5], "rotation": 270, "texture": "#6"},
				"south": {"uv": [2.25, 9.5, 2.5, 9.75], "rotation": 270, "texture": "#6"},
				"west": {"uv": [3.25, 6.75, 3, 6], "rotation": 270, "texture": "#6"},
				"up": {"uv": [6, 6, 6.75, 6.25], "rotation": 270, "texture": "#6"},
				"down": {"uv": [6, 0.5, 6.75, 0.75], "rotation": 270, "texture": "#6"}
			}
		},
		{
			"from": [3.3, 8.5, 5.2],
			"to": [3.6, 8.7, 5.6],
			"rotation": {"angle": 0, "axis": "y", "origin": [8.01646, 8, 3.45298]},
			"faces": {
				"north": {"uv": [0.5, 9.5, 0.75, 9.75], "rotation": 90, "texture": "#6"},
				"east": {"uv": [2, 9.5, 1.75, 9.75], "rotation": 270, "texture": "#6"},
				"south": {"uv": [1, 9.5, 1.25, 9.75], "rotation": 270, "texture": "#6"},
				"west": {"uv": [1.75, 9.75, 1.5, 9.5], "rotation": 270, "texture": "#6"},
				"up": {"uv": [0.75, 9.5, 1, 9.75], "rotation": 270, "texture": "#6"},
				"down": {"uv": [1.25, 9.5, 1.5, 9.75], "rotation": 270, "texture": "#6"}
			}
		},
		{
			"from": [10, 8.5, 3.3],
			"to": [10.9, 8.7, 5.8],
			"rotation": {"angle": 0, "axis": "y", "origin": [8.01646, 8, 3.45298]},
			"faces": {
				"north": {"uv": [3.25, 9.25, 3.5, 9.5], "rotation": 90, "texture": "#6"},
				"east": {"uv": [3, 5.75, 2.75, 6.5], "rotation": 270, "texture": "#6"},
				"south": {"uv": [3.5, 9.25, 3.75, 9.5], "rotation": 270, "texture": "#6"},
				"west": {"uv": [0.75, 6.5, 0.5, 5.75], "rotation": 270, "texture": "#6"},
				"up": {"uv": [5.5, 4, 6.25, 4.25], "rotation": 270, "texture": "#6"},
				"down": {"uv": [5.5, 4.5, 6.25, 4.75], "rotation": 270, "texture": "#6"}
			}
		},
		{
			"from": [10.9, 7.3, 3.3],
			"to": [11.1, 8.7, 3.9],
			"rotation": {"angle": 0, "axis": "y", "origin": [8.01646, 8, 3.45298]},
			"faces": {
				"north": {"uv": [6.25, 9.25, 6.5, 9.5], "rotation": 90, "texture": "#6"},
				"east": {"uv": [7.75, 9.25, 7.5, 9.5], "rotation": 270, "texture": "#6"},
				"south": {"uv": [6.75, 9.25, 7, 9.5], "rotation": 270, "texture": "#6"},
				"west": {"uv": [7.5, 9.5, 7.25, 9.25], "rotation": 270, "texture": "#6"},
				"up": {"uv": [6.5, 9.25, 6.75, 9.5], "rotation": 270, "texture": "#6"},
				"down": {"uv": [7, 9.25, 7.25, 9.5], "rotation": 270, "texture": "#6"}
			}
		},
		{
			"from": [9.7, 8.1, 1.5],
			"to": [10.8, 9, 1.6],
			"rotation": {"angle": 0, "axis": "y", "origin": [8.01646, 8, 3.45298]},
			"faces": {
				"north": {"uv": [5.75, 9.75, 6, 10], "rotation": 90, "texture": "#6"},
				"east": {"uv": [7.25, 9.75, 7, 10], "rotation": 270, "texture": "#6"},
				"south": {"uv": [6.25, 9.75, 6.5, 10], "rotation": 270, "texture": "#6"},
				"west": {"uv": [7, 10, 6.75, 9.75], "rotation": 270, "texture": "#6"},
				"up": {"uv": [6, 9.75, 6.25, 10], "rotation": 270, "texture": "#6"},
				"down": {"uv": [6.5, 9.75, 6.75, 10], "rotation": 270, "texture": "#6"}
			}
		},
		{
			"from": [9.6, 8.2, 1.4],
			"to": [10.5, 8.9, 2.8],
			"rotation": {"angle": 0, "axis": "y", "origin": [8.01646, 8, 3.45298]},
			"faces": {
				"north": {"uv": [7.25, 9.75, 7.5, 10], "rotation": 90, "texture": "#6"},
				"east": {"uv": [8.75, 9.75, 8.5, 10], "rotation": 270, "texture": "#6"},
				"south": {"uv": [7.75, 9.75, 8, 10], "rotation": 270, "texture": "#6"},
				"west": {"uv": [8.5, 10, 8.25, 9.75], "rotation": 270, "texture": "#6"},
				"up": {"uv": [7.5, 9.75, 7.75, 10], "rotation": 270, "texture": "#6"},
				"down": {"uv": [8, 9.75, 8.25, 10], "rotation": 270, "texture": "#6"}
			}
		},
		{
			"from": [8.65376, 8.2, 0.34873],
			"to": [8.85376, 8.9, 0.84873],
			"rotation": {"angle": -45, "axis": "y", "origin": [8.01646, 8, 3.45298]},
			"faces": {
				"north": {"uv": [8.75, 9.75, 9, 10], "rotation": 90, "texture": "#6"},
				"east": {"uv": [10, 0, 9.75, 0.25], "rotation": 270, "texture": "#6"},
				"south": {"uv": [9.25, 9.75, 9.5, 10], "rotation": 270, "texture": "#6"},
				"west": {"uv": [10, 10, 9.75, 9.75], "rotation": 270, "texture": "#6"},
				"up": {"uv": [9, 9.75, 9.25, 10], "rotation": 270, "texture": "#6"},
				"down": {"uv": [9.5, 9.75, 9.75, 10], "rotation": 270, "texture": "#6"}
			}
		},
		{
			"from": [10.5, 8.2, 1.4],
			"to": [11, 8.9, 1.9],
			"rotation": {"angle": 0, "axis": "y", "origin": [8.01646, 8, 3.45298]},
			"faces": {
				"north": {"uv": [4.25, 9.75, 4.5, 10], "rotation": 90, "texture": "#6"},
				"east": {"uv": [5.75, 9.75, 5.5, 10], "rotation": 270, "texture": "#6"},
				"south": {"uv": [4.75, 9.75, 5, 10], "rotation": 270, "texture": "#6"},
				"west": {"uv": [5.5, 10, 5.25, 9.75], "rotation": 270, "texture": "#6"},
				"up": {"uv": [4.5, 9.75, 4.75, 10], "rotation": 270, "texture": "#6"},
				"down": {"uv": [5, 9.75, 5.25, 10], "rotation": 270, "texture": "#6"}
			}
		},
		{
			"from": [9.7, 7, 1.5],
			"to": [10.8, 7.9, 1.6],
			"rotation": {"angle": 0, "axis": "y", "origin": [8.01646, 8, 3.45298]},
			"faces": {
				"north": {"uv": [9.5, 4.75, 9.75, 5], "rotation": 90, "texture": "#6"},
				"east": {"uv": [9.75, 6, 9.5, 6.25], "rotation": 270, "texture": "#6"},
				"south": {"uv": [9.5, 5.25, 9.75, 5.5], "rotation": 270, "texture": "#6"},
				"west": {"uv": [9.75, 6, 9.5, 5.75], "rotation": 270, "texture": "#6"},
				"up": {"uv": [9.5, 5, 9.75, 5.25], "rotation": 270, "texture": "#6"},
				"down": {"uv": [9.5, 5.5, 9.75, 5.75], "rotation": 270, "texture": "#6"}
			}
		},
		{
			"from": [9.6, 7.1, 1.4],
			"to": [10.5, 7.8, 2.8],
			"rotation": {"angle": 0, "axis": "y", "origin": [8.01646, 8, 3.45298]},
			"faces": {
				"north": {"uv": [9.5, 6.25, 9.75, 6.5], "rotation": 90, "texture": "#6"},
				"east": {"uv": [9.75, 7.5, 9.5, 7.75], "rotation": 270, "texture": "#6"},
				"south": {"uv": [9.5, 6.75, 9.75, 7], "rotation": 270, "texture": "#6"},
				"west": {"uv": [9.75, 7.5, 9.5, 7.25], "rotation": 270, "texture": "#6"},
				"up": {"uv": [9.5, 6.5, 9.75, 6.75], "rotation": 270, "texture": "#6"},
				"down": {"uv": [9.5, 7, 9.75, 7.25], "rotation": 270, "texture": "#6"}
			}
		},
		{
			"from": [10.5, 7.1, 1.4],
			"to": [11, 7.8, 1.9],
			"rotation": {"angle": 0, "axis": "y", "origin": [8.01646, 8, 3.45298]},
			"faces": {
				"north": {"uv": [9.5, 3.25, 9.75, 3.5], "rotation": 90, "texture": "#6"},
				"east": {"uv": [9.75, 4.5, 9.5, 4.75], "rotation": 270, "texture": "#6"},
				"south": {"uv": [9.5, 3.75, 9.75, 4], "rotation": 270, "texture": "#6"},
				"west": {"uv": [9.75, 4.5, 9.5, 4.25], "rotation": 270, "texture": "#6"},
				"up": {"uv": [9.5, 3.5, 9.75, 3.75], "rotation": 270, "texture": "#6"},
				"down": {"uv": [9.5, 4, 9.75, 4.25], "rotation": 270, "texture": "#6"}
			}
		},
		{
			"from": [8.65376, 7.1, 0.34873],
			"to": [8.85376, 7.8, 0.84873],
			"rotation": {"angle": -45, "axis": "y", "origin": [8.01646, 8, 3.45298]},
			"faces": {
				"north": {"uv": [9.5, 7.75, 9.75, 8], "rotation": 90, "texture": "#6"},
				"east": {"uv": [9.75, 9, 9.5, 9.25], "rotation": 270, "texture": "#6"},
				"south": {"uv": [9.5, 8.25, 9.75, 8.5], "rotation": 270, "texture": "#6"},
				"west": {"uv": [9.75, 9, 9.5, 8.75], "rotation": 270, "texture": "#6"},
				"up": {"uv": [9.5, 8, 9.75, 8.25], "rotation": 270, "texture": "#6"},
				"down": {"uv": [9.5, 8.5, 9.75, 8.75], "rotation": 270, "texture": "#6"}
			}
		},
		{
			"from": [10, 7.3, 3.3],
			"to": [10.9, 7.5, 5.8],
			"rotation": {"angle": 0, "axis": "y", "origin": [8.01646, 8, 3.45298]},
			"faces": {
				"north": {"uv": [9, 4.25, 9.25, 4.5], "rotation": 90, "texture": "#6"},
				"east": {"uv": [4, 5.5, 3.75, 6.25], "rotation": 270, "texture": "#6"},
				"south": {"uv": [9, 4.5, 9.25, 4.75], "rotation": 270, "texture": "#6"},
				"west": {"uv": [3.75, 6.25, 3.5, 5.5], "rotation": 270, "texture": "#6"},
				"up": {"uv": [5.5, 3, 6.25, 3.25], "rotation": 270, "texture": "#6"},
				"down": {"uv": [5.5, 3.25, 6.25, 3.5], "rotation": 270, "texture": "#6"}
			}
		},
		{
			"from": [11.4, 7, 2.9],
			"to": [11.9, 7.1, 5.8],
			"rotation": {"angle": 0, "axis": "y", "origin": [8.01646, 8, 3.45298]},
			"faces": {
				"north": {"uv": [9.5, 0.75, 9.75, 1], "rotation": 90, "texture": "#6"},
				"east": {"uv": [2, 6.25, 1.75, 7], "rotation": 270, "texture": "#6"},
				"south": {"uv": [9.5, 1, 9.75, 1.25], "rotation": 270, "texture": "#6"},
				"west": {"uv": [1.75, 7, 1.5, 6.25], "rotation": 270, "texture": "#6"},
				"up": {"uv": [6, 4.25, 6.75, 4.5], "rotation": 270, "texture": "#6"},
				"down": {"uv": [4.5, 6.25, 5.25, 6.5], "rotation": 270, "texture": "#6"}
			}
		},
		{
			"from": [11.4, 7.1, 2.9],
			"to": [12.5, 7.8, 5.8],
			"rotation": {"angle": 0, "axis": "y", "origin": [8.01646, 8, 3.45298]},
			"faces": {
				"north": {"uv": [9.5, 2.75, 9.75, 3], "rotation": 90, "texture": "#6"},
				"east": {"uv": [3.75, 6.25, 3.5, 7], "rotation": 270, "texture": "#6"},
				"south": {"uv": [9.5, 3, 9.75, 3.25], "rotation": 270, "texture": "#6"},
				"west": {"uv": [2.75, 7, 2.5, 6.25], "rotation": 270, "texture": "#6"},
				"up": {"uv": [5.25, 6.25, 6, 6.5], "rotation": 270, "texture": "#6"},
				"down": {"uv": [6, 6.25, 6.75, 6.5], "rotation": 270, "texture": "#6"}
			}
		},
		{
			"from": [12, 7, 2.9],
			"to": [12.5, 7.1, 5.8],
			"rotation": {"angle": 0, "axis": "y", "origin": [8.01646, 8, 3.45298]},
			"faces": {
				"north": {"uv": [8.5, 9.5, 8.75, 9.75], "rotation": 90, "texture": "#6"},
				"east": {"uv": [1, 6.25, 0.75, 7], "rotation": 270, "texture": "#6"},
				"south": {"uv": [8.75, 9.5, 9, 9.75], "rotation": 270, "texture": "#6"},
				"west": {"uv": [6.25, 5.5, 6, 4.75], "rotation": 270, "texture": "#6"},
				"up": {"uv": [6, 0.75, 6.75, 1], "rotation": 270, "texture": "#6"},
				"down": {"uv": [6, 1, 6.75, 1.25], "rotation": 270, "texture": "#6"}
			}
		},
		{
			"from": [12.4, 6.8, 2.9],
			"to": [12.5, 7, 4.1],
			"rotation": {"angle": 0, "axis": "y", "origin": [8.01646, 8, 3.45298]},
			"faces": {
				"north": {"uv": [9.5, 1.25, 9.75, 1.5], "rotation": 90, "texture": "#6"},
				"east": {"uv": [9.75, 2.5, 9.5, 2.75], "rotation": 270, "texture": "#6"},
				"south": {"uv": [9.5, 1.75, 9.75, 2], "rotation": 270, "texture": "#6"},
				"west": {"uv": [9.75, 2.5, 9.5, 2.25], "rotation": 270, "texture": "#6"},
				"up": {"uv": [9.5, 1.5, 9.75, 1.75], "rotation": 270, "texture": "#6"},
				"down": {"uv": [9.5, 2, 9.75, 2.25], "rotation": 270, "texture": "#6"}
			}
		},
		{
			"from": [12.4, 7.3, 5.2],
			"to": [12.7, 7.5, 5.6],
			"rotation": {"angle": 0, "axis": "y", "origin": [8.01646, 8, 3.45298]},
			"faces": {
				"north": {"uv": [9, 9.5, 9.25, 9.75], "rotation": 90, "texture": "#6"},
				"east": {"uv": [9.75, 0.5, 9.5, 0.75], "rotation": 270, "texture": "#6"},
				"south": {"uv": [9.5, 9.5, 9.75, 9.75], "rotation": 270, "texture": "#6"},
				"west": {"uv": [9.75, 0.5, 9.5, 0.25], "rotation": 270, "texture": "#6"},
				"up": {"uv": [9.25, 9.5, 9.5, 9.75], "rotation": 270, "texture": "#6"},
				"down": {"uv": [9.5, 0, 9.75, 0.25], "rotation": 270, "texture": "#6"}
			}
		},
		{
			"from": [11.4, 8.9, 2.9],
			"to": [11.9, 9, 5.8],
			"rotation": {"angle": 0, "axis": "y", "origin": [8.01646, 8, 3.45298]},
			"faces": {
				"north": {"uv": [3.75, 9.75, 4, 10], "rotation": 90, "texture": "#6"},
				"east": {"uv": [3.5, 6.5, 3.25, 7.25], "rotation": 270, "texture": "#6"},
				"south": {"uv": [4, 9.75, 4.25, 10], "rotation": 270, "texture": "#6"},
				"west": {"uv": [3, 7.25, 2.75, 6.5], "rotation": 270, "texture": "#6"},
				"up": {"uv": [6.25, 4, 7, 4.25], "rotation": 270, "texture": "#6"},
				"down": {"uv": [0, 6.5, 0.75, 6.75], "rotation": 270, "texture": "#6"}
			}
		},
		{
			"from": [12, 8.9, 2.9],
			"to": [12.5, 9, 5.8],
			"rotation": {"angle": 0, "axis": "y", "origin": [8.01646, 8, 3.45298]},
			"faces": {
				"north": {"uv": [1.75, 9.75, 2, 10], "rotation": 90, "texture": "#6"},
				"east": {"uv": [6.5, 5.25, 6.25, 6], "rotation": 270, "texture": "#6"},
				"south": {"uv": [2, 9.75, 2.25, 10], "rotation": 270, "texture": "#6"},
				"west": {"uv": [6.5, 5.25, 6.25, 4.5], "rotation": 270, "texture": "#6"},
				"up": {"uv": [6.25, 2.25, 7, 2.5], "rotation": 270, "texture": "#6"},
				"down": {"uv": [6.25, 3.75, 7, 4], "rotation": 270, "texture": "#6"}
			}
		},
		{
			"from": [12.4, 8.5, 5.2],
			"to": [12.7, 8.7, 5.6],
			"rotation": {"angle": 0, "axis": "y", "origin": [8.01646, 8, 3.45298]},
			"faces": {
				"north": {"uv": [9.5, 9.25, 9.75, 9.5], "rotation": 90, "texture": "#6"},
				"east": {"uv": [1.25, 9.75, 1, 10], "rotation": 270, "texture": "#6"},
				"south": {"uv": [0.25, 9.75, 0.5, 10], "rotation": 270, "texture": "#6"},
				"west": {"uv": [1, 10, 0.75, 9.75], "rotation": 270, "texture": "#6"},
				"up": {"uv": [0, 9.75, 0.25, 10], "rotation": 270, "texture": "#6"},
				"down": {"uv": [0.5, 9.75, 0.75, 10], "rotation": 270, "texture": "#6"}
			}
		},
		{
			"from": [12.4, 9, 2.9],
			"to": [12.5, 9.2, 4.1],
			"rotation": {"angle": 0, "axis": "y", "origin": [8.01646, 8, 3.45298]},
			"faces": {
				"north": {"uv": [2.25, 9.75, 2.5, 10], "rotation": 90, "texture": "#6"},
				"east": {"uv": [3.75, 9.75, 3.5, 10], "rotation": 270, "texture": "#6"},
				"south": {"uv": [2.75, 9.75, 3, 10], "rotation": 270, "texture": "#6"},
				"west": {"uv": [3.5, 10, 3.25, 9.75], "rotation": 270, "texture": "#6"},
				"up": {"uv": [2.5, 9.75, 2.75, 10], "rotation": 270, "texture": "#6"},
				"down": {"uv": [3, 9.75, 3.25, 10], "rotation": 270, "texture": "#6"}
			}
		},
		{
			"from": [11.4, 8.2, 2.9],
			"to": [12.5, 8.9, 5.8],
			"rotation": {"angle": 0, "axis": "y", "origin": [8.01646, 8, 3.45298]},
			"faces": {
				"north": {"uv": [1.25, 9.75, 1.5, 10], "rotation": 90, "texture": "#6"},
				"east": {"uv": [6.5, 3, 6.25, 3.75], "rotation": 270, "texture": "#6"},
				"south": {"uv": [1.5, 9.75, 1.75, 10], "rotation": 270, "texture": "#6"},
				"west": {"uv": [4, 7, 3.75, 6.25], "rotation": 270, "texture": "#6"},
				"up": {"uv": [6.25, 1.75, 7, 2], "rotation": 270, "texture": "#6"},
				"down": {"uv": [6.25, 2, 7, 2.25], "rotation": 270, "texture": "#6"}
			}
		},
		{
			"from": [6, 7.3, 3.4],
			"to": [6.5, 8.7, 3.9],
			"rotation": {"angle": 0, "axis": "y", "origin": [8.01646, 8, 3.45298]},
			"faces": {
				"north": {"uv": [0.25, 9.25, 0.5, 9.5], "rotation": 90, "texture": "#6"},
				"east": {"uv": [1.75, 9.25, 1.5, 9.5], "rotation": 270, "texture": "#6"},
				"south": {"uv": [0.75, 9.25, 1, 9.5], "rotation": 270, "texture": "#6"},
				"west": {"uv": [1.5, 9.5, 1.25, 9.25], "rotation": 270, "texture": "#6"},
				"up": {"uv": [0.5, 9.25, 0.75, 9.5], "rotation": 270, "texture": "#6"},
				"down": {"uv": [1, 9.25, 1.25, 9.5], "rotation": 270, "texture": "#6"}
			}
		},
		{
			"from": [8.7, 7.6, 5.2],
			"to": [9.5, 8.4, 5.9],
			"rotation": {"angle": 0, "axis": "y", "origin": [8.01646, 8, 3.45298]},
			"faces": {
				"north": {"uv": [2, 9, 2.25, 9.25], "rotation": 90, "texture": "#6"},
				"east": {"uv": [3.5, 9, 3.25, 9.25], "rotation": 270, "texture": "#6"},
				"south": {"uv": [2.5, 9, 2.75, 9.25], "rotation": 270, "texture": "#6"},
				"west": {"uv": [3.25, 9.25, 3, 9], "rotation": 270, "texture": "#6"},
				"up": {"uv": [2.25, 9, 2.5, 9.25], "rotation": 270, "texture": "#6"},
				"down": {"uv": [2.75, 9, 3, 9.25], "rotation": 270, "texture": "#6"}
			}
		},
		{
			"from": [6, 7.7, 4.9],
			"to": [10, 8.3, 5.2],
			"rotation": {"angle": 0, "axis": "y", "origin": [8.01646, 8, 3.45298]},
			"faces": {
				"north": {"uv": [0.5, 3.75, 0.75, 4.75], "rotation": 90, "texture": "#6"},
				"east": {"uv": [4, 9, 3.75, 9.25], "rotation": 270, "texture": "#6"},
				"south": {"uv": [1.5, 3.75, 1.75, 4.75], "rotation": 270, "texture": "#6"},
				"west": {"uv": [3.75, 9.25, 3.5, 9], "rotation": 270, "texture": "#6"},
				"up": {"uv": [0.75, 3.75, 1, 4.75], "rotation": 270, "texture": "#6"},
				"down": {"uv": [1.75, 3.75, 2, 4.75], "rotation": 270, "texture": "#6"}
			}
		},
		{
			"from": [9.3, 7.4, 4.4],
			"to": [10, 8.6, 4.7],
			"rotation": {"angle": 0, "axis": "y", "origin": [8.01646, 8, 3.45298]},
			"faces": {
				"north": {"uv": [9, 1.25, 9.25, 1.5], "rotation": 90, "texture": "#6"},
				"east": {"uv": [9.25, 2.5, 9, 2.75], "rotation": 270, "texture": "#6"},
				"south": {"uv": [9, 1.75, 9.25, 2], "rotation": 270, "texture": "#6"},
				"west": {"uv": [9.25, 2.5, 9, 2.25], "rotation": 270, "texture": "#6"},
				"up": {"uv": [9, 1.5, 9.25, 1.75], "rotation": 270, "texture": "#6"},
				"down": {"uv": [9, 2, 9.25, 2.25], "rotation": 270, "texture": "#6"}
			}
		},
		{
			"from": [7, 7.6, 4.2],
			"to": [9, 8.4, 4.9],
			"rotation": {"angle": 0, "axis": "y", "origin": [8.01646, 8, 3.45298]},
			"faces": {
				"north": {"uv": [2, 7.5, 2.25, 8], "rotation": 90, "texture": "#6"},
				"east": {"uv": [9, 9, 8.75, 9.25], "rotation": 270, "texture": "#6"},
				"south": {"uv": [2.5, 7.5, 2.75, 8], "rotation": 270, "texture": "#6"},
				"west": {"uv": [8.75, 9.25, 8.5, 9], "rotation": 270, "texture": "#6"},
				"up": {"uv": [2.25, 7.5, 2.5, 8], "rotation": 270, "texture": "#6"},
				"down": {"uv": [2.75, 7.5, 3, 8], "rotation": 270, "texture": "#6"}
			}
		},
		{
			"from": [7.4, 7.5, 4.4],
			"to": [8.6, 8.5, 4.7],
			"rotation": {"angle": 0, "axis": "y", "origin": [8.01646, 8, 3.45298]},
			"faces": {
				"north": {"uv": [4, 9, 4.25, 9.25], "rotation": 90, "texture": "#6"},
				"east": {"uv": [5.5, 9, 5.25, 9.25], "rotation": 270, "texture": "#6"},
				"south": {"uv": [4.5, 9, 4.75, 9.25], "rotation": 270, "texture": "#6"},
				"west": {"uv": [5.25, 9.25, 5, 9], "rotation": 270, "texture": "#6"},
				"up": {"uv": [4.25, 9, 4.5, 9.25], "rotation": 270, "texture": "#6"},
				"down": {"uv": [4.75, 9, 5, 9.25], "rotation": 270, "texture": "#6"}
			}
		},
		{
			"from": [9, 7.5, 4.2],
			"to": [10, 8.5, 4.9],
			"rotation": {"angle": 0, "axis": "y", "origin": [8.01646, 8, 3.45298]},
			"faces": {
				"north": {"uv": [7, 9, 7.25, 9.25], "rotation": 90, "texture": "#6"},
				"east": {"uv": [8.5, 9, 8.25, 9.25], "rotation": 270, "texture": "#6"},
				"south": {"uv": [7.5, 9, 7.75, 9.25], "rotation": 270, "texture": "#6"},
				"west": {"uv": [8.25, 9.25, 8, 9], "rotation": 270, "texture": "#6"},
				"up": {"uv": [7.25, 9, 7.5, 9.25], "rotation": 270, "texture": "#6"},
				"down": {"uv": [7.75, 9, 8, 9.25], "rotation": 270, "texture": "#6"}
			}
		},
		{
			"from": [6, 7.7, 3.4],
			"to": [10, 8.3, 3.7],
			"rotation": {"angle": 0, "axis": "y", "origin": [8.01646, 8, 3.45298]},
			"faces": {
				"north": {"uv": [2.5, 3.75, 2.75, 4.75], "rotation": 90, "texture": "#6"},
				"east": {"uv": [0.25, 9.25, 0, 9.5], "rotation": 270, "texture": "#6"},
				"south": {"uv": [3.75, 3.75, 4, 4.75], "rotation": 270, "texture": "#6"},
				"west": {"uv": [9.25, 9, 9, 8.75], "rotation": 270, "texture": "#6"},
				"up": {"uv": [3.5, 3.75, 3.75, 4.75], "rotation": 270, "texture": "#6"},
				"down": {"uv": [3.75, 0.5, 4, 1.5], "rotation": 270, "texture": "#6"}
			}
		},
		{
			"from": [10, 7.5, 3.4],
			"to": [10.9, 8.5, 5.3],
			"rotation": {"angle": 0, "axis": "y", "origin": [8.01646, 8, 3.45298]},
			"faces": {
				"north": {"uv": [9, 8.25, 9.25, 8.5], "rotation": 90, "texture": "#6"},
				"east": {"uv": [7.75, 0, 7.5, 0.5], "rotation": 270, "texture": "#6"},
				"south": {"uv": [9, 8.5, 9.25, 8.75], "rotation": 270, "texture": "#6"},
				"west": {"uv": [7, 8, 6.75, 7.5], "rotation": 270, "texture": "#6"},
				"up": {"uv": [6.25, 7.5, 6.75, 7.75], "rotation": 270, "texture": "#6"},
				"down": {"uv": [7.5, 7.5, 8, 7.75], "rotation": 270, "texture": "#6"}
			}
		},
		{
			"from": [10.9, 7.5, 3.4],
			"to": [11.4, 8.5, 5.3],
			"rotation": {"angle": 0, "axis": "y", "origin": [8.01646, 8, 3.45298]},
			"faces": {
				"north": {"uv": [4.25, 9.25, 4.5, 9.5], "rotation": 90, "texture": "#6"},
				"east": {"uv": [7.75, 3.25, 7.5, 3.75], "rotation": 270, "texture": "#6"},
				"south": {"uv": [4.5, 9.25, 4.75, 9.5], "rotation": 270, "texture": "#6"},
				"west": {"uv": [7.75, 3.25, 7.5, 2.75], "rotation": 270, "texture": "#6"},
				"up": {"uv": [7.5, 2.25, 8, 2.5], "rotation": 270, "texture": "#6"},
				"down": {"uv": [7.5, 2.5, 8, 2.75], "rotation": 270, "texture": "#6"}
			}
		},
		{
			"from": [6, 7.5, 4.2],
			"to": [7, 8.5, 4.9],
			"rotation": {"angle": 0, "axis": "y", "origin": [8.01646, 8, 3.45298]},
			"faces": {
				"north": {"uv": [5.5, 9, 5.75, 9.25], "rotation": 90, "texture": "#6"},
				"east": {"uv": [7, 9, 6.75, 9.25], "rotation": 270, "texture": "#6"},
				"south": {"uv": [6, 9, 6.25, 9.25], "rotation": 270, "texture": "#6"},
				"west": {"uv": [6.75, 9.25, 6.5, 9], "rotation": 270, "texture": "#6"},
				"up": {"uv": [5.75, 9, 6, 9.25], "rotation": 270, "texture": "#6"},
				"down": {"uv": [6.25, 9, 6.5, 9.25], "rotation": 270, "texture": "#6"}
			}
		},
		{
			"from": [6, 7.4, 4.4],
			"to": [6.7, 8.6, 4.7],
			"rotation": {"angle": 0, "axis": "y", "origin": [8.01646, 8, 3.45298]},
			"faces": {
				"north": {"uv": [9, 9, 9.25, 9.25], "rotation": 90, "texture": "#6"},
				"east": {"uv": [9.25, 1, 9, 1.25], "rotation": 270, "texture": "#6"},
				"south": {"uv": [9, 0.25, 9.25, 0.5], "rotation": 270, "texture": "#6"},
				"west": {"uv": [9.25, 1, 9, 0.75], "rotation": 270, "texture": "#6"},
				"up": {"uv": [9, 0, 9.25, 0.25], "rotation": 270, "texture": "#6"},
				"down": {"uv": [9, 0.5, 9.25, 0.75], "rotation": 270, "texture": "#6"}
			}
		},
		{
			"from": [6.5, 7.6, 5.2],
			"to": [7.3, 8.4, 5.9],
			"rotation": {"angle": 0, "axis": "y", "origin": [8.01646, 8, 3.45298]},
			"faces": {
				"north": {"uv": [8.5, 5.25, 8.75, 5.5], "rotation": 90, "texture": "#6"},
				"east": {"uv": [8.75, 6.5, 8.5, 6.75], "rotation": 270, "texture": "#6"},
				"south": {"uv": [8.5, 5.75, 8.75, 6], "rotation": 270, "texture": "#6"},
				"west": {"uv": [8.75, 6.5, 8.5, 6.25], "rotation": 270, "texture": "#6"},
				"up": {"uv": [8.5, 5.5, 8.75, 5.75], "rotation": 270, "texture": "#6"},
				"down": {"uv": [8.5, 6, 8.75, 6.25], "rotation": 270, "texture": "#6"}
			}
		},
		{
			"from": [4.6, 7.5, 3.4],
			"to": [5.1, 8.5, 5.3],
			"rotation": {"angle": 0, "axis": "y", "origin": [8.01646, 8, 3.45298]},
			"faces": {
				"north": {"uv": [3.75, 9.25, 4, 9.5], "rotation": 90, "texture": "#6"},
				"east": {"uv": [7.75, 1.75, 7.5, 2.25], "rotation": 270, "texture": "#6"},
				"south": {"uv": [4, 9.25, 4.25, 9.5], "rotation": 270, "texture": "#6"},
				"west": {"uv": [7.75, 1.75, 7.5, 1.25], "rotation": 270, "texture": "#6"},
				"up": {"uv": [7.5, 0.75, 8, 1], "rotation": 270, "texture": "#6"},
				"down": {"uv": [7.5, 1, 8, 1.25], "rotation": 270, "texture": "#6"}
			}
		},
		{
			"from": [5.1, 7.5, 3.4],
			"to": [6, 8.5, 5.3],
			"rotation": {"angle": 0, "axis": "y", "origin": [8.01646, 8, 3.45298]},
			"faces": {
				"north": {"uv": [9, 7.75, 9.25, 8], "rotation": 90, "texture": "#6"},
				"east": {"uv": [6.25, 7.5, 6, 8], "rotation": 270, "texture": "#6"},
				"south": {"uv": [9, 8, 9.25, 8.25], "rotation": 270, "texture": "#6"},
				"west": {"uv": [6, 8, 5.75, 7.5], "rotation": 270, "texture": "#6"},
				"up": {"uv": [4.75, 7.5, 5.25, 7.75], "rotation": 270, "texture": "#6"},
				"down": {"uv": [5.25, 7.5, 5.75, 7.75], "rotation": 270, "texture": "#6"}
			}
		}
	],
	"display": {
		"thirdperson_righthand": {
			"translation": [0, -1.5, -5],
			"scale": [1.2, 1.2, 1.2]
		},
		"thirdperson_lefthand": {
			"translation": [0, -1.5, -5],
			"scale": [1.2, 1.2, 1.2]
		},
		"firstperson_righthand": {
			"rotation": [0, 5, 0],
			"translation": [-3, 3.5, 2]
		},
		"firstperson_lefthand": {
			"rotation": [0, 5, 0],
			"translation": [-3, 3.5, 2.5]
		},
		"gui": {
			"rotation": [0, 90, 0],
			"translation": [-1, 0, 0]
		},
		"head": {
			"translation": [0, 10, 0]
		},
		"fixed": {
			"rotation": [0, -90, 0],
			"translation": [0, 0, -2]
		}
	},
	"groups": [
		{
			"name": "body",
			"origin": [8, 10, 10.5],
			"children": [0, 1, 2, 3, 4, 5, 6, 7, 8, 9, 10, 11, 12, 13, 14, 15, 16, 17, 18, 19, 20, 21, 22, 23, 24, 25, 26, 27, 28, 29, 30, 31, 32, 33, 34, 35, 36, 37, 38,
				{
					"name": "hexadecagon",
					"origin": [8, 8, 8],
					"children": [39, 40, 41, 42, 43, 44, 45, 46]
				},
				{
					"name": "octagon",
					"origin": [8, 8, 8],
					"children": [47, 48, 49, 50, 51, 52, 53]
				},
				{
					"name": "octagon",
					"origin": [8, 8, 8],
					"children": [54, 55, 56, 57]
				},
				{
					"name": "octagon",
					"origin": [8, 8, 8],
					"children": [58, 59, 60, 61,
						{
							"name": "octagon",
							"origin": [8, 8, 8],
							"children": [62, 63, 64, 65]
						}
					]
				}
			]
		},
		{
			"name": "attachment",
			"origin": [8, 8, 8],
			"children": [
				{
					"name": "octagon",
					"origin": [8, 8, 8],
					"children": [66, 67, 68, 69]
				},
				{
					"name": "white",
					"origin": [7.1, 4.6, 5],
					"children": [
						{
							"name": "hexadecagon",
							"origin": [8, 8, 8],
							"children": [70, 71, 72, 73, 74, 75, 76, 77, 78, 79, 80, 81, 82, 83, 84, 85, 86, 87, 88, 89]
						}, 90, 91]
				},
				{
					"name": "yellow",
					"origin": [8, 8, 8],
					"children": [92, 93, 94, 95, 96, 97, 98, 99, 100, 101, 102, 103, 104, 105, 106, 107, 108, 109, 110, 111, 112, 113, 114, 115, 116, 117, 118, 119, 120, 121, 122, 123, 124, 125, 126, 127, 128, 129, 130, 131, 132, 133]
				},
				{
					"name": "black",
					"origin": [8, 8, 8],
					"children": [134, 135, 136, 137, 138, 139, 140, 141, 142, 143, 144, 145, 146, 147]
				}
			]
		}
	]
}