{
	"texture_size": [64, 64],
	"textures": {
		"0": "block/smithing_table_top",
		"1": "block/iron_block",
		"2": "block/stripped_spruce_log",
		"particle": "block/iron_block"
	},
	"elements": [
		{
			"from": [7.7, 7.1, 13.2],
			"to": [8.3, 7.2, 14],
			"rotation": {"angle": 0, "axis": "y", "origin": [8, 7.15, 10.7]},
			"faces": {
				"north": {"uv": [8.75, 8.5, 8.9, 8.525], "texture": "#0"},
				"east": {"uv": [8.75, 8.5, 8.9, 8.525], "texture": "#0"},
				"south": {"uv": [8.75, 8.5, 8.9, 8.525], "texture": "#0"},
				"west": {"uv": [8.75, 8.5, 8.9, 8.525], "texture": "#0"},
				"up": {"uv": [8.75, 8.5, 8.9, 8.525], "texture": "#0"},
				"down": {"uv": [8.75, 8.5, 8.9, 8.525], "texture": "#0"}
			}
		},
		{
			"from": [7.7, 7.45355, 12.84645],
			"to": [8.3, 8.35355, 12.94645],
			"rotation": {"angle": 0, "axis": "y", "origin": [8, 7.85355, 12.89645]},
			"faces": {
				"north": {"uv": [8.75, 8.5, 8.95, 8.65], "rotation": 270, "texture": "#0"},
				"east": {"uv": [8.75, 8.5, 8.95, 8.65], "rotation": 270, "texture": "#0"},
				"south": {"uv": [8.75, 8.5, 8.95, 8.65], "rotation": 270, "texture": "#0"},
				"west": {"uv": [8.75, 8.5, 8.95, 8.65], "rotation": 270, "texture": "#0"},
				"up": {"uv": [8.75, 8.5, 8.95, 8.65], "rotation": 270, "texture": "#0"},
				"down": {"uv": [8.75, 8.5, 8.95, 8.65], "rotation": 270, "texture": "#0"}
			}
		},
		{
			"from": [7.7, 7.35, 13.95],
			"to": [8.3, 8.75, 14.05],
			"rotation": {"angle": 22.5, "axis": "x", "origin": [8, 8.25, 14]},
			"faces": {
				"north": {"uv": [3.25, 10, 3.4, 10.975], "texture": "#0"},
				"east": {"uv": [3.25, 10, 3.4, 10.975], "texture": "#0"},
				"south": {"uv": [3.25, 10, 3.4, 10.975], "texture": "#0"},
				"west": {"uv": [3.25, 10, 3.4, 10.975], "texture": "#0"},
				"up": {"uv": [3.25, 10, 3.4, 10.975], "texture": "#0"},
				"down": {"uv": [3.25, 10, 3.4, 10.975], "texture": "#0"}
			}
		},
		{
			"from": [7.7, 7.217, 13.925],
			"to": [8.3, 7.317, 14.925],
			"rotation": {"angle": -45, "axis": "x", "origin": [8, 7.25, 14.1]},
			"faces": {
				"north": {"uv": [1.75, 10, 1.9, 10.025], "texture": "#0"},
				"east": {"uv": [1.75, 10, 1.9, 10.025], "texture": "#0"},
				"south": {"uv": [1.75, 10, 1.9, 10.025], "texture": "#0"},
				"west": {"uv": [1.75, 10, 1.9, 10.025], "texture": "#0"},
				"up": {"uv": [1.75, 10, 1.9, 10.025], "texture": "#0"},
				"down": {"uv": [1.75, 10, 1.9, 10.025], "texture": "#0"}
			}
		},
		{
			"from": [7.9, 10.01408, -3.12541],
			"to": [8.1, 10.31408, -2.62541],
			"rotation": {"angle": 22.5, "axis": "x", "origin": [8, 10.16408, -2.87541]},
			"faces": {
				"north": {"uv": [1.8, 10, 1.75, 10.075], "texture": "#0"},
				"east": {"uv": [1.8, 10, 1.75, 10.075], "texture": "#0"},
				"south": {"uv": [1.8, 10, 1.75, 10.075], "texture": "#0"},
				"west": {"uv": [1.8, 10, 1.75, 10.075], "texture": "#0"},
				"up": {"uv": [1.8, 10, 1.75, 10.075], "texture": "#0"},
				"down": {"uv": [1.8, 10, 1.75, 10.075], "texture": "#0"}
			}
		},
		{
			"from": [7.7, 7.21408, 12.77459],
			"to": [8.3, 7.31408, 13.27459],
			"rotation": {"angle": 45, "axis": "x", "origin": [8, 7.24708, 13.09959]},
			"faces": {
				"north": {"uv": [1.9, 10, 1.75, 10.025], "texture": "#0"},
				"east": {"uv": [1.9, 10, 1.75, 10.025], "texture": "#0"},
				"south": {"uv": [1.9, 10, 1.75, 10.025], "texture": "#0"},
				"west": {"uv": [1.9, 10, 1.75, 10.025], "texture": "#0"},
				"up": {"uv": [1.9, 10, 1.75, 10.025], "texture": "#0"},
				"down": {"uv": [1.9, 10, 1.75, 10.025], "texture": "#0"}
			}
		},
		{
			"from": [7.1, 8.9, 13.8],
			"to": [7.5, 9.2, 14.1],
			"rotation": {"angle": 0, "axis": "y", "origin": [7.8, 9.4, 13.5]},
			"faces": {
				"north": {"uv": [6.75, 10.5, 6.825, 10.6], "rotation": 270, "texture": "#0"},
				"east": {"uv": [6.75, 10.5, 6.825, 10.6], "texture": "#0"},
				"south": {"uv": [6.75, 10.5, 6.825, 10.6], "rotation": 90, "texture": "#0"},
				"west": {"uv": [6.75, 10.5, 6.825, 10.6], "rotation": 180, "texture": "#0"},
				"up": {"uv": [6.75, 10.5, 6.825, 10.6], "rotation": 270, "texture": "#0"},
				"down": {"uv": [6.75, 10.5, 6.825, 10.6], "rotation": 90, "texture": "#0"}
			}
		},
		{
			"from": [7.6, 8.38952, 12.85813],
			"to": [8.4, 9.48952, 15.25813],
			"rotation": {"angle": 22.5, "axis": "x", "origin": [8, 8.93952, 14.05813]},
			"faces": {
				"north": {"uv": [0, 0, 7, 11], "texture": "#2"},
				"east": {"uv": [0, 0, 7, 11], "texture": "#2"},
				"south": {"uv": [0, 0, 7, 11], "texture": "#2"},
				"west": {"uv": [0, 0, 7, 11], "texture": "#2"},
				"up": {"uv": [0, 0, 7, 11], "texture": "#2"},
				"down": {"uv": [0, 0, 7, 11], "texture": "#2"}
			}
		},
		{
			"from": [7.6, 8.6, 11.9],
			"to": [8.4, 9.7, 12.9],
			"rotation": {"angle": 22.5, "axis": "x", "origin": [8, 9.15, 13.55]},
			"faces": {
				"north": {"uv": [0, 0, 3, 1], "texture": "#1"},
				"east": {"uv": [0, 0, 3, 1], "texture": "#1"},
				"south": {"uv": [0, 0, 3, 1], "texture": "#1"},
				"west": {"uv": [0, 0, 3, 1], "texture": "#1"},
				"up": {"uv": [0, 0, 3, 1], "texture": "#1"},
				"down": {"uv": [0, 0, 3, 1], "texture": "#1"}
			}
		},
		{
			"from": [7.5, 8.96173, 9.79238],
			"to": [8.5, 10.28956, 12.23607],
			"rotation": {"angle": 0, "axis": "y", "origin": [8.1, 9.81173, 10.54238]},
			"faces": {
				"north": {"uv": [0, 0, 3, 1], "texture": "#1"},
				"east": {"uv": [0, 0, 3, 1], "texture": "#1"},
				"south": {"uv": [0, 0, 3, 1], "texture": "#1"},
				"west": {"uv": [0, 0, 3, 1], "texture": "#1"},
				"up": {"uv": [0, 0, 3, 1], "texture": "#1"},
				"down": {"uv": [0, 0, 3, 1], "texture": "#1"}
			}
		},
		{
			"from": [7.45, 7.97493, 13.23425],
			"to": [8.55, 8.97493, 14.73425],
			"rotation": {"angle": 22.5, "axis": "x", "origin": [8, 8.47493, 13.98425]},
			"faces": {
				"north": {"uv": [0, 0, 7, 11], "texture": "#2"},
				"east": {"uv": [0, 0, 7, 11], "texture": "#2"},
				"south": {"uv": [0, 0, 7, 11], "texture": "#2"},
				"west": {"uv": [0, 0, 7, 11], "texture": "#2"},
				"up": {"uv": [0, 0, 7, 11], "texture": "#2"},
				"down": {"uv": [0, 0, 7, 11], "texture": "#2"}
			}
		},
		{
			"from": [7.45, 8.45328, 11.3294],
			"to": [8.55, 9.45328, 13.3294],
			"rotation": {"angle": 22.5, "axis": "x", "origin": [8, 8.95328, 12.8294]},
			"faces": {
				"north": {"uv": [3.75, 1.5, 3.975, 2], "texture": "#1"},
				"east": {"uv": [3.75, 1.5, 3.975, 2], "texture": "#1"},
				"south": {"uv": [3.75, 1.5, 3.975, 2], "texture": "#1"},
				"west": {"uv": [3.75, 1.5, 3.975, 2], "texture": "#1"},
				"up": {"uv": [3.75, 1.5, 3.975, 2], "texture": "#1"},
				"down": {"uv": [3.75, 1.5, 3.975, 2], "texture": "#1"}
			}
		},
		{
			"from": [7.65, 7.9, 13.3],
			"to": [8.35, 8.7, 15.2],
			"rotation": {"angle": 22.5, "axis": "x", "origin": [8, 8.1, 14.4]},
			"faces": {
				"north": {"uv": [0, 0, 5, 10], "rotation": 90, "texture": "#2"},
				"east": {"uv": [0, 0, 5, 10], "rotation": 90, "texture": "#2"},
				"south": {"uv": [0, 0, 5, 10], "rotation": 90, "texture": "#2"},
				"west": {"uv": [0, 0, 5, 10], "rotation": 90, "texture": "#2"},
				"up": {"uv": [0, 0, 5, 10], "rotation": 90, "texture": "#2"},
				"down": {"uv": [0, 0, 5, 10], "rotation": 90, "texture": "#2"}
			}
		},
		{
			"from": [7.55, 6.25276, 18.82794],
			"to": [8.45, 8.05276, 20.02794],
			"rotation": {"angle": 22.5, "axis": "x", "origin": [8, 9.10276, 19.02794]},
			"faces": {
				"north": {"uv": [0, 8.75, 0.275, 9.625], "rotation": 180, "texture": "#0"},
				"east": {"uv": [0, 8.75, 0.275, 9.625], "rotation": 90, "texture": "#0"},
				"south": {"uv": [0, 8.75, 0.275, 9.625], "texture": "#0"},
				"west": {"uv": [0, 8.75, 0.275, 9.625], "rotation": 270, "texture": "#0"},
				"up": {"uv": [0, 8.75, 0.275, 9.625], "texture": "#0"},
				"down": {"uv": [0, 8.75, 0.275, 9.625], "rotation": 180, "texture": "#0"}
			}
		},
		{
			"from": [7.55, 7.75, 18.35],
			"to": [8.45, 9.65, 19.55],
			"rotation": {"angle": 0, "axis": "y", "origin": [8, 8.15, 16.4]},
			"faces": {
				"north": {"uv": [0, 8.75, 0.275, 9.625], "rotation": 180, "texture": "#0"},
				"east": {"uv": [0, 8.75, 0.275, 9.625], "rotation": 90, "texture": "#0"},
				"south": {"uv": [0, 8.75, 0.275, 9.625], "texture": "#0"},
				"west": {"uv": [0, 8.75, 0.275, 9.625], "rotation": 270, "texture": "#0"},
				"up": {"uv": [0, 8.75, 0.275, 9.625], "texture": "#0"},
				"down": {"uv": [0, 8.75, 0.275, 9.625], "rotation": 180, "texture": "#0"}
			}
		},
		{
			"from": [7.35, 7.85, 14.35],
			"to": [8.65, 9.75, 19.35],
			"rotation": {"angle": 0, "axis": "y", "origin": [8, 8.15, 16.4]},
			"faces": {
				"north": {"uv": [0, 0, 14, 16], "rotation": 270, "texture": "#2"},
				"east": {"uv": [0, 0, 14, 16], "rotation": 270, "texture": "#2"},
				"south": {"uv": [0, 0, 14, 16], "rotation": 270, "texture": "#2"},
				"west": {"uv": [0, 0, 14, 16], "rotation": 270, "texture": "#2"},
				"up": {"uv": [0, 0, 14, 16], "rotation": 270, "texture": "#2"},
				"down": {"uv": [0, 0, 14, 16], "rotation": 270, "texture": "#2"}
			}
		},
		{
			"from": [7.55, 7.16731, 14.35448],
			"to": [8.45, 8.38073, 16.27388],
			"rotation": {"angle": -22.5, "axis": "x", "origin": [8, 8.42402, 15.46418]},
			"faces": {
				"north": {"uv": [0, 0, 14, 16], "rotation": 270, "texture": "#2"},
				"east": {"uv": [0, 0, 14, 16], "rotation": 270, "texture": "#2"},
				"south": {"uv": [0, 0, 14, 16], "rotation": 270, "texture": "#2"},
				"west": {"uv": [0, 0, 14, 16], "rotation": 270, "texture": "#2"},
				"up": {"uv": [0, 0, 14, 16], "rotation": 270, "texture": "#2"},
				"down": {"uv": [0, 0, 14, 16], "rotation": 270, "texture": "#2"}
			}
		},
		{
			"from": [7.45, 7.04266, 15.30876],
			"to": [8.55, 8.95608, 18.92815],
			"rotation": {"angle": 22.5, "axis": "x", "origin": [8, 7.34266, 16.35876]},
			"faces": {
				"north": {"uv": [0, 0, 14, 16], "rotation": 270, "texture": "#2"},
				"east": {"uv": [0, 0, 14, 16], "rotation": 270, "texture": "#2"},
				"south": {"uv": [0, 0, 14, 16], "rotation": 270, "texture": "#2"},
				"west": {"uv": [0, 0, 14, 16], "rotation": 270, "texture": "#2"},
				"up": {"uv": [0, 0, 14, 16], "rotation": 270, "texture": "#2"},
				"down": {"uv": [0, 0, 14, 16], "rotation": 270, "texture": "#2"}
			}
		},
		{
			"name": "octagon",
			"from": [7.2, 8.53431, 14.5],
			"to": [7.4, 8.86569, 14.6],
			"rotation": {"angle": 0, "axis": "y", "origin": [8, 8.7, 14.2]},
			"faces": {
				"north": {"uv": [10.5, 0.5, 10.58284, 0.55], "rotation": 90, "texture": "#1"},
				"east": {"uv": [10.5, 0.5, 10.58284, 0.55], "rotation": 90, "texture": "#1"},
				"south": {"uv": [10.5, 0.5, 10.58284, 0.55], "rotation": 90, "texture": "#1"},
				"west": {"uv": [10.5, 0.5, 10.58284, 0.55], "rotation": 90, "texture": "#1"},
				"up": {"uv": [10.5, 0.5, 10.58284, 0.55], "rotation": 90, "texture": "#1"},
				"down": {"uv": [10.5, 0.5, 10.58284, 0.55], "rotation": 90, "texture": "#1"}
			}
		},
		{
			"name": "octagon",
			"from": [7.2, 8.53431, 13.3],
			"to": [7.4, 8.86569, 13.4],
			"rotation": {"angle": 0, "axis": "y", "origin": [8, 8.7, 13.7]},
			"faces": {
				"north": {"uv": [10.5, 8, 10.58284, 8.05], "rotation": 90, "texture": "#1"},
				"east": {"uv": [10.5, 8, 10.58284, 8.05], "rotation": 90, "texture": "#1"},
				"south": {"uv": [10.5, 8, 10.58284, 8.05], "rotation": 90, "texture": "#1"},
				"west": {"uv": [10.5, 8, 10.58284, 8.05], "rotation": 90, "texture": "#1"},
				"up": {"uv": [10.5, 8, 10.58284, 8.05], "rotation": 90, "texture": "#1"},
				"down": {"uv": [10.5, 8, 10.58284, 8.05], "rotation": 90, "texture": "#1"}
			}
		},
		{
			"name": "octagon",
			"from": [7.2, 8.53431, 13.3],
			"to": [7.4, 8.86569, 13.4],
			"rotation": {"angle": 45, "axis": "x", "origin": [8, 8.7, 13.7]},
			"faces": {
				"north": {"uv": [10.5, 6.5, 10.58284, 6.55], "rotation": 90, "texture": "#1"},
				"east": {"uv": [10.5, 6.5, 10.58284, 6.55], "rotation": 90, "texture": "#1"},
				"south": {"uv": [10.5, 6.5, 10.58284, 6.55], "rotation": 90, "texture": "#1"},
				"west": {"uv": [10.5, 6.5, 10.58284, 6.55], "rotation": 90, "texture": "#1"},
				"up": {"uv": [10.5, 6.5, 10.58284, 6.55], "rotation": 90, "texture": "#1"},
				"down": {"uv": [10.5, 6.5, 10.58284, 6.55], "rotation": 90, "texture": "#1"}
			}
		},
		{
			"name": "octagon",
			"from": [7.2, 8.3, 13.53431],
			"to": [7.4, 8.4, 14.36569],
			"rotation": {"angle": 0, "axis": "y", "origin": [8, 8.7, 13.7]},
			"faces": {
				"north": {"uv": [10.5, 5, 10.525, 5.05], "rotation": 90, "texture": "#1"},
				"east": {"uv": [10.5, 5, 10.525, 5.05], "rotation": 90, "texture": "#1"},
				"south": {"uv": [10.5, 5, 10.525, 5.05], "rotation": 90, "texture": "#1"},
				"west": {"uv": [10.5, 5, 10.525, 5.05], "rotation": 90, "texture": "#1"},
				"up": {"uv": [10.5, 5, 10.525, 5.05], "rotation": 90, "texture": "#1"},
				"down": {"uv": [10.5, 5, 10.525, 5.05], "rotation": 90, "texture": "#1"}
			}
		},
		{
			"name": "octagon",
			"from": [7.2, 8.3, 13.53431],
			"to": [7.4, 8.4, 13.86569],
			"rotation": {"angle": 45, "axis": "x", "origin": [8, 8.7, 13.7]},
			"faces": {
				"north": {"uv": [10.5, 3.5, 10.525, 3.55], "rotation": 90, "texture": "#1"},
				"east": {"uv": [10.5, 3.5, 10.525, 3.55], "rotation": 90, "texture": "#1"},
				"south": {"uv": [10.5, 3.5, 10.525, 3.55], "rotation": 90, "texture": "#1"},
				"west": {"uv": [10.5, 3.5, 10.525, 3.55], "rotation": 90, "texture": "#1"},
				"up": {"uv": [10.5, 3.5, 10.525, 3.55], "rotation": 90, "texture": "#1"},
				"down": {"uv": [10.5, 3.5, 10.525, 3.55], "rotation": 90, "texture": "#1"}
			}
		},
		{
			"name": "octagon",
			"from": [7.2, 9, 13.53431],
			"to": [7.4, 9.1, 14.36569],
			"rotation": {"angle": 0, "axis": "y", "origin": [8, 8.7, 13.7]},
			"faces": {
				"north": {"uv": [10.5, 2, 10.525, 2.05], "rotation": 90, "texture": "#1"},
				"east": {"uv": [10.5, 2, 10.525, 2.05], "rotation": 90, "texture": "#1"},
				"south": {"uv": [10.5, 2, 10.525, 2.05], "rotation": 90, "texture": "#1"},
				"west": {"uv": [10.5, 2, 10.525, 2.05], "rotation": 90, "texture": "#1"},
				"up": {"uv": [10.5, 2, 10.525, 2.05], "rotation": 90, "texture": "#1"},
				"down": {"uv": [10.5, 2, 10.525, 2.05], "rotation": 90, "texture": "#1"}
			}
		},
		{
			"name": "octagon",
			"from": [7.2, 8.53431, 14.5],
			"to": [7.4, 8.86569, 14.6],
			"rotation": {"angle": 45, "axis": "x", "origin": [8, 8.7, 14.2]},
			"faces": {
				"north": {"uv": [9.75, 10.5, 9.83284, 10.55], "rotation": 90, "texture": "#1"},
				"east": {"uv": [9.75, 10.5, 9.83284, 10.55], "rotation": 90, "texture": "#1"},
				"south": {"uv": [9.75, 10.5, 9.83284, 10.55], "rotation": 90, "texture": "#1"},
				"west": {"uv": [9.75, 10.5, 9.83284, 10.55], "rotation": 90, "texture": "#1"},
				"up": {"uv": [9.75, 10.5, 9.83284, 10.55], "rotation": 90, "texture": "#1"},
				"down": {"uv": [9.75, 10.5, 9.83284, 10.55], "rotation": 90, "texture": "#1"}
			}
		},
		{
			"name": "octagon",
			"from": [7.2, 9, 14.03431],
			"to": [7.4, 9.1, 14.36569],
			"rotation": {"angle": 45, "axis": "x", "origin": [8, 8.7, 14.2]},
			"faces": {
				"north": {"uv": [8.25, 10.5, 8.275, 10.55], "rotation": 90, "texture": "#1"},
				"east": {"uv": [8.25, 10.5, 8.275, 10.55], "rotation": 90, "texture": "#1"},
				"south": {"uv": [8.25, 10.5, 8.275, 10.55], "rotation": 90, "texture": "#1"},
				"west": {"uv": [8.25, 10.5, 8.275, 10.55], "rotation": 90, "texture": "#1"},
				"up": {"uv": [8.25, 10.5, 8.275, 10.55], "rotation": 90, "texture": "#1"},
				"down": {"uv": [8.25, 10.5, 8.275, 10.55], "rotation": 90, "texture": "#1"}
			}
		},
		{
			"name": "octagon",
			"from": [7.8136, 9.35, -3.3],
			"to": [8.1864, 10.25, 12.2],
			"rotation": {"angle": 45, "axis": "z", "origin": [8, 9.8, 10.7]},
			"faces": {
				"north": {"uv": [0, 0, 0.0932, 0.225], "texture": "#0"},
				"east": {"uv": [0, 0, 0.0932, 0.225], "texture": "#0"},
				"south": {"uv": [0, 0, 0.0932, 0.225], "texture": "#0"},
				"west": {"uv": [0, 0, 0.0932, 0.225], "texture": "#0"},
				"up": {"uv": [0, 0, 0.0932, 0.225], "texture": "#0"},
				"down": {"uv": [0, 0, 0.0932, 0.225], "texture": "#0"}
			}
		},
		{
			"name": "octagon",
			"from": [7.8136, 9.35, -3.3],
			"to": [8.1864, 10.25, 12.2],
			"rotation": {"angle": 0, "axis": "y", "origin": [8, 9.8, 10.7]},
			"faces": {
				"north": {"uv": [0, 0, 0.0932, 0.225], "texture": "#0"},
				"east": {"uv": [0, 0, 0.0932, 0.225], "texture": "#0"},
				"south": {"uv": [0, 0, 0.0932, 0.225], "texture": "#0"},
				"west": {"uv": [0, 0, 0.0932, 0.225], "texture": "#0"},
				"up": {"uv": [0, 0, 0.0932, 0.225], "texture": "#0"},
				"down": {"uv": [0, 0, 0.0932, 0.225], "texture": "#0"}
			}
		},
		{
			"name": "octagon",
			"from": [7.55, 9.6136, -3.3],
			"to": [8.45, 9.9864, 12.2],
			"rotation": {"angle": 45, "axis": "z", "origin": [8, 9.8, 10.7]},
			"faces": {
				"north": {"uv": [0, 0, 0.225, 0.0932], "texture": "#0"},
				"east": {"uv": [0, 0, 0.225, 0.0932], "texture": "#0"},
				"south": {"uv": [0, 0, 0.225, 0.0932], "texture": "#0"},
				"west": {"uv": [0, 0, 0.225, 0.0932], "texture": "#0"},
				"up": {"uv": [0, 0, 0.225, 0.0932], "texture": "#0"},
				"down": {"uv": [0, 0, 0.225, 0.0932], "texture": "#0"}
			}
		},
		{
			"name": "octagon",
			"from": [7.55, 9.6136, -3.3],
			"to": [8.45, 9.9864, 12.2],
			"rotation": {"angle": 0, "axis": "y", "origin": [8, 9.8, 10.7]},
			"faces": {
				"north": {"uv": [0, 0, 0.225, 0.0932], "texture": "#0"},
				"east": {"uv": [0, 0, 0.225, 0.0932], "texture": "#0"},
				"south": {"uv": [0, 0, 0.225, 0.0932], "texture": "#0"},
				"west": {"uv": [0, 0, 0.225, 0.0932], "texture": "#0"},
				"up": {"uv": [0, 0, 0.225, 0.0932], "texture": "#0"},
				"down": {"uv": [0, 0, 0.225, 0.0932], "texture": "#0"}
			}
		},
		{
			"name": "octagon",
			"from": [7.79289, 8.95, 4.3],
			"to": [8.20711, 9.95, 9.8],
			"rotation": {"angle": 45, "axis": "z", "origin": [8, 9.45, 10.7]},
			"faces": {
				"north": {"uv": [0, 0, 0.25, 0.25], "texture": "#2"},
				"east": {"uv": [0, 0, 0.25, 0.25], "texture": "#2"},
				"south": {"uv": [0, 0, 0.25, 0.25], "texture": "#2"},
				"west": {"uv": [0, 0, 0.25, 0.25], "texture": "#2"},
				"up": {"uv": [0, 0, 0.25, 0.25], "texture": "#2"},
				"down": {"uv": [0, 0, 4, 15], "texture": "#2"}
			}
		},
		{
			"name": "octagon",
			"from": [7.79289, 9.35001, 4.3],
			"to": [8.20711, 10.35001, 9.8],
			"rotation": {"angle": 45, "axis": "z", "origin": [8, 9.85001, 10.7]},
			"faces": {
				"north": {"uv": [0, 0, 0.25, 0.25], "texture": "#2"},
				"east": {"uv": [0, 0, 0.25, 0.25], "texture": "#2"},
				"south": {"uv": [0, 0, 0.25, 0.25], "texture": "#2"},
				"west": {"uv": [0, 0, 0.25, 0.25], "texture": "#2"},
				"up": {"uv": [0, 0, 0.25, 0.25], "texture": "#2"},
				"down": {"uv": [0, 0, 4, 15], "texture": "#2"}
			}
		},
		{
			"name": "octagon",
			"from": [7.79289, 8.95, 4.3],
			"to": [8.20711, 10.35, 9.8],
			"rotation": {"angle": 0, "axis": "y", "origin": [8, 9.45, 10.7]},
			"faces": {
				"north": {"uv": [0, 0, 4, 15], "texture": "#2"},
				"east": {"uv": [0, 0, 4, 15], "texture": "#2"},
				"south": {"uv": [0, 0, 4, 15], "texture": "#2"},
				"west": {"uv": [0, 0, 4, 15], "texture": "#2"},
				"up": {"uv": [0, 0, 4, 15], "texture": "#2"},
				"down": {"uv": [0, 0, 4, 15], "texture": "#2"}
			}
		},
		{
			"name": "octagon",
			"from": [7.5, 9.24289, 4.3],
			"to": [8.5, 9.65711, 9.8],
			"rotation": {"angle": 45, "axis": "z", "origin": [8, 9.45, 10.7]},
			"faces": {
				"north": {"uv": [0, 0, 4, 15], "texture": "#2"},
				"east": {"uv": [0, 0, 4, 15], "texture": "#2"},
				"south": {"uv": [0, 0, 4, 15], "texture": "#2"},
				"west": {"uv": [0, 0, 4, 15], "texture": "#2"},
				"up": {"uv": [0, 0, 4, 15], "texture": "#2"},
				"down": {"uv": [0, 0, 4, 15], "texture": "#2"}
			}
		},
		{
			"name": "octagon",
			"from": [7.5, 9.6429, 4.3],
			"to": [8.5, 10.05712, 9.8],
			"rotation": {"angle": 45, "axis": "z", "origin": [8, 9.85001, 10.7]},
			"faces": {
				"north": {"uv": [0, 0, 4, 15], "texture": "#2"},
				"east": {"uv": [0, 0, 4, 15], "texture": "#2"},
				"south": {"uv": [0, 0, 4, 15], "texture": "#2"},
				"west": {"uv": [0, 0, 4, 15], "texture": "#2"},
				"up": {"uv": [0, 0, 4, 15], "texture": "#2"},
				"down": {"uv": [0, 0, 4, 15], "texture": "#2"}
			}
		},
		{
			"name": "octagon",
			"from": [7.5, 9.24289, 4.3],
			"to": [8.5, 10.05711, 9.8],
			"rotation": {"angle": 0, "axis": "y", "origin": [8, 9.45, 10.7]},
			"faces": {
				"north": {"uv": [0, 0, 4, 15], "texture": "#2"},
				"east": {"uv": [0, 0, 4, 15], "texture": "#2"},
				"south": {"uv": [0, 0, 4, 15], "texture": "#2"},
				"west": {"uv": [0, 0, 4, 15], "texture": "#2"},
				"up": {"uv": [0, 0, 4, 15], "texture": "#2"},
				"down": {"uv": [0, 0, 4, 15], "texture": "#2"}
			}
		}
	],
	"display": {
		"thirdperson_righthand": {
			"translation": [0, 0, -5]
		},
		"thirdperson_lefthand": {
			"translation": [0, 0, -5.5]
		},
		"firstperson_righthand": {
			"translation": [-3.5, 1.5, 0]
		},
		"ground": {
			"translation": [0, 0, -4.25]
		},
		"gui": {
			"rotation": [-90, 135, 90]
		},
		"head": {
			"translation": [0, 9.5, 0]
		},
		"fixed": {
			"rotation": [-90, -135, -90],
			"translation": [3, 1, -2],
			"scale": [2, 2, 2]
		}
	}
}