{
	"texture_size": [128, 128],
	"textures": {
		"0": "block/red_wool",
		"1": "block/black_wool",
		"2": "block/iron_block",
		"3": "block/orange_wool",
		"4": "block/smithing_table_top",
		"5": "entity/chest/normal",
		"particle": "block/red_wool"
	},
	"elements": [
		{
			"from": [5.3, 2.31, 4.87],
			"to": [10.8, 4.31, 10.87],
			"rotation": {"angle": 0, "axis": "y", "origin": [8.05, 3.3, 6.8]},
			"faces": {
				"north": {"uv": [3.5, 4.25, 7, 10.5], "texture": "#5"},
				"east": {"uv": [3.5, 4.25, 7, 10.5], "texture": "#5"},
				"south": {"uv": [3.5, 4.25, 7, 10.5], "texture": "#5"},
				"west": {"uv": [3.5, 4.25, 7, 10.5], "texture": "#5"},
				"up": {"uv": [3.5, 4.25, 7, 10.5], "texture": "#5"},
				"down": {"uv": [3.5, 4.25, 7, 10.5], "texture": "#5"}
			}
		},
		{
			"from": [5.4, 3.61, 9.57],
			"to": [10.7, 9.01, 11.77],
			"rotation": {"angle": 22.5, "axis": "x", "origin": [8.05, 6.46, 10.67]},
			"faces": {
				"north": {"uv": [3.5, 4.25, 7, 10.5], "texture": "#5"},
				"east": {"uv": [3.5, 4.25, 7, 10.5], "texture": "#5"},
				"south": {"uv": [3.5, 4.25, 7, 10.5], "texture": "#5"},
				"west": {"uv": [3.5, 4.25, 7, 10.5], "texture": "#5"},
				"up": {"uv": [3.5, 4.25, 7, 10.5], "texture": "#5"},
				"down": {"uv": [3.5, 4.25, 7, 10.5], "texture": "#5"}
			}
		},
		{
			"from": [5.5, 2, 1.5],
			"to": [10.5, 3, 2.5],
			"rotation": {"angle": 0, "axis": "y", "origin": [8, 2.5, 2]},
			"faces": {
				"north": {"uv": [0, 0, 0.625, 0.125], "texture": "#0"},
				"east": {"uv": [0, 0, 0.125, 0.125], "texture": "#0"},
				"south": {"uv": [0, 0, 0.625, 0.125], "texture": "#0"},
				"west": {"uv": [0, 0, 0.125, 0.125], "texture": "#0"},
				"up": {"uv": [0, 0, 0.625, 0.125], "texture": "#0"},
				"down": {"uv": [0, 0, 0.625, 0.125], "texture": "#0"}
			}
		},
		{
			"from": [5.5, 2, 2.5],
			"to": [6.5, 3, 13.4],
			"rotation": {"angle": 0, "axis": "y", "origin": [8, 2.5, 6]},
			"faces": {
				"north": {"uv": [0, 0, 0.125, 0.125], "texture": "#0"},
				"east": {"uv": [0, 0, 1.3625, 0.125], "texture": "#0"},
				"south": {"uv": [0, 0, 0.125, 0.125], "texture": "#0"},
				"west": {"uv": [0, 0, 1.3625, 0.125], "texture": "#0"},
				"up": {"uv": [0, 0, 0.125, 1.3625], "texture": "#0"},
				"down": {"uv": [0, 0, 0.125, 1.3625], "texture": "#0"}
			}
		},
		{
			"from": [9.5, 2, 2.5],
			"to": [10.5, 3, 13.4],
			"rotation": {"angle": 0, "axis": "y", "origin": [8, 2.5, 6]},
			"faces": {
				"north": {"uv": [0.125, 0, 0.25, 0.125], "texture": "#0"},
				"east": {"uv": [1.375, 0, 2.7375, 0.125], "texture": "#0"},
				"south": {"uv": [0.125, 0, 0.25, 0.125], "texture": "#0"},
				"west": {"uv": [1.375, 0, 2.7375, 0.125], "texture": "#0"},
				"up": {"uv": [0.125, 0, 0.25, 1.3625], "texture": "#0"},
				"down": {"uv": [0.125, 0, 0.25, 1.3625], "texture": "#0"}
			}
		},
		{
			"from": [4.5, 2.1, 4],
			"to": [11.5, 2.9, 4.8],
			"rotation": {"angle": 0, "axis": "y", "origin": [8, 2.5, 4.4]},
			"faces": {
				"north": {"uv": [0, 0, 0.875, 0.1], "texture": "#0"},
				"east": {"uv": [0, 0, 0.1, 0.1], "texture": "#0"},
				"south": {"uv": [0, 0, 0.875, 0.1], "texture": "#0"},
				"west": {"uv": [0, 0, 0.1, 0.1], "texture": "#0"},
				"up": {"uv": [0, 0, 0.875, 0.1], "texture": "#0"},
				"down": {"uv": [0, 0, 0.875, 0.1], "texture": "#0"}
			}
		},
		{
			"from": [5.5, 4, 1.5],
			"to": [10.5, 5, 2.5],
			"rotation": {"angle": 0, "axis": "y", "origin": [8, 4.5, 2]},
			"faces": {
				"north": {"uv": [0, 0, 0.625, 0.125], "texture": "#0"},
				"east": {"uv": [0, 0, 0.125, 0.125], "texture": "#0"},
				"south": {"uv": [0, 0, 0.625, 0.125], "texture": "#0"},
				"west": {"uv": [0, 0, 0.125, 0.125], "texture": "#0"},
				"up": {"uv": [0, 0, 0.625, 0.125], "texture": "#0"},
				"down": {"uv": [0, 0, 0.625, 0.125], "texture": "#0"}
			}
		},
		{
			"from": [3.5, 2.5, 12.5],
			"to": [12.5, 3.5, 13.5],
			"rotation": {"angle": 0, "axis": "y", "origin": [8, 3, 13]},
			"faces": {
				"north": {"uv": [0, 0, 1.125, 0.125], "texture": "#0"},
				"east": {"uv": [0, 0, 0.125, 0.125], "texture": "#0"},
				"south": {"uv": [0, 0, 1.125, 0.125], "texture": "#0"},
				"west": {"uv": [0, 0, 0.125, 0.125], "texture": "#0"},
				"up": {"uv": [0, 0, 1.125, 0.125], "texture": "#0"},
				"down": {"uv": [0, 0, 1.125, 0.125], "texture": "#0"}
			}
		},
		{
			"from": [6.6, 3, 1.6],
			"to": [7.4, 4, 2.4],
			"rotation": {"angle": 0, "axis": "y", "origin": [8, 3.5, 2]},
			"faces": {
				"north": {"uv": [0, 0, 0.1, 0.125], "texture": "#0"},
				"east": {"uv": [0, 0, 0.1, 0.125], "texture": "#0"},
				"south": {"uv": [0, 0, 0.1, 0.125], "texture": "#0"},
				"west": {"uv": [0, 0, 0.1, 0.125], "texture": "#0"},
				"up": {"uv": [0, 0, 0.1, 0.1], "texture": "#0"},
				"down": {"uv": [0, 0, 0.1, 0.1], "texture": "#0"}
			}
		},
		{
			"from": [8.6, 3, 1.6],
			"to": [9.4, 4, 2.4],
			"rotation": {"angle": 0, "axis": "y", "origin": [8, 3.5, 2]},
			"faces": {
				"north": {"uv": [0.125, 0, 0.225, 0.125], "texture": "#0"},
				"east": {"uv": [0.125, 0, 0.225, 0.125], "texture": "#0"},
				"south": {"uv": [0.125, 0, 0.225, 0.125], "texture": "#0"},
				"west": {"uv": [0.125, 0, 0.225, 0.125], "texture": "#0"},
				"up": {"uv": [0.125, 0, 0.225, 0.1], "texture": "#0"},
				"down": {"uv": [0.125, 0, 0.225, 0.1], "texture": "#0"}
			}
		},
		{
			"from": [5.3, 6.5, 12.9],
			"to": [8.3, 7.5, 13.9],
			"rotation": {"angle": 0, "axis": "y", "origin": [6.8, 7, 13.4]},
			"faces": {
				"north": {"uv": [0, 0, 0.375, 0.125], "texture": "#4"},
				"east": {"uv": [0, 0, 0.125, 0.125], "texture": "#4"},
				"south": {"uv": [0, 0, 0.375, 0.125], "texture": "#4"},
				"west": {"uv": [0, 0, 0.125, 0.125], "texture": "#4"},
				"up": {"uv": [0, 0, 0.375, 0.125], "texture": "#4"},
				"down": {"uv": [0, 0, 0.375, 0.125], "texture": "#4"}
			}
		},
		{
			"from": [4.8, 6.9, 12.5],
			"to": [5.8, 7.2, 12.8],
			"rotation": {"angle": 45, "axis": "y", "origin": [6.3, 7, 13]},
			"faces": {
				"north": {"uv": [0, 0, 0.125, 0.0375], "texture": "#4"},
				"east": {"uv": [0, 0, 0.0375, 0.0375], "texture": "#4"},
				"south": {"uv": [0, 0, 0.125, 0.0375], "texture": "#4"},
				"west": {"uv": [0, 0, 0.0375, 0.0375], "texture": "#4"},
				"up": {"uv": [0, 0, 0.125, 0.0375], "texture": "#4"},
				"down": {"uv": [0, 0, 0.125, 0.0375], "texture": "#4"}
			}
		},
		{
			"from": [8.5, 6.5, 12.3],
			"to": [9.5, 7.8, 13.3],
			"rotation": {"angle": 0, "axis": "y", "origin": [8, 7, 12.8]},
			"faces": {
				"north": {"uv": [0.125, 0, 0, 0.1625], "texture": "#3"},
				"east": {"uv": [0.125, 0, 0, 0.1625], "texture": "#3"},
				"south": {"uv": [0.125, 0, 0, 0.1625], "texture": "#3"},
				"west": {"uv": [0.125, 0, 0, 0.1625], "texture": "#3"},
				"up": {"uv": [0.125, 0, 0, 0.125], "texture": "#3"},
				"down": {"uv": [0.125, 0, 0, 0.125], "texture": "#3"}
			}
		},
		{
			"from": [8.5, 7.5706, 12.45328],
			"to": [9.5, 8.8706, 13.45328],
			"rotation": {"angle": 22.5, "axis": "x", "origin": [8, 8.0706, 12.95328]},
			"faces": {
				"north": {"uv": [0.125, 0, 0, 0.1625], "texture": "#3"},
				"east": {"uv": [0.125, 0, 0, 0.1625], "texture": "#3"},
				"south": {"uv": [0.125, 0, 0, 0.1625], "texture": "#3"},
				"west": {"uv": [0.125, 0, 0, 0.1625], "texture": "#3"},
				"up": {"uv": [0.125, 0, 0, 0.125], "texture": "#3"},
				"down": {"uv": [0.125, 0, 0, 0.125], "texture": "#3"}
			}
		},
		{
			"from": [2.5, 2.2, 9.7],
			"to": [13.5, 2.8, 10.3],
			"rotation": {"angle": 0, "axis": "y", "origin": [8, 2.5, 10]},
			"faces": {
				"north": {"uv": [0, 0, 1.375, 0.075], "texture": "#0"},
				"east": {"uv": [0, 0, 0.075, 0.075], "texture": "#0"},
				"south": {"uv": [0, 0, 1.375, 0.075], "texture": "#0"},
				"west": {"uv": [0, 0, 0.075, 0.075], "texture": "#0"},
				"up": {"uv": [0, 0, 1.375, 0.075], "texture": "#0"},
				"down": {"uv": [0, 0, 1.375, 0.075], "texture": "#0"}
			}
		},
		{
			"from": [4.5, 2.1, 1.5],
			"to": [5.2, 2.9, 10.9],
			"rotation": {"angle": -22.5, "axis": "y", "origin": [5, 2.5, 4]},
			"faces": {
				"north": {"uv": [0, 0, 0.0875, 0.1], "texture": "#0"},
				"east": {"uv": [0, 0, 1.175, 0.1], "texture": "#0"},
				"south": {"uv": [0, 0, 0.0875, 0.1], "texture": "#0"},
				"west": {"uv": [0, 0, 1.175, 0.1], "texture": "#0"},
				"up": {"uv": [0, 0, 0.0875, 1.175], "texture": "#0"},
				"down": {"uv": [0, 0, 0.0875, 1.175], "texture": "#0"}
			}
		},
		{
			"from": [10.7, 2.1, 1.5],
			"to": [11.5, 2.9, 11],
			"rotation": {"angle": 22.5, "axis": "y", "origin": [11, 2.5, 4]},
			"faces": {
				"north": {"uv": [0.125, 0, 0.225, 0.1], "texture": "#0"},
				"east": {"uv": [1.25, 0, 2.4375, 0.1], "texture": "#0"},
				"south": {"uv": [0.125, 0, 0.225, 0.1], "texture": "#0"},
				"west": {"uv": [1.25, 0, 2.4375, 0.1], "texture": "#0"},
				"up": {"uv": [0.125, 0, 0.225, 1.1875], "texture": "#0"},
				"down": {"uv": [0.125, 0, 0.225, 1.1875], "texture": "#0"}
			}
		},
		{
			"from": [5.5, 3.5, 10.5],
			"to": [10.5, 6.5, 13.5],
			"rotation": {"angle": 0, "axis": "y", "origin": [8, 4, 12]},
			"faces": {
				"north": {"uv": [0, 0, 16, 12], "texture": "#4"},
				"east": {"uv": [0, 0, 16, 12], "texture": "#4"},
				"south": {"uv": [0, 0, 16, 12], "texture": "#4"},
				"west": {"uv": [0, 0, 16, 12], "texture": "#4"},
				"up": {"uv": [0, 0, 16, 12], "texture": "#4"},
				"down": {"uv": [0, 0, 16, 12], "texture": "#4"}
			}
		},
		{
			"from": [9.75, 2, 2.85],
			"to": [9.95, 3.5, 3.05],
			"rotation": {"angle": 45, "axis": "x", "origin": [9.75, 3, 3.75]},
			"faces": {
				"north": {"uv": [3.875, 9.125, 4, 9.375], "texture": "#2"},
				"east": {"uv": [4, 9.125, 4.125, 9.375], "texture": "#2"},
				"south": {"uv": [4.125, 9.125, 4.25, 9.375], "texture": "#2"},
				"west": {"uv": [4.25, 9.125, 4.375, 9.375], "texture": "#2"},
				"up": {"uv": [9.625, 9.5, 9.5, 9.375], "texture": "#2"},
				"down": {"uv": [0.125, 9.625, 0, 9.75], "texture": "#2"}
			}
		},
		{
			"from": [10.35, 1.7, 2.85],
			"to": [10.55, 3.5, 3.05],
			"rotation": {"angle": 45, "axis": "x", "origin": [10.35, 3, 3.75]},
			"faces": {
				"north": {"uv": [4.375, 9.125, 4.5, 9.375], "texture": "#2"},
				"east": {"uv": [4.5, 9.125, 4.625, 9.375], "texture": "#2"},
				"south": {"uv": [4.625, 9.125, 4.75, 9.375], "texture": "#2"},
				"west": {"uv": [4.75, 9.125, 4.875, 9.375], "texture": "#2"},
				"up": {"uv": [4, 9.75, 3.875, 9.625], "texture": "#2"},
				"down": {"uv": [4.125, 9.625, 4, 9.75], "texture": "#2"}
			}
		},
		{
			"from": [6.3, 1.7, 3.1],
			"to": [6.5, 3.5, 3.3],
			"rotation": {"angle": 45, "axis": "x", "origin": [6.5, 3, 4]},
			"faces": {
				"north": {"uv": [9.25, 0, 9.375, 0.25], "texture": "#2"},
				"east": {"uv": [9.25, 0.25, 9.375, 0.5], "texture": "#2"},
				"south": {"uv": [9.25, 0.5, 9.375, 0.75], "texture": "#2"},
				"west": {"uv": [9.25, 1, 9.375, 1.25], "texture": "#2"},
				"up": {"uv": [9.875, 2.25, 9.75, 2.125], "texture": "#2"},
				"down": {"uv": [9.875, 2.25, 9.75, 2.375], "texture": "#2"}
			}
		},
		{
			"from": [9.65, 3.5, 2.75],
			"to": [10.05, 3.6, 3.75],
			"rotation": {"angle": 45, "axis": "x", "origin": [9.75, 3, 3.75]},
			"faces": {
				"north": {"uv": [0.125, 9.625, 0.25, 9.75], "texture": "#1"},
				"east": {"uv": [0.25, 9.625, 0.375, 9.75], "texture": "#1"},
				"south": {"uv": [0.375, 9.625, 0.5, 9.75], "texture": "#1"},
				"west": {"uv": [0.5, 9.625, 0.625, 9.75], "texture": "#1"},
				"up": {"uv": [0.75, 9.75, 0.625, 9.625], "texture": "#1"},
				"down": {"uv": [0.875, 9.625, 0.75, 9.75], "texture": "#1"}
			}
		},
		{
			"from": [10.25, 3.5, 2.75],
			"to": [10.65, 3.6, 3.75],
			"rotation": {"angle": 45, "axis": "x", "origin": [10.35, 3, 3.75]},
			"faces": {
				"north": {"uv": [3.125, 9.625, 3.25, 9.75], "texture": "#1"},
				"east": {"uv": [3.25, 9.625, 3.375, 9.75], "texture": "#1"},
				"south": {"uv": [3.375, 9.625, 3.5, 9.75], "texture": "#1"},
				"west": {"uv": [3.5, 9.625, 3.625, 9.75], "texture": "#1"},
				"up": {"uv": [3.75, 9.75, 3.625, 9.625], "texture": "#1"},
				"down": {"uv": [3.875, 9.625, 3.75, 9.75], "texture": "#1"}
			}
		},
		{
			"from": [6.2, 3.5, 3],
			"to": [6.6, 3.6, 4],
			"rotation": {"angle": 45, "axis": "x", "origin": [6.5, 3, 4]},
			"faces": {
				"north": {"uv": [1.625, 9.625, 1.75, 9.75], "texture": "#1"},
				"east": {"uv": [1.75, 9.625, 1.875, 9.75], "texture": "#1"},
				"south": {"uv": [1.875, 9.625, 2, 9.75], "texture": "#1"},
				"west": {"uv": [2, 9.625, 2.125, 9.75], "texture": "#1"},
				"up": {"uv": [2.25, 9.75, 2.125, 9.625], "texture": "#1"},
				"down": {"uv": [2.375, 9.625, 2.25, 9.75], "texture": "#1"}
			}
		},
		{
			"name": "hexadecagon",
			"from": [7.70163, 6, 2.6],
			"to": [8.29837, 6.2, 2.8],
			"rotation": {"angle": -45, "axis": "y", "origin": [8, 6.5, 4.1]},
			"faces": {
				"north": {"uv": [9.625, 5.875, 9.75, 6], "texture": "#1"},
				"east": {"uv": [9.625, 6, 9.75, 6.125], "texture": "#1"},
				"south": {"uv": [9.625, 6.125, 9.75, 6.25], "texture": "#1"},
				"west": {"uv": [9.625, 6.25, 9.75, 6.375], "texture": "#1"},
				"up": {"uv": [9.75, 6.5, 9.625, 6.375], "texture": "#1"},
				"down": {"uv": [9.75, 6.5, 9.625, 6.625], "texture": "#1"}
			}
		},
		{
			"name": "hexadecagon",
			"from": [7.70163, 6, 2.6],
			"to": [8.29837, 6.2, 2.8],
			"rotation": {"angle": -22.5, "axis": "y", "origin": [8, 6.5, 4.1]},
			"faces": {
				"north": {"uv": [9.625, 6.625, 9.75, 6.75], "texture": "#1"},
				"east": {"uv": [9.625, 6.75, 9.75, 6.875], "texture": "#1"},
				"south": {"uv": [9.625, 6.875, 9.75, 7], "texture": "#1"},
				"west": {"uv": [9.625, 7, 9.75, 7.125], "texture": "#1"},
				"up": {"uv": [9.75, 7.25, 9.625, 7.125], "texture": "#1"},
				"down": {"uv": [9.75, 7.25, 9.625, 7.375], "texture": "#1"}
			}
		},
		{
			"name": "hexadecagon",
			"from": [7.70163, 6, 2.6],
			"to": [8.29837, 6.2, 2.8],
			"rotation": {"angle": 0, "axis": "y", "origin": [8, 6.5, 4.1]},
			"faces": {
				"north": {"uv": [9.625, 7.375, 9.75, 7.5], "texture": "#1"},
				"east": {"uv": [9.625, 7.5, 9.75, 7.625], "texture": "#1"},
				"south": {"uv": [9.625, 7.625, 9.75, 7.75], "texture": "#1"},
				"west": {"uv": [9.625, 7.75, 9.75, 7.875], "texture": "#1"},
				"up": {"uv": [9.75, 8, 9.625, 7.875], "texture": "#1"},
				"down": {"uv": [9.75, 8, 9.625, 8.125], "texture": "#1"}
			}
		},
		{
			"name": "hexadecagon",
			"from": [7.90163, 6, 2.8],
			"to": [8.09837, 6.1, 4.2],
			"rotation": {"angle": 0, "axis": "y", "origin": [8, 6.5, 4.1]},
			"faces": {
				"north": {"uv": [9, 9.75, 9.125, 9.875], "texture": "#3"},
				"east": {"uv": [9.125, 9.75, 9.25, 9.875], "texture": "#3"},
				"south": {"uv": [9.25, 9.75, 9.375, 9.875], "texture": "#3"},
				"west": {"uv": [9.375, 9.75, 9.5, 9.875], "texture": "#3"},
				"up": {"uv": [9.625, 9.875, 9.5, 9.75], "texture": "#3"},
				"down": {"uv": [9.75, 9.75, 9.625, 9.875], "texture": "#3"}
			}
		},
		{
			"name": "hexadecagon",
			"from": [7.70163, 6, 2.6],
			"to": [8.29837, 6.2, 2.8],
			"rotation": {"angle": 22.5, "axis": "y", "origin": [8, 6.5, 4.1]},
			"faces": {
				"north": {"uv": [9.625, 8.125, 9.75, 8.25], "texture": "#1"},
				"east": {"uv": [9.625, 8.25, 9.75, 8.375], "texture": "#1"},
				"south": {"uv": [9.625, 8.375, 9.75, 8.5], "texture": "#1"},
				"west": {"uv": [9.625, 8.5, 9.75, 8.625], "texture": "#1"},
				"up": {"uv": [9.75, 8.75, 9.625, 8.625], "texture": "#1"},
				"down": {"uv": [9.75, 8.75, 9.625, 8.875], "texture": "#1"}
			}
		},
		{
			"name": "hexadecagon",
			"from": [7.70163, 6, 2.6],
			"to": [8.29837, 6.2, 2.8],
			"rotation": {"angle": 45, "axis": "y", "origin": [8, 6.5, 4.1]},
			"faces": {
				"north": {"uv": [9.625, 8.875, 9.75, 9], "texture": "#1"},
				"east": {"uv": [9.625, 9, 9.75, 9.125], "texture": "#1"},
				"south": {"uv": [9.625, 9.125, 9.75, 9.25], "texture": "#1"},
				"west": {"uv": [9.625, 9.25, 9.75, 9.375], "texture": "#1"},
				"up": {"uv": [9.75, 9.5, 9.625, 9.375], "texture": "#1"},
				"down": {"uv": [9.75, 9.5, 9.625, 9.625], "texture": "#1"}
			}
		},
		{
			"name": "hexadecagon",
			"from": [7.70163, 6, 5.4],
			"to": [8.29837, 6.2, 5.6],
			"rotation": {"angle": -45, "axis": "y", "origin": [8, 6.5, 4.1]},
			"faces": {
				"north": {"uv": [0, 9.75, 0.125, 9.875], "texture": "#1"},
				"east": {"uv": [0.125, 9.75, 0.25, 9.875], "texture": "#1"},
				"south": {"uv": [0.25, 9.75, 0.375, 9.875], "texture": "#1"},
				"west": {"uv": [0.375, 9.75, 0.5, 9.875], "texture": "#1"},
				"up": {"uv": [0.625, 9.875, 0.5, 9.75], "texture": "#1"},
				"down": {"uv": [0.75, 9.75, 0.625, 9.875], "texture": "#1"}
			}
		},
		{
			"name": "hexadecagon",
			"from": [7.90163, 6, 4.1],
			"to": [8.09837, 6.1, 5.4],
			"rotation": {"angle": -45, "axis": "y", "origin": [8, 6.5, 4.1]},
			"faces": {
				"north": {"uv": [9.75, 0.625, 9.875, 0.75], "texture": "#3"},
				"east": {"uv": [9.75, 0.75, 9.875, 0.875], "texture": "#3"},
				"south": {"uv": [9.75, 0.875, 9.875, 1], "texture": "#3"},
				"west": {"uv": [9.75, 1, 9.875, 1.125], "texture": "#3"},
				"up": {"uv": [9.875, 1.25, 9.75, 1.125], "texture": "#3"},
				"down": {"uv": [9.875, 1.25, 9.75, 1.375], "texture": "#3"}
			}
		},
		{
			"name": "hexadecagon",
			"from": [7.70163, 6, 5.4],
			"to": [8.29837, 6.2, 5.6],
			"rotation": {"angle": -22.5, "axis": "y", "origin": [8, 6.5, 4.1]},
			"faces": {
				"north": {"uv": [0.75, 9.75, 0.875, 9.875], "texture": "#1"},
				"east": {"uv": [0.875, 9.75, 1, 9.875], "texture": "#1"},
				"south": {"uv": [1, 9.75, 1.125, 9.875], "texture": "#1"},
				"west": {"uv": [1.125, 9.75, 1.25, 9.875], "texture": "#1"},
				"up": {"uv": [1.375, 9.875, 1.25, 9.75], "texture": "#1"},
				"down": {"uv": [1.5, 9.75, 1.375, 9.875], "texture": "#1"}
			}
		},
		{
			"name": "hexadecagon",
			"from": [7.70163, 6, 5.4],
			"to": [8.29837, 6.2, 5.6],
			"rotation": {"angle": 0, "axis": "y", "origin": [8, 6.5, 4.1]},
			"faces": {
				"north": {"uv": [1.5, 9.75, 1.625, 9.875], "texture": "#1"},
				"east": {"uv": [1.625, 9.75, 1.75, 9.875], "texture": "#1"},
				"south": {"uv": [1.75, 9.75, 1.875, 9.875], "texture": "#1"},
				"west": {"uv": [1.875, 9.75, 2, 9.875], "texture": "#1"},
				"up": {"uv": [2.125, 9.875, 2, 9.75], "texture": "#1"},
				"down": {"uv": [2.25, 9.75, 2.125, 9.875], "texture": "#1"}
			}
		},
		{
			"name": "hexadecagon",
			"from": [7.70163, 6, 5.4],
			"to": [8.29837, 6.2, 5.6],
			"rotation": {"angle": 22.5, "axis": "y", "origin": [8, 6.5, 4.1]},
			"faces": {
				"north": {"uv": [2.25, 9.75, 2.375, 9.875], "texture": "#1"},
				"east": {"uv": [2.375, 9.75, 2.5, 9.875], "texture": "#1"},
				"south": {"uv": [2.5, 9.75, 2.625, 9.875], "texture": "#1"},
				"west": {"uv": [2.625, 9.75, 2.75, 9.875], "texture": "#1"},
				"up": {"uv": [2.875, 9.875, 2.75, 9.75], "texture": "#1"},
				"down": {"uv": [3, 9.75, 2.875, 9.875], "texture": "#1"}
			}
		},
		{
			"name": "hexadecagon",
			"from": [7.70163, 6, 5.4],
			"to": [8.29837, 6.2, 5.6],
			"rotation": {"angle": 45, "axis": "y", "origin": [8, 6.5, 4.1]},
			"faces": {
				"north": {"uv": [3, 9.75, 3.125, 9.875], "texture": "#1"},
				"east": {"uv": [3.125, 9.75, 3.25, 9.875], "texture": "#1"},
				"south": {"uv": [3.25, 9.75, 3.375, 9.875], "texture": "#1"},
				"west": {"uv": [3.375, 9.75, 3.5, 9.875], "texture": "#1"},
				"up": {"uv": [3.625, 9.875, 3.5, 9.75], "texture": "#1"},
				"down": {"uv": [3.75, 9.75, 3.625, 9.875], "texture": "#1"}
			}
		},
		{
			"name": "hexadecagon",
			"from": [7.90163, 6, 4.1],
			"to": [8.09837, 6.1, 5.4],
			"rotation": {"angle": 45, "axis": "y", "origin": [8, 6.5, 4.1]},
			"faces": {
				"north": {"uv": [9.75, 9.75, 9.875, 9.875], "texture": "#3"},
				"east": {"uv": [9.75, 0, 9.875, 0.125], "texture": "#3"},
				"south": {"uv": [9.75, 0.125, 9.875, 0.25], "texture": "#3"},
				"west": {"uv": [9.75, 0.25, 9.875, 0.375], "texture": "#3"},
				"up": {"uv": [9.875, 0.5, 9.75, 0.375], "texture": "#3"},
				"down": {"uv": [9.875, 0.5, 9.75, 0.625], "texture": "#3"}
			}
		},
		{
			"name": "hexadecagon",
			"from": [6.5, 6, 3.80163],
			"to": [6.7, 6.2, 4.39837],
			"rotation": {"angle": -22.5, "axis": "y", "origin": [8, 6.5, 4.1]},
			"faces": {
				"north": {"uv": [3.75, 9.75, 3.875, 9.875], "texture": "#1"},
				"east": {"uv": [3.875, 9.75, 4, 9.875], "texture": "#1"},
				"south": {"uv": [4, 9.75, 4.125, 9.875], "texture": "#1"},
				"west": {"uv": [4.125, 9.75, 4.25, 9.875], "texture": "#1"},
				"up": {"uv": [4.375, 9.875, 4.25, 9.75], "texture": "#1"},
				"down": {"uv": [4.5, 9.75, 4.375, 9.875], "texture": "#1"}
			}
		},
		{
			"name": "hexadecagon",
			"from": [6.5, 6, 3.80163],
			"to": [6.7, 6.2, 4.39837],
			"rotation": {"angle": 0, "axis": "y", "origin": [8, 6.5, 4.1]},
			"faces": {
				"north": {"uv": [4.5, 9.75, 4.625, 9.875], "texture": "#1"},
				"east": {"uv": [4.625, 9.75, 4.75, 9.875], "texture": "#1"},
				"south": {"uv": [4.75, 9.75, 4.875, 9.875], "texture": "#1"},
				"west": {"uv": [4.875, 9.75, 5, 9.875], "texture": "#1"},
				"up": {"uv": [5.125, 9.875, 5, 9.75], "texture": "#1"},
				"down": {"uv": [5.25, 9.75, 5.125, 9.875], "texture": "#1"}
			}
		},
		{
			"name": "hexadecagon",
			"from": [6.5, 6, 3.80163],
			"to": [6.7, 6.2, 4.39837],
			"rotation": {"angle": 22.5, "axis": "y", "origin": [8, 6.5, 4.1]},
			"faces": {
				"north": {"uv": [5.25, 9.75, 5.375, 9.875], "texture": "#1"},
				"east": {"uv": [5.375, 9.75, 5.5, 9.875], "texture": "#1"},
				"south": {"uv": [5.5, 9.75, 5.625, 9.875], "texture": "#1"},
				"west": {"uv": [5.625, 9.75, 5.75, 9.875], "texture": "#1"},
				"up": {"uv": [5.875, 9.875, 5.75, 9.75], "texture": "#1"},
				"down": {"uv": [6, 9.75, 5.875, 9.875], "texture": "#1"}
			}
		},
		{
			"name": "hexadecagon",
			"from": [9.3, 6, 3.80163],
			"to": [9.5, 6.2, 4.39837],
			"rotation": {"angle": -22.5, "axis": "y", "origin": [8, 6.5, 4.1]},
			"faces": {
				"north": {"uv": [6, 9.75, 6.125, 9.875], "texture": "#1"},
				"east": {"uv": [6.125, 9.75, 6.25, 9.875], "texture": "#1"},
				"south": {"uv": [6.25, 9.75, 6.375, 9.875], "texture": "#1"},
				"west": {"uv": [6.375, 9.75, 6.5, 9.875], "texture": "#1"},
				"up": {"uv": [6.625, 9.875, 6.5, 9.75], "texture": "#1"},
				"down": {"uv": [6.75, 9.75, 6.625, 9.875], "texture": "#1"}
			}
		},
		{
			"name": "hexadecagon",
			"from": [9.3, 6, 3.80163],
			"to": [9.5, 6.2, 4.39837],
			"rotation": {"angle": 0, "axis": "y", "origin": [8, 6.5, 4.1]},
			"faces": {
				"north": {"uv": [6.75, 9.75, 6.875, 9.875], "texture": "#1"},
				"east": {"uv": [6.875, 9.75, 7, 9.875], "texture": "#1"},
				"south": {"uv": [7, 9.75, 7.125, 9.875], "texture": "#1"},
				"west": {"uv": [7.125, 9.75, 7.25, 9.875], "texture": "#1"},
				"up": {"uv": [7.375, 9.875, 7.25, 9.75], "texture": "#1"},
				"down": {"uv": [7.5, 9.75, 7.375, 9.875], "texture": "#1"}
			}
		},
		{
			"name": "hexadecagon",
			"from": [9.3, 6, 3.80163],
			"to": [9.5, 6.2, 4.39837],
			"rotation": {"angle": 22.5, "axis": "y", "origin": [8, 6.5, 4.1]},
			"faces": {
				"north": {"uv": [7.5, 9.75, 7.625, 9.875], "texture": "#1"},
				"east": {"uv": [7.625, 9.75, 7.75, 9.875], "texture": "#1"},
				"south": {"uv": [7.75, 9.75, 7.875, 9.875], "texture": "#1"},
				"west": {"uv": [7.875, 9.75, 8, 9.875], "texture": "#1"},
				"up": {"uv": [8.125, 9.875, 8, 9.75], "texture": "#1"},
				"down": {"uv": [8.25, 9.75, 8.125, 9.875], "texture": "#1"}
			}
		},
		{
			"from": [7.9, 2.47782, 4.01924],
			"to": [8.1, 6.07782, 4.21924],
			"rotation": {"angle": 0, "axis": "y", "origin": [8, 4.67782, 4.11924]},
			"faces": {
				"north": {"uv": [8.25, 9.75, 8.375, 9.875], "texture": "#2"},
				"east": {"uv": [8.375, 9.75, 8.5, 9.875], "texture": "#2"},
				"south": {"uv": [8.5, 9.75, 8.625, 9.875], "texture": "#2"},
				"west": {"uv": [8.625, 9.75, 8.75, 9.875], "texture": "#2"},
				"up": {"uv": [8.875, 9.875, 8.75, 9.75], "texture": "#2"},
				"down": {"uv": [9, 9.75, 8.875, 9.875], "texture": "#2"}
			}
		},
		{
			"name": "hexadecagon",
			"from": [3.5, 2.20163, 3],
			"to": [4.5, 2.79837, 3.7],
			"rotation": {"angle": -45, "axis": "x", "origin": [4, 2.5, 4.5]},
			"faces": {
				"north": {"uv": [0, 0, 0.125, 0.125], "texture": "#1"},
				"east": {"uv": [0, 0, 0.125, 0.125], "texture": "#1"},
				"south": {"uv": [0, 0, 0.125, 0.125], "texture": "#1"},
				"west": {"uv": [0, 0, 0.125, 0.125], "texture": "#1"},
				"up": {"uv": [0, 0, 0.125, 0.125], "texture": "#1"},
				"down": {"uv": [0, 0, 0.125, 0.125], "texture": "#1"}
			}
		},
		{
			"name": "hexadecagon",
			"from": [3.5, 2.20163, 3],
			"to": [4.5, 2.79837, 3.7],
			"rotation": {"angle": -22.5, "axis": "x", "origin": [4, 2.5, 4.5]},
			"faces": {
				"north": {"uv": [0, 0, 0.125, 0.125], "texture": "#1"},
				"east": {"uv": [0, 0, 0.125, 0.125], "texture": "#1"},
				"south": {"uv": [0, 0, 0.125, 0.125], "texture": "#1"},
				"west": {"uv": [0, 0, 0.125, 0.125], "texture": "#1"},
				"up": {"uv": [0, 0, 0.125, 0.125], "texture": "#1"},
				"down": {"uv": [0, 0, 0.125, 0.125], "texture": "#1"}
			}
		},
		{
			"name": "hexadecagon",
			"from": [3.5, 2.20163, 3],
			"to": [4.5, 2.79837, 3.7],
			"rotation": {"angle": 0, "axis": "x", "origin": [4, 2.5, 4.5]},
			"faces": {
				"north": {"uv": [0, 0, 0.125, 0.125], "texture": "#1"},
				"east": {"uv": [0, 0, 0.125, 0.125], "texture": "#1"},
				"south": {"uv": [0, 0, 0.125, 0.125], "texture": "#1"},
				"west": {"uv": [0, 0, 0.125, 0.125], "texture": "#1"},
				"up": {"uv": [0, 0, 0.125, 0.125], "texture": "#1"},
				"down": {"uv": [0, 0, 0.125, 0.125], "texture": "#1"}
			}
		},
		{
			"name": "hexadecagon",
			"from": [3.5, 2.20163, 3],
			"to": [4.5, 2.79837, 3.7],
			"rotation": {"angle": 22.5, "axis": "x", "origin": [4, 2.5, 4.5]},
			"faces": {
				"north": {"uv": [0, 0, 0.125, 0.125], "texture": "#1"},
				"east": {"uv": [0, 0, 0.125, 0.125], "texture": "#1"},
				"south": {"uv": [0, 0, 0.125, 0.125], "texture": "#1"},
				"west": {"uv": [0, 0, 0.125, 0.125], "texture": "#1"},
				"up": {"uv": [0, 0, 0.125, 0.125], "texture": "#1"},
				"down": {"uv": [0, 0, 0.125, 0.125], "texture": "#1"}
			}
		},
		{
			"name": "hexadecagon",
			"from": [3.5, 2.20163, 3],
			"to": [4.5, 2.79837, 3.7],
			"rotation": {"angle": 45, "axis": "x", "origin": [4, 2.5, 4.5]},
			"faces": {
				"north": {"uv": [0, 0, 0.125, 0.125], "texture": "#1"},
				"east": {"uv": [0, 0, 0.125, 0.125], "texture": "#1"},
				"south": {"uv": [0, 0, 0.125, 0.125], "texture": "#1"},
				"west": {"uv": [0, 0, 0.125, 0.125], "texture": "#1"},
				"up": {"uv": [0, 0, 0.125, 0.125], "texture": "#1"},
				"down": {"uv": [0, 0, 0.125, 0.125], "texture": "#1"}
			}
		},
		{
			"name": "hexadecagon",
			"from": [3.5, 2.20163, 5.3],
			"to": [4.5, 2.79837, 6],
			"rotation": {"angle": -45, "axis": "x", "origin": [4, 2.5, 4.5]},
			"faces": {
				"north": {"uv": [0, 0, 0.125, 0.125], "texture": "#1"},
				"east": {"uv": [0, 0, 0.125, 0.125], "texture": "#1"},
				"south": {"uv": [0, 0, 0.125, 0.125], "texture": "#1"},
				"west": {"uv": [0, 0, 0.125, 0.125], "texture": "#1"},
				"up": {"uv": [0, 0, 0.125, 0.125], "texture": "#1"},
				"down": {"uv": [0, 0, 0.125, 0.125], "texture": "#1"}
			}
		},
		{
			"name": "hexadecagon",
			"from": [3.5, 2.20163, 5.3],
			"to": [4.5, 2.79837, 6],
			"rotation": {"angle": -22.5, "axis": "x", "origin": [4, 2.5, 4.5]},
			"faces": {
				"north": {"uv": [0, 0, 0.125, 0.125], "texture": "#1"},
				"east": {"uv": [0, 0, 0.125, 0.125], "texture": "#1"},
				"south": {"uv": [0, 0, 0.125, 0.125], "texture": "#1"},
				"west": {"uv": [0, 0, 0.125, 0.125], "texture": "#1"},
				"up": {"uv": [0, 0, 0.125, 0.125], "texture": "#1"},
				"down": {"uv": [0, 0, 0.125, 0.125], "texture": "#1"}
			}
		},
		{
			"name": "hexadecagon",
			"from": [3.5, 2.20163, 5.3],
			"to": [4.5, 2.79837, 6],
			"rotation": {"angle": 0, "axis": "x", "origin": [4, 2.5, 4.5]},
			"faces": {
				"north": {"uv": [0, 0, 0.125, 0.125], "texture": "#1"},
				"east": {"uv": [0, 0, 0.125, 0.125], "texture": "#1"},
				"south": {"uv": [0, 0, 0.125, 0.125], "texture": "#1"},
				"west": {"uv": [0, 0, 0.125, 0.125], "texture": "#1"},
				"up": {"uv": [0, 0, 0.125, 0.125], "texture": "#1"},
				"down": {"uv": [0, 0, 0.125, 0.125], "texture": "#1"}
			}
		},
		{
			"name": "hexadecagon",
			"from": [3.5, 2.20163, 5.3],
			"to": [4.5, 2.79837, 6],
			"rotation": {"angle": 22.5, "axis": "x", "origin": [4, 2.5, 4.5]},
			"faces": {
				"north": {"uv": [0, 0, 0.125, 0.125], "texture": "#1"},
				"east": {"uv": [0, 0, 0.125, 0.125], "texture": "#1"},
				"south": {"uv": [0, 0, 0.125, 0.125], "texture": "#1"},
				"west": {"uv": [0, 0, 0.125, 0.125], "texture": "#1"},
				"up": {"uv": [0, 0, 0.125, 0.125], "texture": "#1"},
				"down": {"uv": [0, 0, 0.125, 0.125], "texture": "#1"}
			}
		},
		{
			"name": "hexadecagon",
			"from": [3.5, 2.20163, 5.3],
			"to": [4.5, 2.79837, 6],
			"rotation": {"angle": 45, "axis": "x", "origin": [4, 2.5, 4.5]},
			"faces": {
				"north": {"uv": [0, 0, 0.125, 0.125], "texture": "#1"},
				"east": {"uv": [0, 0, 0.125, 0.125], "texture": "#1"},
				"south": {"uv": [0, 0, 0.125, 0.125], "texture": "#1"},
				"west": {"uv": [0, 0, 0.125, 0.125], "texture": "#1"},
				"up": {"uv": [0, 0, 0.125, 0.125], "texture": "#1"},
				"down": {"uv": [0, 0, 0.125, 0.125], "texture": "#1"}
			}
		},
		{
			"name": "hexadecagon",
			"from": [3.5, 1, 4.20163],
			"to": [4.5, 1.7, 4.79837],
			"rotation": {"angle": -22.5, "axis": "x", "origin": [4, 2.5, 4.5]},
			"faces": {
				"north": {"uv": [0, 0, 0.125, 0.125], "texture": "#1"},
				"east": {"uv": [0, 0, 0.125, 0.125], "texture": "#1"},
				"south": {"uv": [0, 0, 0.125, 0.125], "texture": "#1"},
				"west": {"uv": [0, 0, 0.125, 0.125], "texture": "#1"},
				"up": {"uv": [0, 0, 0.125, 0.125], "texture": "#1"},
				"down": {"uv": [0, 0, 0.125, 0.125], "texture": "#1"}
			}
		},
		{
			"name": "hexadecagon",
			"from": [3.5, 1, 4.20163],
			"to": [4.5, 1.7, 4.79837],
			"rotation": {"angle": 0, "axis": "x", "origin": [4, 2.5, 4.5]},
			"faces": {
				"north": {"uv": [0, 0, 0.125, 0.125], "texture": "#1"},
				"east": {"uv": [0, 0, 0.125, 0.125], "texture": "#1"},
				"south": {"uv": [0, 0, 0.125, 0.125], "texture": "#1"},
				"west": {"uv": [0, 0, 0.125, 0.125], "texture": "#1"},
				"up": {"uv": [0, 0, 0.125, 0.125], "texture": "#1"},
				"down": {"uv": [0, 0, 0.125, 0.125], "texture": "#1"}
			}
		},
		{
			"name": "hexadecagon",
			"from": [3.5, 1, 4.20163],
			"to": [4.5, 1.7, 4.79837],
			"rotation": {"angle": 22.5, "axis": "x", "origin": [4, 2.5, 4.5]},
			"faces": {
				"north": {"uv": [0, 0, 0.125, 0.125], "texture": "#1"},
				"east": {"uv": [0, 0, 0.125, 0.125], "texture": "#1"},
				"south": {"uv": [0, 0, 0.125, 0.125], "texture": "#1"},
				"west": {"uv": [0, 0, 0.125, 0.125], "texture": "#1"},
				"up": {"uv": [0, 0, 0.125, 0.125], "texture": "#1"},
				"down": {"uv": [0, 0, 0.125, 0.125], "texture": "#1"}
			}
		},
		{
			"name": "hexadecagon",
			"from": [3.5, 3.3, 4.20163],
			"to": [4.5, 4, 4.79837],
			"rotation": {"angle": -22.5, "axis": "x", "origin": [4, 2.5, 4.5]},
			"faces": {
				"north": {"uv": [0, 0, 0.125, 0.125], "texture": "#1"},
				"east": {"uv": [0, 0, 0.125, 0.125], "texture": "#1"},
				"south": {"uv": [0, 0, 0.125, 0.125], "texture": "#1"},
				"west": {"uv": [0, 0, 0.125, 0.125], "texture": "#1"},
				"up": {"uv": [0, 0, 0.125, 0.125], "texture": "#1"},
				"down": {"uv": [0, 0, 0.125, 0.125], "texture": "#1"}
			}
		},
		{
			"name": "hexadecagon",
			"from": [3.5, 3.3, 4.20163],
			"to": [4.5, 4, 4.79837],
			"rotation": {"angle": 0, "axis": "x", "origin": [4, 2.5, 4.5]},
			"faces": {
				"north": {"uv": [0, 0, 0.125, 0.125], "texture": "#1"},
				"east": {"uv": [0, 0, 0.125, 0.125], "texture": "#1"},
				"south": {"uv": [0, 0, 0.125, 0.125], "texture": "#1"},
				"west": {"uv": [0, 0, 0.125, 0.125], "texture": "#1"},
				"up": {"uv": [0, 0, 0.125, 0.125], "texture": "#1"},
				"down": {"uv": [0, 0, 0.125, 0.125], "texture": "#1"}
			}
		},
		{
			"name": "hexadecagon",
			"from": [3.5, 3.3, 4.20163],
			"to": [4.5, 4, 4.79837],
			"rotation": {"angle": 22.5, "axis": "x", "origin": [4, 2.5, 4.5]},
			"faces": {
				"north": {"uv": [0, 0, 0.125, 0.125], "texture": "#1"},
				"east": {"uv": [0, 0, 0.125, 0.125], "texture": "#1"},
				"south": {"uv": [0, 0, 0.125, 0.125], "texture": "#1"},
				"west": {"uv": [0, 0, 0.125, 0.125], "texture": "#1"},
				"up": {"uv": [0, 0, 0.125, 0.125], "texture": "#1"},
				"down": {"uv": [0, 0, 0.125, 0.125], "texture": "#1"}
			}
		},
		{
			"from": [3.65, 1.5, 3.5],
			"to": [4.4, 3.5, 5.5],
			"rotation": {"angle": 0, "axis": "y", "origin": [11.4, 10.5, 11.5]},
			"faces": {
				"north": {"uv": [0, 0, 0.09375, 0.25], "texture": "#3"},
				"east": {"uv": [0, 0, 0.25, 0.25], "texture": "#3"},
				"south": {"uv": [0, 0, 0.09375, 0.25], "texture": "#3"},
				"west": {"uv": [0, 0, 0.25, 0.25], "texture": "#3"},
				"up": {"uv": [0, 0, 0.09375, 0.25], "texture": "#3"},
				"down": {"uv": [0, 0, 0.09375, 0.25], "texture": "#3"}
			}
		},
		{
			"name": "hexadecagon",
			"from": [2.5, 2.60218, 11],
			"to": [4.5, 3.39782, 12],
			"rotation": {"angle": -45, "axis": "x", "origin": [4, 3, 13]},
			"faces": {
				"north": {"uv": [0, 0, 0.125, 0.125], "texture": "#1"},
				"east": {"uv": [0, 0, 0.125, 0.125], "texture": "#1"},
				"south": {"uv": [0, 0, 0.125, 0.125], "texture": "#1"},
				"west": {"uv": [0, 0, 0.125, 0.125], "texture": "#1"},
				"up": {"uv": [0, 0, 0.125, 0.125], "texture": "#1"},
				"down": {"uv": [0, 0, 0.125, 0.125], "texture": "#1"}
			}
		},
		{
			"name": "hexadecagon",
			"from": [2.5, 2.60218, 11],
			"to": [4.5, 3.39782, 12],
			"rotation": {"angle": -22.5, "axis": "x", "origin": [4, 3, 13]},
			"faces": {
				"north": {"uv": [0, 0, 0.125, 0.125], "texture": "#1"},
				"east": {"uv": [0, 0, 0.125, 0.125], "texture": "#1"},
				"south": {"uv": [0, 0, 0.125, 0.125], "texture": "#1"},
				"west": {"uv": [0, 0, 0.125, 0.125], "texture": "#1"},
				"up": {"uv": [0, 0, 0.125, 0.125], "texture": "#1"},
				"down": {"uv": [0, 0, 0.125, 0.125], "texture": "#1"}
			}
		},
		{
			"name": "hexadecagon",
			"from": [2.5, 2.60218, 11],
			"to": [4.5, 3.39782, 12],
			"rotation": {"angle": 0, "axis": "x", "origin": [4, 3, 13]},
			"faces": {
				"north": {"uv": [0, 0, 0.125, 0.125], "texture": "#1"},
				"east": {"uv": [0, 0, 0.125, 0.125], "texture": "#1"},
				"south": {"uv": [0, 0, 0.125, 0.125], "texture": "#1"},
				"west": {"uv": [0, 0, 0.125, 0.125], "texture": "#1"},
				"up": {"uv": [0, 0, 0.125, 0.125], "texture": "#1"},
				"down": {"uv": [0, 0, 0.125, 0.125], "texture": "#1"}
			}
		},
		{
			"name": "hexadecagon",
			"from": [2.5, 2.60218, 11],
			"to": [4.5, 3.39782, 12],
			"rotation": {"angle": 22.5, "axis": "x", "origin": [4, 3, 13]},
			"faces": {
				"north": {"uv": [0, 0, 0.125, 0.125], "texture": "#1"},
				"east": {"uv": [0, 0, 0.125, 0.125], "texture": "#1"},
				"south": {"uv": [0, 0, 0.125, 0.125], "texture": "#1"},
				"west": {"uv": [0, 0, 0.125, 0.125], "texture": "#1"},
				"up": {"uv": [0, 0, 0.125, 0.125], "texture": "#1"},
				"down": {"uv": [0, 0, 0.125, 0.125], "texture": "#1"}
			}
		},
		{
			"name": "hexadecagon",
			"from": [2.5, 2.60218, 11],
			"to": [4.5, 3.39782, 12],
			"rotation": {"angle": 45, "axis": "x", "origin": [4, 3, 13]},
			"faces": {
				"north": {"uv": [0, 0, 0.125, 0.125], "texture": "#1"},
				"east": {"uv": [0, 0, 0.125, 0.125], "texture": "#1"},
				"south": {"uv": [0, 0, 0.125, 0.125], "texture": "#1"},
				"west": {"uv": [0, 0, 0.125, 0.125], "texture": "#1"},
				"up": {"uv": [0, 0, 0.125, 0.125], "texture": "#1"},
				"down": {"uv": [0, 0, 0.125, 0.125], "texture": "#1"}
			}
		},
		{
			"name": "hexadecagon",
			"from": [2.5, 2.60218, 14],
			"to": [4.5, 3.39782, 15],
			"rotation": {"angle": -45, "axis": "x", "origin": [4, 3, 13]},
			"faces": {
				"north": {"uv": [0, 0, 0.125, 0.125], "texture": "#1"},
				"east": {"uv": [0, 0, 0.125, 0.125], "texture": "#1"},
				"south": {"uv": [0, 0, 0.125, 0.125], "texture": "#1"},
				"west": {"uv": [0, 0, 0.125, 0.125], "texture": "#1"},
				"up": {"uv": [0, 0, 0.125, 0.125], "texture": "#1"},
				"down": {"uv": [0, 0, 0.125, 0.125], "texture": "#1"}
			}
		},
		{
			"name": "hexadecagon",
			"from": [2.5, 2.60218, 14],
			"to": [4.5, 3.39782, 15],
			"rotation": {"angle": -22.5, "axis": "x", "origin": [4, 3, 13]},
			"faces": {
				"north": {"uv": [0, 0, 0.125, 0.125], "texture": "#1"},
				"east": {"uv": [0, 0, 0.125, 0.125], "texture": "#1"},
				"south": {"uv": [0, 0, 0.125, 0.125], "texture": "#1"},
				"west": {"uv": [0, 0, 0.125, 0.125], "texture": "#1"},
				"up": {"uv": [0, 0, 0.125, 0.125], "texture": "#1"},
				"down": {"uv": [0, 0, 0.125, 0.125], "texture": "#1"}
			}
		},
		{
			"name": "hexadecagon",
			"from": [2.5, 2.60218, 14],
			"to": [4.5, 3.39782, 15],
			"rotation": {"angle": 0, "axis": "x", "origin": [4, 3, 13]},
			"faces": {
				"north": {"uv": [0, 0, 0.125, 0.125], "texture": "#1"},
				"east": {"uv": [0, 0, 0.125, 0.125], "texture": "#1"},
				"south": {"uv": [0, 0, 0.125, 0.125], "texture": "#1"},
				"west": {"uv": [0, 0, 0.125, 0.125], "texture": "#1"},
				"up": {"uv": [0, 0, 0.125, 0.125], "texture": "#1"},
				"down": {"uv": [0, 0, 0.125, 0.125], "texture": "#1"}
			}
		},
		{
			"name": "hexadecagon",
			"from": [2.5, 2.60218, 14],
			"to": [4.5, 3.39782, 15],
			"rotation": {"angle": 22.5, "axis": "x", "origin": [4, 3, 13]},
			"faces": {
				"north": {"uv": [0, 0, 0.125, 0.125], "texture": "#1"},
				"east": {"uv": [0, 0, 0.125, 0.125], "texture": "#1"},
				"south": {"uv": [0, 0, 0.125, 0.125], "texture": "#1"},
				"west": {"uv": [0, 0, 0.125, 0.125], "texture": "#1"},
				"up": {"uv": [0, 0, 0.125, 0.125], "texture": "#1"},
				"down": {"uv": [0, 0, 0.125, 0.125], "texture": "#1"}
			}
		},
		{
			"name": "hexadecagon",
			"from": [2.5, 2.60218, 14],
			"to": [4.5, 3.39782, 15],
			"rotation": {"angle": 45, "axis": "x", "origin": [4, 3, 13]},
			"faces": {
				"north": {"uv": [0, 0, 0.125, 0.125], "texture": "#1"},
				"east": {"uv": [0, 0, 0.125, 0.125], "texture": "#1"},
				"south": {"uv": [0, 0, 0.125, 0.125], "texture": "#1"},
				"west": {"uv": [0, 0, 0.125, 0.125], "texture": "#1"},
				"up": {"uv": [0, 0, 0.125, 0.125], "texture": "#1"},
				"down": {"uv": [0, 0, 0.125, 0.125], "texture": "#1"}
			}
		},
		{
			"name": "hexadecagon",
			"from": [2.5, 1, 12.60218],
			"to": [4.5, 2, 13.39782],
			"rotation": {"angle": -22.5, "axis": "x", "origin": [4, 3, 13]},
			"faces": {
				"north": {"uv": [0, 0, 0.125, 0.125], "texture": "#1"},
				"east": {"uv": [0, 0, 0.125, 0.125], "texture": "#1"},
				"south": {"uv": [0, 0, 0.125, 0.125], "texture": "#1"},
				"west": {"uv": [0, 0, 0.125, 0.125], "texture": "#1"},
				"up": {"uv": [0, 0, 0.125, 0.125], "texture": "#1"},
				"down": {"uv": [0, 0, 0.125, 0.125], "texture": "#1"}
			}
		},
		{
			"name": "hexadecagon",
			"from": [2.5, 1, 12.60218],
			"to": [4.5, 2, 13.39782],
			"rotation": {"angle": 0, "axis": "x", "origin": [4, 3, 13]},
			"faces": {
				"north": {"uv": [0, 0, 0.125, 0.125], "texture": "#1"},
				"east": {"uv": [0, 0, 0.125, 0.125], "texture": "#1"},
				"south": {"uv": [0, 0, 0.125, 0.125], "texture": "#1"},
				"west": {"uv": [0, 0, 0.125, 0.125], "texture": "#1"},
				"up": {"uv": [0, 0, 0.125, 0.125], "texture": "#1"},
				"down": {"uv": [0, 0, 0.125, 0.125], "texture": "#1"}
			}
		},
		{
			"name": "hexadecagon",
			"from": [2.5, 1, 12.60218],
			"to": [4.5, 2, 13.39782],
			"rotation": {"angle": 22.5, "axis": "x", "origin": [4, 3, 13]},
			"faces": {
				"north": {"uv": [0, 0, 0.125, 0.125], "texture": "#1"},
				"east": {"uv": [0, 0, 0.125, 0.125], "texture": "#1"},
				"south": {"uv": [0, 0, 0.125, 0.125], "texture": "#1"},
				"west": {"uv": [0, 0, 0.125, 0.125], "texture": "#1"},
				"up": {"uv": [0, 0, 0.125, 0.125], "texture": "#1"},
				"down": {"uv": [0, 0, 0.125, 0.125], "texture": "#1"}
			}
		},
		{
			"name": "hexadecagon",
			"from": [2.5, 4, 12.60218],
			"to": [4.5, 5, 13.39782],
			"rotation": {"angle": -22.5, "axis": "x", "origin": [4, 3, 13]},
			"faces": {
				"north": {"uv": [0, 0, 0.125, 0.125], "texture": "#1"},
				"east": {"uv": [0, 0, 0.125, 0.125], "texture": "#1"},
				"south": {"uv": [0, 0, 0.125, 0.125], "texture": "#1"},
				"west": {"uv": [0, 0, 0.125, 0.125], "texture": "#1"},
				"up": {"uv": [0, 0, 0.125, 0.125], "texture": "#1"},
				"down": {"uv": [0, 0, 0.125, 0.125], "texture": "#1"}
			}
		},
		{
			"name": "hexadecagon",
			"from": [2.5, 4, 12.60218],
			"to": [4.5, 5, 13.39782],
			"rotation": {"angle": 0, "axis": "x", "origin": [4, 3, 13]},
			"faces": {
				"north": {"uv": [0, 0, 0.125, 0.125], "texture": "#1"},
				"east": {"uv": [0, 0, 0.125, 0.125], "texture": "#1"},
				"south": {"uv": [0, 0, 0.125, 0.125], "texture": "#1"},
				"west": {"uv": [0, 0, 0.125, 0.125], "texture": "#1"},
				"up": {"uv": [0, 0, 0.125, 0.125], "texture": "#1"},
				"down": {"uv": [0, 0, 0.125, 0.125], "texture": "#1"}
			}
		},
		{
			"name": "hexadecagon",
			"from": [2.5, 4, 12.60218],
			"to": [4.5, 5, 13.39782],
			"rotation": {"angle": 22.5, "axis": "x", "origin": [4, 3, 13]},
			"faces": {
				"north": {"uv": [0, 0, 0.125, 0.125], "texture": "#1"},
				"east": {"uv": [0, 0, 0.125, 0.125], "texture": "#1"},
				"south": {"uv": [0, 0, 0.125, 0.125], "texture": "#1"},
				"west": {"uv": [0, 0, 0.125, 0.125], "texture": "#1"},
				"up": {"uv": [0, 0, 0.125, 0.125], "texture": "#1"},
				"down": {"uv": [0, 0, 0.125, 0.125], "texture": "#1"}
			}
		},
		{
			"from": [3, 2, 12],
			"to": [4, 4, 14],
			"rotation": {"angle": 0, "axis": "y", "origin": [11, 10, 21]},
			"faces": {
				"north": {"uv": [0, 0, 0.125, 0.25], "texture": "#3"},
				"east": {"uv": [0, 0, 0.25, 0.25], "texture": "#3"},
				"south": {"uv": [0, 0, 0.125, 0.25], "texture": "#3"},
				"west": {"uv": [0, 0, 0.25, 0.25], "texture": "#3"},
				"up": {"uv": [0, 0, 0.125, 0.25], "texture": "#3"},
				"down": {"uv": [0, 0, 0.125, 0.25], "texture": "#3"}
			}
		},
		{
			"name": "hexadecagon",
			"from": [11.5, 2.60218, 11],
			"to": [13.5, 3.39782, 12],
			"rotation": {"angle": -45, "axis": "x", "origin": [12, 3, 13]},
			"faces": {
				"north": {"uv": [0.125, 0, 0, 0.125], "texture": "#1"},
				"east": {"uv": [0.125, 0, 0, 0.125], "texture": "#1"},
				"south": {"uv": [0.125, 0, 0, 0.125], "texture": "#1"},
				"west": {"uv": [0.125, 0, 0, 0.125], "texture": "#1"},
				"up": {"uv": [0.125, 0, 0, 0.125], "texture": "#1"},
				"down": {"uv": [0.125, 0, 0, 0.125], "texture": "#1"}
			}
		},
		{
			"name": "hexadecagon",
			"from": [11.5, 2.60218, 11],
			"to": [13.5, 3.39782, 12],
			"rotation": {"angle": -22.5, "axis": "x", "origin": [12, 3, 13]},
			"faces": {
				"north": {"uv": [0.125, 0, 0, 0.125], "texture": "#1"},
				"east": {"uv": [0.125, 0, 0, 0.125], "texture": "#1"},
				"south": {"uv": [0.125, 0, 0, 0.125], "texture": "#1"},
				"west": {"uv": [0.125, 0, 0, 0.125], "texture": "#1"},
				"up": {"uv": [0.125, 0, 0, 0.125], "texture": "#1"},
				"down": {"uv": [0.125, 0, 0, 0.125], "texture": "#1"}
			}
		},
		{
			"name": "hexadecagon",
			"from": [11.5, 2.60218, 11],
			"to": [13.5, 3.39782, 12],
			"rotation": {"angle": 0, "axis": "x", "origin": [12, 3, 13]},
			"faces": {
				"north": {"uv": [0.125, 0, 0, 0.125], "texture": "#1"},
				"east": {"uv": [0.125, 0, 0, 0.125], "texture": "#1"},
				"south": {"uv": [0.125, 0, 0, 0.125], "texture": "#1"},
				"west": {"uv": [0.125, 0, 0, 0.125], "texture": "#1"},
				"up": {"uv": [0.125, 0, 0, 0.125], "texture": "#1"},
				"down": {"uv": [0.125, 0, 0, 0.125], "texture": "#1"}
			}
		},
		{
			"name": "hexadecagon",
			"from": [11.5, 2.60218, 11],
			"to": [13.5, 3.39782, 12],
			"rotation": {"angle": 22.5, "axis": "x", "origin": [12, 3, 13]},
			"faces": {
				"north": {"uv": [0.125, 0, 0, 0.125], "texture": "#1"},
				"east": {"uv": [0.125, 0, 0, 0.125], "texture": "#1"},
				"south": {"uv": [0.125, 0, 0, 0.125], "texture": "#1"},
				"west": {"uv": [0.125, 0, 0, 0.125], "texture": "#1"},
				"up": {"uv": [0.125, 0, 0, 0.125], "texture": "#1"},
				"down": {"uv": [0.125, 0, 0, 0.125], "texture": "#1"}
			}
		},
		{
			"name": "hexadecagon",
			"from": [11.5, 2.60218, 11],
			"to": [13.5, 3.39782, 12],
			"rotation": {"angle": 45, "axis": "x", "origin": [12, 3, 13]},
			"faces": {
				"north": {"uv": [0.125, 0, 0, 0.125], "texture": "#1"},
				"east": {"uv": [0.125, 0, 0, 0.125], "texture": "#1"},
				"south": {"uv": [0.125, 0, 0, 0.125], "texture": "#1"},
				"west": {"uv": [0.125, 0, 0, 0.125], "texture": "#1"},
				"up": {"uv": [0.125, 0, 0, 0.125], "texture": "#1"},
				"down": {"uv": [0.125, 0, 0, 0.125], "texture": "#1"}
			}
		},
		{
			"name": "hexadecagon",
			"from": [11.5, 2.60218, 14],
			"to": [13.5, 3.39782, 15],
			"rotation": {"angle": -45, "axis": "x", "origin": [12, 3, 13]},
			"faces": {
				"north": {"uv": [0.125, 0, 0, 0.125], "texture": "#1"},
				"east": {"uv": [0.125, 0, 0, 0.125], "texture": "#1"},
				"south": {"uv": [0.125, 0, 0, 0.125], "texture": "#1"},
				"west": {"uv": [0.125, 0, 0, 0.125], "texture": "#1"},
				"up": {"uv": [0.125, 0, 0, 0.125], "texture": "#1"},
				"down": {"uv": [0.125, 0, 0, 0.125], "texture": "#1"}
			}
		},
		{
			"name": "hexadecagon",
			"from": [11.5, 2.60218, 14],
			"to": [13.5, 3.39782, 15],
			"rotation": {"angle": -22.5, "axis": "x", "origin": [12, 3, 13]},
			"faces": {
				"north": {"uv": [0.125, 0, 0, 0.125], "texture": "#1"},
				"east": {"uv": [0.125, 0, 0, 0.125], "texture": "#1"},
				"south": {"uv": [0.125, 0, 0, 0.125], "texture": "#1"},
				"west": {"uv": [0.125, 0, 0, 0.125], "texture": "#1"},
				"up": {"uv": [0.125, 0, 0, 0.125], "texture": "#1"},
				"down": {"uv": [0.125, 0, 0, 0.125], "texture": "#1"}
			}
		},
		{
			"name": "hexadecagon",
			"from": [11.5, 2.60218, 14],
			"to": [13.5, 3.39782, 15],
			"rotation": {"angle": 0, "axis": "x", "origin": [12, 3, 13]},
			"faces": {
				"north": {"uv": [0.125, 0, 0, 0.125], "texture": "#1"},
				"east": {"uv": [0.125, 0, 0, 0.125], "texture": "#1"},
				"south": {"uv": [0.125, 0, 0, 0.125], "texture": "#1"},
				"west": {"uv": [0.125, 0, 0, 0.125], "texture": "#1"},
				"up": {"uv": [0.125, 0, 0, 0.125], "texture": "#1"},
				"down": {"uv": [0.125, 0, 0, 0.125], "texture": "#1"}
			}
		},
		{
			"name": "hexadecagon",
			"from": [11.5, 2.60218, 14],
			"to": [13.5, 3.39782, 15],
			"rotation": {"angle": 22.5, "axis": "x", "origin": [12, 3, 13]},
			"faces": {
				"north": {"uv": [0.125, 0, 0, 0.125], "texture": "#1"},
				"east": {"uv": [0.125, 0, 0, 0.125], "texture": "#1"},
				"south": {"uv": [0.125, 0, 0, 0.125], "texture": "#1"},
				"west": {"uv": [0.125, 0, 0, 0.125], "texture": "#1"},
				"up": {"uv": [0.125, 0, 0, 0.125], "texture": "#1"},
				"down": {"uv": [0.125, 0, 0, 0.125], "texture": "#1"}
			}
		},
		{
			"name": "hexadecagon",
			"from": [11.5, 2.60218, 14],
			"to": [13.5, 3.39782, 15],
			"rotation": {"angle": 45, "axis": "x", "origin": [12, 3, 13]},
			"faces": {
				"north": {"uv": [0.125, 0, 0, 0.125], "texture": "#1"},
				"east": {"uv": [0.125, 0, 0, 0.125], "texture": "#1"},
				"south": {"uv": [0.125, 0, 0, 0.125], "texture": "#1"},
				"west": {"uv": [0.125, 0, 0, 0.125], "texture": "#1"},
				"up": {"uv": [0.125, 0, 0, 0.125], "texture": "#1"},
				"down": {"uv": [0.125, 0, 0, 0.125], "texture": "#1"}
			}
		},
		{
			"name": "hexadecagon",
			"from": [11.5, 1, 12.60218],
			"to": [13.5, 2, 13.39782],
			"rotation": {"angle": -22.5, "axis": "x", "origin": [12, 3, 13]},
			"faces": {
				"north": {"uv": [0.125, 0, 0, 0.125], "texture": "#1"},
				"east": {"uv": [0.125, 0, 0, 0.125], "texture": "#1"},
				"south": {"uv": [0.125, 0, 0, 0.125], "texture": "#1"},
				"west": {"uv": [0.125, 0, 0, 0.125], "texture": "#1"},
				"up": {"uv": [0.125, 0, 0, 0.125], "texture": "#1"},
				"down": {"uv": [0.125, 0, 0, 0.125], "texture": "#1"}
			}
		},
		{
			"name": "hexadecagon",
			"from": [11.5, 1, 12.60218],
			"to": [13.5, 2, 13.39782],
			"rotation": {"angle": 0, "axis": "x", "origin": [12, 3, 13]},
			"faces": {
				"north": {"uv": [0.125, 0, 0, 0.125], "texture": "#1"},
				"east": {"uv": [0.125, 0, 0, 0.125], "texture": "#1"},
				"south": {"uv": [0.125, 0, 0, 0.125], "texture": "#1"},
				"west": {"uv": [0.125, 0, 0, 0.125], "texture": "#1"},
				"up": {"uv": [0.125, 0, 0, 0.125], "texture": "#1"},
				"down": {"uv": [0.125, 0, 0, 0.125], "texture": "#1"}
			}
		},
		{
			"name": "hexadecagon",
			"from": [11.5, 1, 12.60218],
			"to": [13.5, 2, 13.39782],
			"rotation": {"angle": 22.5, "axis": "x", "origin": [12, 3, 13]},
			"faces": {
				"north": {"uv": [0.125, 0, 0, 0.125], "texture": "#1"},
				"east": {"uv": [0.125, 0, 0, 0.125], "texture": "#1"},
				"south": {"uv": [0.125, 0, 0, 0.125], "texture": "#1"},
				"west": {"uv": [0.125, 0, 0, 0.125], "texture": "#1"},
				"up": {"uv": [0.125, 0, 0, 0.125], "texture": "#1"},
				"down": {"uv": [0.125, 0, 0, 0.125], "texture": "#1"}
			}
		},
		{
			"name": "hexadecagon",
			"from": [11.5, 4, 12.60218],
			"to": [13.5, 5, 13.39782],
			"rotation": {"angle": -22.5, "axis": "x", "origin": [12, 3, 13]},
			"faces": {
				"north": {"uv": [0.125, 0, 0, 0.125], "texture": "#1"},
				"east": {"uv": [0.125, 0, 0, 0.125], "texture": "#1"},
				"south": {"uv": [0.125, 0, 0, 0.125], "texture": "#1"},
				"west": {"uv": [0.125, 0, 0, 0.125], "texture": "#1"},
				"up": {"uv": [0.125, 0, 0, 0.125], "texture": "#1"},
				"down": {"uv": [0.125, 0, 0, 0.125], "texture": "#1"}
			}
		},
		{
			"name": "hexadecagon",
			"from": [11.5, 4, 12.60218],
			"to": [13.5, 5, 13.39782],
			"rotation": {"angle": 0, "axis": "x", "origin": [12, 3, 13]},
			"faces": {
				"north": {"uv": [0.125, 0, 0, 0.125], "texture": "#1"},
				"east": {"uv": [0.125, 0, 0, 0.125], "texture": "#1"},
				"south": {"uv": [0.125, 0, 0, 0.125], "texture": "#1"},
				"west": {"uv": [0.125, 0, 0, 0.125], "texture": "#1"},
				"up": {"uv": [0.125, 0, 0, 0.125], "texture": "#1"},
				"down": {"uv": [0.125, 0, 0, 0.125], "texture": "#1"}
			}
		},
		{
			"name": "hexadecagon",
			"from": [11.5, 4, 12.60218],
			"to": [13.5, 5, 13.39782],
			"rotation": {"angle": 22.5, "axis": "x", "origin": [12, 3, 13]},
			"faces": {
				"north": {"uv": [0.125, 0, 0, 0.125], "texture": "#1"},
				"east": {"uv": [0.125, 0, 0, 0.125], "texture": "#1"},
				"south": {"uv": [0.125, 0, 0, 0.125], "texture": "#1"},
				"west": {"uv": [0.125, 0, 0, 0.125], "texture": "#1"},
				"up": {"uv": [0.125, 0, 0, 0.125], "texture": "#1"},
				"down": {"uv": [0.125, 0, 0, 0.125], "texture": "#1"}
			}
		},
		{
			"from": [12, 2, 12],
			"to": [13, 4, 14],
			"rotation": {"angle": 0, "axis": "y", "origin": [5, 10, 21]},
			"faces": {
				"north": {"uv": [0.125, 0, 0, 0.25], "texture": "#3"},
				"east": {"uv": [0.25, 0, 0, 0.25], "texture": "#3"},
				"south": {"uv": [0.125, 0, 0, 0.25], "texture": "#3"},
				"west": {"uv": [0.25, 0, 0, 0.25], "texture": "#3"},
				"up": {"uv": [0.125, 0, 0, 0.25], "texture": "#3"},
				"down": {"uv": [0.125, 0, 0, 0.25], "texture": "#3"}
			}
		},
		{
			"name": "hexadecagon",
			"from": [11.5, 2.20163, 3],
			"to": [12.5, 2.79837, 3.7],
			"rotation": {"angle": -45, "axis": "x", "origin": [12, 2.5, 4.5]},
			"faces": {
				"north": {"uv": [0.125, 0, 0, 0.125], "texture": "#1"},
				"east": {"uv": [0.125, 0, 0, 0.125], "texture": "#1"},
				"south": {"uv": [0.125, 0, 0, 0.125], "texture": "#1"},
				"west": {"uv": [0.125, 0, 0, 0.125], "texture": "#1"},
				"up": {"uv": [0.125, 0, 0, 0.125], "texture": "#1"},
				"down": {"uv": [0.125, 0, 0, 0.125], "texture": "#1"}
			}
		},
		{
			"name": "hexadecagon",
			"from": [11.5, 2.20163, 3],
			"to": [12.5, 2.79837, 3.7],
			"rotation": {"angle": -22.5, "axis": "x", "origin": [12, 2.5, 4.5]},
			"faces": {
				"north": {"uv": [0.125, 0, 0, 0.125], "texture": "#1"},
				"east": {"uv": [0.125, 0, 0, 0.125], "texture": "#1"},
				"south": {"uv": [0.125, 0, 0, 0.125], "texture": "#1"},
				"west": {"uv": [0.125, 0, 0, 0.125], "texture": "#1"},
				"up": {"uv": [0.125, 0, 0, 0.125], "texture": "#1"},
				"down": {"uv": [0.125, 0, 0, 0.125], "texture": "#1"}
			}
		},
		{
			"name": "hexadecagon",
			"from": [11.5, 2.20163, 3],
			"to": [12.5, 2.79837, 3.7],
			"rotation": {"angle": 0, "axis": "x", "origin": [12, 2.5, 4.5]},
			"faces": {
				"north": {"uv": [0.125, 0, 0, 0.125], "texture": "#1"},
				"east": {"uv": [0.125, 0, 0, 0.125], "texture": "#1"},
				"south": {"uv": [0.125, 0, 0, 0.125], "texture": "#1"},
				"west": {"uv": [0.125, 0, 0, 0.125], "texture": "#1"},
				"up": {"uv": [0.125, 0, 0, 0.125], "texture": "#1"},
				"down": {"uv": [0.125, 0, 0, 0.125], "texture": "#1"}
			}
		},
		{
			"name": "hexadecagon",
			"from": [11.5, 2.20163, 3],
			"to": [12.5, 2.79837, 3.7],
			"rotation": {"angle": 22.5, "axis": "x", "origin": [12, 2.5, 4.5]},
			"faces": {
				"north": {"uv": [0.125, 0, 0, 0.125], "texture": "#1"},
				"east": {"uv": [0.125, 0, 0, 0.125], "texture": "#1"},
				"south": {"uv": [0.125, 0, 0, 0.125], "texture": "#1"},
				"west": {"uv": [0.125, 0, 0, 0.125], "texture": "#1"},
				"up": {"uv": [0.125, 0, 0, 0.125], "texture": "#1"},
				"down": {"uv": [0.125, 0, 0, 0.125], "texture": "#1"}
			}
		},
		{
			"name": "hexadecagon",
			"from": [11.5, 2.20163, 3],
			"to": [12.5, 2.79837, 3.7],
			"rotation": {"angle": 45, "axis": "x", "origin": [12, 2.5, 4.5]},
			"faces": {
				"north": {"uv": [0.125, 0, 0, 0.125], "texture": "#1"},
				"east": {"uv": [0.125, 0, 0, 0.125], "texture": "#1"},
				"south": {"uv": [0.125, 0, 0, 0.125], "texture": "#1"},
				"west": {"uv": [0.125, 0, 0, 0.125], "texture": "#1"},
				"up": {"uv": [0.125, 0, 0, 0.125], "texture": "#1"},
				"down": {"uv": [0.125, 0, 0, 0.125], "texture": "#1"}
			}
		},
		{
			"name": "hexadecagon",
			"from": [11.5, 2.20163, 5.3],
			"to": [12.5, 2.79837, 6],
			"rotation": {"angle": -45, "axis": "x", "origin": [12, 2.5, 4.5]},
			"faces": {
				"north": {"uv": [0.125, 0, 0, 0.125], "texture": "#1"},
				"east": {"uv": [0.125, 0, 0, 0.125], "texture": "#1"},
				"south": {"uv": [0.125, 0, 0, 0.125], "texture": "#1"},
				"west": {"uv": [0.125, 0, 0, 0.125], "texture": "#1"},
				"up": {"uv": [0.125, 0, 0, 0.125], "texture": "#1"},
				"down": {"uv": [0.125, 0, 0, 0.125], "texture": "#1"}
			}
		},
		{
			"name": "hexadecagon",
			"from": [11.5, 2.20163, 5.3],
			"to": [12.5, 2.79837, 6],
			"rotation": {"angle": -22.5, "axis": "x", "origin": [12, 2.5, 4.5]},
			"faces": {
				"north": {"uv": [0.125, 0, 0, 0.125], "texture": "#1"},
				"east": {"uv": [0.125, 0, 0, 0.125], "texture": "#1"},
				"south": {"uv": [0.125, 0, 0, 0.125], "texture": "#1"},
				"west": {"uv": [0.125, 0, 0, 0.125], "texture": "#1"},
				"up": {"uv": [0.125, 0, 0, 0.125], "texture": "#1"},
				"down": {"uv": [0.125, 0, 0, 0.125], "texture": "#1"}
			}
		},
		{
			"name": "hexadecagon",
			"from": [11.5, 2.20163, 5.3],
			"to": [12.5, 2.79837, 6],
			"rotation": {"angle": 0, "axis": "x", "origin": [12, 2.5, 4.5]},
			"faces": {
				"north": {"uv": [0.125, 0, 0, 0.125], "texture": "#1"},
				"east": {"uv": [0.125, 0, 0, 0.125], "texture": "#1"},
				"south": {"uv": [0.125, 0, 0, 0.125], "texture": "#1"},
				"west": {"uv": [0.125, 0, 0, 0.125], "texture": "#1"},
				"up": {"uv": [0.125, 0, 0, 0.125], "texture": "#1"},
				"down": {"uv": [0.125, 0, 0, 0.125], "texture": "#1"}
			}
		},
		{
			"name": "hexadecagon",
			"from": [11.5, 2.20163, 5.3],
			"to": [12.5, 2.79837, 6],
			"rotation": {"angle": 22.5, "axis": "x", "origin": [12, 2.5, 4.5]},
			"faces": {
				"north": {"uv": [0.125, 0, 0, 0.125], "texture": "#1"},
				"east": {"uv": [0.125, 0, 0, 0.125], "texture": "#1"},
				"south": {"uv": [0.125, 0, 0, 0.125], "texture": "#1"},
				"west": {"uv": [0.125, 0, 0, 0.125], "texture": "#1"},
				"up": {"uv": [0.125, 0, 0, 0.125], "texture": "#1"},
				"down": {"uv": [0.125, 0, 0, 0.125], "texture": "#1"}
			}
		},
		{
			"name": "hexadecagon",
			"from": [11.5, 2.20163, 5.3],
			"to": [12.5, 2.79837, 6],
			"rotation": {"angle": 45, "axis": "x", "origin": [12, 2.5, 4.5]},
			"faces": {
				"north": {"uv": [0.125, 0, 0, 0.125], "texture": "#1"},
				"east": {"uv": [0.125, 0, 0, 0.125], "texture": "#1"},
				"south": {"uv": [0.125, 0, 0, 0.125], "texture": "#1"},
				"west": {"uv": [0.125, 0, 0, 0.125], "texture": "#1"},
				"up": {"uv": [0.125, 0, 0, 0.125], "texture": "#1"},
				"down": {"uv": [0.125, 0, 0, 0.125], "texture": "#1"}
			}
		},
		{
			"name": "hexadecagon",
			"from": [11.5, 1, 4.20163],
			"to": [12.5, 1.7, 4.79837],
			"rotation": {"angle": -22.5, "axis": "x", "origin": [12, 2.5, 4.5]},
			"faces": {
				"north": {"uv": [0.125, 0, 0, 0.125], "texture": "#1"},
				"east": {"uv": [0.125, 0, 0, 0.125], "texture": "#1"},
				"south": {"uv": [0.125, 0, 0, 0.125], "texture": "#1"},
				"west": {"uv": [0.125, 0, 0, 0.125], "texture": "#1"},
				"up": {"uv": [0.125, 0, 0, 0.125], "texture": "#1"},
				"down": {"uv": [0.125, 0, 0, 0.125], "texture": "#1"}
			}
		},
		{
			"name": "hexadecagon",
			"from": [11.5, 1, 4.20163],
			"to": [12.5, 1.7, 4.79837],
			"rotation": {"angle": 0, "axis": "x", "origin": [12, 2.5, 4.5]},
			"faces": {
				"north": {"uv": [0.125, 0, 0, 0.125], "texture": "#1"},
				"east": {"uv": [0.125, 0, 0, 0.125], "texture": "#1"},
				"south": {"uv": [0.125, 0, 0, 0.125], "texture": "#1"},
				"west": {"uv": [0.125, 0, 0, 0.125], "texture": "#1"},
				"up": {"uv": [0.125, 0, 0, 0.125], "texture": "#1"},
				"down": {"uv": [0.125, 0, 0, 0.125], "texture": "#1"}
			}
		},
		{
			"name": "hexadecagon",
			"from": [11.5, 1, 4.20163],
			"to": [12.5, 1.7, 4.79837],
			"rotation": {"angle": 22.5, "axis": "x", "origin": [12, 2.5, 4.5]},
			"faces": {
				"north": {"uv": [0.125, 0, 0, 0.125], "texture": "#1"},
				"east": {"uv": [0.125, 0, 0, 0.125], "texture": "#1"},
				"south": {"uv": [0.125, 0, 0, 0.125], "texture": "#1"},
				"west": {"uv": [0.125, 0, 0, 0.125], "texture": "#1"},
				"up": {"uv": [0.125, 0, 0, 0.125], "texture": "#1"},
				"down": {"uv": [0.125, 0, 0, 0.125], "texture": "#1"}
			}
		},
		{
			"name": "hexadecagon",
			"from": [11.5, 3.3, 4.20163],
			"to": [12.5, 4, 4.79837],
			"rotation": {"angle": -22.5, "axis": "x", "origin": [12, 2.5, 4.5]},
			"faces": {
				"north": {"uv": [0.125, 0, 0, 0.125], "texture": "#1"},
				"east": {"uv": [0.125, 0, 0, 0.125], "texture": "#1"},
				"south": {"uv": [0.125, 0, 0, 0.125], "texture": "#1"},
				"west": {"uv": [0.125, 0, 0, 0.125], "texture": "#1"},
				"up": {"uv": [0.125, 0, 0, 0.125], "texture": "#1"},
				"down": {"uv": [0.125, 0, 0, 0.125], "texture": "#1"}
			}
		},
		{
			"name": "hexadecagon",
			"from": [11.5, 3.3, 4.20163],
			"to": [12.5, 4, 4.79837],
			"rotation": {"angle": 0, "axis": "x", "origin": [12, 2.5, 4.5]},
			"faces": {
				"north": {"uv": [0.125, 0, 0, 0.125], "texture": "#1"},
				"east": {"uv": [0.125, 0, 0, 0.125], "texture": "#1"},
				"south": {"uv": [0.125, 0, 0, 0.125], "texture": "#1"},
				"west": {"uv": [0.125, 0, 0, 0.125], "texture": "#1"},
				"up": {"uv": [0.125, 0, 0, 0.125], "texture": "#1"},
				"down": {"uv": [0.125, 0, 0, 0.125], "texture": "#1"}
			}
		},
		{
			"name": "hexadecagon",
			"from": [11.5, 3.3, 4.20163],
			"to": [12.5, 4, 4.79837],
			"rotation": {"angle": 22.5, "axis": "x", "origin": [12, 2.5, 4.5]},
			"faces": {
				"north": {"uv": [0.125, 0, 0, 0.125], "texture": "#1"},
				"east": {"uv": [0.125, 0, 0, 0.125], "texture": "#1"},
				"south": {"uv": [0.125, 0, 0, 0.125], "texture": "#1"},
				"west": {"uv": [0.125, 0, 0, 0.125], "texture": "#1"},
				"up": {"uv": [0.125, 0, 0, 0.125], "texture": "#1"},
				"down": {"uv": [0.125, 0, 0, 0.125], "texture": "#1"}
			}
		},
		{
			"from": [11.6, 1.5, 3.5],
			"to": [12.35, 3.5, 5.5],
			"rotation": {"angle": 0, "axis": "y", "origin": [4.6, 10.5, 11.5]},
			"faces": {
				"north": {"uv": [0.09375, 0, 0, 0.25], "texture": "#3"},
				"east": {"uv": [0.25, 0, 0, 0.25], "texture": "#3"},
				"south": {"uv": [0.09375, 0, 0, 0.25], "texture": "#3"},
				"west": {"uv": [0.25, 0, 0, 0.25], "texture": "#3"},
				"up": {"uv": [0.09375, 0, 0, 0.25], "texture": "#3"},
				"down": {"uv": [0.09375, 0, 0, 0.25], "texture": "#3"}
			}
		}
	],
	"display": {
		"thirdperson_righthand": {
			"scale": [0.5, 0.5, 0.5]
		},
		"thirdperson_lefthand": {
			"scale": [0.5, 0.5, 0.5]
		},
		"firstperson_righthand": {
			"translation": [10, -5, 0]
		},
		"firstperson_lefthand": {
			"translation": [10, -5, 0]
		},
		"ground": {
			"scale": [0.3, 0.3, 0.3]
		},
		"gui": {
			"rotation": [0, 90, 0],
			"scale": [0.6, 0.6, 0.6]
		},
		"head": {
			"translation": [0, -17.25, -5],
			"scale": [4, 4, 4]
		},
		"fixed": {
			"rotation": [0, -90, 0.5]
		}
	}
}