{
	"textures": {
		"0": "block/gray_concrete",
		"1": "block/pink_concrete",
		"2": "hats/animals/hats_badface_cat"
	},
	"elements": [
		{
			"name": "body",
			"from": [5, 8, 2],
			"to": [10, 12, 14],
			"faces": {
				"north": {"uv": [0.25, 0, 0, 0.25], "texture": "#0"},
				"east": {"uv": [0.25, 0, 0, 0.25], "texture": "#0"},
				"south": {"uv": [0.25, 0, 0, 0.25], "texture": "#0"},
				"west": {"uv": [0.25, 0, 0, 0.25], "texture": "#0"},
				"up": {"uv": [0.25, 0, 0, 0.25], "texture": "#0"},
				"down": {"uv": [0.25, 0, 0, 0.25], "texture": "#0"}
			}
		},
		{
			"name": "head",
			"from": [4.75, 10, -5],
			"to": [10.25, 14, -1.5],
			"rotation": {"angle": 22.5, "axis": "x", "origin": [0, 0, -3]},
			"faces": {
				"north": {"uv": [0, 0, 6, 4], "texture": "#2"},
				"east": {"uv": [0, 8, 4, 12], "texture": "#2"},
				"south": {"uv": [0, 4, 6, 8], "texture": "#2"},
				"west": {"uv": [4, 10, 8, 14], "texture": "#2"},
				"up": {"uv": [12, 10, 6, 6], "texture": "#2"},
				"down": {"uv": [12, 0, 6, 4], "texture": "#2"}
			}
		},
		{
			"name": "cheek",
			"from": [4.85, 10, -4.8],
			"to": [5.6, 10.5, -4.7],
			"rotation": {"angle": 22.5, "axis": "x", "origin": [0, 0, 0]},
			"faces": {
				"north": {"uv": [0.25, 0, 0, 0.25], "texture": "#1"},
				"east": {"uv": [0.25, 0, 0, 0.25], "texture": "#1"},
				"south": {"uv": [0.25, 0, 0, 0.25], "texture": "#1"},
				"west": {"uv": [0.25, 0, 0, 0.25], "texture": "#1"},
				"up": {"uv": [0.25, 0, 0, 0.25], "texture": "#1"},
				"down": {"uv": [0.25, 0, 0, 0.25], "texture": "#1"}
			}
		},
		{
			"name": "cheek",
			"from": [9.4, 10, -4.8],
			"to": [10.15, 10.5, -4.7],
			"rotation": {"angle": 22.5, "axis": "x", "origin": [16, 0, 0]},
			"faces": {
				"north": {"uv": [0.25, 0, 0, 0.25], "texture": "#1"},
				"east": {"uv": [0.25, 0, 0, 0.25], "texture": "#1"},
				"south": {"uv": [0.25, 0, 0, 0.25], "texture": "#1"},
				"west": {"uv": [0.25, 0, 0, 0.25], "texture": "#1"},
				"up": {"uv": [0.25, 0, 0, 0.25], "texture": "#1"},
				"down": {"uv": [0.25, 0, 0, 0.25], "texture": "#1"}
			}
		},
		{
			"name": "ear_left",
			"from": [5, 14, -4.5],
			"to": [6, 15, -3.5],
			"rotation": {"angle": 22.5, "axis": "x", "origin": [0, 0, -3]},
			"faces": {
				"north": {"uv": [0.25, 0, 0, 0.25], "texture": "#0"},
				"east": {"uv": [0.25, 0, 0, 0.25], "texture": "#0"},
				"south": {"uv": [0.25, 0, 0, 0.25], "texture": "#0"},
				"west": {"uv": [0.25, 0, 0, 0.25], "texture": "#0"},
				"up": {"uv": [0.25, 0, 0, 0.25], "texture": "#0"},
				"down": {"uv": [0.25, 0, 0, 0.25], "texture": "#0"}
			}
		},
		{
			"name": "snout",
			"from": [5.6, 10, -5.5],
			"to": [9.4, 12, -5],
			"rotation": {"angle": 22.5, "axis": "x", "origin": [0, 0, -3]},
			"faces": {
				"north": {"uv": [6, 4, 10, 6], "texture": "#2"},
				"east": {"uv": [4, 8, 5, 10], "texture": "#2"},
				"south": {"uv": [8, 10, 12, 12], "texture": "#2"},
				"west": {"uv": [5, 8, 6, 10], "texture": "#2"},
				"up": {"uv": [14, 5, 10, 4], "texture": "#2"},
				"down": {"uv": [14, 5, 10, 6], "texture": "#2"}
			}
		},
		{
			"name": "ear_right",
			"from": [9, 14, -4.5],
			"to": [10, 15, -3.5],
			"rotation": {"angle": 22.5, "axis": "x", "origin": [0, 0, -3]},
			"faces": {
				"north": {"uv": [0.25, 0, 0, 0.25], "texture": "#0"},
				"east": {"uv": [0.25, 0, 0, 0.25], "texture": "#0"},
				"south": {"uv": [0.25, 0, 0, 0.25], "texture": "#0"},
				"west": {"uv": [0.25, 0, 0, 0.25], "texture": "#0"},
				"up": {"uv": [0.25, 0, 0, 0.25], "texture": "#0"},
				"down": {"uv": [0.25, 0, 0, 0.25], "texture": "#0"}
			}
		},
		{
			"name": "tail1",
			"from": [6.75, 9.2, 13],
			"to": [8.25, 10.7, 14.5],
			"rotation": {"angle": 45, "axis": "x", "origin": [6.995, 10.75, 16.32]},
			"faces": {
				"north": {"uv": [0.25, 0, 0, 0.25], "texture": "#0"},
				"east": {"uv": [0.25, 0, 0, 0.25], "texture": "#0"},
				"south": {"uv": [0.25, 0, 0, 0.25], "texture": "#0"},
				"west": {"uv": [0.25, 0, 0, 0.25], "texture": "#0"},
				"up": {"uv": [0.25, 0, 0, 0.25], "texture": "#0"},
				"down": {"uv": [0.25, 0, 0, 0.25], "texture": "#0"}
			}
		},
		{
			"name": "foot_front_left",
			"from": [5.1, 4.5, -0.5],
			"to": [7, 6, 3],
			"rotation": {"angle": -22.5, "axis": "x", "origin": [0, 4.5, -6]},
			"faces": {
				"north": {"uv": [0.25, 0, 0, 0.25], "texture": "#0"},
				"east": {"uv": [0.25, 0, 0, 0.25], "texture": "#0"},
				"south": {"uv": [0.25, 0, 0, 0.25], "texture": "#0"},
				"west": {"uv": [0.25, 0, 0, 0.25], "texture": "#0"},
				"up": {"uv": [0.25, 0, 0, 0.25], "texture": "#0"},
				"down": {"uv": [0.25, 0, 0, 0.25], "texture": "#0"}
			}
		},
		{
			"name": "foot_back_left",
			"from": [5.1, -3, 22.75],
			"to": [7, 0.5, 24.25],
			"rotation": {"angle": -45, "axis": "x", "origin": [0, -7.5, 8.75]},
			"faces": {
				"north": {"uv": [0.25, 0, 0, 0.25], "texture": "#0"},
				"east": {"uv": [0.25, 0, 0, 0.25], "texture": "#0"},
				"south": {"uv": [0.25, 0, 0, 0.25], "texture": "#0"},
				"west": {"uv": [0.25, 0, 0, 0.25], "texture": "#0"},
				"up": {"uv": [0.25, 0, 0, 0.25], "texture": "#0"},
				"down": {"uv": [0.25, 0, 0, 0.25], "texture": "#0"}
			}
		},
		{
			"name": "foot_front_right",
			"from": [8, 4.5, -0.5],
			"to": [9.9, 6, 3],
			"rotation": {"angle": -22.5, "axis": "x", "origin": [0, 4.5, -6]},
			"faces": {
				"north": {"uv": [0.25, 0, 0, 0.25], "texture": "#0"},
				"east": {"uv": [0.25, 0, 0, 0.25], "texture": "#0"},
				"south": {"uv": [0.25, 0, 0, 0.25], "texture": "#0"},
				"west": {"uv": [0.25, 0, 0, 0.25], "texture": "#0"},
				"up": {"uv": [0.25, 0, 0, 0.25], "texture": "#0"},
				"down": {"uv": [0.25, 0, 0, 0.25], "texture": "#0"}
			}
		},
		{
			"name": "foot_back_right",
			"from": [8, -3, 22.75],
			"to": [9.9, 0.5, 24.25],
			"rotation": {"angle": -45, "axis": "x", "origin": [0, -7.5, 8.75]},
			"faces": {
				"north": {"uv": [0.25, 0, 0, 0.25], "texture": "#0"},
				"east": {"uv": [0.25, 0, 0, 0.25], "texture": "#0"},
				"south": {"uv": [0.25, 0, 0, 0.25], "texture": "#0"},
				"west": {"uv": [0.25, 0, 0, 0.25], "texture": "#0"},
				"up": {"uv": [0.25, 0, 0, 0.25], "texture": "#0"},
				"down": {"uv": [0.25, 0, 0, 0.25], "texture": "#0"}
			}
		}
	],
	"display": {
		"thirdperson_righthand": {
			"rotation": [90, 0, 0],
			"translation": [0.5, -2, 12],
			"scale": [0.5, 0.5, 0.5]
		},
		"thirdperson_lefthand": {
			"rotation": [90, 0, 0],
			"translation": [0.2, -2, 12],
			"scale": [0.5, 0.5, 0.5]
		},
		"firstperson_righthand": {
			"translation": [-1, -1, 8],
			"scale": [0.8, 0.8, 0.8]
		},
		"firstperson_lefthand": {
			"translation": [-2, -1, 8],
			"scale": [0.8, 0.8, 0.8]
		},
		"ground": {
			"scale": [0.6, 0.6, 0.6]
		},
		"gui": {
			"rotation": [0, 141, 0]
		},
		"head": {
			"translation": [0.6, 6.2608, 0]
		},
		"fixed": {
			"rotation": [-90, 0, 0],
			"translation": [0, 0, -0.75],
			"scale": [1.5, 1.5, 1.5]
		}
	}
}