{
	"texture_size": [32, 32],
	"textures": {
		"1": "block/coal_block",
		"2": "block/blue_concrete",
		"3": "block/cut_sandstone",
		"4": "hats/animals/iwataro"
	},
	"elements": [
		{
			"from": [4, 12.1, 4],
			"to": [6.75, 15, 11.75],
			"rotation": {"angle": 22.5, "axis": "y", "origin": [5.25, 13.5, 7]},
			"faces": {
				"north": {"uv": [0.00818, 0.00684, 0.01013, 0.00879], "texture": "#1"},
				"east": {"uv": [0.00135, 0.00684, 0.00818, 0.00879], "texture": "#1"},
				"south": {"uv": [0.01697, 0.00684, 0.01892, 0.00879], "texture": "#1"},
				"west": {"uv": [0.01013, 0.00684, 0.01697, 0.00879], "texture": "#1"},
				"up": {"uv": [0.01013, 0.00684, 0.00818, 0], "texture": "#1"},
				"down": {"uv": [0.01209, 0, 0.01013, 0.00684], "texture": "#1"}
			}
		},
		{
			"from": [3.05, 15.5, 8.45],
			"to": [5.25, 20.85, 11.75],
			"rotation": {"angle": 22.5, "axis": "x", "origin": [3.75, 18.5, 10.15]},
			"faces": {
				"north": {"uv": [0.00446, 0.00373, 0.00641, 0.00861], "rotation": 180, "texture": "#2"},
				"east": {"uv": [0.00153, 0.00373, 0.00446, 0.00861], "rotation": 90, "texture": "#2"},
				"south": {"uv": [0.00934, 0.00373, 0.01129, 0.00861], "texture": "#2"},
				"west": {"uv": [0.00641, 0.00373, 0.00934, 0.00861], "rotation": 270, "texture": "#2"},
				"up": {"uv": [0.00641, 0.00373, 0.00446, 0.0008], "texture": "#2"},
				"down": {"uv": [0.00836, 0.0008, 0.00641, 0.00373], "rotation": 180, "texture": "#2"}
			}
		},
		{
			"from": [10.75, 15.5, 8.45],
			"to": [12.95, 20.85, 11.75],
			"rotation": {"angle": 22.5, "axis": "x", "origin": [12.25, 18.5, 10.15]},
			"faces": {
				"north": {"uv": [0.00446, 0.00373, 0.00641, 0.00861], "rotation": 180, "texture": "#2"},
				"east": {"uv": [0.00153, 0.00373, 0.00446, 0.00861], "rotation": 270, "texture": "#2"},
				"south": {"uv": [0.00934, 0.00373, 0.01129, 0.00861], "texture": "#2"},
				"west": {"uv": [0.00641, 0.00373, 0.00934, 0.00861], "rotation": 90, "texture": "#2"},
				"up": {"uv": [0.00641, 0.00373, 0.00446, 0.0008], "texture": "#2"},
				"down": {"uv": [0.00836, 0.0008, 0.00641, 0.00373], "rotation": 180, "texture": "#2"}
			}
		},
		{
			"from": [3.15, 13.5, 8.65],
			"to": [5.15, 20.75, 11.65],
			"rotation": {"angle": 22.5, "axis": "x", "origin": [3.65, 18.5, 10.15]},
			"faces": {
				"north": {"uv": [0.00446, 0.00373, 0.00641, 0.01056], "rotation": 180, "texture": "#3"},
				"east": {"uv": [0.00153, 0.00373, 0.00446, 0.01056], "rotation": 90, "texture": "#3"},
				"south": {"uv": [0.00934, 0.00373, 0.01129, 0.01056], "texture": "#3"},
				"west": {"uv": [0.00641, 0.00373, 0.00934, 0.01056], "rotation": 270, "texture": "#3"},
				"up": {"uv": [0.00641, 0.00373, 0.00446, 0.0008], "texture": "#3"},
				"down": {"uv": [0.00836, 0.0008, 0.00641, 0.00373], "rotation": 180, "texture": "#3"}
			}
		},
		{
			"from": [10.85, 13.5, 8.65],
			"to": [12.85, 20.75, 11.65],
			"rotation": {"angle": 22.5, "axis": "x", "origin": [12.35, 18.5, 10.15]},
			"faces": {
				"north": {"uv": [0.00446, 0.00373, 0.00641, 0.01056], "rotation": 180, "texture": "#3"},
				"east": {"uv": [0.00153, 0.00373, 0.00446, 0.01056], "rotation": 270, "texture": "#3"},
				"south": {"uv": [0.00934, 0.00373, 0.01129, 0.01056], "texture": "#3"},
				"west": {"uv": [0.00641, 0.00373, 0.00934, 0.01056], "rotation": 90, "texture": "#3"},
				"up": {"uv": [0.00641, 0.00373, 0.00446, 0.0008], "texture": "#3"},
				"down": {"uv": [0.00836, 0.0008, 0.00641, 0.00373], "rotation": 180, "texture": "#3"}
			}
		},
		{
			"from": [5.25, 12, 9.75],
			"to": [10.75, 14.25, 12.5],
			"rotation": {"angle": 0, "axis": "y", "origin": [6.75, 12.75, 11.25]},
			"faces": {
				"north": {"uv": [0.00287, 0.00196, 0.00775, 0.00391], "texture": "#1"},
				"east": {"uv": [0.00092, 0.00196, 0.00287, 0.00391], "texture": "#1"},
				"south": {"uv": [0.00971, 0.00196, 0.01459, 0.00391], "texture": "#1"},
				"west": {"uv": [0.00775, 0.00196, 0.00971, 0.00391], "texture": "#1"},
				"up": {"uv": [0.00775, 0.00196, 0.00287, 0], "rotation": 90, "texture": "#1"},
				"down": {"uv": [0.01264, 0, 0.00775, 0.00196], "rotation": 270, "texture": "#1"}
			}
		},
		{
			"from": [9.25, 12.1, 4],
			"to": [12, 15, 11.75],
			"rotation": {"angle": -22.5, "axis": "y", "origin": [10.75, 13.5, 7]},
			"faces": {
				"north": {"uv": [0.00818, 0.00684, 0.01013, 0.00879], "texture": "#1"},
				"east": {"uv": [0.00135, 0.00684, 0.00818, 0.00879], "texture": "#1"},
				"south": {"uv": [0.01697, 0.00684, 0.01892, 0.00879], "texture": "#1"},
				"west": {"uv": [0.01013, 0.00684, 0.01697, 0.00879], "texture": "#1"},
				"up": {"uv": [0.01013, 0.00684, 0.00818, 0], "texture": "#1"},
				"down": {"uv": [0.01209, 0, 0.01013, 0.00684], "texture": "#1"}
			}
		},
		{
			"from": [5.05, 20.95, 9],
			"to": [10.95, 26.15, 14],
			"shade": false,
			"rotation": {"angle": 0, "axis": "y", "origin": [8.6697, 22.31679, 10]},
			"faces": {
				"north": {"uv": [0.64844, 0.33594, 0.33594, 0.64844], "texture": "#2"},
				"east": {"uv": [0.96094, 0.33594, 0.64844, 0.64844], "texture": "#2"},
				"south": {"uv": [1.27344, 0.33594, 0.96094, 0.64844], "texture": "#2"},
				"west": {"uv": [0.33594, 0.33594, 0.02344, 0.64844], "texture": "#2"},
				"up": {"uv": [0.33594, 0.33594, 0.64844, 0.02344], "texture": "#2"},
				"down": {"uv": [0.64844, 0.02344, 0.96094, 0.33594], "texture": "#2"}
			}
		},
		{
			"from": [5.25, 21.95, 7.9],
			"to": [10.75, 25.95, 9],
			"shade": false,
			"rotation": {"angle": 0, "axis": "y", "origin": [8.6697, 22.31679, 9]},
			"faces": {
				"north": {"uv": [5.5, 0, 8.5, 2], "texture": "#4"},
				"east": {"uv": [2.5, 5, 3, 7], "texture": "#4"},
				"south": {"uv": [5.5, 2, 8.5, 4], "texture": "#4"},
				"west": {"uv": [3, 6, 3.5, 8], "texture": "#4"},
				"up": {"uv": [8.5, 4.5, 5.5, 4], "texture": "#4"},
				"down": {"uv": [8.5, 4.5, 5.5, 5], "texture": "#4"}
			}
		},
		{
			"from": [5.35, 21.05, 8],
			"to": [10.65, 25.85, 13.9],
			"rotation": {"angle": 0, "axis": "y", "origin": [8.6697, 22.31679, 10]},
			"faces": {
				"north": {"uv": [0, 5, 2.5, 7.5], "texture": "#4"},
				"east": {"uv": [0, 0, 3, 2.5], "texture": "#4"},
				"south": {"uv": [5.5, 5.5, 8, 8], "texture": "#4"},
				"west": {"uv": [0, 2.5, 3, 5], "texture": "#4"},
				"up": {"uv": [5.5, 6, 3, 3], "texture": "#4"},
				"down": {"uv": [5.5, 0, 3, 3], "texture": "#4"}
			}
		},
		{
			"from": [5.25, 14.25, 9.5],
			"to": [10.75, 21, 12.5],
			"rotation": {"angle": 0, "axis": "y", "origin": [7, 16, 10]},
			"faces": {
				"north": {"uv": [0.00293, 0.00415, 0.00782, 0.01001], "texture": "#2"},
				"east": {"uv": [0, 0.00415, 0.00293, 0.01001], "texture": "#2"},
				"south": {"uv": [0.01074, 0.00415, 0.01563, 0.01001], "texture": "#2"},
				"west": {"uv": [0.00782, 0.00415, 0.01074, 0.01001], "texture": "#2"},
				"up": {"uv": [0.00782, 0.00415, 0.00293, 0.00122], "texture": "#2"},
				"down": {"uv": [0.0127, 0.00122, 0.00782, 0.00415], "texture": "#2"}
			}
		}
	],
	"display": {
		"thirdperson_righthand": {
			"rotation": [90, 0, 0],
			"translation": [0, -1.75, 10],
			"scale": [0.4, 0.4, 0.4]
		},
		"thirdperson_lefthand": {
			"rotation": [90, 0, 0],
			"translation": [0, -1.75, 10],
			"scale": [0.4, 0.4, 0.4]
		},
		"firstperson_righthand": {
			"scale": [0, 0, 0]
		},
		"firstperson_lefthand": {
			"scale": [0, 0, 0]
		},
		"ground": {
			"translation": [0, -8, 0]
		},
		"gui": {
			"rotation": [0, -180, 0],
			"translation": [0, -12, 0]
		},
		"head": {
			"translation": [0, 4, 0],
			"scale": [0.6, 0.6, 0.6]
		},
		"fixed": {
			"rotation": [-90, 0, 0],
			"translation": [0, 0, 6.75],
			"scale": [1.5, 1.5, 1.5]
		}
	}
}