{
	"texture_size": [32, 32],
	"textures": {
		"0": "hats/animals/lion"
	},
	"elements": [
		{
			"name": "body",
			"from": [5, 8, 2],
			"to": [10, 12, 14],
			"rotation": {"angle": 0, "axis": "y", "origin": [0, 0, 0]},
			"faces": {
				"north": {"uv": [5, 0, 2.5, 6], "texture": "#0"},
				"east": {"uv": [5, 0, 2.5, 6], "texture": "#0"},
				"south": {"uv": [5, 0, 2.5, 6], "texture": "#0"},
				"west": {"uv": [5, 0, 2.5, 6], "texture": "#0"},
				"up": {"uv": [5, 0, 2.5, 6], "texture": "#0"},
				"down": {"uv": [5, 0, 2.5, 6], "texture": "#0"}
			}
		},
		{
			"name": "head",
			"from": [4.75, 10, -5],
			"to": [10.25, 14, -1.5],
			"rotation": {"angle": 22.5, "axis": "x", "origin": [0, 0, -3]},
			"faces": {
				"north": {"uv": [3.5, 7, 6.5, 9], "texture": "#0"},
				"east": {"uv": [4.5, 10.5, 6.5, 12.5], "texture": "#0"},
				"south": {"uv": [6.5, 7, 9.5, 9], "texture": "#0"},
				"west": {"uv": [6.5, 10.5, 8.5, 12.5], "texture": "#0"},
				"up": {"uv": [11.5, 6, 8.5, 4], "texture": "#0"},
				"down": {"uv": [3, 9, 0, 11], "texture": "#0"}
			}
		},
		{
			"name": "cheek",
			"from": [5.05, 10, -4.8],
			"to": [5.8, 10.5, -4.7],
			"rotation": {"angle": 22.5, "axis": "x", "origin": [0, 0, 0]},
			"faces": {
				"north": {"uv": [14, 13, 14.5, 13.5], "texture": "#0"},
				"east": {"uv": [14, 13, 14.5, 13.5], "texture": "#0"},
				"south": {"uv": [14, 13, 14.5, 13.5], "texture": "#0"},
				"west": {"uv": [14, 13, 14.5, 13.5], "texture": "#0"},
				"up": {"uv": [14, 13, 14.5, 13.5], "texture": "#0"},
				"down": {"uv": [14, 13, 14.5, 13.5], "texture": "#0"}
			}
		},
		{
			"name": "cheek",
			"from": [9.2, 10, -4.8],
			"to": [9.95, 10.5, -4.7],
			"rotation": {"angle": 22.5, "axis": "x", "origin": [16, 0, 0]},
			"faces": {
				"north": {"uv": [1, 14.5, 1.5, 15], "texture": "#0"},
				"east": {"uv": [1, 14.5, 1.5, 15], "texture": "#0"},
				"south": {"uv": [1, 14.5, 1.5, 15], "texture": "#0"},
				"west": {"uv": [1, 14.5, 1.5, 15], "texture": "#0"},
				"up": {"uv": [1, 14.5, 1.5, 15], "texture": "#0"},
				"down": {"uv": [1, 14.5, 1.5, 15], "texture": "#0"}
			}
		},
		{
			"name": "mane",
			"from": [4, 8.00195, -3.48244],
			"to": [11, 13.80195, -0.23244],
			"rotation": {"angle": 22.5, "axis": "x", "origin": [-2, 0.80195, -0.23244]},
			"faces": {
				"north": {"uv": [5, 4, 8.5, 7], "texture": "#0"},
				"east": {"uv": [10, 10, 11.5, 13], "texture": "#0"},
				"south": {"uv": [0, 6, 3.5, 9], "texture": "#0"},
				"west": {"uv": [3, 10.5, 4.5, 13.5], "texture": "#0"},
				"up": {"uv": [6.5, 10.5, 3, 9], "texture": "#0"},
				"down": {"uv": [10, 9, 6.5, 10.5], "texture": "#0"}
			}
		},
		{
			"name": "mane",
			"from": [6, 13.5149, 0.53327],
			"to": [9, 14.5149, 1.43327],
			"rotation": {"angle": 22.5, "axis": "x", "origin": [3, 13.5149, 0.43327]},
			"faces": {
				"north": {"uv": [13.5, 6, 15, 6.5], "texture": "#0"},
				"east": {"uv": [14, 11, 14.5, 11.5], "texture": "#0"},
				"south": {"uv": [13.5, 6.5, 15, 7], "texture": "#0"},
				"west": {"uv": [11.5, 14, 12, 14.5], "texture": "#0"},
				"up": {"uv": [15, 7.5, 13.5, 7], "texture": "#0"},
				"down": {"uv": [15, 7.5, 13.5, 8], "texture": "#0"}
			}
		},
		{
			"name": "mane",
			"from": [10, 8.8149, 0.93327],
			"to": [11, 14.5149, 1.43327],
			"rotation": {"angle": 22.5, "axis": "x", "origin": [10, 13.5149, 0.43327]},
			"faces": {
				"north": {"uv": [9.5, 10.5, 10, 13.5], "texture": "#0"},
				"east": {"uv": [6.5, 12.5, 7, 15.5], "texture": "#0"},
				"south": {"uv": [7, 12.5, 7.5, 15.5], "texture": "#0"},
				"west": {"uv": [7.5, 12.5, 8, 15.5], "texture": "#0"},
				"up": {"uv": [14.5, 12, 14, 11.5], "texture": "#0"},
				"down": {"uv": [12.5, 14, 12, 14.5], "texture": "#0"}
			}
		},
		{
			"name": "mane",
			"from": [4, 8.8149, 0.93327],
			"to": [5, 14.5149, 1.43327],
			"rotation": {"angle": 22.5, "axis": "x", "origin": [6, 13.5149, 0.43327]},
			"faces": {
				"north": {"uv": [8, 12.5, 8.5, 15.5], "texture": "#0"},
				"east": {"uv": [12.5, 8, 13, 11], "texture": "#0"},
				"south": {"uv": [8.5, 12.5, 9, 15.5], "texture": "#0"},
				"west": {"uv": [9, 12.5, 9.5, 15.5], "texture": "#0"},
				"up": {"uv": [14.5, 12.5, 14, 12], "texture": "#0"},
				"down": {"uv": [13, 14, 12.5, 14.5], "texture": "#0"}
			}
		},
		{
			"name": "mane",
			"from": [5, 9.02043, -0.09997],
			"to": [10, 10.02043, 0.40003],
			"rotation": {"angle": 22.5, "axis": "x", "origin": [5.3, 11.02043, -0.59997]},
			"faces": {
				"north": {"uv": [13, 0, 15.5, 0.5], "texture": "#0"},
				"east": {"uv": [14, 12.5, 14.5, 13], "texture": "#0"},
				"south": {"uv": [13, 0.5, 15.5, 1], "texture": "#0"},
				"west": {"uv": [13, 14, 13.5, 14.5], "texture": "#0"},
				"up": {"uv": [15.5, 9, 13, 8.5], "texture": "#0"},
				"down": {"uv": [15.5, 9, 13, 9.5], "texture": "#0"}
			}
		},
		{
			"name": "ear_left",
			"from": [5, 14, -4.5],
			"to": [6, 15, -3.5],
			"rotation": {"angle": 22.5, "axis": "x", "origin": [0, 0, -3]},
			"faces": {
				"north": {"uv": [13.5, 13.5, 14, 14], "texture": "#0"},
				"east": {"uv": [0, 14, 0.5, 14.5], "texture": "#0"},
				"south": {"uv": [0.5, 14, 1, 14.5], "texture": "#0"},
				"west": {"uv": [1, 14, 1.5, 14.5], "texture": "#0"},
				"up": {"uv": [14.5, 1.5, 14, 1], "texture": "#0"},
				"down": {"uv": [2, 14, 1.5, 14.5], "texture": "#0"}
			}
		},
		{
			"name": "snout",
			"from": [6, 10, -6],
			"to": [9, 12, -5],
			"rotation": {"angle": 22.5, "axis": "x", "origin": [0, 0, -3]},
			"faces": {
				"north": {"uv": [3.5, 6, 5, 7], "texture": "#0"},
				"east": {"uv": [9.5, 8, 10, 9], "texture": "#0"},
				"south": {"uv": [12.5, 4, 14, 5], "texture": "#0"},
				"west": {"uv": [11, 3, 11.5, 4], "texture": "#0"},
				"up": {"uv": [15, 3.5, 13.5, 3], "texture": "#0"},
				"down": {"uv": [15, 3.5, 13.5, 4], "texture": "#0"}
			}
		},
		{
			"name": "ear_right",
			"from": [9, 14, -4.5],
			"to": [10, 15, -3.5],
			"rotation": {"angle": 22.5, "axis": "x", "origin": [0, 0, -3]},
			"faces": {
				"north": {"uv": [14, 1.5, 14.5, 2], "texture": "#0"},
				"east": {"uv": [14, 4, 14.5, 4.5], "texture": "#0"},
				"south": {"uv": [14, 4.5, 14.5, 5], "texture": "#0"},
				"west": {"uv": [14, 8, 14.5, 8.5], "texture": "#0"},
				"up": {"uv": [10, 14.5, 9.5, 14], "texture": "#0"},
				"down": {"uv": [14.5, 9.5, 14, 10], "texture": "#0"}
			}
		},
		{
			"name": "tail",
			"from": [7.005, 4.78536, 15.0695],
			"to": [8.005, 9.78536, 16.0695],
			"rotation": {"angle": 0, "axis": "y", "origin": [7.003, 2.78536, 16.0695]},
			"faces": {
				"north": {"uv": [12.5, 11, 13, 13.5], "texture": "#0"},
				"east": {"uv": [2, 13, 2.5, 15.5], "texture": "#0"},
				"south": {"uv": [2.5, 13, 3, 15.5], "texture": "#0"},
				"west": {"uv": [13, 6, 13.5, 8.5], "texture": "#0"},
				"up": {"uv": [10.5, 14.5, 10, 14], "texture": "#0"},
				"down": {"uv": [14.5, 10, 14, 10.5], "texture": "#0"}
			}
		},
		{
			"name": "tail1",
			"from": [7, 8.8, 13],
			"to": [8.01, 9.81, 16.03],
			"rotation": {"angle": 45, "axis": "x", "origin": [6.995, 9.75, 16.02]},
			"faces": {
				"north": {"uv": [10.5, 14, 11, 14.5], "texture": "#0"},
				"east": {"uv": [13.5, 5, 15, 5.5], "texture": "#0"},
				"south": {"uv": [14, 10.5, 14.5, 11], "texture": "#0"},
				"west": {"uv": [13.5, 5.5, 15, 6], "texture": "#0"},
				"up": {"uv": [11.5, 14.5, 11, 13], "texture": "#0"},
				"down": {"uv": [4.5, 13.5, 4, 15], "texture": "#0"}
			}
		},
		{
			"name": "tailfluffy",
			"from": [6.905, 3.78536, 14.9695],
			"to": [8.105, 4.78536, 16.1695],
			"rotation": {"angle": 0, "axis": "y", "origin": [7.005, 3.78536, 15.0695]},
			"faces": {
				"north": {"uv": [13.5, 8, 14, 8.5], "texture": "#0"},
				"east": {"uv": [13.5, 8, 14, 8.5], "texture": "#0"},
				"south": {"uv": [13.5, 8, 14, 8.5], "texture": "#0"},
				"west": {"uv": [13.5, 8, 14, 8.5], "texture": "#0"},
				"up": {"uv": [13.5, 8, 14, 8.5], "texture": "#0"},
				"down": {"uv": [13.5, 8, 14, 8.5], "texture": "#0"}
			}
		},
		{
			"name": "foot_front_left",
			"from": [5.1, 4.5, -0.5],
			"to": [7, 6, 3],
			"rotation": {"angle": -22.5, "axis": "x", "origin": [0, 4.5, -6]},
			"faces": {
				"north": {"uv": [8.5, 6, 9.5, 7], "texture": "#0"},
				"east": {"uv": [0, 11, 2, 12], "texture": "#0"},
				"south": {"uv": [13, 9.5, 14, 10.5], "texture": "#0"},
				"west": {"uv": [11, 0, 13, 1], "texture": "#0"},
				"up": {"uv": [9.5, 12.5, 8.5, 10.5], "texture": "#0"},
				"down": {"uv": [12, 1, 11, 3], "texture": "#0"}
			}
		},
		{
			"name": "foot_back_left",
			"from": [5.1, -3, 22.75],
			"to": [7, 0.5, 24.25],
			"rotation": {"angle": -45, "axis": "x", "origin": [0, -7.5, 8.75]},
			"faces": {
				"north": {"uv": [2, 11, 3, 13], "texture": "#0"},
				"east": {"uv": [2, 11, 3, 13], "texture": "#0"},
				"south": {"uv": [2, 11, 3, 13], "texture": "#0"},
				"west": {"uv": [2, 11, 3, 13], "texture": "#0"},
				"up": {"uv": [2, 11, 3, 13], "texture": "#0"},
				"down": {"uv": [2, 11, 3, 13], "texture": "#0"}
			}
		},
		{
			"name": "foot_front_right",
			"from": [8, 4.5, -0.5],
			"to": [9.9, 6, 3],
			"rotation": {"angle": -22.5, "axis": "x", "origin": [0, 4.5, -6]},
			"faces": {
				"north": {"uv": [13, 11.5, 14, 12.5], "texture": "#0"},
				"east": {"uv": [11.5, 5, 13.5, 6], "texture": "#0"},
				"south": {"uv": [13, 12.5, 14, 13.5], "texture": "#0"},
				"west": {"uv": [12, 1, 14, 2], "texture": "#0"},
				"up": {"uv": [2, 14, 1, 12], "texture": "#0"},
				"down": {"uv": [13, 6, 12, 8], "texture": "#0"}
			}
		},
		{
			"name": "foot_back_right",
			"from": [8, -3, 22.75],
			"to": [9.9, 0.5, 24.25],
			"rotation": {"angle": -45, "axis": "x", "origin": [0, -7.5, 8.75]},
			"faces": {
				"north": {"uv": [11.5, 12, 12.5, 14], "texture": "#0"},
				"east": {"uv": [11.5, 12, 12.5, 14], "texture": "#0"},
				"south": {"uv": [11.5, 12, 12.5, 14], "texture": "#0"},
				"west": {"uv": [11.5, 12, 12.5, 14], "texture": "#0"},
				"up": {"uv": [11.5, 12, 12.5, 14], "texture": "#0"},
				"down": {"uv": [11.5, 12, 12.5, 14], "texture": "#0"}
			}
		}
	],
	"display": {
		"thirdperson_righthand": {
			"rotation": [90, 0, 0],
			"translation": [0.5, -2, 12],
			"scale": [0.5, 0.5, 0.5]
		},
		"thirdperson_lefthand": {
			"rotation": [90, 0, 0],
			"translation": [0.2, -2, 12],
			"scale": [0.5, 0.5, 0.5]
		},
		"firstperson_righthand": {
			"translation": [0, 0, 11.5]
		},
		"firstperson_lefthand": {
			"translation": [0, 0, 11.5]
		},
		"ground": {
			"scale": [0.6, 0.6, 0.6]
		},
		"gui": {
			"rotation": [0, 135, 0]
		},
		"head": {
			"translation": [0.6, 6.2608, 0]
		},
		"fixed": {
			"rotation": [-90, 0, 0],
			"translation": [0, 0, -1.5],
			"scale": [1.5, 1.5, 1.5]
		}
	}
}