{
	"texture_size": [32, 32],
	"textures": {
		"0": "hats/animals/lion"
	},
	"elements": [
		{
			"name": "body",
			"from": [5.5, 17.1, 8],
			"to": [10.5, 23.7, 11.9],
			"rotation": {"angle": 0, "axis": "y", "origin": [0.5, 25.7, 0]},
			"faces": {
				"north": {"uv": [5, 0, 2.5, 6], "rotation": 180, "texture": "#0"},
				"east": {"uv": [5, 0, 2.5, 6], "rotation": 270, "texture": "#0"},
				"south": {"uv": [5, 0, 2.5, 6], "texture": "#0"},
				"west": {"uv": [5, 0, 2.5, 6], "rotation": 90, "texture": "#0"},
				"up": {"uv": [5, 0, 2.5, 6], "rotation": 180, "texture": "#0"},
				"down": {"uv": [5, 0, 2.5, 6], "texture": "#0"}
			}
		},
		{
			"name": "head",
			"from": [5.25, 23.9, 6],
			"to": [10.75, 27.9, 9.5],
			"rotation": {"angle": 0, "axis": "y", "origin": [0.5, 13.9, 8]},
			"faces": {
				"north": {"uv": [3.5, 7, 6.5, 9], "texture": "#0"},
				"east": {"uv": [4.5, 10.5, 6.5, 12.5], "texture": "#0"},
				"south": {"uv": [6.5, 7, 9.5, 9], "texture": "#0"},
				"west": {"uv": [6.5, 10.5, 8.5, 12.5], "texture": "#0"},
				"up": {"uv": [11.5, 6, 8.5, 4], "texture": "#0"},
				"down": {"uv": [3, 9, 0, 11], "texture": "#0"}
			}
		},
		{
			"name": "cheek",
			"from": [9.7, 24.7, 6.2],
			"to": [10.45, 25.2, 6.3],
			"rotation": {"angle": 0, "axis": "y", "origin": [16.5, 14.7, 11]},
			"faces": {
				"north": {"uv": [1, 14.5, 1.5, 15], "texture": "#0"},
				"east": {"uv": [1, 14.5, 1.5, 15], "texture": "#0"},
				"south": {"uv": [1, 14.5, 1.5, 15], "texture": "#0"},
				"west": {"uv": [1, 14.5, 1.5, 15], "texture": "#0"},
				"up": {"uv": [1, 14.5, 1.5, 15], "texture": "#0"},
				"down": {"uv": [1, 14.5, 1.5, 15], "texture": "#0"}
			}
		},
		{
			"name": "cheek",
			"from": [5.55, 24.7, 6.2],
			"to": [6.3, 25.2, 6.3],
			"rotation": {"angle": 0, "axis": "y", "origin": [0.5, 14.7, 11]},
			"faces": {
				"north": {"uv": [14, 13, 14.5, 13.5], "texture": "#0"},
				"east": {"uv": [14, 13, 14.5, 13.5], "texture": "#0"},
				"south": {"uv": [14, 13, 14.5, 13.5], "texture": "#0"},
				"west": {"uv": [14, 13, 14.5, 13.5], "texture": "#0"},
				"up": {"uv": [14, 13, 14.5, 13.5], "texture": "#0"},
				"down": {"uv": [14, 13, 14.5, 13.5], "texture": "#0"}
			}
		},
		{
			"name": "ear_right",
			"from": [9.5, 27.9, 6.5],
			"to": [10.5, 28.9, 7.5],
			"rotation": {"angle": 0, "axis": "y", "origin": [0.5, 13.9, 8]},
			"faces": {
				"north": {"uv": [14, 1.5, 14.5, 2], "texture": "#0"},
				"east": {"uv": [14, 4, 14.5, 4.5], "texture": "#0"},
				"south": {"uv": [14, 4.5, 14.5, 5], "texture": "#0"},
				"west": {"uv": [14, 8, 14.5, 8.5], "texture": "#0"},
				"up": {"uv": [10, 14.5, 9.5, 14], "texture": "#0"},
				"down": {"uv": [14.5, 9.5, 14, 10], "texture": "#0"}
			}
		},
		{
			"name": "ear_left",
			"from": [5.5, 27.9, 6.5],
			"to": [6.5, 28.9, 7.5],
			"rotation": {"angle": 0, "axis": "y", "origin": [0.5, 13.9, 8]},
			"faces": {
				"north": {"uv": [13.5, 13.5, 14, 14], "texture": "#0"},
				"east": {"uv": [0, 14, 0.5, 14.5], "texture": "#0"},
				"south": {"uv": [0.5, 14, 1, 14.5], "texture": "#0"},
				"west": {"uv": [1, 14, 1.5, 14.5], "texture": "#0"},
				"up": {"uv": [14.5, 1.5, 14, 1], "texture": "#0"},
				"down": {"uv": [2, 14, 1.5, 14.5], "texture": "#0"}
			}
		},
		{
			"name": "snout",
			"from": [6.5, 23.9, 5],
			"to": [9.5, 25.9, 6],
			"rotation": {"angle": 0, "axis": "y", "origin": [0.5, 13.9, 8]},
			"faces": {
				"north": {"uv": [3.5, 6, 5, 7], "texture": "#0"},
				"east": {"uv": [9.5, 8, 10, 9], "texture": "#0"},
				"south": {"uv": [12.5, 4, 14, 5], "texture": "#0"},
				"west": {"uv": [11, 3, 11.5, 4], "texture": "#0"},
				"up": {"uv": [15, 3.5, 13.5, 3], "texture": "#0"},
				"down": {"uv": [15, 3.5, 13.5, 4], "texture": "#0"}
			}
		},
		{
			"name": "mane",
			"from": [4.5, 23.1, 7.5],
			"to": [11.5, 28.9, 12.75],
			"rotation": {"angle": 0, "axis": "y", "origin": [-1.5, 15.90195, 10.76756]},
			"faces": {
				"north": {"uv": [5, 4, 8.5, 7], "texture": "#0"},
				"east": {"uv": [10, 10, 11.5, 13], "texture": "#0"},
				"south": {"uv": [0, 6, 3.5, 9], "texture": "#0"},
				"west": {"uv": [3, 10.5, 4.5, 13.5], "texture": "#0"},
				"up": {"uv": [6.5, 10.5, 3, 9], "texture": "#0"},
				"down": {"uv": [10, 9, 6.5, 10.5], "texture": "#0"}
			}
		},
		{
			"name": "mane",
			"from": [6.5, 27.9, 6.6],
			"to": [9.5, 28.9, 7.5],
			"rotation": {"angle": 0, "axis": "y", "origin": [3.5, 27.9, 6.5]},
			"faces": {
				"north": {"uv": [13.5, 6, 15, 6.5], "texture": "#0"},
				"east": {"uv": [14, 11, 14.5, 11.5], "texture": "#0"},
				"south": {"uv": [13.5, 6.5, 15, 7], "texture": "#0"},
				"west": {"uv": [11.5, 14, 12, 14.5], "texture": "#0"},
				"up": {"uv": [15, 7.5, 13.5, 7], "texture": "#0"},
				"down": {"uv": [15, 7.5, 13.5, 8], "texture": "#0"}
			}
		},
		{
			"name": "mane",
			"from": [10.5, 23.2, 7],
			"to": [11.5, 28.9, 7.5],
			"rotation": {"angle": 0, "axis": "y", "origin": [10.5, 27.9, 6.5]},
			"faces": {
				"north": {"uv": [9.5, 10.5, 10, 13.5], "texture": "#0"},
				"east": {"uv": [6.5, 12.5, 7, 15.5], "texture": "#0"},
				"south": {"uv": [7, 12.5, 7.5, 15.5], "texture": "#0"},
				"west": {"uv": [7.5, 12.5, 8, 15.5], "texture": "#0"},
				"up": {"uv": [14.5, 12, 14, 11.5], "texture": "#0"},
				"down": {"uv": [12.5, 14, 12, 14.5], "texture": "#0"}
			}
		},
		{
			"name": "mane",
			"from": [4.5, 23.2, 7],
			"to": [5.5, 28.9, 7.5],
			"rotation": {"angle": 0, "axis": "y", "origin": [6.5, 27.9, 6.5]},
			"faces": {
				"north": {"uv": [8, 12.5, 8.5, 15.5], "texture": "#0"},
				"east": {"uv": [12.5, 8, 13, 11], "texture": "#0"},
				"south": {"uv": [8.5, 12.5, 9, 15.5], "texture": "#0"},
				"west": {"uv": [9, 12.5, 9.5, 15.5], "texture": "#0"},
				"up": {"uv": [14.5, 12.5, 14, 12], "texture": "#0"},
				"down": {"uv": [13, 14, 12.5, 14.5], "texture": "#0"}
			}
		},
		{
			"name": "mane",
			"from": [5.5, 23.2, 7],
			"to": [10.5, 24.2, 7.5],
			"rotation": {"angle": 0, "axis": "y", "origin": [5.8, 25.2, 6.5]},
			"faces": {
				"north": {"uv": [13, 0, 15.5, 0.5], "texture": "#0"},
				"east": {"uv": [14, 12.5, 14.5, 13], "texture": "#0"},
				"south": {"uv": [13, 0.5, 15.5, 1], "texture": "#0"},
				"west": {"uv": [13, 14, 13.5, 14.5], "texture": "#0"},
				"up": {"uv": [15.5, 9, 13, 8.5], "texture": "#0"},
				"down": {"uv": [15.5, 9, 13, 9.5], "texture": "#0"}
			}
		},
		{
			"name": "tail",
			"from": [3.53036, 17.26, 13.0695],
			"to": [6.53036, 18.26, 14.0695],
			"rotation": {"angle": 0, "axis": "y", "origin": [-0.46964, 17.258, 14.0695]},
			"faces": {
				"north": {"uv": [12.5, 13.5, 13, 11], "rotation": 90, "texture": "#0"},
				"east": {"uv": [10.5, 14, 10, 14.5], "rotation": 270, "texture": "#0"},
				"south": {"uv": [2.5, 15.5, 3, 13], "rotation": 270, "texture": "#0"},
				"west": {"uv": [14.5, 10.5, 14, 10], "rotation": 270, "texture": "#0"},
				"up": {"uv": [2, 15.5, 2.5, 13], "rotation": 270, "texture": "#0"},
				"down": {"uv": [13, 8.5, 13.5, 6], "rotation": 270, "texture": "#0"}
			}
		},
		{
			"name": "tail1",
			"from": [5.545, 17.255, 11],
			"to": [6.555, 18.265, 14.03],
			"rotation": {"angle": -45, "axis": "y", "origin": [6.495, 17.25, 14.02]},
			"faces": {
				"north": {"uv": [10.5, 14.5, 11, 14], "rotation": 90, "texture": "#0"},
				"east": {"uv": [11.5, 13, 11, 14.5], "rotation": 270, "texture": "#0"},
				"south": {"uv": [14, 11, 14.5, 10.5], "rotation": 270, "texture": "#0"},
				"west": {"uv": [4.5, 15, 4, 13.5], "rotation": 270, "texture": "#0"},
				"up": {"uv": [13.5, 5.5, 15, 5], "rotation": 270, "texture": "#0"},
				"down": {"uv": [13.5, 6, 15, 5.5], "rotation": 270, "texture": "#0"}
			}
		},
		{
			"name": "tail2",
			"from": [3.50572, 17.255, 11],
			"to": [4.51572, 18.265, 14.03],
			"rotation": {"angle": 45, "axis": "y", "origin": [3.56572, 17.245, 14.02]},
			"faces": {
				"north": {"uv": [10.5, 14, 11, 14.5], "rotation": 90, "texture": "#0"},
				"east": {"uv": [4.5, 13.5, 4, 15], "rotation": 270, "texture": "#0"},
				"south": {"uv": [14, 10.5, 14.5, 11], "rotation": 270, "texture": "#0"},
				"west": {"uv": [11.5, 14.5, 11, 13], "rotation": 270, "texture": "#0"},
				"up": {"uv": [13.5, 5, 15, 5.5], "rotation": 270, "texture": "#0"},
				"down": {"uv": [13.5, 5.5, 15, 6], "rotation": 270, "texture": "#0"}
			}
		},
		{
			"name": "tailfluffy",
			"from": [0.9, 17.15, 10],
			"to": [1.9, 18.35, 11.2],
			"rotation": {"angle": -45, "axis": "y", "origin": [0.59108, 17.205, 11.0695]},
			"faces": {
				"north": {"uv": [13.5, 8.5, 14, 8], "rotation": 90, "texture": "#0"},
				"east": {"uv": [13.5, 8.5, 14, 8], "rotation": 270, "texture": "#0"},
				"south": {"uv": [13.5, 8.5, 14, 8], "rotation": 270, "texture": "#0"},
				"west": {"uv": [13.5, 8.5, 14, 8], "rotation": 270, "texture": "#0"},
				"up": {"uv": [13.5, 8.5, 14, 8], "rotation": 270, "texture": "#0"},
				"down": {"uv": [13.5, 8.5, 14, 8], "rotation": 270, "texture": "#0"}
			}
		},
		{
			"name": "foot_front_left",
			"from": [3.6, 21.2, 2.5],
			"to": [5.5, 24.7, 4],
			"rotation": {"angle": 45, "axis": "x", "origin": [-1.5, 15.7, 4]},
			"faces": {
				"north": {"uv": [9.5, 12.5, 8.5, 10.5], "rotation": 180, "texture": "#0"},
				"east": {"uv": [0, 11, 2, 12], "rotation": 90, "texture": "#0"},
				"south": {"uv": [12, 1, 11, 3], "texture": "#0"},
				"west": {"uv": [11, 0, 13, 1], "rotation": 270, "texture": "#0"},
				"up": {"uv": [13, 9.5, 14, 10.5], "texture": "#0"},
				"down": {"uv": [8.5, 6, 9.5, 7], "rotation": 180, "texture": "#0"}
			}
		},
		{
			"name": "foot_back_left",
			"from": [7.6, 17.2, 6.75],
			"to": [9.5, 18.7, 11.25],
			"rotation": {"angle": 22.5, "axis": "y", "origin": [2.5, 3.2, 15.75]},
			"faces": {
				"north": {"uv": [2, 11, 3, 13], "rotation": 180, "texture": "#0"},
				"east": {"uv": [2, 11, 3, 13], "rotation": 90, "texture": "#0"},
				"south": {"uv": [2, 11, 3, 13], "texture": "#0"},
				"west": {"uv": [2, 11, 3, 13], "rotation": 270, "texture": "#0"},
				"up": {"uv": [2, 11, 3, 13], "texture": "#0"},
				"down": {"uv": [2, 11, 3, 13], "rotation": 180, "texture": "#0"}
			}
		},
		{
			"name": "foot_front_right",
			"from": [10.5, 21.2, 2.5],
			"to": [12.4, 24.7, 4],
			"rotation": {"angle": 45, "axis": "x", "origin": [2.5, 15.7, 4]},
			"faces": {
				"north": {"uv": [2, 14, 1, 12], "rotation": 180, "texture": "#0"},
				"east": {"uv": [11.5, 5, 13.5, 6], "rotation": 90, "texture": "#0"},
				"south": {"uv": [13, 6, 12, 8], "texture": "#0"},
				"west": {"uv": [12, 1, 14, 2], "rotation": 270, "texture": "#0"},
				"up": {"uv": [13, 12.5, 14, 13.5], "texture": "#0"},
				"down": {"uv": [13, 11.5, 14, 12.5], "rotation": 180, "texture": "#0"}
			}
		},
		{
			"name": "foot_back_right",
			"from": [7.5, 17.2, 0.75],
			"to": [9.4, 18.7, 5.25],
			"rotation": {"angle": -22.5, "axis": "y", "origin": [-0.5, 3.2, 9.75]},
			"faces": {
				"north": {"uv": [11.5, 12, 12.5, 14], "rotation": 180, "texture": "#0"},
				"east": {"uv": [11.5, 12, 12.5, 14], "rotation": 90, "texture": "#0"},
				"south": {"uv": [11.5, 12, 12.5, 14], "texture": "#0"},
				"west": {"uv": [11.5, 12, 12.5, 14], "rotation": 270, "texture": "#0"},
				"up": {"uv": [11.5, 12, 12.5, 14], "texture": "#0"},
				"down": {"uv": [11.5, 12, 12.5, 14], "rotation": 180, "texture": "#0"}
			}
		}
	],
	"display": {
		"thirdperson_righthand": {
			"rotation": [90, 0, 0],
			"translation": [0, -2, 8],
			"scale": [0.4, 0.4, 0.4]
		},
		"thirdperson_lefthand": {
			"rotation": [90, 0, 0],
			"translation": [0, -2, 8],
			"scale": [0.4, 0.4, 0.4]
		},
		"firstperson_righthand": {
			"scale": [0, 0, 0]
		},
		"firstperson_lefthand": {
			"scale": [0, 0, 0]
		},
		"ground": {
			"translation": [0, -12.75, 0]
		},
		"gui": {
			"rotation": [0, -180, 0],
			"translation": [0, -15, 0]
		},
		"head": {
			"scale": [0.7, 0.7, 0.7]
		},
		"fixed": {
			"rotation": [-90, 0, 0],
			"translation": [0, 0, 16.75],
			"scale": [1.8, 1.8, 1.8]
		}
	}
}