{
	"texture_size": [64, 64],
	"textures": {
		"0": "hats/animals/morino_tanuki"
	},
	"elements": [
		{
			"from": [3.5, 13, 4],
			"to": [6, 16, 12],
			"rotation": {"angle": 22.5, "axis": "y", "origin": [4.5, 14.5, 8]},
			"faces": {
				"north": {"uv": [1.5, 5, 2.125, 5.75], "texture": "#0"},
				"east": {"uv": [6, 0, 8, 0.75], "texture": "#0"},
				"south": {"uv": [8.5, 6.25, 9.125, 7], "texture": "#0"},
				"west": {"uv": [6, 0.75, 8, 1.5], "texture": "#0"},
				"up": {"uv": [4.375, 7.75, 3.75, 5.75], "texture": "#0"},
				"down": {"uv": [5.125, 5.75, 4.5, 7.75], "texture": "#0"}
			}
		},
		{
			"from": [11, 17, 6],
			"to": [12.5, 20, 12],
			"rotation": {"angle": -45, "axis": "x", "origin": [12.5, 18.5, 10]},
			"faces": {
				"north": {"uv": [2.5, 9, 2.875, 9.75], "texture": "#0"},
				"east": {"uv": [6.75, 4.25, 8.25, 5], "texture": "#0"},
				"south": {"uv": [3, 9, 3.375, 9.75], "texture": "#0"},
				"west": {"uv": [7, 1.5, 8.5, 2.25], "texture": "#0"},
				"up": {"uv": [8.375, 1.5, 8, 0], "texture": "#0"},
				"down": {"uv": [6.875, 8, 6.5, 9.5], "texture": "#0"}
			}
		},
		{
			"from": [7.75, 16.5, 7.25],
			"to": [8.25, 17, 7.5],
			"rotation": {"angle": 0, "axis": "y", "origin": [7.5, 17.5, 10.75]},
			"faces": {
				"north": {"uv": [9.5, 9.75, 9.625, 9.875], "texture": "#0"},
				"east": {"uv": [9.75, 9.75, 9.875, 9.875], "texture": "#0"},
				"south": {"uv": [10, 0, 10.125, 0.125], "texture": "#0"},
				"west": {"uv": [10, 0.25, 10.125, 0.375], "texture": "#0"},
				"up": {"uv": [10.125, 0.625, 10, 0.5], "texture": "#0"},
				"down": {"uv": [10.125, 0.75, 10, 0.875], "texture": "#0"}
			}
		},
		{
			"from": [3.5, 17, 6],
			"to": [5, 20, 12],
			"rotation": {"angle": -45, "axis": "x", "origin": [3.5, 18.5, 10]},
			"faces": {
				"north": {"uv": [3.5, 9, 3.875, 9.75], "texture": "#0"},
				"east": {"uv": [5.25, 7, 6.75, 7.75], "texture": "#0"},
				"south": {"uv": [4, 9, 4.375, 9.75], "texture": "#0"},
				"west": {"uv": [7, 6.25, 8.5, 7], "texture": "#0"},
				"up": {"uv": [8.625, 4.25, 8.25, 2.75], "texture": "#0"},
				"down": {"uv": [8.875, 0, 8.5, 1.5], "texture": "#0"}
			}
		},
		{
			"from": [10, 13, 4],
			"to": [12.5, 16, 12],
			"rotation": {"angle": -22.5, "axis": "y", "origin": [11.5, 14.5, 8]},
			"faces": {
				"north": {"uv": [8.5, 7, 9.125, 7.75], "texture": "#0"},
				"east": {"uv": [6.25, 2.75, 8.25, 3.5], "texture": "#0"},
				"south": {"uv": [8, 8.5, 8.625, 9.25], "texture": "#0"},
				"west": {"uv": [6.25, 3.5, 8.25, 4.25], "texture": "#0"},
				"up": {"uv": [0.625, 8.25, 0, 6.25], "texture": "#0"},
				"down": {"uv": [1.375, 6.25, 0.75, 8.25], "texture": "#0"}
			}
		},
		{
			"from": [3.9106, 20.02322, 9.2],
			"to": [5.9106, 21.77322, 13.1],
			"rotation": {"angle": -22.5, "axis": "z", "origin": [6.9106, 17.77322, 10]},
			"faces": {
				"north": {"uv": [4.375, 4, 4.625, 4.25], "texture": "#0"},
				"east": {"uv": [1.5, 0.75, 2, 1], "texture": "#0"},
				"south": {"uv": [4.5, 0, 4.75, 0.25], "texture": "#0"},
				"west": {"uv": [4.125, 0.75, 4.625, 1], "texture": "#0"},
				"up": {"uv": [0.25, 4.625, 0, 4.125], "texture": "#0"},
				"down": {"uv": [4.375, 2.125, 4.125, 2.625], "texture": "#0"}
			}
		},
		{
			"from": [5.6697, 20.81679, 9.1],
			"to": [10.3303, 22.61679, 13.4],
			"rotation": {"angle": 0, "axis": "y", "origin": [8.6697, 18.61679, 10]},
			"faces": {
				"north": {"uv": [3.125, 2.25, 3.6875, 2.5], "texture": "#0"},
				"east": {"uv": [3.875, 0.5, 4.4375, 0.75], "texture": "#0"},
				"south": {"uv": [3.125, 4, 3.6875, 4.25], "texture": "#0"},
				"west": {"uv": [3.75, 4, 4.3125, 4.25], "texture": "#0"},
				"up": {"uv": [1.3125, 3.6875, 0.75, 3.125], "texture": "#0"},
				"down": {"uv": [3.1875, 3.25, 2.625, 3.8125], "texture": "#0"}
			}
		},
		{
			"from": [5.25, 20.95, 8],
			"to": [10.75, 25.95, 14],
			"rotation": {"angle": 0, "axis": "y", "origin": [8.6697, 22.31679, 10]},
			"faces": {
				"north": {"uv": [4.75, 3, 6.125, 4.25], "texture": "#0"},
				"east": {"uv": [2.25, 4.5, 3.75, 5.75], "texture": "#0"},
				"south": {"uv": [0, 5, 1.375, 6.25], "texture": "#0"},
				"west": {"uv": [3.75, 4.5, 5.25, 5.75], "texture": "#0"},
				"up": {"uv": [5.375, 3, 4, 1.5], "texture": "#0"},
				"down": {"uv": [5.875, 0, 4.5, 1.5], "texture": "#0"}
			}
		},
		{
			"from": [4, 25.2, 10],
			"to": [6.5, 26.95, 11],
			"rotation": {"angle": 22.5, "axis": "z", "origin": [6, 26.95, 9.5]},
			"faces": {
				"north": {"uv": [3, 1.5, 3.625, 2], "texture": "#0"},
				"east": {"uv": [3.75, 1.5, 4, 2], "texture": "#0"},
				"south": {"uv": [4, 3, 4.625, 3.5], "texture": "#0"},
				"west": {"uv": [2.25, 4, 2.5, 4.5], "texture": "#0"},
				"up": {"uv": [9.875, 7.25, 9.25, 7], "texture": "#0"},
				"down": {"uv": [9.875, 7.25, 9.25, 7.5], "texture": "#0"}
			}
		},
		{
			"from": [6.75, 21.45, 7],
			"to": [9.25, 23.2, 8],
			"rotation": {"angle": 0, "axis": "y", "origin": [6, 27.95, 10.5]},
			"faces": {
				"north": {"uv": [9, 0, 9.625, 0.5], "texture": "#0"},
				"east": {"uv": [0.5, 9.75, 0.75, 10.25], "texture": "#0"},
				"south": {"uv": [9, 0.5, 9.625, 1], "texture": "#0"},
				"west": {"uv": [9.75, 0.5, 10, 1], "texture": "#0"},
				"up": {"uv": [9.375, 9.5, 8.75, 9.25], "texture": "#0"},
				"down": {"uv": [0.625, 9.5, 0, 9.75], "texture": "#0"}
			}
		},
		{
			"from": [9.5, 25.2, 10],
			"to": [12, 26.95, 11],
			"rotation": {"angle": -22.5, "axis": "z", "origin": [10, 26.95, 9.5]},
			"faces": {
				"north": {"uv": [5.25, 8.75, 5.875, 9.25], "texture": "#0"},
				"east": {"uv": [5, 9.5, 5.25, 10], "texture": "#0"},
				"south": {"uv": [8.75, 8.5, 9.375, 9], "texture": "#0"},
				"west": {"uv": [9.75, 0, 10, 0.5], "texture": "#0"},
				"up": {"uv": [9.875, 7.75, 9.25, 7.5], "texture": "#0"},
				"down": {"uv": [8.625, 9.25, 8, 9.5], "texture": "#0"}
			}
		},
		{
			"from": [9.78492, 21.55395, 9.2],
			"to": [11.78492, 23.30395, 13.3],
			"rotation": {"angle": 22.5, "axis": "z", "origin": [12.78492, 19.30395, 10]},
			"faces": {
				"north": {"uv": [4.5, 0.25, 4.75, 0.5], "texture": "#0"},
				"east": {"uv": [4.125, 1, 4.625, 1.25], "texture": "#0"},
				"south": {"uv": [4.5, 0.5, 4.75, 0.75], "texture": "#0"},
				"west": {"uv": [4.125, 2.625, 4.625, 2.875], "texture": "#0"},
				"up": {"uv": [4.5, 0.5, 4.25, 0], "texture": "#0"},
				"down": {"uv": [0.5, 4.25, 0.25, 4.75], "texture": "#0"}
			}
		},
		{
			"from": [5, 13.25, 9],
			"to": [11, 21, 13.5],
			"rotation": {"angle": 0, "axis": "y", "origin": [7, 16, 10]},
			"faces": {
				"north": {"uv": [0, 0, 1.5, 2], "texture": "#0"},
				"east": {"uv": [0, 2, 1.125, 4], "texture": "#0"},
				"south": {"uv": [1.5, 0, 3, 2], "texture": "#0"},
				"west": {"uv": [1.25, 2, 2.375, 4], "texture": "#0"},
				"up": {"uv": [6.75, 5.375, 5.25, 4.25], "texture": "#0"},
				"down": {"uv": [7, 1.5, 5.5, 2.625], "texture": "#0"}
			}
		},
		{
			"from": [6.75, 18, 13.5],
			"to": [9.25, 21.75, 16.25],
			"rotation": {"angle": 22.5, "axis": "x", "origin": [7, 17, 14]},
			"faces": {
				"north": {"uv": [4.5, 7.75, 5.125, 8.75], "texture": "#0"},
				"east": {"uv": [3, 7.75, 3.75, 8.75], "texture": "#0"},
				"south": {"uv": [5.25, 7.75, 5.875, 8.75], "texture": "#0"},
				"west": {"uv": [3.75, 7.75, 4.5, 8.75], "texture": "#0"},
				"up": {"uv": [0.625, 9.5, 0, 8.75], "texture": "#0"},
				"down": {"uv": [1.375, 8.75, 0.75, 9.5], "texture": "#0"}
			}
		},
		{
			"from": [7, 14.25, 13],
			"to": [9, 19, 15.5],
			"rotation": {"angle": 45, "axis": "x", "origin": [7, 17, 14]},
			"faces": {
				"north": {"uv": [3.25, 6.5, 3.75, 7.75], "texture": "#0"},
				"east": {"uv": [1.5, 7.75, 2.125, 9], "texture": "#0"},
				"south": {"uv": [6, 7.75, 6.5, 9], "texture": "#0"},
				"west": {"uv": [2.25, 7.75, 2.875, 9], "texture": "#0"},
				"up": {"uv": [2, 9.625, 1.5, 9], "texture": "#0"},
				"down": {"uv": [2.5, 9, 2, 9.625], "texture": "#0"}
			}
		},
		{
			"from": [5, 14.25, 7.5],
			"to": [11, 20, 9],
			"rotation": {"angle": 0, "axis": "y", "origin": [7, 16, 10]},
			"faces": {
				"north": {"uv": [2.5, 2, 4, 3.5], "texture": "#0"},
				"east": {"uv": [7, 8, 7.375, 9.5], "texture": "#0"},
				"south": {"uv": [3, 0, 4.5, 1.5], "texture": "#0"},
				"west": {"uv": [7.5, 8, 7.875, 9.5], "texture": "#0"},
				"up": {"uv": [9.5, 8.375, 8, 8], "texture": "#0"},
				"down": {"uv": [1.5, 8.25, 0, 8.625], "texture": "#0"}
			}
		},
		{
			"from": [20, 10, 6],
			"to": [21, 13, 8],
			"rotation": {"angle": 22.5, "axis": "z", "origin": [6, -4, 0]},
			"faces": {
				"north": {"uv": [9.25, 3.5, 9.5, 4.25], "texture": "#0"},
				"east": {"uv": [8.75, 3.5, 9.25, 4.25], "texture": "#0"},
				"south": {"uv": [5.5, 9.25, 5.75, 10], "texture": "#0"},
				"west": {"uv": [4.75, 8.75, 5.25, 9.5], "texture": "#0"},
				"up": {"uv": [1.75, 10.25, 1.5, 9.75], "texture": "#0"},
				"down": {"uv": [2, 9.75, 1.75, 10.25], "texture": "#0"}
			}
		},
		{
			"from": [4, 16, 14],
			"to": [4.5, 20.5, 14.5],
			"rotation": {"angle": -22.5, "axis": "x", "origin": [0.75, -2.65254, 8.01041]},
			"faces": {
				"north": {"uv": [0.75, 9.5, 0.875, 10.625], "texture": "#0"},
				"east": {"uv": [1, 9.5, 1.125, 10.625], "texture": "#0"},
				"south": {"uv": [1.25, 9.5, 1.375, 10.625], "texture": "#0"},
				"west": {"uv": [4.75, 9.5, 4.875, 10.625], "texture": "#0"},
				"up": {"uv": [10.125, 1.125, 10, 1], "texture": "#0"},
				"down": {"uv": [10.125, 1.25, 10, 1.375], "texture": "#0"}
			}
		},
		{
			"from": [2.25, 14.5, 6.75],
			"to": [3.75, 16, 8.25],
			"rotation": {"angle": -22.5, "axis": "z", "origin": [2.5, 16.5, 7]},
			"faces": {
				"north": {"uv": [9.5, 3.5, 9.875, 3.875], "texture": "#0"},
				"east": {"uv": [9.5, 6.25, 9.875, 6.625], "texture": "#0"},
				"south": {"uv": [6.5, 9.5, 6.875, 9.875], "texture": "#0"},
				"west": {"uv": [7, 9.5, 7.375, 9.875], "texture": "#0"},
				"up": {"uv": [7.875, 9.875, 7.5, 9.5], "texture": "#0"},
				"down": {"uv": [8.375, 9.5, 8, 9.875], "texture": "#0"}
			}
		},
		{
			"from": [2.4, 16, 6.9],
			"to": [3.6, 16.1, 8.1],
			"rotation": {"angle": -22.5, "axis": "z", "origin": [2.5, 16.5, 7]},
			"faces": {
				"north": {"uv": [9.75, 4, 10, 4.125], "texture": "#0"},
				"east": {"uv": [4.25, 9.75, 4.5, 9.875], "texture": "#0"},
				"south": {"uv": [9.75, 6, 10, 6.125], "texture": "#0"},
				"west": {"uv": [9.75, 6.75, 10, 6.875], "texture": "#0"},
				"up": {"uv": [5, 4.5, 4.75, 4.25], "texture": "#0"},
				"down": {"uv": [5.25, 4.25, 5, 4.5], "texture": "#0"}
			}
		},
		{
			"from": [2.75, 17, 7.25],
			"to": [3.25, 17.5, 7.75],
			"rotation": {"angle": -22.5, "axis": "z", "origin": [2.5, 16.5, 7]},
			"faces": {
				"north": {"uv": [10, 3.75, 10.125, 3.875], "texture": "#0"},
				"east": {"uv": [4, 10, 4.125, 10.125], "texture": "#0"},
				"south": {"uv": [10, 4, 10.125, 4.125], "texture": "#0"},
				"west": {"uv": [4.25, 10, 4.375, 10.125], "texture": "#0"},
				"up": {"uv": [5.125, 10.125, 5, 10], "texture": "#0"},
				"down": {"uv": [5.625, 10, 5.5, 10.125], "texture": "#0"}
			}
		},
		{
			"from": [2.5, 16, 7],
			"to": [3.5, 17, 8],
			"rotation": {"angle": -22.5, "axis": "z", "origin": [2.5, 16.5, 7]},
			"faces": {
				"north": {"uv": [6.5, 7.75, 6.75, 8], "texture": "#0"},
				"east": {"uv": [9.5, 4, 9.75, 4.25], "texture": "#0"},
				"south": {"uv": [9.5, 6.75, 9.75, 7], "texture": "#0"},
				"west": {"uv": [3.5, 9.75, 3.75, 10], "texture": "#0"},
				"up": {"uv": [4, 10, 3.75, 9.75], "texture": "#0"},
				"down": {"uv": [4.25, 9.75, 4, 10], "texture": "#0"}
			}
		},
		{
			"from": [2.75, 17, 7.25],
			"to": [3.25, 17.5, 7.75],
			"rotation": {"angle": -22.5, "axis": "z", "origin": [2.5, 16.5, 7]},
			"faces": {
				"north": {"uv": [5.75, 10, 5.875, 10.125], "texture": "#0"},
				"east": {"uv": [10, 6, 10.125, 6.125], "texture": "#0"},
				"south": {"uv": [10, 6.25, 10.125, 6.375], "texture": "#0"},
				"west": {"uv": [6.5, 10, 6.625, 10.125], "texture": "#0"},
				"up": {"uv": [10.125, 6.625, 10, 6.5], "texture": "#0"},
				"down": {"uv": [6.875, 10, 6.75, 10.125], "texture": "#0"}
			}
		},
		{
			"from": [2.25, 14.5, 6.75],
			"to": [3.75, 16, 8.25],
			"rotation": {"angle": -22.5, "axis": "z", "origin": [2.5, 16.5, 7]},
			"faces": {
				"north": {"uv": [9.5, 8, 9.875, 8.375], "texture": "#0"},
				"east": {"uv": [8.5, 9.5, 8.875, 9.875], "texture": "#0"},
				"south": {"uv": [9.5, 8.5, 9.875, 8.875], "texture": "#0"},
				"west": {"uv": [9, 9.5, 9.375, 9.875], "texture": "#0"},
				"up": {"uv": [9.875, 9.625, 9.5, 9.25], "texture": "#0"},
				"down": {"uv": [0.375, 9.75, 0, 10.125], "texture": "#0"}
			}
		},
		{
			"from": [3.75, 20.85816, 20.56474],
			"to": [12.25, 23.85816, 21.56474],
			"rotation": {"angle": -22.5, "axis": "x", "origin": [9, 5.35816, 15.06474]},
			"faces": {
				"north": {"uv": [5.25, 5.5, 7.375, 6.25], "texture": "#0"},
				"east": {"uv": [5.75, 9.25, 6, 10], "texture": "#0"},
				"south": {"uv": [1.5, 5.75, 3.625, 6.5], "texture": "#0"},
				"west": {"uv": [9.25, 6.25, 9.5, 7], "texture": "#0"},
				"up": {"uv": [10.375, 4.75, 8.25, 4.5], "texture": "#0"},
				"down": {"uv": [10.375, 4.75, 8.25, 5], "texture": "#0"}
			}
		},
		{
			"from": [4.75, 22.78204, 20.94742],
			"to": [11.25, 24.78204, 21.94742],
			"rotation": {"angle": -22.5, "axis": "x", "origin": [9.75, 6.28204, 15.44742]},
			"faces": {
				"north": {"uv": [7.5, 5.5, 9.125, 6], "texture": "#0"},
				"east": {"uv": [3, 9.75, 3.25, 10.25], "texture": "#0"},
				"south": {"uv": [6.75, 7.5, 8.375, 8], "texture": "#0"},
				"west": {"uv": [3.25, 9.75, 3.5, 10.25], "texture": "#0"},
				"up": {"uv": [10.375, 3.25, 8.75, 3], "texture": "#0"},
				"down": {"uv": [10.375, 3.25, 8.75, 3.5], "texture": "#0"}
			}
		},
		{
			"from": [3.75, 20.25, 5.22353],
			"to": [12.25, 21.25, 9.22353],
			"rotation": {"angle": 22.5, "axis": "x", "origin": [9, 15.37354, 23.72353]},
			"faces": {
				"north": {"uv": [8.5, 1.5, 10.625, 1.75], "texture": "#0"},
				"east": {"uv": [9, 1, 10, 1.25], "texture": "#0"},
				"south": {"uv": [8.5, 1.75, 10.625, 2], "texture": "#0"},
				"west": {"uv": [9, 1.25, 10, 1.5], "texture": "#0"},
				"up": {"uv": [4.625, 4.5, 2.5, 3.5], "texture": "#0"},
				"down": {"uv": [2.125, 4, 0, 5], "texture": "#0"}
			}
		},
		{
			"from": [3.5, 25.17392, 26.56138],
			"to": [12.5, 27.17392, 27.56138],
			"rotation": {"angle": -45, "axis": "x", "origin": [9, 8.67392, 21.06138]},
			"faces": {
				"north": {"uv": [6.75, 5, 9, 5.5], "texture": "#0"},
				"east": {"uv": [2, 9.75, 2.25, 10.25], "texture": "#0"},
				"south": {"uv": [7, 2.25, 9.25, 2.75], "texture": "#0"},
				"west": {"uv": [2.25, 9.75, 2.5, 10.25], "texture": "#0"},
				"up": {"uv": [9.75, 6.25, 7.5, 6], "texture": "#0"},
				"down": {"uv": [10.5, 4.25, 8.25, 4.5], "texture": "#0"}
			}
		},
		{
			"from": [4.5, 25.39069, 27.23696],
			"to": [11.5, 27.39069, 28.23696],
			"rotation": {"angle": -45, "axis": "x", "origin": [9, 8.89069, 20.73696]},
			"faces": {
				"north": {"uv": [6.75, 7, 8.5, 7.5], "texture": "#0"},
				"east": {"uv": [2.5, 9.75, 2.75, 10.25], "texture": "#0"},
				"south": {"uv": [1.5, 7.25, 3.25, 7.75], "texture": "#0"},
				"west": {"uv": [2.75, 9.75, 3, 10.25], "texture": "#0"},
				"up": {"uv": [10.25, 2.25, 8.5, 2], "texture": "#0"},
				"down": {"uv": [10.25, 7.75, 8.5, 8], "texture": "#0"}
			}
		},
		{
			"from": [4.75, 21.25, 6.22353],
			"to": [11.25, 22.25, 9.22353],
			"rotation": {"angle": 22.5, "axis": "x", "origin": [9, 15.37354, 23.72353]},
			"faces": {
				"north": {"uv": [8.75, 2.75, 10.375, 3], "texture": "#0"},
				"east": {"uv": [5.5, 2.75, 6.25, 3], "texture": "#0"},
				"south": {"uv": [3, 8.75, 4.625, 9], "texture": "#0"},
				"west": {"uv": [9.25, 2.5, 10, 2.75], "texture": "#0"},
				"up": {"uv": [6.875, 7, 5.25, 6.25], "texture": "#0"},
				"down": {"uv": [3.125, 6.5, 1.5, 7.25], "texture": "#0"}
			}
		},
		{
			"from": [5, 25.92392, 20.56138],
			"to": [5.25, 26.17392, 26.81138],
			"rotation": {"angle": -45, "axis": "x", "origin": [9, 8.67392, 21.06138]},
			"faces": {
				"north": {"uv": [10, 2.5, 10.125, 2.625], "texture": "#0"},
				"east": {"uv": [9, 5, 10.625, 5.125], "texture": "#0"},
				"south": {"uv": [3.5, 10, 3.625, 10.125], "texture": "#0"},
				"west": {"uv": [9, 5.25, 10.625, 5.375], "texture": "#0"},
				"up": {"uv": [4.625, 10.625, 4.5, 9], "texture": "#0"},
				"down": {"uv": [6.125, 9, 6, 10.625], "texture": "#0"}
			}
		},
		{
			"from": [10.75, 25.92392, 20.56138],
			"to": [11, 26.17392, 26.81138],
			"rotation": {"angle": -45, "axis": "x", "origin": [9, 8.67392, 21.06138]},
			"faces": {
				"north": {"uv": [10, 3.5, 10.125, 3.625], "texture": "#0"},
				"east": {"uv": [8.75, 9, 10.375, 9.125], "texture": "#0"},
				"south": {"uv": [3.75, 10, 3.875, 10.125], "texture": "#0"},
				"west": {"uv": [9.25, 2.25, 10.875, 2.375], "texture": "#0"},
				"up": {"uv": [6.375, 10.625, 6.25, 9], "texture": "#0"},
				"down": {"uv": [5.375, 9.25, 5.25, 10.875], "texture": "#0"}
			}
		},
		{
			"from": [5.25, 25.92392, 20.56138],
			"to": [10.75, 26.17392, 20.56138],
			"rotation": {"angle": -45, "axis": "x", "origin": [9, 8.67392, 21.06138]},
			"faces": {
				"north": {"uv": [9.25, 5.5, 10.625, 5.625], "texture": "#0"},
				"east": {"uv": [0, 0, 0, 0.125], "texture": "#0"},
				"south": {"uv": [9.25, 5.75, 10.625, 5.875], "texture": "#0"},
				"west": {"uv": [0, 0, 0, 0.125], "texture": "#0"},
				"up": {"uv": [1.375, 0, 0, 0], "texture": "#0"},
				"down": {"uv": [1.375, 0, 0, 0], "texture": "#0"}
			}
		}
	],
	"display": {
		"thirdperson_righthand": {
			"rotation": [90, 0, 0],
			"translation": [0, -1.75, 10],
			"scale": [0.4, 0.4, 0.4]
		},
		"thirdperson_lefthand": {
			"rotation": [90, 0, 0],
			"translation": [0, -1.75, 10],
			"scale": [0.4, 0.4, 0.4]
		},
		"firstperson_righthand": {
			"scale": [0, 0, 0]
		},
		"firstperson_lefthand": {
			"scale": [0, 0, 0]
		},
		"ground": {
			"translation": [0, -8, 0]
		},
		"gui": {
			"rotation": [0, -180, 0],
			"translation": [0, -12, 0]
		},
		"head": {
			"translation": [0, 3.25, 0],
			"scale": [0.6, 0.6, 0.6]
		},
		"fixed": {
			"rotation": [-90, 0, 0],
			"translation": [0, 0, 8.5],
			"scale": [1.5, 1.5, 1.5]
		}
	}
}