{
	"texture_size": [64, 64],
	"textures": {
		"0": "hats/animals/yosaku"
	},
	"elements": [
		{
			"from": [3, 13, 4],
			"to": [6, 16, 12],
			"rotation": {"angle": 22.5, "axis": "y", "origin": [4.5, 14.5, 8]},
			"faces": {
				"north": {"uv": [8, 2.75, 8.75, 3.5], "texture": "#0"},
				"east": {"uv": [5.5, 1.5, 7.5, 2.25], "texture": "#0"},
				"south": {"uv": [8, 3.5, 8.75, 4.25], "texture": "#0"},
				"west": {"uv": [5.5, 2.25, 7.5, 3], "texture": "#0"},
				"up": {"uv": [3.75, 7, 3, 5], "texture": "#0"},
				"down": {"uv": [6.25, 3, 5.5, 5], "texture": "#0"}
			}
		},
		{
			"from": [11, 17, 6],
			"to": [13, 20, 12],
			"rotation": {"angle": -45, "axis": "x", "origin": [12.5, 18.5, 10]},
			"faces": {
				"north": {"uv": [8.5, 8.5, 9, 9.25], "texture": "#0"},
				"east": {"uv": [6, 0, 7.75, 0.75], "texture": "#0"},
				"south": {"uv": [1.75, 8.75, 2.25, 9.5], "texture": "#0"},
				"west": {"uv": [6, 0.75, 7.75, 1.5], "texture": "#0"},
				"up": {"uv": [1.25, 8.5, 0.75, 6.75], "texture": "#0"},
				"down": {"uv": [3.25, 7, 2.75, 8.75], "texture": "#0"}
			}
		},
		{
			"from": [7.75, 16.5, 6.75],
			"to": [8.25, 17, 7],
			"rotation": {"angle": 0, "axis": "y", "origin": [7.5, 17.5, 10.75]},
			"faces": {
				"north": {"uv": [2.25, 8.75, 2.75, 9.5], "texture": "#0"},
				"east": {"uv": [6.25, 3, 8, 3.75], "texture": "#0"},
				"south": {"uv": [8.75, 2.5, 9.25, 3.25], "texture": "#0"},
				"west": {"uv": [6.25, 3.75, 8, 4.5], "texture": "#0"},
				"up": {"uv": [3.75, 8.75, 3.25, 7], "texture": "#0"},
				"down": {"uv": [1.75, 7.5, 1.25, 9.25], "texture": "#0"}
			}
		},
		{
			"from": [3, 17, 6],
			"to": [5, 20, 12],
			"rotation": {"angle": -45, "axis": "x", "origin": [3.5, 18.5, 10]},
			"faces": {
				"north": {"uv": [2.25, 8.75, 2.75, 9.5], "texture": "#0"},
				"east": {"uv": [6.25, 3, 8, 3.75], "texture": "#0"},
				"south": {"uv": [8.75, 2.5, 9.25, 3.25], "texture": "#0"},
				"west": {"uv": [6.25, 3.75, 8, 4.5], "texture": "#0"},
				"up": {"uv": [3.75, 8.75, 3.25, 7], "texture": "#0"},
				"down": {"uv": [1.75, 7.5, 1.25, 9.25], "texture": "#0"}
			}
		},
		{
			"from": [10, 13, 4],
			"to": [13, 16, 12],
			"rotation": {"angle": -22.5, "axis": "y", "origin": [11.5, 14.5, 8]},
			"faces": {
				"north": {"uv": [3.75, 8, 4.5, 8.75], "texture": "#0"},
				"east": {"uv": [5.5, 5, 7.5, 5.75], "texture": "#0"},
				"south": {"uv": [4.5, 8, 5.25, 8.75], "texture": "#0"},
				"west": {"uv": [5.5, 5.75, 7.5, 6.5], "texture": "#0"},
				"up": {"uv": [4.5, 8, 3.75, 6], "texture": "#0"},
				"down": {"uv": [5.25, 6, 4.5, 8], "texture": "#0"}
			}
		},
		{
			"from": [3.9106, 20.02322, 9.2],
			"to": [5.9106, 21.77322, 13.1],
			"rotation": {"angle": -22.5, "axis": "z", "origin": [6.9106, 17.77322, 10]},
			"faces": {
				"north": {"uv": [8.75, 8, 9.25, 8.5], "texture": "#0"},
				"east": {"uv": [3, 1.5, 4, 2], "texture": "#0"},
				"south": {"uv": [9, 0, 9.5, 0.5], "texture": "#0"},
				"west": {"uv": [8.25, 1.5, 9.25, 2], "texture": "#0"},
				"up": {"uv": [0.5, 9.25, 0, 8.25], "texture": "#0"},
				"down": {"uv": [8.75, 4.25, 8.25, 5.25], "texture": "#0"}
			}
		},
		{
			"from": [5.6697, 20.81679, 9.1],
			"to": [10.3303, 22.61679, 13.4],
			"rotation": {"angle": 0, "axis": "y", "origin": [8.6697, 18.61679, 10]},
			"faces": {
				"north": {"uv": [6.25, 4.5, 7.375, 5], "texture": "#0"},
				"east": {"uv": [7.75, 1, 8.875, 1.5], "texture": "#0"},
				"south": {"uv": [6.25, 8, 7.375, 8.5], "texture": "#0"},
				"west": {"uv": [7.5, 8, 8.625, 8.5], "texture": "#0"},
				"up": {"uv": [2.625, 7.375, 1.5, 6.25], "texture": "#0"},
				"down": {"uv": [6.375, 6.5, 5.25, 7.625], "texture": "#0"}
			}
		},
		{
			"from": [5.25, 20.95, 8],
			"to": [10.75, 25.95, 14],
			"rotation": {"angle": 0, "axis": "y", "origin": [8.6697, 22.31679, 10]},
			"faces": {
				"north": {"uv": [2.5, 2, 4, 3.5], "texture": "#0"},
				"east": {"uv": [3, 0, 4.5, 1.5], "texture": "#0"},
				"south": {"uv": [2.5, 3.5, 4, 5], "texture": "#0"},
				"west": {"uv": [0, 4, 1.5, 5.5], "texture": "#0"},
				"up": {"uv": [5.5, 3, 4, 1.5], "texture": "#0"},
				"down": {"uv": [5.5, 3, 4, 4.5], "texture": "#0"}
			}
		},
		{
			"from": [4, 25.2, 11],
			"to": [6.5, 27.2, 12],
			"rotation": {"angle": 22.5, "axis": "z", "origin": [6, 26.95, 10.5]},
			"faces": {
				"north": {"uv": [8.75, 3.75, 9.375, 4.25], "texture": "#0"},
				"east": {"uv": [2.25, 4, 2.5, 4.5], "texture": "#0"},
				"south": {"uv": [8.75, 4.25, 9.375, 4.75], "texture": "#0"},
				"west": {"uv": [2.25, 4.5, 2.5, 5], "texture": "#0"},
				"up": {"uv": [5.875, 9.25, 5.25, 9], "texture": "#0"},
				"down": {"uv": [9.625, 5.75, 9, 6], "texture": "#0"}
			}
		},
		{
			"from": [6.75, 21.45, 7],
			"to": [9.25, 23.2, 8],
			"rotation": {"angle": 0, "axis": "y", "origin": [6, 27.95, 10.5]},
			"faces": {
				"north": {"uv": [7, 8.5, 7.625, 9.125], "texture": "#0"},
				"east": {"uv": [2.75, 8.75, 3.25, 9.375], "texture": "#0"},
				"south": {"uv": [7.75, 8.5, 8.375, 9.125], "texture": "#0"},
				"west": {"uv": [3.25, 8.75, 3.75, 9.375], "texture": "#0"},
				"up": {"uv": [9.375, 3.75, 8.75, 3.25], "texture": "#0"},
				"down": {"uv": [4.375, 8.75, 3.75, 9.25], "texture": "#0"}
			}
		},
		{
			"from": [9.5, 25.2, 11],
			"to": [12, 27.2, 12],
			"rotation": {"angle": -22.5, "axis": "z", "origin": [10, 26.95, 10.5]},
			"faces": {
				"north": {"uv": [4.5, 8.75, 5.125, 9.25], "texture": "#0"},
				"east": {"uv": [3.75, 5, 4, 5.5], "texture": "#0"},
				"south": {"uv": [8.75, 4.75, 9.375, 5.25], "texture": "#0"},
				"west": {"uv": [3.75, 5.5, 4, 6], "texture": "#0"},
				"up": {"uv": [9.625, 6.25, 9, 6], "texture": "#0"},
				"down": {"uv": [9.625, 6.25, 9, 6.5], "texture": "#0"}
			}
		},
		{
			"from": [9.78492, 21.55395, 9.2],
			"to": [11.78492, 23.30395, 13.3],
			"rotation": {"angle": 22.5, "axis": "z", "origin": [12.78492, 19.30395, 10]},
			"faces": {
				"north": {"uv": [9, 0.5, 9.5, 1], "texture": "#0"},
				"east": {"uv": [8.25, 2, 9.25, 2.5], "texture": "#0"},
				"south": {"uv": [9, 1, 9.5, 1.5], "texture": "#0"},
				"west": {"uv": [8.25, 5.25, 9.25, 5.75], "texture": "#0"},
				"up": {"uv": [9, 1, 8.5, 0], "texture": "#0"},
				"down": {"uv": [1, 8.5, 0.5, 9.5], "texture": "#0"}
			}
		},
		{
			"from": [5, 13.25, 9],
			"to": [11, 21, 13.5],
			"rotation": {"angle": 0, "axis": "y", "origin": [7, 16, 10]},
			"faces": {
				"north": {"uv": [0, 0, 1.5, 2], "texture": "#0"},
				"east": {"uv": [0, 2, 1.125, 4], "texture": "#0"},
				"south": {"uv": [1.5, 0, 3, 2], "texture": "#0"},
				"west": {"uv": [1.25, 2, 2.375, 4], "texture": "#0"},
				"up": {"uv": [3, 6.125, 1.5, 5], "texture": "#0"},
				"down": {"uv": [1.5, 5.5, 0, 6.625], "texture": "#0"}
			}
		},
		{
			"from": [6.75, 18, 13.5],
			"to": [9.25, 21.75, 16.25],
			"rotation": {"angle": 22.5, "axis": "x", "origin": [7, 17, 14]},
			"faces": {
				"north": {"uv": [7.5, 5.5, 8.125, 6.5], "texture": "#0"},
				"east": {"uv": [1.5, 4, 2.25, 5], "texture": "#0"},
				"south": {"uv": [7.75, 0, 8.375, 1], "texture": "#0"},
				"west": {"uv": [7.5, 4.5, 8.25, 5.5], "texture": "#0"},
				"up": {"uv": [8.875, 6.5, 8.25, 5.75], "texture": "#0"},
				"down": {"uv": [6.875, 8.5, 6.25, 9.25], "texture": "#0"}
			}
		},
		{
			"from": [7, 14.25, 13],
			"to": [9, 19, 15.5],
			"rotation": {"angle": 45, "axis": "x", "origin": [7, 17, 14]},
			"faces": {
				"north": {"uv": [5.25, 7.75, 5.75, 9], "texture": "#0"},
				"east": {"uv": [7.5, 1.5, 8.125, 2.75], "texture": "#0"},
				"south": {"uv": [5.75, 7.75, 6.25, 9], "texture": "#0"},
				"west": {"uv": [1.75, 7.5, 2.375, 8.75], "texture": "#0"},
				"up": {"uv": [9.25, 7.125, 8.75, 6.5], "texture": "#0"},
				"down": {"uv": [9.25, 7.25, 8.75, 7.875], "texture": "#0"}
			}
		},
		{
			"from": [5, 14.25, 7],
			"to": [11, 20, 9],
			"rotation": {"angle": 0, "axis": "y", "origin": [7, 16, 10]},
			"faces": {
				"north": {"uv": [4.5, 0, 6, 1.5], "texture": "#0"},
				"east": {"uv": [6.5, 6.5, 7.125, 8], "texture": "#0"},
				"south": {"uv": [4, 4.5, 5.5, 6], "texture": "#0"},
				"west": {"uv": [0, 6.75, 0.625, 8.25], "texture": "#0"},
				"up": {"uv": [8.75, 7.125, 7.25, 6.5], "texture": "#0"},
				"down": {"uv": [8.75, 7.25, 7.25, 7.875], "texture": "#0"}
			}
		}
	],
	"display": {
		"thirdperson_righthand": {
			"rotation": [90, 0, 0],
			"translation": [0, -1.75, 10],
			"scale": [0.4, 0.4, 0.4]
		},
		"thirdperson_lefthand": {
			"rotation": [90, 0, 0],
			"translation": [0, -1.75, 10],
			"scale": [0.4, 0.4, 0.4]
		},
		"firstperson_righthand": {
			"scale": [0, 0, 0]
		},
		"firstperson_lefthand": {
			"scale": [0, 0, 0]
		},
		"ground": {
			"translation": [0, -8, 0]
		},
		"gui": {
			"rotation": [0, -180, 0],
			"translation": [0, -12, 0]
		},
		"head": {
			"translation": [0, 3.25, 0],
			"scale": [0.6, 0.6, 0.6]
		},
		"fixed": {
			"rotation": [-90, 0, 0],
			"translation": [0, 0, 8.5],
			"scale": [1.5, 1.5, 1.5]
		}
	}
}