{"credit":"thebradqq's guns","textures":{"7":"mgs:gun/metal_dark","9":"mgs:gun/kobradetails","10":"mgs:gun/metal"},"elements":[{"from":[6.95,8.25,7.249],"to":[7.85,8.6,8.751],"rotation":{"angle":0,"axis":"y","origin":[6.4,8.1,7.95]},"faces":{"north":{"uv":[8.25,5,8.5,5.5],"rotation":180,"texture":"#7"},"east":{"uv":[15.75,15.75,16,16],"texture":"#7"},"south":{"uv":[8.25,5,8.5,5.5],"rotation":180,"texture":"#7"},"west":{"uv":[15.75,15.75,16,16],"texture":"#7"},"down":{"uv":[15.75,15.75,16,16],"texture":"#7"}}},{"from":[2.85,8.25,7.249],"to":[3.75,8.6,8.751],"rotation":{"angle":0,"axis":"y","origin":[6.4,8.1,7.95]},"faces":{"north":{"uv":[8.25,5,8.5,5.5],"rotation":180,"texture":"#7"},"east":{"uv":[15.75,15.75,16,16],"texture":"#7"},"south":{"uv":[8.25,5,8.5,5.5],"rotation":180,"texture":"#7"},"west":{"uv":[8.25,5,8.5,5.5],"rotation":180,"texture":"#7"},"down":{"uv":[15.75,15.75,16,16],"texture":"#7"}}},{"from":[3.525,8.49074,6.91474],"to":[9.525,9.36574,7.21674],"rotation":{"angle":0,"axis":"y","origin":[6.4,8.29074,8.49074]},"faces":{"north":{"uv":[4.25,7.75,9.75,9],"texture":"#7"},"east":{"uv":[4.25,5,6.25,6],"texture":"#7"},"west":{"uv":[4.25,5.25,4.75,6.25],"texture":"#7"},"down":{"uv":[15.75,15.75,16,16],"texture":"#7"}}},{"from":[3.5251,9.22629,7.26246],"to":[9.5241,9.67629,7.66446],"rotation":{"angle":-45,"axis":"x","origin":[6.975,9.10129,7.46346]},"faces":{"east":{"uv":[4.25,5,4.75,5.5],"texture":"#7"},"west":{"uv":[4.25,5.25,4.5,5.5],"texture":"#7"},"up":{"uv":[6,6.75,11.5,7.5],"texture":"#7"}}},{"from":[2.35,8.5,7.199],"to":[4.425,9.85,8.801],"rotation":{"angle":0,"axis":"y","origin":[6.4,8.3,8]},"faces":{"north":{"uv":[4.25,4.75,6.25,6.25],"texture":"#7"},"east":{"uv":[7.25,1.75,9,3],"rotation":270,"texture":"#7"},"south":{"uv":[4.25,4.75,6.25,6.25],"texture":"#7"},"west":{"uv":[4.25,4.75,6.25,6.25],"texture":"#7"},"up":{"uv":[4.25,4.75,5.25,5.25],"rotation":90,"texture":"#7"},"down":{"uv":[15.75,15.75,16,16],"texture":"#7"}}},{"from":[4.425,8.5,7.199],"to":[9.525,9.65,7.601],"rotation":{"angle":0,"axis":"y","origin":[6.4,8.3,8]},"faces":{"east":{"uv":[4.25,5,6.25,6],"texture":"#7"},"south":{"uv":[4.25,6.5,9.75,6.75],"rotation":180,"texture":"#7"},"up":{"uv":[7.75,4.75,13.25,5],"rotation":180,"texture":"#7"},"down":{"uv":[15.75,15.75,16,16],"texture":"#7"}}},{"from":[4.425,8.5,7.599],"to":[9.525,9.55,8.401],"rotation":{"angle":0,"axis":"y","origin":[6.4,8.3,8]},"faces":{"east":{"uv":[4.25,5,6.25,6],"texture":"#7"},"up":{"uv":[4.25,6.5,9.75,8],"rotation":180,"texture":"#7"},"down":{"uv":[15.75,15.75,16,16],"texture":"#7"}}},{"from":[4.425,8.5,8.399],"to":[9.525,9.65,8.801],"rotation":{"angle":0,"axis":"y","origin":[6.4,8.3,8]},"faces":{"north":{"uv":[4.25,6.5,9.75,6.75],"rotation":180,"texture":"#7"},"east":{"uv":[4.25,5,6.25,6],"texture":"#7"},"south":{"uv":[4.25,5,6.25,6],"texture":"#7"},"up":{"uv":[4.25,4.75,9.75,5],"rotation":180,"texture":"#7"},"down":{"uv":[15.75,15.75,16,16],"texture":"#7"}}},{"from":[4.125,8.6,8.774],"to":[7.975,9.55,8.901],"rotation":{"angle":0,"axis":"y","origin":[6.4,8.3,8]},"faces":{"east":{"uv":[4.25,5.25,4.75,6.25],"texture":"#7"},"south":{"uv":[0,12,5,13],"rotation":180,"texture":"#7"},"west":{"uv":[4.25,5.25,4.75,6.25],"texture":"#7"},"up":{"uv":[4.25,4.5,9.75,4.75],"rotation":180,"texture":"#7"},"down":{"uv":[15.75,15.75,16,16],"texture":"#7"}}},{"from":[7.1,8.8,8.073],"to":[7.75,9.45,9.027],"rotation":{"angle":0,"axis":"y","origin":[7.1,8.3,8.001]},"faces":{"east":{"uv":[13,14,13.5,16],"texture":"#9"},"south":{"uv":[12.5,14,14.5,16],"texture":"#9"},"west":{"uv":[13,14,13.5,16],"texture":"#9"},"up":{"uv":[13,12,13.5,14],"rotation":90,"texture":"#9"},"down":{"uv":[13,15.5,13.5,16],"texture":"#9"}}},{"from":[7.1,9,8.973],"to":[7.75,9.25,9.327],"rotation":{"angle":45,"axis":"z","origin":[7.425,9.125,9.15]},"faces":{"east":{"uv":[13.5,13,15,13.5],"rotation":90,"texture":"#9"},"south":{"uv":[3,10,7.5,11.5],"texture":"#9"},"west":{"uv":[11,15.5,12.5,16],"rotation":270,"texture":"#9"},"up":{"uv":[10.5,13,15,13.5],"rotation":180,"texture":"#9"},"down":{"uv":[11.5,15.5,16,16],"rotation":180,"texture":"#9"}}},{"from":[6,9.1,8.173],"to":[6.25,9.35,9.027],"rotation":{"angle":0,"axis":"y","origin":[7.3,8.3,7.999]},"faces":{"east":{"uv":[14.5,13.5,15,16],"texture":"#9"},"south":{"uv":[12,6.5,15,9.5],"texture":"#9"},"west":{"uv":[14.5,13.5,15,16],"texture":"#9"},"up":{"uv":[13,12,13.5,14.5],"rotation":90,"texture":"#9"},"down":{"uv":[13,15.5,13.5,16],"texture":"#9"}}},{"from":[4.5,9.1,8.173],"to":[5.25,9.35,9.027],"rotation":{"angle":0,"axis":"y","origin":[7.3,8.3,7.999]},"faces":{"east":{"uv":[15.5,13.5,16,16],"texture":"#9"},"south":{"uv":[13,11,14.5,16],"rotation":90,"texture":"#9"},"west":{"uv":[15.5,13.5,16,16],"texture":"#9"},"up":{"uv":[10.5,13,15.5,13.5],"texture":"#9"},"down":{"uv":[13,15.5,13.5,16],"rotation":90,"texture":"#9"}}},{"from":[2.805,8.775,8.9235],"to":[3.705,9.675,8.9775],"rotation":{"angle":0,"axis":"y","origin":[7.3,8.3,7.999]},"faces":{"south":{"uv":[0.5,6,10,15.5],"texture":"#9"}}},{"from":[2.75711,9.01789,8.623],"to":[3.75711,9.43211,8.977],"rotation":{"angle":22.5,"axis":"z","origin":[3.25711,9.225,8.8]},"faces":{"east":{"uv":[5,0,9,1],"rotation":90,"texture":"#9"},"south":{"uv":[3.5,10.5,4,11],"texture":"#9"},"west":{"uv":[11,1,15,2],"rotation":270,"texture":"#9"}}},{"from":[2.75711,9.01789,8.6231],"to":[3.75711,9.43211,8.9771],"rotation":{"angle":-22.5,"axis":"z","origin":[3.25711,9.225,8.8]},"faces":{"east":{"uv":[3,1,7,2],"rotation":90,"texture":"#9"},"south":{"uv":[3.5,10.5,4,11],"texture":"#9"},"west":{"uv":[4.5,0,8.5,1],"rotation":90,"texture":"#9"}}},{"from":[3.05,8.725,8.6229],"to":[3.46421,9.725,8.9769],"rotation":{"angle":-22.5,"axis":"z","origin":[3.25711,9.225,8.8]},"faces":{"south":{"uv":[3.5,10.5,4,11],"texture":"#9"},"up":{"uv":[0,0,4,1],"texture":"#9"},"down":{"uv":[11,2,15,3],"rotation":180,"texture":"#9"}}},{"from":[3.05,8.725,8.623],"to":[3.46421,9.725,8.977],"rotation":{"angle":22.5,"axis":"z","origin":[3.25711,9.225,8.8]},"faces":{"south":{"uv":[3.5,10.5,4,11],"texture":"#9"},"up":{"uv":[0.5,0,4.5,1],"rotation":180,"texture":"#9"},"down":{"uv":[5,2,9,3],"rotation":180,"texture":"#9"}}},{"from":[3.05,9.848,7.4],"to":[3.28869,9.998,8.6],"rotation":{"angle":0,"axis":"x","origin":[3.16935,9.923,8]},"faces":{"north":{"uv":[5.5,0,7.5,1],"texture":"#9"},"south":{"uv":[11.5,0.5,13.5,1.5],"texture":"#9"},"up":{"uv":[3.5,10.5,4,11],"texture":"#9"}}},{"from":[3.05,9.848,7.4],"to":[3.28869,9.998,8.6],"rotation":{"angle":45,"axis":"y","origin":[3.16935,9.923,8]},"faces":{"north":{"uv":[5.5,1,7.5,2],"texture":"#9"},"south":{"uv":[13.5,0,15.5,1],"texture":"#9"},"up":{"uv":[3.5,10.5,4,11],"texture":"#9"}}},{"from":[3.05,9.848,7.4],"to":[3.28869,9.998,8.6],"rotation":{"angle":22.5,"axis":"y","origin":[3.16935,9.923,8]},"faces":{"north":{"uv":[7.5,0,9.5,1],"texture":"#9"},"south":{"uv":[11.5,0,13.5,1],"texture":"#9"},"up":{"uv":[3.5,10.5,4,11],"texture":"#9"}}},{"from":[2.56935,9.848,7.88065],"to":[3.76935,9.998,8.11935],"rotation":{"angle":-22.5,"axis":"y","origin":[3.16935,9.923,8]},"faces":{"east":{"uv":[0.5,0,2.5,1],"texture":"#9"},"west":{"uv":[6.5,2,8.5,3],"texture":"#9"},"up":{"uv":[3.5,10.5,4,11],"texture":"#9"}}},{"from":[2.56935,9.848,7.88065],"to":[3.76935,9.998,8.11935],"rotation":{"angle":0,"axis":"y","origin":[3.16935,9.923,8]},"faces":{"east":{"uv":[1.5,0,3.5,1],"texture":"#9"},"west":{"uv":[7.5,2,9.5,3],"texture":"#9"},"up":{"uv":[3.5,10.5,4,11],"texture":"#9"}}},{"from":[2.56935,9.848,7.88065],"to":[3.76935,9.998,8.11935],"rotation":{"angle":22.5,"axis":"y","origin":[3.16935,9.923,8]},"faces":{"east":{"uv":[1.5,0,3.5,1],"texture":"#9"},"west":{"uv":[7.5,2,9.5,3],"texture":"#9"},"up":{"uv":[3.5,10.5,4,11],"texture":"#9"}}},{"from":[3.05,9.848,7.4],"to":[3.28869,9.998,8.6],"rotation":{"angle":-45,"axis":"y","origin":[3.16935,9.923,8]},"faces":{"north":{"uv":[2.5,0,4.5,1],"texture":"#9"},"south":{"uv":[9.5,1.5,11.5,2.5],"texture":"#9"},"up":{"uv":[3.5,10.5,4,11],"texture":"#9"}}},{"from":[3.05,9.848,7.4],"to":[3.28869,9.998,8.6],"rotation":{"angle":-22.5,"axis":"y","origin":[3.16935,9.923,8]},"faces":{"north":{"uv":[3.5,0,5.5,1],"texture":"#9"},"south":{"uv":[9.5,1,11.5,2],"texture":"#9"},"up":{"uv":[3.5,10.5,4,11],"texture":"#9"}}},{"from":[2.59435,9.8485,7.425],"to":[3.74435,9.9985,8.575],"rotation":{"angle":0,"axis":"y","origin":[3.16935,9.9231,8]},"faces":{"up":{"uv":[0,5.5,10.499,16],"rotation":90,"texture":"#9"}}},{"from":[8.675,9.56424,7.48574],"to":[9.45,9.78924,8.13924],"rotation":{"angle":22.5,"axis":"x","origin":[9.35,10.31424,8]},"faces":{"east":{"uv":[4,5.25,4.25,5.5],"texture":"#7"},"west":{"uv":[4.25,5.75,4.5,6],"rotation":180,"texture":"#7"},"up":{"uv":[10.5,8.5,10.75,8.75],"texture":"#7"}}},{"from":[8.675,10.175,7.225],"to":[9.45,10.6535,7.475],"rotation":{"angle":-45,"axis":"x","origin":[9.35,10.31424,8]},"faces":{"east":{"uv":[4,5.25,4.25,5.5],"texture":"#7"},"south":{"uv":[10.5,8.75,10.75,9],"texture":"#7"},"west":{"uv":[4.25,5.75,4.5,6],"rotation":180,"texture":"#7"}}},{"from":[8.675,10.175,7.25],"to":[9.45,10.5535,7.475],"rotation":{"angle":-22.5,"axis":"x","origin":[9.35,10.31424,8]},"faces":{"east":{"uv":[4,5.25,4.25,5.5],"texture":"#7"},"south":{"uv":[10.75,8.25,11,8.5],"texture":"#7"},"west":{"uv":[4.25,5.75,4.5,6],"rotation":180,"texture":"#7"}}},{"from":[8.675,10.175,7.325],"to":[9.45,10.4535,7.475],"rotation":{"angle":0,"axis":"x","origin":[9.35,10.31424,8]},"faces":{"east":{"uv":[4,5.25,4.25,5.5],"texture":"#7"},"south":{"uv":[11,8,11.25,8.25],"texture":"#7"},"west":{"uv":[4.25,5.75,4.5,6],"rotation":180,"texture":"#7"}}},{"from":[8.675,10.2,7.4],"to":[9.45,10.4535,7.475],"rotation":{"angle":22.5,"axis":"x","origin":[9.35,10.31424,8]},"faces":{"east":{"uv":[4,5.25,4.25,5.5],"texture":"#7"},"south":{"uv":[15.75,15.75,16,16],"texture":"#7"},"west":{"uv":[4.25,5.75,4.5,6],"rotation":180,"texture":"#7"}}},{"from":[8.675,10.2,7.4],"to":[9.45,10.4535,7.475],"rotation":{"angle":45,"axis":"x","origin":[9.35,10.31424,8]},"faces":{"east":{"uv":[4,5.25,4.25,5.5],"texture":"#7"},"south":{"uv":[15.75,15.75,16,16],"texture":"#7"},"west":{"uv":[4.25,5.75,4.5,6],"rotation":180,"texture":"#7"}}},{"from":[8.675,10.83924,7.88576],"to":[9.45,10.91424,8.13924],"rotation":{"angle":-22.5,"axis":"x","origin":[9.35,10.31424,8]},"faces":{"east":{"uv":[4,5.25,4.25,5.5],"texture":"#7"},"west":{"uv":[4.25,5.75,4.5,6],"rotation":180,"texture":"#7"},"down":{"uv":[15.75,15.75,16,16],"texture":"#7"}}},{"from":[8.675,10.83924,7.87326],"to":[9.45,10.91424,8.12674],"rotation":{"angle":0,"axis":"x","origin":[9.35,10.31424,8.0125]},"faces":{"east":{"uv":[4,5.25,4.25,5.5],"texture":"#7"},"west":{"uv":[4.25,5.75,4.5,6],"rotation":180,"texture":"#7"},"down":{"uv":[15.75,15.75,16,16],"texture":"#7"}}},{"from":[8.675,10.83924,7.86076],"to":[9.45,10.91424,8.11424],"rotation":{"angle":22.5,"axis":"x","origin":[9.35,10.31424,8]},"faces":{"east":{"uv":[4,5.25,4.25,5.5],"texture":"#7"},"west":{"uv":[5.5,5.75,5.75,6],"rotation":180,"texture":"#7"},"down":{"uv":[15.75,15.75,16,16],"texture":"#7"}}},{"from":[8.675,10.2,8.525],"to":[9.45,10.45348,8.6],"rotation":{"angle":-45,"axis":"x","origin":[9.35,10.31424,8]},"faces":{"north":{"uv":[15.75,15.75,16,16],"texture":"#7"},"east":{"uv":[4,5.25,4.25,5.5],"texture":"#7"},"west":{"uv":[5.5,5.75,5.75,6],"rotation":180,"texture":"#7"}}},{"from":[8.675,10.2,8.525],"to":[9.45,10.45348,8.6],"rotation":{"angle":-22.5,"axis":"x","origin":[9.35,10.31424,8]},"faces":{"north":{"uv":[15.75,15.75,16,16],"texture":"#7"},"east":{"uv":[4,5.25,4.25,5.5],"texture":"#7"},"west":{"uv":[5.5,5.75,5.75,6],"rotation":180,"texture":"#7"}}},{"from":[8.675,10.175,8.525],"to":[9.45,10.45348,8.675],"rotation":{"angle":0,"axis":"x","origin":[9.35,10.31424,8]},"faces":{"north":{"uv":[11,8,11.25,8.25],"texture":"#7"},"east":{"uv":[4,5.25,4.25,5.5],"texture":"#7"},"west":{"uv":[5.5,5.75,5.75,6],"rotation":180,"texture":"#7"}}},{"from":[8.675,10.175,8.525],"to":[9.45,10.62848,8.8],"rotation":{"angle":45,"axis":"x","origin":[9.35,10.31424,8]},"faces":{"north":{"uv":[10.5,8.75,10.75,9],"texture":"#7"},"east":{"uv":[4,5.25,4.25,5.5],"texture":"#7"},"west":{"uv":[5.5,5.75,5.75,6],"rotation":180,"texture":"#7"}}},{"from":[8.675,10.175,8.525],"to":[9.45,10.55348,8.75],"rotation":{"angle":22.5,"axis":"x","origin":[9.35,10.31424,8]},"faces":{"north":{"uv":[10.75,8.25,11,8.5],"texture":"#7"},"east":{"uv":[4,5.25,4.25,5.5],"texture":"#7"},"west":{"uv":[5.5,5.75,5.75,6],"rotation":180,"texture":"#7"}}},{"from":[8.675,9.56424,7.86076],"to":[9.45,9.78924,8.51424],"rotation":{"angle":-22.5,"axis":"x","origin":[9.35,10.31424,8]},"faces":{"east":{"uv":[4,5.25,4.25,5.5],"texture":"#7"},"west":{"uv":[5.5,5.75,5.75,6],"rotation":180,"texture":"#7"},"up":{"uv":[10.5,8.5,10.75,8.75],"texture":"#7"}}},{"from":[8.6755,9.51424,7.28576],"to":[9.4505,9.78924,8.71424],"rotation":{"angle":0,"axis":"x","origin":[9.35,10.31424,8]},"faces":{"east":{"uv":[7,11.5,9,12],"texture":"#7"},"west":{"uv":[4.25,5.75,6.25,6],"rotation":180,"texture":"#7"},"up":{"uv":[10.5,8.5,10.75,8.75],"texture":"#7"}}},{"from":[8.525,9.65,7.199],"to":[9.5,10.215,7.301],"rotation":{"angle":0,"axis":"y","origin":[7.1,8.3,8]},"faces":{"north":{"uv":[5,11.75,6.5,12.5],"rotation":180,"texture":"#7"},"east":{"uv":[4,5.25,4.25,6],"texture":"#7"},"south":{"uv":[5.5,5.75,5.75,6],"rotation":180,"texture":"#7"}}},{"from":[8.525,9.912,7.3],"to":[9.5,10.4535,7.4],"rotation":{"angle":22.5,"axis":"x","origin":[9.35,10.31424,8]},"faces":{"north":{"uv":[5.25,12,6.75,12.75],"rotation":180,"texture":"#7"},"east":{"uv":[4,4.75,4.25,5.5],"texture":"#7"},"south":{"uv":[5.5,5.75,5.75,6],"rotation":180,"texture":"#7"},"west":{"uv":[7.25,11.75,7.5,12.5],"rotation":180,"texture":"#7"}}},{"from":[8.5251,10.175,7.3],"to":[9.5001,10.45348,7.4],"rotation":{"angle":45,"axis":"x","origin":[9.35,10.31424,8]},"faces":{"north":{"uv":[12.75,4.75,14.25,5.25],"texture":"#10"},"east":{"uv":[3.75,4.5,4,5],"texture":"#7"},"south":{"uv":[5.5,5.75,5.75,6],"rotation":180,"texture":"#7"},"west":{"uv":[7.5,12.25,7.75,12.75],"texture":"#7"}}},{"from":[8.525,10.91424,7.86076],"to":[9.5,11.01424,8.13924],"rotation":{"angle":-22.5,"axis":"x","origin":[9.35,10.31424,8]},"faces":{"east":{"uv":[3.75,4.25,4,4.75],"rotation":270,"texture":"#7"},"west":{"uv":[3.75,4.5,4,5],"rotation":90,"texture":"#7"},"up":{"uv":[10.25,4.5,11.75,5],"rotation":180,"texture":"#10"},"down":{"uv":[5.5,5.75,5.75,6],"rotation":180,"texture":"#7"}}},{"from":[8.5251,10.91424,7.86076],"to":[9.5001,11.01424,8.13924],"rotation":{"angle":0,"axis":"x","origin":[9.35,10.31424,8]},"faces":{"east":{"uv":[3.75,4.25,4,4.5],"rotation":90,"texture":"#7"},"west":{"uv":[3.75,4.5,4,4.75],"rotation":90,"texture":"#7"},"up":{"uv":[12.5,4,14,4.5],"texture":"#10"},"down":{"uv":[5.5,5.75,5.75,6],"rotation":180,"texture":"#7"}}},{"from":[8.525,10.91424,7.86076],"to":[9.5,11.01424,8.13924],"rotation":{"angle":22.5,"axis":"x","origin":[9.35,10.31424,8]},"faces":{"east":{"uv":[3.75,4.25,4,4.75],"rotation":90,"texture":"#7"},"west":{"uv":[3.75,4.5,4,5],"rotation":270,"texture":"#7"},"up":{"uv":[11.25,4.5,12.75,5],"texture":"#10"},"down":{"uv":[5.5,5.75,5.75,6],"rotation":180,"texture":"#7"}}},{"from":[8.5251,10.175,8.6],"to":[9.5001,10.45348,8.7],"rotation":{"angle":-45,"axis":"x","origin":[9.35,10.31424,8]},"faces":{"north":{"uv":[5.5,5.75,5.75,6],"rotation":180,"texture":"#7"},"east":{"uv":[3.75,4.5,4,5],"texture":"#7"},"south":{"uv":[12.75,4.75,14.25,5.25],"texture":"#10"},"west":{"uv":[7.5,12.25,7.75,12.75],"texture":"#7"}}},{"from":[8.525,9.912,8.6],"to":[9.5,10.4535,8.7],"rotation":{"angle":-22.5,"axis":"x","origin":[9.35,10.31424,8]},"faces":{"north":{"uv":[5.5,5.75,5.75,6],"rotation":180,"texture":"#7"},"east":{"uv":[4,4.75,4.25,5.5],"texture":"#7"},"south":{"uv":[6.5,12,8,12.75],"rotation":180,"texture":"#7"},"west":{"uv":[7.25,11.75,7.5,12.5],"rotation":180,"texture":"#7"}}},{"from":[8.525,9.65,8.699],"to":[9.5,10.215,8.801],"rotation":{"angle":0,"axis":"y","origin":[7.1,8.3,8]},"faces":{"north":{"uv":[5.5,5.75,5.75,6],"rotation":180,"texture":"#7"},"east":{"uv":[4,5.25,4.25,6],"texture":"#7"},"south":{"uv":[5,11.75,6.5,12.5],"rotation":180,"texture":"#7"}}},{"from":[8.39215,9.44713,8.6989],"to":[8.64215,10.11213,8.8009],"rotation":{"angle":-22.5,"axis":"z","origin":[8.71715,9.82963,8.75]},"faces":{"north":{"uv":[5.5,5.75,5.75,6],"rotation":180,"texture":"#7"},"south":{"uv":[5,11.75,5.25,12.5],"rotation":180,"texture":"#7"},"west":{"uv":[3.75,4.75,4,5.5],"texture":"#7"}}},{"from":[8.3922,9.44713,7.1991],"to":[8.6422,10.11213,7.3011],"rotation":{"angle":-22.5,"axis":"z","origin":[8.71715,9.82963,7.25]},"faces":{"north":{"uv":[5,11.75,5.25,12.5],"rotation":180,"texture":"#7"},"south":{"uv":[5.5,5.75,5.75,6],"rotation":180,"texture":"#7"},"west":{"uv":[3.75,4.75,4,5.5],"texture":"#7"}}}],"gui_light":"front","display":{"thirdperson_righthand":{"rotation":[0,100,0],"translation":[0,-0.25,0],"scale":[0.6,0.6,0.6]},"thirdperson_lefthand":{"rotation":[0,-80,0],"translation":[0,-0.25,0],"scale":[0.6,0.6,0.6]},"firstperson_righthand":{"rotation":[0,90,-20],"translation":[-2.5,0,0],"scale":[1.2,1.2,1.2]},"firstperson_lefthand":{"rotation":[0,-90,20],"translation":[-2.5,0,0],"scale":[1.2,1.2,1.2]},"ground":{"scale":[0.6,0.6,0.6]},"gui":{"rotation":[0,45,30],"translation":[4.75,-1.25,0],"scale":[3,3,3]},"head":{"scale":[1.2,1.2,1.2]},"fixed":{"translation":[-2,-2.5,-1.25],"scale":[-1.2,1.2,-1.2]}}}