{
    "parent": "item/handheld", 
    "textures": {
        "layer0": "item/book"
    },
    "overrides": [
		{ "predicate": {"custom_model_data": 1001}, "model": "item/2d/spellbook/lightningboltbook"},
		{ "predicate": {"custom_model_data": 1002}, "model": "item/2d/spellbook/firewallbook"},
		{ "predicate": {"custom_model_data": 1003}, "model": "item/2d/spellbook/gbook"},
		{ "predicate": {"custom_model_data": 1004}, "model": "item/2d/spellbook/stalkerbook"},
		{ "predicate": {"custom_model_data": 1005}, "model": "item/2d/spellbook/confusetrapbook"},
		{ "predicate": {"custom_model_data": 1006}, "model": "item/2d/spellbook/zantetubook"},
		{ "predicate": {"custom_model_data": 1007}, "model": "item/2d/spellbook/dirtyfireworkbook"},
		{ "predicate": {"custom_model_data": 1008}, "model": "item/2d/spellbook/stealbook"},
		{ "predicate": {"custom_model_data": 1009}, "model": "item/2d/spellbook/chickenparadebook"},
		{ "predicate": {"custom_model_data": 1010}, "model": "item/2d/spellbook/curebook"},
		{ "predicate": {"custom_model_data": 1011}, "model": "item/2d/spellbook/healbook"},
		{ "predicate": {"custom_model_data": 1012}, "model": "item/2d/spellbook/badfacecatbook"},
		{ "predicate": {"custom_model_data": 1013}, "model": "item/2d/spellbook/arrowshowerbook"},
		{ "predicate": {"custom_model_data": 1014}, "model": "item/2d/spellbook/fangsbook"},
		{ "predicate": {"custom_model_data": 1015}, "model": "item/2d/spellbook/whirlwindbook"},
		{ "predicate": {"custom_model_data": 1016}, "model": "item/2d/spellbook/repel_book"},
		{ "predicate": {"custom_model_data": 1017}, "model": "item/2d/spellbook/pal_nana_book"}
    ]
}