{
    "parent": "item/generated",
    "textures": {
        "layer0": "item/crossbow_standby"
    },
    "display": {
        "thirdperson_righthand": {
            "rotation": [ -90, 0, -60 ],
            "translation": [ 2, 0.1, -3 ],
            "scale": [ 0.9, 0.9, 0.9 ]
        },
        "thirdperson_lefthand": {
            "rotation": [ -90, 0, 30 ],
            "translation": [ 2, 0.1, -3 ],
            "scale": [ 0.9, 0.9, 0.9 ]
        },
        "firstperson_righthand": {
            "rotation": [ -90, 0, -55 ],
            "translation": [ 1.13, 3.2, 1.13],
            "scale": [ 0.68, 0.68, 0.68 ]
        },
        "firstperson_lefthand": {
            "rotation": [ -90, 0, 35 ],
            "translation": [ 1.13, 3.2, 1.13],
            "scale": [ 0.68, 0.68, 0.68 ]
        }
    },
    "overrides": [
        {
            "predicate": {
                "pulling": 1
            },
            "model": "item/crossbow_pulling_0"
        },
        {
            "predicate": {
                "pulling": 1,
                "pull": 0.58
            },
            "model": "item/crossbow_pulling_1"
        },
        {
            "predicate": {
                "pulling": 1,
                "pull": 1.0
            },
            "model": "item/crossbow_pulling_2"
        },
        {
            "predicate": {
                "charged": 1
            },
            "model": "item/crossbow_arrow"
        },
        {
            "predicate": {
                "charged": 1,
                "firework": 1
            },
            "model": "item/crossbow_firework"
        },
        { "predicate": {"custom_model_data": 1501}, "model": "item/guns/winchester_rifle"},
        {"predicate": {"pulling": 1},"model": "item/crossbow_pulling_0"},
        {"predicate": {"pulling": 1,"pull": 0.58},"model": "item/crossbow_pulling_1"},
        {"predicate": {"pulling": 1,"pull": 1.0},"model": "item/crossbow_pulling_2"},
        {"predicate": {"charged": 1},"model": "item/crossbow_arrow"},
        {"predicate": {"damaged": 0,"custom_model_data": 10},"model": "mgs:gun/m16a4"},
        {"predicate": {"damaged": 0,"custom_model_data": 11},"model": "mgs:gun/m16a4_1"},
        {"predicate": {"damaged": 0,"custom_model_data": 12},"model": "mgs:gun/m16a4_2"},
        {"predicate": {"damaged": 0,"custom_model_data": 13},"model": "mgs:gun/m16a4_3"},
        {"predicate": {"damaged": 0,"custom_model_data": 14},"model": "mgs:gun/m16a4_4"},
        {"predicate": {"damaged": 0,"custom_model_data": 15},"model": "mgs:gun/m16a4_zoom"},
        {"predicate": {"damaged": 0,"custom_model_data": 16},"model": "mgs:gun/m16a4_zoom_1"},
        {"predicate": {"damaged": 0,"custom_model_data": 17},"model": "mgs:gun/m16a4_zoom_2"},
        {"predicate": {"damaged": 0,"custom_model_data": 18},"model": "mgs:gun/m16a4_zoom_3"},
        {"predicate": {"damaged": 0,"custom_model_data": 19},"model": "mgs:gun/m16a4_zoom_4"},
        {"predicate": {"damaged": 0,"custom_model_data": 20},"model": "mgs:gun/ak47"},
        {"predicate": {"damaged": 0,"custom_model_data": 21},"model": "mgs:gun/ak47_1"},
        {"predicate": {"damaged": 0,"custom_model_data": 22},"model": "mgs:gun/ak47_2"},
        {"predicate": {"damaged": 0,"custom_model_data": 23},"model": "mgs:gun/ak47_3"},
        {"predicate": {"damaged": 0,"custom_model_data": 24},"model": "mgs:gun/ak47_4"},
        {"predicate": {"damaged": 0,"custom_model_data": 25},"model": "mgs:gun/ak47_zoom"},
        {"predicate": {"damaged": 0,"custom_model_data": 26},"model": "mgs:gun/ak47_zoom_1"},
        {"predicate": {"damaged": 0,"custom_model_data": 27},"model": "mgs:gun/ak47_zoom_2"},
        {"predicate": {"damaged": 0,"custom_model_data": 28},"model": "mgs:gun/ak47_zoom_3"},
        {"predicate": {"damaged": 0,"custom_model_data": 29},"model": "mgs:gun/ak47_zoom_4"},
        {"predicate": {"damaged": 0,"custom_model_data": 30},"model": "mgs:gun/fnfal"},
        {"predicate": {"damaged": 0,"custom_model_data": 31},"model": "mgs:gun/fnfal_1"},
        {"predicate": {"damaged": 0,"custom_model_data": 32},"model": "mgs:gun/fnfal_2"},
        {"predicate": {"damaged": 0,"custom_model_data": 33},"model": "mgs:gun/fnfal_3"},
        {"predicate": {"damaged": 0,"custom_model_data": 34},"model": "mgs:gun/fnfal_4"},
        {"predicate": {"damaged": 0,"custom_model_data": 35},"model": "mgs:gun/fnfal_zoom"},
        {"predicate": {"damaged": 0,"custom_model_data": 36},"model": "mgs:gun/fnfal_zoom_1"},
        {"predicate": {"damaged": 0,"custom_model_data": 37},"model": "mgs:gun/fnfal_zoom_2"},
        {"predicate": {"damaged": 0,"custom_model_data": 38},"model": "mgs:gun/fnfal_zoom_3"},
        {"predicate": {"damaged": 0,"custom_model_data": 39},"model": "mgs:gun/fnfal_zoom_4"},
        {"predicate": {"damaged": 0,"custom_model_data": 40},"model": "mgs:gun/aug"},
        {"predicate": {"damaged": 0,"custom_model_data": 41},"model": "mgs:gun/aug_1"},
        {"predicate": {"damaged": 0,"custom_model_data": 42},"model": "mgs:gun/aug_2"},
        {"predicate": {"damaged": 0,"custom_model_data": 43},"model": "mgs:gun/aug_3"},
        {"predicate": {"damaged": 0,"custom_model_data": 44},"model": "mgs:gun/aug_4"},
        {"predicate": {"damaged": 0,"custom_model_data": 45},"model": "mgs:gun/aug_zoom"},
        {"predicate": {"damaged": 0,"custom_model_data": 46},"model": "mgs:gun/aug_zoom_1"},
        {"predicate": {"damaged": 0,"custom_model_data": 47},"model": "mgs:gun/aug_zoom_2"},
        {"predicate": {"damaged": 0,"custom_model_data": 48},"model": "mgs:gun/aug_zoom_3"},
        {"predicate": {"damaged": 0,"custom_model_data": 49},"model": "mgs:gun/aug_zoom_4"},
        {"predicate": {"damaged": 0,"custom_model_data": 50},"model": "mgs:gun/m4a1"},
        {"predicate": {"damaged": 0,"custom_model_data": 51},"model": "mgs:gun/m4a1_1"},
        {"predicate": {"damaged": 0,"custom_model_data": 52},"model": "mgs:gun/m4a1_2"},
        {"predicate": {"damaged": 0,"custom_model_data": 53},"model": "mgs:gun/m4a1_3"},
        {"predicate": {"damaged": 0,"custom_model_data": 54},"model": "mgs:gun/m4a1_4"},
        {"predicate": {"damaged": 0,"custom_model_data": 55},"model": "mgs:gun/m4a1_zoom"},
        {"predicate": {"damaged": 0,"custom_model_data": 56},"model": "mgs:gun/m4a1_zoom_1"},
        {"predicate": {"damaged": 0,"custom_model_data": 57},"model": "mgs:gun/m4a1_zoom_2"},
        {"predicate": {"damaged": 0,"custom_model_data": 58},"model": "mgs:gun/m4a1_zoom_3"},
        {"predicate": {"damaged": 0,"custom_model_data": 59},"model": "mgs:gun/m4a1_zoom_4"},
        {"predicate": {"damaged": 0,"custom_model_data": 60},"model": "item/crossbow_standby"},
        {"predicate": {"damaged": 0,"custom_model_data": 110},"model": "mgs:gun/m1911"},
        {"predicate": {"damaged": 0,"custom_model_data": 115},"model": "mgs:gun/m1911_zoom"},
        {"predicate": {"damaged": 0,"custom_model_data": 120},"model": "mgs:gun/m9"},
        {"predicate": {"damaged": 0,"custom_model_data": 120,"charged":1},"model": "mgs:gun/m9"},
        {"predicate": {"damaged": 0,"custom_model_data": 125},"model": "mgs:gun/m9_zoom"},
        {"predicate": {"damaged": 0,"custom_model_data": 130},"model": "mgs:gun/deagle"},
        {"predicate": {"damaged": 0,"custom_model_data": 135},"model": "mgs:gun/deagle_zoom"},
        {"predicate": {"damaged": 0,"custom_model_data": 140},"model": "mgs:gun/makarov"},
        {"predicate": {"damaged": 0,"custom_model_data": 145},"model": "mgs:gun/makarov_zoom"},
        {"predicate": {"damaged": 0,"custom_model_data": 150},"model": "item/crossbow_standby"},
        {"predicate": {"damaged": 0,"custom_model_data": 210},"model": "mgs:gun/mp5"},
        {"predicate": {"damaged": 0,"custom_model_data": 211},"model": "mgs:gun/mp5_1"},
        {"predicate": {"damaged": 0,"custom_model_data": 212},"model": "mgs:gun/mp5_2"},
        {"predicate": {"damaged": 0,"custom_model_data": 213},"model": "mgs:gun/mp5_3"},
        {"predicate": {"damaged": 0,"custom_model_data": 214},"model": "mgs:gun/mp5_4"},
        {"predicate": {"damaged": 0,"custom_model_data": 215},"model": "mgs:gun/mp5_zoom"},
        {"predicate": {"damaged": 0,"custom_model_data": 216},"model": "mgs:gun/mp5_zoom_1"},
        {"predicate": {"damaged": 0,"custom_model_data": 217},"model": "mgs:gun/mp5_zoom_2"},
        {"predicate": {"damaged": 0,"custom_model_data": 218},"model": "mgs:gun/mp5_zoom_3"},
        {"predicate": {"damaged": 0,"custom_model_data": 219},"model": "mgs:gun/mp5_zoom_4"},
        {"predicate": {"damaged": 0,"custom_model_data": 220},"model": "mgs:gun/mac10"},
        {"predicate": {"damaged": 0,"custom_model_data": 225},"model": "mgs:gun/mac10_zoom"},
        {"predicate": {"damaged": 0,"custom_model_data": 230},"model": "item/crossbow_standby"},
        {"predicate": {"damaged": 0,"custom_model_data": 310},"model": "mgs:gun/spas12"},
        {"predicate": {"damaged": 0,"custom_model_data": 311},"model": "mgs:gun/spas12_1"},
        {"predicate": {"damaged": 0,"custom_model_data": 312},"model": "mgs:gun/spas12_2"},
        {"predicate": {"damaged": 0,"custom_model_data": 313},"model": "mgs:gun/spas12_3"},
        {"predicate": {"damaged": 0,"custom_model_data": 315},"model": "mgs:gun/spas12_zoom"},
        {"predicate": {"damaged": 0,"custom_model_data": 316},"model": "mgs:gun/spas12_zoom_1"},
        {"predicate": {"damaged": 0,"custom_model_data": 317},"model": "mgs:gun/spas12_zoom_2"},
        {"predicate": {"damaged": 0,"custom_model_data": 318},"model": "mgs:gun/spas12_zoom_3"},
        {"predicate": {"damaged": 0,"custom_model_data": 320},"model": "mgs:gun/m500"},
        {"predicate": {"damaged": 0,"custom_model_data": 321},"model": "mgs:gun/m500_1"},
        {"predicate": {"damaged": 0,"custom_model_data": 322},"model": "mgs:gun/m500_2"},
        {"predicate": {"damaged": 0,"custom_model_data": 323},"model": "mgs:gun/m500_3"},
        {"predicate": {"damaged": 0,"custom_model_data": 325},"model": "mgs:gun/m500_zoom"},
        {"predicate": {"damaged": 0,"custom_model_data": 326},"model": "mgs:gun/m500_zoom_1"},
        {"predicate": {"damaged": 0,"custom_model_data": 327},"model": "mgs:gun/m500_zoom_2"},
        {"predicate": {"damaged": 0,"custom_model_data": 328},"model": "mgs:gun/m500_zoom_3"},
        {"predicate": {"damaged": 0,"custom_model_data": 330},"model": "item/crossbow_standby"},
        {"predicate": {"damaged": 0,"custom_model_data": 410},"model": "mgs:gun/svd"},
        {"predicate": {"damaged": 0,"custom_model_data": 411},"model": "mgs:gun/svd_1"},
        {"predicate": {"damaged": 0,"custom_model_data": 412},"model": "mgs:gun/svd_2"},
        {"predicate": {"damaged": 0,"custom_model_data": 413},"model": "mgs:gun/svd_3"},
        {"predicate": {"damaged": 0,"custom_model_data": 414},"model": "mgs:gun/svd_4"},
        {"predicate": {"damaged": 0,"custom_model_data": 415},"model": "mgs:gun/svd_zoom"},
        {"predicate": {"damaged": 0,"custom_model_data": 416},"model": "mgs:gun/svd_zoom_1"},
        {"predicate": {"damaged": 0,"custom_model_data": 417},"model": "mgs:gun/svd_zoom_2"},
        {"predicate": {"damaged": 0,"custom_model_data": 418},"model": "mgs:gun/svd_zoom_3"},
        {"predicate": {"damaged": 0,"custom_model_data": 419},"model": "mgs:gun/svd_zoom_4"},
        {"predicate": {"damaged": 0,"custom_model_data": 420},"model": "mgs:gun/m82"},
        {"predicate": {"damaged": 0,"custom_model_data": 421},"model": "mgs:gun/m82_1"},
        {"predicate": {"damaged": 0,"custom_model_data": 422},"model": "mgs:gun/m82_2"},
        {"predicate": {"damaged": 0,"custom_model_data": 423},"model": "mgs:gun/m82_3"},
        {"predicate": {"damaged": 0,"custom_model_data": 424},"model": "mgs:gun/m82_4"},
        {"predicate": {"damaged": 0,"custom_model_data": 425},"model": "mgs:gun/m82_zoom"},
        {"predicate": {"damaged": 0,"custom_model_data": 426},"model": "mgs:gun/m82_zoom_1"},
        {"predicate": {"damaged": 0,"custom_model_data": 427},"model": "mgs:gun/m82_zoom_2"},
        {"predicate": {"damaged": 0,"custom_model_data": 428},"model": "mgs:gun/m82_zoom_3"},
        {"predicate": {"damaged": 0,"custom_model_data": 429},"model": "mgs:gun/m82_zoom_4"},
        {"predicate": {"damaged": 0,"custom_model_data": 430},"model": "mgs:gun/mosin"},
        {"predicate": {"damaged": 0,"custom_model_data": 431},"model": "mgs:gun/mosin_1"},
        {"predicate": {"damaged": 0,"custom_model_data": 435},"model": "mgs:gun/mosin_zoom"},
        {"predicate": {"damaged": 0,"custom_model_data": 436},"model": "mgs:gun/mosin_zoom_1"},
        {"predicate": {"damaged": 0,"custom_model_data": 440},"model": "item/crossbow_standby"},
        {"predicate": {"damaged": 0,"custom_model_data": 510},"model": "mgs:gun/rpg7_empty"},
        {"predicate": {"damaged": 0,"damage": 0.04,"custom_model_data": 510},"model": "mgs:gun/rpg7"},
        {"predicate": {"damaged": 0,"custom_model_data": 515},"model": "mgs:gun/rpg7_zoom_empty"},
        {"predicate": {"damaged": 0,"damage": 0.04,"custom_model_data": 515},"model": "mgs:gun/rpg7_zoom"},
        {"predicate": {"damaged": 0,"custom_model_data": 520},"model": "mgs:gun/rpk"},
        {"predicate": {"damaged": 0,"custom_model_data": 521},"model": "mgs:gun/rpk_1"},
        {"predicate": {"damaged": 0,"custom_model_data": 522},"model": "mgs:gun/rpk_2"},
        {"predicate": {"damaged": 0,"custom_model_data": 523},"model": "mgs:gun/rpk_3"},
        {"predicate": {"damaged": 0,"custom_model_data": 524},"model": "mgs:gun/rpk_4"},
        {"predicate": {"damaged": 0,"custom_model_data": 525},"model": "mgs:gun/rpk_zoom"},
        {"predicate": {"damaged": 0,"custom_model_data": 526},"model": "mgs:gun/rpk_zoom_1"},
        {"predicate": {"damaged": 0,"custom_model_data": 527},"model": "mgs:gun/rpk_zoom_2"},
        {"predicate": {"damaged": 0,"custom_model_data": 528},"model": "mgs:gun/rpk_zoom_3"},
        {"predicate": {"damaged": 0,"custom_model_data": 529},"model": "mgs:gun/rpk_zoom_4"},
        {"predicate": {"damaged": 0,"custom_model_data": 530},"model": "item/crossbow_standby"},
        {"predicate": {"charged": 1,"firework": 1},"model": "item/crossbow_firework"}
    ]
}
