{
    "parent": "item/generated", 
    "textures": {
        "layer0": "item/egg"
    },
    "overrides": [
      { "predicate": {"custom_model_data": 1201}, "model": "item/2d/zombrellaitem/zombrexa"},
      { "predicate": {"custom_model_data": 1202}, "model": "item/2d/zombrellaitem/molotov_cocktail"},
      { "predicate": {"custom_model_data": 1203}, "model": "item/2d/zombrellaitem/sterilized_bandage"},
      { "predicate": {"custom_model_data": 1204}, "model": "item/2d/zombrellaitem/splint_kit"},
      { "predicate": {"custom_model_data": 1205}, "model": "item/2d/zombrellaitem/hip_flask"},
      { "predicate": {"custom_model_data": 1206}, "model": "item/2d/zombrellaitem/kanpo"}
    ]
}