{
  "parent": "minecraft:item/generated",
  "textures": {
    "layer0": "minecraft:item/netherite_helmet"
  },
  "overrides": [
      { "predicate": {"custom_model_data": 100001}, "model": "item/hats/costumes/apple"},
      { "predicate": {"custom_model_data": 100002}, "model": "item/hats/costumes/apple_gasmask"},
      { "predicate": {"custom_model_data": 100003}, "model": "item/hats/costumes/rudolph_hat"},
      { "predicate": {"custom_model_data": 100004}, "model": "item/hats/costumes/santaclaus_hat"},
      { "predicate": {"custom_model_data": 100005}, "model": "item/hats/costumes/rudolph_santaclaus_hat"},
      { "predicate": {"custom_model_data": 100006}, "model": "item/hats/costumes/gift_box_christmas1"},
      { "predicate": {"custom_model_data": 100007}, "model": "item/hats/costumes/turkey"},
      { "predicate": {"custom_model_data": 100008}, "model": "item/hats/costumes/santa_claus_sleigh"},
      { "predicate": {"custom_model_data": 110001}, "model": "item/hats/animals/lion"},
      { "predicate": {"custom_model_data": 110002}, "model": "item/hats/animals/yosaku"},
      { "predicate": {"custom_model_data": 110003}, "model": "item/hats/animals/morino_tanuki"},
      { "predicate": {"custom_model_data": 110004}, "model": "item/hats/animals/iwataro"},
  		{ "predicate": {"custom_model_data": 110005}, "model": "item/hats/animals/lion_sitting"},
  		{ "predicate": {"custom_model_data": 110006}, "model": "item/hats/animals/badface_cat"},
      { "predicate": {"custom_model_data": 120001}, "model": "item/hats/accessories/red_ribbon_top"},
      { "predicate": {"custom_model_data": 130001}, "model": "item/hats/armor/musya_kabuto1"},
      { "predicate": {"custom_model_data": 130002}, "model": "item/hats/armor/scavenge_helmet1"},
      { "predicate": {"custom_model_data": 200001}, "model": "item/hats/others/desk_lamp"},
      { "predicate": {"custom_model_data": 200002}, "model": "item/hats/others/katudon"},
      { "predicate": {"custom_model_data": 200003}, "model": "item/hats/others/christmas_tree"}
  ]
}