{
    "parent": "item/handheld_rod", 
    "textures": {
        "layer0": "item/stick"
    },
    "overrides": [
		{ "predicate": {"custom_model_data": 100}, "model": "item/vehicle/helicopter_body"},
		{ "predicate": {"custom_model_data": 101}, "model": "item/vehicle/helicopter_propela"},
		{ "predicate": {"custom_model_data": 102}, "model": "item/tools/hoipoi_capsule"},
		{ "predicate": {"custom_model_data": 110}, "model": "item/vehicle/bulldozer"},
		{ "predicate": {"custom_model_data": 111}, "model": "item/tools/bulldozer_capsule"},
		{ "predicate": {"custom_model_data": 112}, "model": "item/vehicle/bulldozer_wide_blade"},
		{ "predicate": {"custom_model_data": 120}, "model": "item/vehicle/tractor"},
		{ "predicate": {"custom_model_data": 121}, "model": "item/tools/tractor_capsule"},
		{ "predicate": {"custom_model_data": 130}, "model": "item/vehicle/harvester"},
		{ "predicate": {"custom_model_data": 131}, "model": "item/tools/harvester_capsule"},
		{ "predicate": {"custom_model_data": 140}, "model": "item/tools/robopitcher_capsule"},
		{ "predicate": {"custom_model_data": 145}, "model": "item/vehicle/kart_standard"},
		{ "predicate": {"custom_model_data": 146}, "model": "item/tools/kart_standard_capsule"},
		{ "predicate": {"custom_model_data": 200}, "model": "item/tools/up"},
		{ "predicate": {"custom_model_data": 201}, "model": "item/tools/down"},
		{ "predicate": {"custom_model_data": 210}, "model": "item/2d/tools/leveling"},
		{ "predicate": {"custom_model_data": 211}, "model": "item/2d/tools/cultivation"},
		{ "predicate": {"custom_model_data": 212}, "model": "item/2d/tools/harvest"},
		{ "predicate": {"custom_model_data": 213}, "model": "item/2d/tools/wide_mode"},
		{ "predicate": {"custom_model_data": 290}, "model": "item/armors/hige_hat"},
		{ "predicate": {"custom_model_data": 291}, "model": "item/armors/musya_kabuto1"},
		{ "predicate": {"custom_model_data": 292}, "model": "item/2d/tools/hige_coin"},
		{ "predicate": {"custom_model_data": 293}, "model": "item/pseudo_entity/fire_ball"},
		{ "predicate": {"custom_model_data": 300}, "model": "item/2d/spellbookitem/dot_pants"},
		{ "predicate": {"custom_model_data": 301}, "model": "item/2d/common/particle_steal"},
		{ "predicate": {"custom_model_data": 302}, "model": "item/2d/spellbookitem/akafun"},
		{ "predicate": {"custom_model_data": 303}, "model": "item/2d/spellbookitem/leopardpattern_pants"},
		{ "predicate": {"custom_model_data": 400}, "model": "item/spellbook/magic_circle_p"},
		{ "predicate": {"custom_model_data": 450}, "model": "item/spellbook/badface_cat_a"},
		{ "predicate": {"custom_model_data": 451}, "model": "item/spellbook/badface_cat_b"},
		{ "predicate": {"custom_model_data": 460}, "model": "item/2d/creeperranch/creeper_feed"},
		{ "predicate": {"custom_model_data": 461}, "model": "item/2d/creeperranch/creeper_leather"},
		{ "predicate": {"custom_model_data": 462}, "model": "item/2d/creeperranch/creeper_meat"},
		{ "predicate": {"custom_model_data": 463}, "model": "item/2d/creeperranch/creeper_bone"},
		{ "predicate": {"custom_model_data": 470}, "model": "item/armors/silkhat"},
		{ "predicate": {"custom_model_data": 480}, "model": "item/pseudo_entity/ghost_standing"},
		{ "predicate": {"custom_model_data": 481}, "model": "item/pseudo_entity/ghost_walk_left1"},
		{ "predicate": {"custom_model_data": 482}, "model": "item/pseudo_entity/ghost_walk_left2"},
		{ "predicate": {"custom_model_data": 483}, "model": "item/pseudo_entity/ghost_walk_neutral"},
		{ "predicate": {"custom_model_data": 484}, "model": "item/pseudo_entity/ghost_walk_right1"},
		{ "predicate": {"custom_model_data": 485}, "model": "item/pseudo_entity/ghost_walk_right2"},
		{ "predicate": {"custom_model_data": 486}, "model": "item/pseudo_entity/ghost_rid"},
		{ "predicate": {"custom_model_data": 487}, "model": "item/pseudo_entity/robopitcher"},
		{ "predicate": {"custom_model_data": 490}, "model": "item/pseudo_entity/fly_turtle"},
		{ "predicate": {"custom_model_data": 500}, "model": "item/armors/glass_helmet_yellow"},
		{ "predicate": {"custom_model_data": 501}, "model": "item/tools/ranger_capsule"},
		{ "predicate": {"custom_model_data": 502}, "model": "item/2d/tools/support_core"},
		{ "predicate": {"custom_model_data": 503}, "model": "item/vehicle/ranger"},
		{ "predicate": {"custom_model_data": 514}, "model": "item/2d/common/invisible_stick"},
		{ "predicate": {"custom_model_data": 515}, "model": "item/2d/zombrellaitem/zombrexa"},
		{ "predicate": {"custom_model_data": 516}, "model": "item/2d/zombrellaitem/portal_generator"},
		{ "predicate": {"custom_model_data": 517}, "model": "item/2d/zombrellaitem/bullet_38"},
		{ "predicate": {"custom_model_data": 518}, "model": "item/2d/zombrellaitem/someones_letter"},
		{ "predicate": {"custom_model_data": 519}, "model": "item/2d/zombrellaitem/used_torch"},
		{ "predicate": {"custom_model_data": 520}, "model": "item/pseudo_entity/screamer"},
		{ "predicate": {"custom_model_data": 521}, "model": "item/armors/screamer_head"},
		{ "predicate": {"custom_model_data": 522}, "model": "item/armors/scavenge_helmet1"},
		{ "predicate": {"custom_model_data": 523}, "model": "item/armors/scavenge_helmet2"},
		{ "predicate": {"custom_model_data": 524}, "model": "item/2d/zombrellaitem/shellcase_38"},
		{ "predicate": {"custom_model_data": 525}, "model": "item/armors/military_headset"},
		{ "predicate": {"custom_model_data": 526}, "model": "item/2d/zombrellaitem/molotov_cocktail"},
		{ "predicate": {"custom_model_data": 527}, "model": "item/armors/poisonzombie_head"},
		{ "predicate": {"custom_model_data": 528}, "model": "item/2d/zombrellaitem/reload_38_parts"},
		{ "predicate": {"custom_model_data": 529}, "model": "item/2d/zombrellaitem/bundle_of_parts"},
		{ "predicate": {"custom_model_data": 530}, "model": "item/2d/zombrellaitem/locket"},
		{ "predicate": {"custom_model_data": 531}, "model": "item/pseudo_entity/ladybug"},
		{ "predicate": {"custom_model_data": 532}, "model": "item/2d/zombrellaitem/spring"},
		{ "predicate": {"custom_model_data": 533}, "model": "item/2d/zombrellaitem/rubbing_alcohol"},
		{ "predicate": {"custom_model_data": 534}, "model": "item/2d/zombrellaitem/carbonized_meat"},
		{ "predicate": {"custom_model_data": 535}, "model": "item/armors/scavenge_helmet3"},
		{ "predicate": {"custom_model_data": 536}, "model": "item/armors/scavenge_helmet4"},
		{ "predicate": {"custom_model_data": 537}, "model": "item/armors/scavenge_helmet5"},
		{ "predicate": {"custom_model_data": 538}, "model": "item/2d/zombrellaitem/bullet_12g"},
		{ "predicate": {"custom_model_data": 539}, "model": "item/2d/zombrellaitem/shellcase_12g"},
		{ "predicate": {"custom_model_data": 540}, "model": "item/armors/robbie_the_rabbit_head"},
		{ "predicate": {"custom_model_data": 541}, "model": "item/2d/zombrellaitem/park_medal"},
		{ "predicate": {"custom_model_data": 542}, "model": "item/armors/cult_helmet1"},
		{ "predicate": {"custom_model_data": 543}, "model": "item/armors/cult_helmet2"},
		{ "predicate": {"custom_model_data": 544}, "model": "item/2d/zombrellaitem/horseshoes"},
		{ "predicate": {"custom_model_data": 545}, "model": "item/armors/scavenge_helmet_hostile"},
		{ "predicate": {"custom_model_data": 546}, "model": "item/2d/zombrellaitem/empty_can"},
		{ "predicate": {"custom_model_data": 547}, "model": "item/2d/zombrellaitem/empty_bottle"},
		{ "predicate": {"custom_model_data": 548}, "model": "item/2d/zombrellaitem/piece_of_cloth"},
		{ "predicate": {"custom_model_data": 549}, "model": "item/armors/cult_helmet_hostile1"},
		{ "predicate": {"custom_model_data": 550}, "model": "item/armors/cult_helmet_hostile2"},
		{ "predicate": {"custom_model_data": 551}, "model": "item/2d/zombrellaitem/josef_core"},
		{ "predicate": {"custom_model_data": 552}, "model": "item/2d/zombrellaitem/hip_flask"},
		{ "predicate": {"custom_model_data": 553}, "model": "item/2d/zombrellaitem/duct_tape"},
		{ "predicate": {"custom_model_data": 554}, "model": "item/2d/zombrellaitem/cosme_pouch"},
		{ "predicate": {"custom_model_data": 556}, "model": "item/guns/handmade_rifle_broken"},
		{ "predicate": {"custom_model_data": 557}, "model": "item/others/grave"},
		{ "predicate": {"custom_model_data": 558}, "model": "item/2d/zombrellaitem/malt"},
		{ "predicate": {"custom_model_data": 559}, "model": "item/2d/tools/tool_box"},
		{ "predicate": {"custom_model_data": 560}, "model": "item/armors/eyepatch_green"},
		{ "predicate": {"custom_model_data": 561}, "model": "item/armors/eyepatch_light_blue"},
		{ "predicate": {"custom_model_data": 562}, "model": "item/armors/eyepatch_yellow"},
		{ "predicate": {"custom_model_data": 563}, "model": "item/armors/eyepatch_red"},
		{ "predicate": {"custom_model_data": 981}, "model": "item/armors/badface_cat_head"},
		{ "predicate": {"custom_model_data": 982}, "model": "item/pseudo_entity/tatetoite_robo1"},
		{ "predicate": {"custom_model_data": 983}, "model": "item/pseudo_entity/tuttoite_robo1"},
		{ "predicate": {"custom_model_data": 984}, "model": "item/pseudo_entity/tuttoite_robo1_up_lefthand"},
		{ "predicate": {"custom_model_data": 985}, "model": "item/pseudo_entity/tuttoite_robo1_up_righthand"},
		{ "predicate": {"custom_model_data": 999}, "model": "item/vehicle/vespa_relaxgreen"},

		{ "predicate": {"custom_model_data": 11001}, "model": "item/tools/location_beacon_off"},
		{ "predicate": {"custom_model_data": 11002}, "model": "item/tools/location_beacon_on"},

		{ "predicate": {"custom_model_data": 100001}, "model": "item/hats/costumes/apple"},
		{ "predicate": {"custom_model_data": 100002}, "model": "item/hats/costumes/apple_gasmask"},
		{ "predicate": {"custom_model_data": 100003}, "model": "item/hats/costumes/rudolph_hat"},
		{ "predicate": {"custom_model_data": 100004}, "model": "item/hats/costumes/santaclaus_hat"},
		{ "predicate": {"custom_model_data": 100005}, "model": "item/hats/costumes/rudolph_santaclaus_hat"},
		{ "predicate": {"custom_model_data": 100006}, "model": "item/hats/costumes/gift_box_christmas1"},
		{ "predicate": {"custom_model_data": 100007}, "model": "item/hats/costumes/turkey"},
		{ "predicate": {"custom_model_data": 100008}, "model": "item/hats/costumes/santa_claus_sleigh"},
        { "predicate": {"custom_model_data": 110001}, "model": "item/hats/animals/lion"},
        { "predicate": {"custom_model_data": 110002}, "model": "item/hats/animals/yosaku"},
		{ "predicate": {"custom_model_data": 110003}, "model": "item/hats/animals/morino_tanuki"},
		{ "predicate": {"custom_model_data": 110004}, "model": "item/hats/animals/iwataro"},
		{ "predicate": {"custom_model_data": 110005}, "model": "item/hats/animals/lion_sitting"},
		{ "predicate": {"custom_model_data": 110006}, "model": "item/hats/animals/badface_cat"},
        { "predicate": {"custom_model_data": 120001}, "model": "item/hats/accessories/red_ribbon_top"},
        { "predicate": {"custom_model_data": 130001}, "model": "item/hats/armor/musya_kabuto1"},
        { "predicate": {"custom_model_data": 130002}, "model": "item/hats/armor/scavenge_helmet1"},
        { "predicate": {"custom_model_data": 200001}, "model": "item/hats/others/desk_lamp"},
        { "predicate": {"custom_model_data": 200002}, "model": "item/hats/others/katudon"},
		{ "predicate": {"custom_model_data": 200003}, "model": "item/hats/others/christmas_tree"}
    ]
}