{
	"texture_size": [32, 32],
	"textures": {
		"4": "custom_item/creeper_hummer"
	},
	"elements": [
		{
			"name": "hexadecagon",
			"from": [10.90054, 2, 10.5],
			"to": [11.09946, 8, 11.5],
			"rotation": {"angle": -45, "axis": "y", "origin": [11, 5, 11]},
			"faces": {
				"north": {"uv": [2, 7, 2.5, 10], "texture": "#4"},
				"east": {"uv": [2.5, 7, 3, 10], "texture": "#4"},
				"south": {"uv": [3, 7, 3.5, 10], "texture": "#4"},
				"west": {"uv": [7.5, 7.5, 8, 10.5], "texture": "#4"},
				"up": {"uv": [4, 6, 3.5, 5.5], "texture": "#4"},
				"down": {"uv": [8.5, 7.5, 8, 8], "texture": "#4"}
			}
		},
		{
			"name": "hexadecagon",
			"from": [10.90054, 2, 10.5],
			"to": [11.09946, 8, 11.5],
			"rotation": {"angle": -22.5, "axis": "y", "origin": [11, 5, 11]},
			"faces": {
				"north": {"uv": [7.5, 2, 8, 5], "texture": "#4"},
				"east": {"uv": [8, 8, 8.5, 11], "texture": "#4"},
				"south": {"uv": [8, 2, 8.5, 5], "texture": "#4"},
				"west": {"uv": [8.5, 8.5, 9, 11.5], "texture": "#4"},
				"up": {"uv": [9, 8, 8.5, 7.5], "texture": "#4"},
				"down": {"uv": [9, 8, 8.5, 8.5], "texture": "#4"}
			}
		},
		{
			"name": "hexadecagon",
			"from": [10.90054, 2, 10.5],
			"to": [11.09946, 8, 11.5],
			"rotation": {"angle": 0, "axis": "y", "origin": [11, 5, 11]},
			"faces": {
				"north": {"uv": [8.5, 2, 9, 5], "texture": "#4"},
				"east": {"uv": [9, 9, 9.5, 12], "texture": "#4"},
				"south": {"uv": [9, 0, 9.5, 3], "texture": "#4"},
				"west": {"uv": [9, 3, 9.5, 6], "texture": "#4"},
				"up": {"uv": [9.5, 9, 9, 8.5], "texture": "#4"},
				"down": {"uv": [10.5, 9.5, 10, 10], "texture": "#4"}
			}
		},
		{
			"name": "hexadecagon",
			"from": [10.90054, 2, 10.5],
			"to": [11.09946, 8, 11.5],
			"rotation": {"angle": 22.5, "axis": "y", "origin": [11, 5, 11]},
			"faces": {
				"north": {"uv": [3.5, 9.5, 4, 12.5], "texture": "#4"},
				"east": {"uv": [4, 9.5, 4.5, 12.5], "texture": "#4"},
				"south": {"uv": [4.5, 9.5, 5, 12.5], "texture": "#4"},
				"west": {"uv": [5, 9.5, 5.5, 12.5], "texture": "#4"},
				"up": {"uv": [1.5, 11, 1, 10.5], "texture": "#4"},
				"down": {"uv": [2, 10.5, 1.5, 11], "texture": "#4"}
			}
		},
		{
			"name": "hexadecagon",
			"from": [10.90054, 2, 10.5],
			"to": [11.09946, 8, 11.5],
			"rotation": {"angle": 45, "axis": "y", "origin": [11, 5, 11]},
			"faces": {
				"north": {"uv": [5.5, 9.5, 6, 12.5], "texture": "#4"},
				"east": {"uv": [6, 9.5, 6.5, 12.5], "texture": "#4"},
				"south": {"uv": [9.5, 9.5, 10, 12.5], "texture": "#4"},
				"west": {"uv": [9.5, 0, 10, 3], "texture": "#4"},
				"up": {"uv": [8, 11, 7.5, 10.5], "texture": "#4"},
				"down": {"uv": [11, 10.5, 10.5, 11], "texture": "#4"}
			}
		},
		{
			"name": "hexadecagon",
			"from": [10.5, 2, 10.90054],
			"to": [11.5, 8, 11.09946],
			"rotation": {"angle": -22.5, "axis": "y", "origin": [11, 5, 11]},
			"faces": {
				"north": {"uv": [9.5, 3, 10, 6], "texture": "#4"},
				"east": {"uv": [9.5, 6.5, 10, 9.5], "texture": "#4"},
				"south": {"uv": [2, 10, 2.5, 13], "texture": "#4"},
				"west": {"uv": [2.5, 10, 3, 13], "texture": "#4"},
				"up": {"uv": [11, 0.5, 10.5, 0], "texture": "#4"},
				"down": {"uv": [11, 0.5, 10.5, 1], "texture": "#4"}
			}
		},
		{
			"name": "hexadecagon",
			"from": [10.5, 2, 10.90054],
			"to": [11.5, 8, 11.09946],
			"rotation": {"angle": 0, "axis": "y", "origin": [11, 5, 11]},
			"faces": {
				"north": {"uv": [3, 10, 3.5, 13], "texture": "#4"},
				"east": {"uv": [6.5, 10, 7, 13], "texture": "#4"},
				"south": {"uv": [7, 10, 7.5, 13], "texture": "#4"},
				"west": {"uv": [10, 10, 10.5, 13], "texture": "#4"},
				"up": {"uv": [11, 1.5, 10.5, 1], "texture": "#4"},
				"down": {"uv": [11, 1.5, 10.5, 2], "texture": "#4"}
			}
		},
		{
			"name": "hexadecagon",
			"from": [10.5, 2, 10.90054],
			"to": [11.5, 8, 11.09946],
			"rotation": {"angle": 22.5, "axis": "y", "origin": [11, 5, 11]},
			"faces": {
				"north": {"uv": [10, 0, 10.5, 3], "texture": "#4"},
				"east": {"uv": [10, 3, 10.5, 6], "texture": "#4"},
				"south": {"uv": [10, 6, 10.5, 9], "texture": "#4"},
				"west": {"uv": [0, 10.5, 0.5, 13.5], "texture": "#4"},
				"up": {"uv": [11, 2.5, 10.5, 2], "texture": "#4"},
				"down": {"uv": [11, 2.5, 10.5, 3], "texture": "#4"}
			}
		},
		{
			"name": "hexadecagon",
			"from": [10.89557, 3.4, 10.475],
			"to": [11.10443, 3.8, 11.525],
			"rotation": {"angle": -45, "axis": "y", "origin": [11, 6.4, 11]},
			"faces": {
				"north": {"uv": [10.5, 3, 11, 3.5], "texture": "#4"},
				"east": {"uv": [10.5, 3.5, 11, 4], "texture": "#4"},
				"south": {"uv": [10.5, 4, 11, 4.5], "texture": "#4"},
				"west": {"uv": [10.5, 4.5, 11, 5], "texture": "#4"},
				"up": {"uv": [11, 5.5, 10.5, 5], "texture": "#4"},
				"down": {"uv": [11, 5.5, 10.5, 6], "texture": "#4"}
			}
		},
		{
			"name": "hexadecagon",
			"from": [10.89557, 3.4, 10.475],
			"to": [11.10443, 3.8, 11.525],
			"rotation": {"angle": -22.5, "axis": "y", "origin": [11, 6.4, 11]},
			"faces": {
				"north": {"uv": [10.5, 6, 11, 6.5], "texture": "#4"},
				"east": {"uv": [10.5, 6.5, 11, 7], "texture": "#4"},
				"south": {"uv": [10.5, 7, 11, 7.5], "texture": "#4"},
				"west": {"uv": [10.5, 7.5, 11, 8], "texture": "#4"},
				"up": {"uv": [11, 8.5, 10.5, 8], "texture": "#4"},
				"down": {"uv": [11, 8.5, 10.5, 9], "texture": "#4"}
			}
		},
		{
			"name": "hexadecagon",
			"from": [10.89557, 3.4, 10.475],
			"to": [11.10443, 3.8, 11.525],
			"rotation": {"angle": 0, "axis": "y", "origin": [11, 6.4, 11]},
			"faces": {
				"north": {"uv": [10.5, 9.5, 11, 10], "texture": "#4"},
				"east": {"uv": [10.5, 10, 11, 10.5], "texture": "#4"},
				"south": {"uv": [1, 11, 1.5, 11.5], "texture": "#4"},
				"west": {"uv": [1.5, 11, 2, 11.5], "texture": "#4"},
				"up": {"uv": [8, 11.5, 7.5, 11], "texture": "#4"},
				"down": {"uv": [8.5, 11, 8, 11.5], "texture": "#4"}
			}
		},
		{
			"name": "hexadecagon",
			"from": [10.89557, 3.4, 10.475],
			"to": [11.10443, 3.8, 11.525],
			"rotation": {"angle": 22.5, "axis": "y", "origin": [11, 6.4, 11]},
			"faces": {
				"north": {"uv": [10.5, 11, 11, 11.5], "texture": "#4"},
				"east": {"uv": [11, 11, 11.5, 11.5], "texture": "#4"},
				"south": {"uv": [11, 0, 11.5, 0.5], "texture": "#4"},
				"west": {"uv": [11, 0.5, 11.5, 1], "texture": "#4"},
				"up": {"uv": [11.5, 1.5, 11, 1], "texture": "#4"},
				"down": {"uv": [11.5, 1.5, 11, 2], "texture": "#4"}
			}
		},
		{
			"name": "hexadecagon",
			"from": [10.89557, 3.4, 10.475],
			"to": [11.10443, 3.8, 11.525],
			"rotation": {"angle": 45, "axis": "y", "origin": [11, 6.4, 11]},
			"faces": {
				"north": {"uv": [11, 2, 11.5, 2.5], "texture": "#4"},
				"east": {"uv": [11, 2.5, 11.5, 3], "texture": "#4"},
				"south": {"uv": [11, 3, 11.5, 3.5], "texture": "#4"},
				"west": {"uv": [11, 3.5, 11.5, 4], "texture": "#4"},
				"up": {"uv": [11.5, 4.5, 11, 4], "texture": "#4"},
				"down": {"uv": [11.5, 4.5, 11, 5], "texture": "#4"}
			}
		},
		{
			"name": "hexadecagon",
			"from": [10.475, 3.4, 10.89557],
			"to": [11.525, 3.8, 11.10443],
			"rotation": {"angle": -22.5, "axis": "y", "origin": [11, 6.4, 11]},
			"faces": {
				"north": {"uv": [11, 5, 11.5, 5.5], "texture": "#4"},
				"east": {"uv": [11, 5.5, 11.5, 6], "texture": "#4"},
				"south": {"uv": [11, 6, 11.5, 6.5], "texture": "#4"},
				"west": {"uv": [11, 6.5, 11.5, 7], "texture": "#4"},
				"up": {"uv": [11.5, 7.5, 11, 7], "texture": "#4"},
				"down": {"uv": [11.5, 7.5, 11, 8], "texture": "#4"}
			}
		},
		{
			"name": "hexadecagon",
			"from": [10.475, 3.4, 10.89557],
			"to": [11.525, 3.8, 11.10443],
			"rotation": {"angle": 0, "axis": "y", "origin": [11, 6.4, 11]},
			"faces": {
				"north": {"uv": [11, 8, 11.5, 8.5], "texture": "#4"},
				"east": {"uv": [11, 8.5, 11.5, 9], "texture": "#4"},
				"south": {"uv": [11, 9.5, 11.5, 10], "texture": "#4"},
				"west": {"uv": [11, 10, 11.5, 10.5], "texture": "#4"},
				"up": {"uv": [11.5, 11, 11, 10.5], "texture": "#4"},
				"down": {"uv": [1.5, 11.5, 1, 12], "texture": "#4"}
			}
		},
		{
			"name": "hexadecagon",
			"from": [10.475, 3.4, 10.89557],
			"to": [11.525, 3.8, 11.10443],
			"rotation": {"angle": 22.5, "axis": "y", "origin": [11, 6.4, 11]},
			"faces": {
				"north": {"uv": [1.5, 11.5, 2, 12], "texture": "#4"},
				"east": {"uv": [7.5, 11.5, 8, 12], "texture": "#4"},
				"south": {"uv": [8, 11.5, 8.5, 12], "texture": "#4"},
				"west": {"uv": [8.5, 11.5, 9, 12], "texture": "#4"},
				"up": {"uv": [11, 12, 10.5, 11.5], "texture": "#4"},
				"down": {"uv": [11.5, 11.5, 11, 12], "texture": "#4"}
			}
		},
		{
			"name": "hexadecagon",
			"from": [10.89557, 4.3, 10.475],
			"to": [11.10443, 4.7, 11.525],
			"rotation": {"angle": -45, "axis": "y", "origin": [11, 7.3, 11]},
			"faces": {
				"north": {"uv": [11.5, 11.5, 12, 12], "texture": "#4"},
				"east": {"uv": [11.5, 0, 12, 0.5], "texture": "#4"},
				"south": {"uv": [11.5, 0.5, 12, 1], "texture": "#4"},
				"west": {"uv": [11.5, 1, 12, 1.5], "texture": "#4"},
				"up": {"uv": [12, 2, 11.5, 1.5], "texture": "#4"},
				"down": {"uv": [12, 2, 11.5, 2.5], "texture": "#4"}
			}
		},
		{
			"name": "hexadecagon",
			"from": [10.89557, 4.3, 10.475],
			"to": [11.10443, 4.7, 11.525],
			"rotation": {"angle": -22.5, "axis": "y", "origin": [11, 7.3, 11]},
			"faces": {
				"north": {"uv": [11.5, 2.5, 12, 3], "texture": "#4"},
				"east": {"uv": [11.5, 3, 12, 3.5], "texture": "#4"},
				"south": {"uv": [11.5, 3.5, 12, 4], "texture": "#4"},
				"west": {"uv": [11.5, 4, 12, 4.5], "texture": "#4"},
				"up": {"uv": [12, 5, 11.5, 4.5], "texture": "#4"},
				"down": {"uv": [12, 5, 11.5, 5.5], "texture": "#4"}
			}
		},
		{
			"name": "hexadecagon",
			"from": [10.89557, 4.3, 10.475],
			"to": [11.10443, 4.7, 11.525],
			"rotation": {"angle": 0, "axis": "y", "origin": [11, 7.3, 11]},
			"faces": {
				"north": {"uv": [11.5, 5.5, 12, 6], "texture": "#4"},
				"east": {"uv": [11.5, 6, 12, 6.5], "texture": "#4"},
				"south": {"uv": [11.5, 6.5, 12, 7], "texture": "#4"},
				"west": {"uv": [11.5, 7, 12, 7.5], "texture": "#4"},
				"up": {"uv": [12, 8, 11.5, 7.5], "texture": "#4"},
				"down": {"uv": [12, 8, 11.5, 8.5], "texture": "#4"}
			}
		},
		{
			"name": "hexadecagon",
			"from": [10.89557, 4.3, 10.475],
			"to": [11.10443, 4.7, 11.525],
			"rotation": {"angle": 22.5, "axis": "y", "origin": [11, 7.3, 11]},
			"faces": {
				"north": {"uv": [11.5, 8.5, 12, 9], "texture": "#4"},
				"east": {"uv": [11.5, 9.5, 12, 10], "texture": "#4"},
				"south": {"uv": [11.5, 10, 12, 10.5], "texture": "#4"},
				"west": {"uv": [11.5, 10.5, 12, 11], "texture": "#4"},
				"up": {"uv": [12, 11.5, 11.5, 11], "texture": "#4"},
				"down": {"uv": [1.5, 12, 1, 12.5], "texture": "#4"}
			}
		},
		{
			"name": "hexadecagon",
			"from": [10.89557, 4.3, 10.475],
			"to": [11.10443, 4.7, 11.525],
			"rotation": {"angle": 45, "axis": "y", "origin": [11, 7.3, 11]},
			"faces": {
				"north": {"uv": [1.5, 12, 2, 12.5], "texture": "#4"},
				"east": {"uv": [7.5, 12, 8, 12.5], "texture": "#4"},
				"south": {"uv": [8, 12, 8.5, 12.5], "texture": "#4"},
				"west": {"uv": [8.5, 12, 9, 12.5], "texture": "#4"},
				"up": {"uv": [9.5, 12.5, 9, 12], "texture": "#4"},
				"down": {"uv": [11, 12, 10.5, 12.5], "texture": "#4"}
			}
		},
		{
			"name": "hexadecagon",
			"from": [10.475, 4.3, 10.89557],
			"to": [11.525, 4.7, 11.10443],
			"rotation": {"angle": -22.5, "axis": "y", "origin": [11, 7.3, 11]},
			"faces": {
				"north": {"uv": [11, 12, 11.5, 12.5], "texture": "#4"},
				"east": {"uv": [11.5, 12, 12, 12.5], "texture": "#4"},
				"south": {"uv": [12, 12, 12.5, 12.5], "texture": "#4"},
				"west": {"uv": [12, 0, 12.5, 0.5], "texture": "#4"},
				"up": {"uv": [12.5, 1, 12, 0.5], "texture": "#4"},
				"down": {"uv": [12.5, 1, 12, 1.5], "texture": "#4"}
			}
		},
		{
			"name": "hexadecagon",
			"from": [10.475, 4.3, 10.89557],
			"to": [11.525, 4.7, 11.10443],
			"rotation": {"angle": 0, "axis": "y", "origin": [11, 7.3, 11]},
			"faces": {
				"north": {"uv": [12, 1.5, 12.5, 2], "texture": "#4"},
				"east": {"uv": [12, 2, 12.5, 2.5], "texture": "#4"},
				"south": {"uv": [12, 2.5, 12.5, 3], "texture": "#4"},
				"west": {"uv": [12, 3, 12.5, 3.5], "texture": "#4"},
				"up": {"uv": [12.5, 4, 12, 3.5], "texture": "#4"},
				"down": {"uv": [12.5, 4, 12, 4.5], "texture": "#4"}
			}
		},
		{
			"name": "hexadecagon",
			"from": [10.475, 4.3, 10.89557],
			"to": [11.525, 4.7, 11.10443],
			"rotation": {"angle": 22.5, "axis": "y", "origin": [11, 7.3, 11]},
			"faces": {
				"north": {"uv": [12, 4.5, 12.5, 5], "texture": "#4"},
				"east": {"uv": [12, 5, 12.5, 5.5], "texture": "#4"},
				"south": {"uv": [12, 5.5, 12.5, 6], "texture": "#4"},
				"west": {"uv": [12, 6, 12.5, 6.5], "texture": "#4"},
				"up": {"uv": [12.5, 7, 12, 6.5], "texture": "#4"},
				"down": {"uv": [12.5, 7, 12, 7.5], "texture": "#4"}
			}
		},
		{
			"name": "hexadecagon",
			"from": [10.89557, 5.2, 10.475],
			"to": [11.10443, 5.6, 11.525],
			"rotation": {"angle": -45, "axis": "y", "origin": [11, 8.2, 11]},
			"faces": {
				"north": {"uv": [12, 7.5, 12.5, 8], "texture": "#4"},
				"east": {"uv": [12, 8, 12.5, 8.5], "texture": "#4"},
				"south": {"uv": [12, 8.5, 12.5, 9], "texture": "#4"},
				"west": {"uv": [12, 9, 12.5, 9.5], "texture": "#4"},
				"up": {"uv": [12.5, 10, 12, 9.5], "texture": "#4"},
				"down": {"uv": [12.5, 10, 12, 10.5], "texture": "#4"}
			}
		},
		{
			"name": "hexadecagon",
			"from": [10.89557, 5.2, 10.475],
			"to": [11.10443, 5.6, 11.525],
			"rotation": {"angle": -22.5, "axis": "y", "origin": [11, 8.2, 11]},
			"faces": {
				"north": {"uv": [12, 10.5, 12.5, 11], "texture": "#4"},
				"east": {"uv": [12, 11, 12.5, 11.5], "texture": "#4"},
				"south": {"uv": [12, 11.5, 12.5, 12], "texture": "#4"},
				"west": {"uv": [0.5, 12.5, 1, 13], "texture": "#4"},
				"up": {"uv": [1.5, 13, 1, 12.5], "texture": "#4"},
				"down": {"uv": [2, 12.5, 1.5, 13], "texture": "#4"}
			}
		},
		{
			"name": "hexadecagon",
			"from": [10.89557, 5.2, 10.475],
			"to": [11.10443, 5.6, 11.525],
			"rotation": {"angle": 0, "axis": "y", "origin": [11, 8.2, 11]},
			"faces": {
				"north": {"uv": [3.5, 12.5, 4, 13], "texture": "#4"},
				"east": {"uv": [4, 12.5, 4.5, 13], "texture": "#4"},
				"south": {"uv": [4.5, 12.5, 5, 13], "texture": "#4"},
				"west": {"uv": [5, 12.5, 5.5, 13], "texture": "#4"},
				"up": {"uv": [6, 13, 5.5, 12.5], "texture": "#4"},
				"down": {"uv": [6.5, 12.5, 6, 13], "texture": "#4"}
			}
		},
		{
			"name": "hexadecagon",
			"from": [10.89557, 5.2, 10.475],
			"to": [11.10443, 5.6, 11.525],
			"rotation": {"angle": 22.5, "axis": "y", "origin": [11, 8.2, 11]},
			"faces": {
				"north": {"uv": [7.5, 12.5, 8, 13], "texture": "#4"},
				"east": {"uv": [8, 12.5, 8.5, 13], "texture": "#4"},
				"south": {"uv": [8.5, 12.5, 9, 13], "texture": "#4"},
				"west": {"uv": [9, 12.5, 9.5, 13], "texture": "#4"},
				"up": {"uv": [10, 13, 9.5, 12.5], "texture": "#4"},
				"down": {"uv": [11, 12.5, 10.5, 13], "texture": "#4"}
			}
		},
		{
			"name": "hexadecagon",
			"from": [10.89557, 5.2, 10.475],
			"to": [11.10443, 5.6, 11.525],
			"rotation": {"angle": 45, "axis": "y", "origin": [11, 8.2, 11]},
			"faces": {
				"north": {"uv": [11, 12.5, 11.5, 13], "texture": "#4"},
				"east": {"uv": [11.5, 12.5, 12, 13], "texture": "#4"},
				"south": {"uv": [12, 12.5, 12.5, 13], "texture": "#4"},
				"west": {"uv": [12.5, 12.5, 13, 13], "texture": "#4"},
				"up": {"uv": [13, 0.5, 12.5, 0], "texture": "#4"},
				"down": {"uv": [13, 0.5, 12.5, 1], "texture": "#4"}
			}
		},
		{
			"name": "hexadecagon",
			"from": [10.475, 5.2, 10.89557],
			"to": [11.525, 5.6, 11.10443],
			"rotation": {"angle": -22.5, "axis": "y", "origin": [11, 8.2, 11]},
			"faces": {
				"north": {"uv": [12.5, 1, 13, 1.5], "texture": "#4"},
				"east": {"uv": [12.5, 1.5, 13, 2], "texture": "#4"},
				"south": {"uv": [12.5, 2, 13, 2.5], "texture": "#4"},
				"west": {"uv": [12.5, 2.5, 13, 3], "texture": "#4"},
				"up": {"uv": [13, 3.5, 12.5, 3], "texture": "#4"},
				"down": {"uv": [13, 3.5, 12.5, 4], "texture": "#4"}
			}
		},
		{
			"name": "hexadecagon",
			"from": [10.475, 5.2, 10.89557],
			"to": [11.525, 5.6, 11.10443],
			"rotation": {"angle": 0, "axis": "y", "origin": [11, 8.2, 11]},
			"faces": {
				"north": {"uv": [12.5, 4, 13, 4.5], "texture": "#4"},
				"east": {"uv": [12.5, 4.5, 13, 5], "texture": "#4"},
				"south": {"uv": [12.5, 5, 13, 5.5], "texture": "#4"},
				"west": {"uv": [12.5, 5.5, 13, 6], "texture": "#4"},
				"up": {"uv": [13, 6.5, 12.5, 6], "texture": "#4"},
				"down": {"uv": [13, 6.5, 12.5, 7], "texture": "#4"}
			}
		},
		{
			"name": "hexadecagon",
			"from": [10.475, 5.2, 10.89557],
			"to": [11.525, 5.6, 11.10443],
			"rotation": {"angle": 22.5, "axis": "y", "origin": [11, 8.2, 11]},
			"faces": {
				"north": {"uv": [12.5, 7, 13, 7.5], "texture": "#4"},
				"east": {"uv": [12.5, 7.5, 13, 8], "texture": "#4"},
				"south": {"uv": [12.5, 8, 13, 8.5], "texture": "#4"},
				"west": {"uv": [12.5, 8.5, 13, 9], "texture": "#4"},
				"up": {"uv": [13, 9.5, 12.5, 9], "texture": "#4"},
				"down": {"uv": [13, 9.5, 12.5, 10], "texture": "#4"}
			}
		},
		{
			"name": "hexadecagon",
			"from": [10.89557, 6.1, 10.475],
			"to": [11.10443, 6.5, 11.525],
			"rotation": {"angle": -45, "axis": "y", "origin": [11, 9.1, 11]},
			"faces": {
				"north": {"uv": [12.5, 10, 13, 10.5], "texture": "#4"},
				"east": {"uv": [12.5, 10.5, 13, 11], "texture": "#4"},
				"south": {"uv": [12.5, 11, 13, 11.5], "texture": "#4"},
				"west": {"uv": [12.5, 11.5, 13, 12], "texture": "#4"},
				"up": {"uv": [13, 12.5, 12.5, 12], "texture": "#4"},
				"down": {"uv": [1, 13, 0.5, 13.5], "texture": "#4"}
			}
		},
		{
			"name": "hexadecagon",
			"from": [10.89557, 6.1, 10.475],
			"to": [11.10443, 6.5, 11.525],
			"rotation": {"angle": -22.5, "axis": "y", "origin": [11, 9.1, 11]},
			"faces": {
				"north": {"uv": [1, 13, 1.5, 13.5], "texture": "#4"},
				"east": {"uv": [1.5, 13, 2, 13.5], "texture": "#4"},
				"south": {"uv": [2, 13, 2.5, 13.5], "texture": "#4"},
				"west": {"uv": [2.5, 13, 3, 13.5], "texture": "#4"},
				"up": {"uv": [3.5, 13.5, 3, 13], "texture": "#4"},
				"down": {"uv": [4, 13, 3.5, 13.5], "texture": "#4"}
			}
		},
		{
			"name": "hexadecagon",
			"from": [10.89557, 6.1, 10.475],
			"to": [11.10443, 6.5, 11.525],
			"rotation": {"angle": 0, "axis": "y", "origin": [11, 9.1, 11]},
			"faces": {
				"north": {"uv": [4, 13, 4.5, 13.5], "texture": "#4"},
				"east": {"uv": [4.5, 13, 5, 13.5], "texture": "#4"},
				"south": {"uv": [5, 13, 5.5, 13.5], "texture": "#4"},
				"west": {"uv": [5.5, 13, 6, 13.5], "texture": "#4"},
				"up": {"uv": [6.5, 13.5, 6, 13], "texture": "#4"},
				"down": {"uv": [7, 13, 6.5, 13.5], "texture": "#4"}
			}
		},
		{
			"name": "hexadecagon",
			"from": [10.89557, 6.1, 10.475],
			"to": [11.10443, 6.5, 11.525],
			"rotation": {"angle": 22.5, "axis": "y", "origin": [11, 9.1, 11]},
			"faces": {
				"north": {"uv": [7, 13, 7.5, 13.5], "texture": "#4"},
				"east": {"uv": [7.5, 13, 8, 13.5], "texture": "#4"},
				"south": {"uv": [8, 13, 8.5, 13.5], "texture": "#4"},
				"west": {"uv": [8.5, 13, 9, 13.5], "texture": "#4"},
				"up": {"uv": [9.5, 13.5, 9, 13], "texture": "#4"},
				"down": {"uv": [10, 13, 9.5, 13.5], "texture": "#4"}
			}
		},
		{
			"name": "hexadecagon",
			"from": [10.89557, 6.1, 10.475],
			"to": [11.10443, 6.5, 11.525],
			"rotation": {"angle": 45, "axis": "y", "origin": [11, 9.1, 11]},
			"faces": {
				"north": {"uv": [10, 13, 10.5, 13.5], "texture": "#4"},
				"east": {"uv": [10.5, 13, 11, 13.5], "texture": "#4"},
				"south": {"uv": [11, 13, 11.5, 13.5], "texture": "#4"},
				"west": {"uv": [11.5, 13, 12, 13.5], "texture": "#4"},
				"up": {"uv": [12.5, 13.5, 12, 13], "texture": "#4"},
				"down": {"uv": [13, 13, 12.5, 13.5], "texture": "#4"}
			}
		},
		{
			"name": "hexadecagon",
			"from": [10.475, 6.1, 10.89557],
			"to": [11.525, 6.5, 11.10443],
			"rotation": {"angle": -22.5, "axis": "y", "origin": [11, 9.1, 11]},
			"faces": {
				"north": {"uv": [13, 13, 13.5, 13.5], "texture": "#4"},
				"east": {"uv": [13, 0, 13.5, 0.5], "texture": "#4"},
				"south": {"uv": [13, 0.5, 13.5, 1], "texture": "#4"},
				"west": {"uv": [13, 1, 13.5, 1.5], "texture": "#4"},
				"up": {"uv": [13.5, 2, 13, 1.5], "texture": "#4"},
				"down": {"uv": [13.5, 2, 13, 2.5], "texture": "#4"}
			}
		},
		{
			"name": "hexadecagon",
			"from": [10.475, 6.1, 10.89557],
			"to": [11.525, 6.5, 11.10443],
			"rotation": {"angle": 0, "axis": "y", "origin": [11, 9.1, 11]},
			"faces": {
				"north": {"uv": [13, 2.5, 13.5, 3], "texture": "#4"},
				"east": {"uv": [13, 3, 13.5, 3.5], "texture": "#4"},
				"south": {"uv": [13, 3.5, 13.5, 4], "texture": "#4"},
				"west": {"uv": [13, 4, 13.5, 4.5], "texture": "#4"},
				"up": {"uv": [13.5, 5, 13, 4.5], "texture": "#4"},
				"down": {"uv": [13.5, 5, 13, 5.5], "texture": "#4"}
			}
		},
		{
			"name": "hexadecagon",
			"from": [10.475, 6.1, 10.89557],
			"to": [11.525, 6.5, 11.10443],
			"rotation": {"angle": 22.5, "axis": "y", "origin": [11, 9.1, 11]},
			"faces": {
				"north": {"uv": [13, 5.5, 13.5, 6], "texture": "#4"},
				"east": {"uv": [13, 6, 13.5, 6.5], "texture": "#4"},
				"south": {"uv": [13, 6.5, 13.5, 7], "texture": "#4"},
				"west": {"uv": [13, 7, 13.5, 7.5], "texture": "#4"},
				"up": {"uv": [13.5, 8, 13, 7.5], "texture": "#4"},
				"down": {"uv": [13.5, 8, 13, 8.5], "texture": "#4"}
			}
		},
		{
			"name": "hexadecagon",
			"from": [10.89557, 7, 10.475],
			"to": [11.10443, 7.4, 11.525],
			"rotation": {"angle": -45, "axis": "y", "origin": [11, 10, 11]},
			"faces": {
				"north": {"uv": [13, 8.5, 13.5, 9], "texture": "#4"},
				"east": {"uv": [13, 9, 13.5, 9.5], "texture": "#4"},
				"south": {"uv": [13, 9.5, 13.5, 10], "texture": "#4"},
				"west": {"uv": [13, 10, 13.5, 10.5], "texture": "#4"},
				"up": {"uv": [13.5, 11, 13, 10.5], "texture": "#4"},
				"down": {"uv": [13.5, 11, 13, 11.5], "texture": "#4"}
			}
		},
		{
			"name": "hexadecagon",
			"from": [10.89557, 7, 10.475],
			"to": [11.10443, 7.4, 11.525],
			"rotation": {"angle": -22.5, "axis": "y", "origin": [11, 10, 11]},
			"faces": {
				"north": {"uv": [13, 11.5, 13.5, 12], "texture": "#4"},
				"east": {"uv": [13, 12, 13.5, 12.5], "texture": "#4"},
				"south": {"uv": [13, 12.5, 13.5, 13], "texture": "#4"},
				"west": {"uv": [0, 13.5, 0.5, 14], "texture": "#4"},
				"up": {"uv": [1, 14, 0.5, 13.5], "texture": "#4"},
				"down": {"uv": [1.5, 13.5, 1, 14], "texture": "#4"}
			}
		},
		{
			"name": "hexadecagon",
			"from": [10.89557, 7, 10.475],
			"to": [11.10443, 7.4, 11.525],
			"rotation": {"angle": 0, "axis": "y", "origin": [11, 10, 11]},
			"faces": {
				"north": {"uv": [1.5, 13.5, 2, 14], "texture": "#4"},
				"east": {"uv": [2, 13.5, 2.5, 14], "texture": "#4"},
				"south": {"uv": [2.5, 13.5, 3, 14], "texture": "#4"},
				"west": {"uv": [3, 13.5, 3.5, 14], "texture": "#4"},
				"up": {"uv": [4, 14, 3.5, 13.5], "texture": "#4"},
				"down": {"uv": [4.5, 13.5, 4, 14], "texture": "#4"}
			}
		},
		{
			"name": "hexadecagon",
			"from": [10.89557, 7, 10.475],
			"to": [11.10443, 7.4, 11.525],
			"rotation": {"angle": 22.5, "axis": "y", "origin": [11, 10, 11]},
			"faces": {
				"north": {"uv": [4.5, 13.5, 5, 14], "texture": "#4"},
				"east": {"uv": [5, 13.5, 5.5, 14], "texture": "#4"},
				"south": {"uv": [5.5, 13.5, 6, 14], "texture": "#4"},
				"west": {"uv": [6, 13.5, 6.5, 14], "texture": "#4"},
				"up": {"uv": [7, 14, 6.5, 13.5], "texture": "#4"},
				"down": {"uv": [7.5, 13.5, 7, 14], "texture": "#4"}
			}
		},
		{
			"name": "hexadecagon",
			"from": [10.89557, 7, 10.475],
			"to": [11.10443, 7.4, 11.525],
			"rotation": {"angle": 45, "axis": "y", "origin": [11, 10, 11]},
			"faces": {
				"north": {"uv": [7.5, 13.5, 8, 14], "texture": "#4"},
				"east": {"uv": [8, 13.5, 8.5, 14], "texture": "#4"},
				"south": {"uv": [8.5, 13.5, 9, 14], "texture": "#4"},
				"west": {"uv": [9, 13.5, 9.5, 14], "texture": "#4"},
				"up": {"uv": [10, 14, 9.5, 13.5], "texture": "#4"},
				"down": {"uv": [10.5, 13.5, 10, 14], "texture": "#4"}
			}
		},
		{
			"name": "hexadecagon",
			"from": [10.475, 7, 10.89557],
			"to": [11.525, 7.4, 11.10443],
			"rotation": {"angle": -22.5, "axis": "y", "origin": [11, 10, 11]},
			"faces": {
				"north": {"uv": [10.5, 13.5, 11, 14], "texture": "#4"},
				"east": {"uv": [11, 13.5, 11.5, 14], "texture": "#4"},
				"south": {"uv": [11.5, 13.5, 12, 14], "texture": "#4"},
				"west": {"uv": [12, 13.5, 12.5, 14], "texture": "#4"},
				"up": {"uv": [13, 14, 12.5, 13.5], "texture": "#4"},
				"down": {"uv": [13.5, 13.5, 13, 14], "texture": "#4"}
			}
		},
		{
			"name": "hexadecagon",
			"from": [10.475, 7, 10.89557],
			"to": [11.525, 7.4, 11.10443],
			"rotation": {"angle": 0, "axis": "y", "origin": [11, 10, 11]},
			"faces": {
				"north": {"uv": [13.5, 13.5, 14, 14], "texture": "#4"},
				"east": {"uv": [13.5, 0, 14, 0.5], "texture": "#4"},
				"south": {"uv": [13.5, 0.5, 14, 1], "texture": "#4"},
				"west": {"uv": [13.5, 1, 14, 1.5], "texture": "#4"},
				"up": {"uv": [14, 2, 13.5, 1.5], "texture": "#4"},
				"down": {"uv": [14, 2, 13.5, 2.5], "texture": "#4"}
			}
		},
		{
			"name": "hexadecagon",
			"from": [10.475, 7, 10.89557],
			"to": [11.525, 7.4, 11.10443],
			"rotation": {"angle": 22.5, "axis": "y", "origin": [11, 10, 11]},
			"faces": {
				"north": {"uv": [13.5, 2.5, 14, 3], "texture": "#4"},
				"east": {"uv": [13.5, 3, 14, 3.5], "texture": "#4"},
				"south": {"uv": [13.5, 3.5, 14, 4], "texture": "#4"},
				"west": {"uv": [13.5, 4, 14, 4.5], "texture": "#4"},
				"up": {"uv": [14, 5, 13.5, 4.5], "texture": "#4"},
				"down": {"uv": [14, 5, 13.5, 5.5], "texture": "#4"}
			}
		},
		{
			"name": "hexadecagon",
			"from": [10.8906, 8, 10.45],
			"to": [11.1094, 9, 11.55],
			"rotation": {"angle": -45, "axis": "y", "origin": [11, 11, 11]},
			"faces": {
				"north": {"uv": [13.5, 5.5, 14, 6], "texture": "#4"},
				"east": {"uv": [13.5, 6, 14, 6.5], "texture": "#4"},
				"south": {"uv": [13.5, 6.5, 14, 7], "texture": "#4"},
				"west": {"uv": [13.5, 7, 14, 7.5], "texture": "#4"},
				"up": {"uv": [14, 8, 13.5, 7.5], "texture": "#4"},
				"down": {"uv": [14, 8, 13.5, 8.5], "texture": "#4"}
			}
		},
		{
			"name": "hexadecagon",
			"from": [10.8906, 8, 10.45],
			"to": [11.1094, 9, 11.55],
			"rotation": {"angle": -22.5, "axis": "y", "origin": [11, 11, 11]},
			"faces": {
				"north": {"uv": [13.5, 8.5, 14, 9], "texture": "#4"},
				"east": {"uv": [13.5, 9, 14, 9.5], "texture": "#4"},
				"south": {"uv": [13.5, 9.5, 14, 10], "texture": "#4"},
				"west": {"uv": [13.5, 10, 14, 10.5], "texture": "#4"},
				"up": {"uv": [14, 11, 13.5, 10.5], "texture": "#4"},
				"down": {"uv": [14, 11, 13.5, 11.5], "texture": "#4"}
			}
		},
		{
			"name": "hexadecagon",
			"from": [10.8906, 8, 10.45],
			"to": [11.1094, 9, 11.55],
			"rotation": {"angle": 0, "axis": "y", "origin": [11, 11, 11]},
			"faces": {
				"north": {"uv": [13.5, 11.5, 14, 12], "texture": "#4"},
				"east": {"uv": [13.5, 12, 14, 12.5], "texture": "#4"},
				"south": {"uv": [13.5, 12.5, 14, 13], "texture": "#4"},
				"west": {"uv": [13.5, 13, 14, 13.5], "texture": "#4"},
				"up": {"uv": [0.5, 14.5, 0, 14], "texture": "#4"},
				"down": {"uv": [1, 14, 0.5, 14.5], "texture": "#4"}
			}
		},
		{
			"name": "hexadecagon",
			"from": [10.8906, 8, 10.45],
			"to": [11.1094, 9, 11.55],
			"rotation": {"angle": 22.5, "axis": "y", "origin": [11, 11, 11]},
			"faces": {
				"north": {"uv": [1, 14, 1.5, 14.5], "texture": "#4"},
				"east": {"uv": [1.5, 14, 2, 14.5], "texture": "#4"},
				"south": {"uv": [2, 14, 2.5, 14.5], "texture": "#4"},
				"west": {"uv": [2.5, 14, 3, 14.5], "texture": "#4"},
				"up": {"uv": [3.5, 14.5, 3, 14], "texture": "#4"},
				"down": {"uv": [4, 14, 3.5, 14.5], "texture": "#4"}
			}
		},
		{
			"name": "hexadecagon",
			"from": [10.8906, 8, 10.45],
			"to": [11.1094, 9, 11.55],
			"rotation": {"angle": 45, "axis": "y", "origin": [11, 11, 11]},
			"faces": {
				"north": {"uv": [4, 14, 4.5, 14.5], "texture": "#4"},
				"east": {"uv": [4.5, 14, 5, 14.5], "texture": "#4"},
				"south": {"uv": [5, 14, 5.5, 14.5], "texture": "#4"},
				"west": {"uv": [5.5, 14, 6, 14.5], "texture": "#4"},
				"up": {"uv": [6.5, 14.5, 6, 14], "texture": "#4"},
				"down": {"uv": [7, 14, 6.5, 14.5], "texture": "#4"}
			}
		},
		{
			"name": "hexadecagon",
			"from": [10.45, 8, 10.8906],
			"to": [11.55, 9, 11.1094],
			"rotation": {"angle": -22.5, "axis": "y", "origin": [11, 11, 11]},
			"faces": {
				"north": {"uv": [7, 14, 7.5, 14.5], "texture": "#4"},
				"east": {"uv": [7.5, 14, 8, 14.5], "texture": "#4"},
				"south": {"uv": [8, 14, 8.5, 14.5], "texture": "#4"},
				"west": {"uv": [8.5, 14, 9, 14.5], "texture": "#4"},
				"up": {"uv": [9.5, 14.5, 9, 14], "texture": "#4"},
				"down": {"uv": [10, 14, 9.5, 14.5], "texture": "#4"}
			}
		},
		{
			"name": "hexadecagon",
			"from": [10.45, 8, 10.8906],
			"to": [11.55, 9, 11.1094],
			"rotation": {"angle": 0, "axis": "y", "origin": [11, 11, 11]},
			"faces": {
				"north": {"uv": [10, 14, 10.5, 14.5], "texture": "#4"},
				"east": {"uv": [10.5, 14, 11, 14.5], "texture": "#4"},
				"south": {"uv": [11, 14, 11.5, 14.5], "texture": "#4"},
				"west": {"uv": [11.5, 14, 12, 14.5], "texture": "#4"},
				"up": {"uv": [12.5, 14.5, 12, 14], "texture": "#4"},
				"down": {"uv": [13, 14, 12.5, 14.5], "texture": "#4"}
			}
		},
		{
			"name": "hexadecagon",
			"from": [10.45, 8, 10.8906],
			"to": [11.55, 9, 11.1094],
			"rotation": {"angle": 22.5, "axis": "y", "origin": [11, 11, 11]},
			"faces": {
				"north": {"uv": [13, 14, 13.5, 14.5], "texture": "#4"},
				"east": {"uv": [13.5, 14, 14, 14.5], "texture": "#4"},
				"south": {"uv": [14, 14, 14.5, 14.5], "texture": "#4"},
				"west": {"uv": [14, 0, 14.5, 0.5], "texture": "#4"},
				"up": {"uv": [14.5, 1, 14, 0.5], "texture": "#4"},
				"down": {"uv": [14.5, 1, 14, 1.5], "texture": "#4"}
			}
		},
		{
			"name": "hexadecagon",
			"from": [10.45, 8, 10.8906],
			"to": [11.55, 9, 11.1094],
			"rotation": {"angle": 22.5, "axis": "y", "origin": [11, 11, 11]},
			"faces": {
				"north": {"uv": [14, 1.5, 14.5, 2], "texture": "#4"},
				"east": {"uv": [14, 2, 14.5, 2.5], "texture": "#4"},
				"south": {"uv": [14, 2.5, 14.5, 3], "texture": "#4"},
				"west": {"uv": [14, 3, 14.5, 3.5], "texture": "#4"},
				"up": {"uv": [14.5, 4, 14, 3.5], "texture": "#4"},
				"down": {"uv": [14.5, 4, 14, 4.5], "texture": "#4"}
			}
		},
		{
			"name": "hexadecagon",
			"from": [10.88065, 8.5, 10.4],
			"to": [11.11935, 9.5, 11.6],
			"rotation": {"angle": -45, "axis": "y", "origin": [11, 9, 11]},
			"faces": {
				"north": {"uv": [14, 4.5, 14.5, 5], "texture": "#4"},
				"east": {"uv": [14, 5, 14.5, 5.5], "texture": "#4"},
				"south": {"uv": [14, 5.5, 14.5, 6], "texture": "#4"},
				"west": {"uv": [14, 6, 14.5, 6.5], "texture": "#4"},
				"up": {"uv": [14.5, 7, 14, 6.5], "texture": "#4"},
				"down": {"uv": [14.5, 7, 14, 7.5], "texture": "#4"}
			}
		},
		{
			"name": "hexadecagon",
			"from": [10.88065, 8.5, 10.4],
			"to": [11.11935, 9.5, 11.6],
			"rotation": {"angle": 0, "axis": "y", "origin": [11.00348, 9.00001, 10.99651]},
			"faces": {
				"north": {"uv": [11.5, 14.5, 12, 15], "texture": "#4"},
				"east": {"uv": [12, 14.5, 12.5, 15], "texture": "#4"},
				"south": {"uv": [12.5, 14.5, 13, 15], "texture": "#4"},
				"west": {"uv": [13, 14.5, 13.5, 15], "texture": "#4"},
				"up": {"uv": [14, 15, 13.5, 14.5], "texture": "#4"},
				"down": {"uv": [14.5, 14.5, 14, 15], "texture": "#4"}
			}
		},
		{
			"name": "hexadecagon",
			"from": [10.4, 8.5, 10.88065],
			"to": [11.6, 9.5, 11.11935],
			"rotation": {"angle": 0, "axis": "y", "origin": [11, 9, 11]},
			"faces": {
				"north": {"uv": [5.5, 14.5, 6, 15], "texture": "#4"},
				"east": {"uv": [6, 14.5, 6.5, 15], "texture": "#4"},
				"south": {"uv": [6.5, 14.5, 7, 15], "texture": "#4"},
				"west": {"uv": [7, 14.5, 7.5, 15], "texture": "#4"},
				"up": {"uv": [8, 15, 7.5, 14.5], "texture": "#4"},
				"down": {"uv": [8.5, 14.5, 8, 15], "texture": "#4"}
			}
		},
		{
			"name": "hexadecagon",
			"from": [10.4, 8.5, 10.88065],
			"to": [11.6, 9.5, 11.11935],
			"rotation": {"angle": 22.5, "axis": "y", "origin": [11, 9, 11]},
			"faces": {
				"north": {"uv": [8.5, 14.5, 9, 15], "texture": "#4"},
				"east": {"uv": [9, 14.5, 9.5, 15], "texture": "#4"},
				"south": {"uv": [9.5, 14.5, 10, 15], "texture": "#4"},
				"west": {"uv": [10, 14.5, 10.5, 15], "texture": "#4"},
				"up": {"uv": [11, 15, 10.5, 14.5], "texture": "#4"},
				"down": {"uv": [11.5, 14.5, 11, 15], "texture": "#4"}
			}
		},
		{
			"name": "hexadecagon",
			"from": [10.88065, 8.5, 10.4],
			"to": [11.11935, 9.5, 11.6],
			"rotation": {"angle": 22.5, "axis": "y", "origin": [11, 9, 11]},
			"faces": {
				"north": {"uv": [14, 10.5, 14.5, 11], "texture": "#4"},
				"east": {"uv": [14, 11, 14.5, 11.5], "texture": "#4"},
				"south": {"uv": [14, 11.5, 14.5, 12], "texture": "#4"},
				"west": {"uv": [14, 12, 14.5, 12.5], "texture": "#4"},
				"up": {"uv": [14.5, 13, 14, 12.5], "texture": "#4"},
				"down": {"uv": [14.5, 13, 14, 13.5], "texture": "#4"}
			}
		},
		{
			"name": "hexadecagon",
			"from": [10.88065, 8.5, 10.4],
			"to": [11.11935, 9.5, 11.6],
			"rotation": {"angle": -22.5, "axis": "y", "origin": [11, 9, 11]},
			"faces": {
				"north": {"uv": [14, 7.5, 14.5, 8], "texture": "#4"},
				"east": {"uv": [14, 8, 14.5, 8.5], "texture": "#4"},
				"south": {"uv": [14, 8.5, 14.5, 9], "texture": "#4"},
				"west": {"uv": [14, 9, 14.5, 9.5], "texture": "#4"},
				"up": {"uv": [14.5, 10, 14, 9.5], "texture": "#4"},
				"down": {"uv": [14.5, 10, 14, 10.5], "texture": "#4"}
			}
		},
		{
			"name": "hexadecagon",
			"from": [10.4, 8.5, 10.88065],
			"to": [11.6, 9.5, 11.11935],
			"rotation": {"angle": -22.5, "axis": "y", "origin": [11, 9, 11]},
			"faces": {
				"north": {"uv": [2.5, 14.5, 3, 15], "texture": "#4"},
				"east": {"uv": [3, 14.5, 3.5, 15], "texture": "#4"},
				"south": {"uv": [3.5, 14.5, 4, 15], "texture": "#4"},
				"west": {"uv": [4, 14.5, 4.5, 15], "texture": "#4"},
				"up": {"uv": [5, 15, 4.5, 14.5], "texture": "#4"},
				"down": {"uv": [5.5, 14.5, 5, 15], "texture": "#4"}
			}
		},
		{
			"name": "hexadecagon",
			"from": [10.88065, 8.5, 10.4],
			"to": [11.11935, 9.5, 11.6],
			"rotation": {"angle": 45, "axis": "y", "origin": [11, 9, 11]},
			"faces": {
				"north": {"uv": [14, 13.5, 14.5, 14], "texture": "#4"},
				"east": {"uv": [0, 14.5, 0.5, 15], "texture": "#4"},
				"south": {"uv": [0.5, 14.5, 1, 15], "texture": "#4"},
				"west": {"uv": [1, 14.5, 1.5, 15], "texture": "#4"},
				"up": {"uv": [2, 15, 1.5, 14.5], "texture": "#4"},
				"down": {"uv": [2.5, 14.5, 2, 15], "texture": "#4"}
			}
		},
		{
			"name": "hexadecagon",
			"from": [9.53906, 9.82138, 7.4],
			"to": [12.48906, 12.10138, 14.6],
			"rotation": {"angle": 0, "axis": "y", "origin": [11.41901, 11.27065, 11.00144]},
			"faces": {
				"north": {"uv": [7.5, 5, 9, 6], "texture": "#4"},
				"east": {"uv": [5.5, 0, 9, 1], "texture": "#4"},
				"south": {"uv": [7.5, 6.5, 9, 7.5], "texture": "#4"},
				"west": {"uv": [5.5, 1, 9, 2], "texture": "#4"},
				"up": {"uv": [5, 9.5, 3.5, 6], "texture": "#4"},
				"down": {"uv": [6.5, 6, 5, 9.5], "texture": "#4"}
			}
		},
		{
			"name": "hexadecagon",
			"from": [9.89551, 9.45494, 7.4],
			"to": [12.13551, 12.45494, 14.6],
			"rotation": {"angle": 0, "axis": "y", "origin": [10.63551, 9.95494, 11]},
			"faces": {
				"north": {"uv": [0, 3.5, 1, 5], "texture": "#4"},
				"east": {"uv": [4, 2, 7.5, 3.5], "texture": "#4"},
				"south": {"uv": [1, 3.5, 2, 5], "texture": "#4"},
				"west": {"uv": [0, 5.5, 3.5, 7], "texture": "#4"},
				"up": {"uv": [7.5, 10, 6.5, 6.5], "texture": "#4"},
				"down": {"uv": [1, 7, 0, 10.5], "texture": "#4"}
			}
		},
		{
			"name": "hexadecagon",
			"from": [9.41144, 9.70274, 7.4],
			"to": [13.11144, 10.20274, 14.6],
			"rotation": {"angle": 45, "axis": "z", "origin": [9.90484, 10.15079, 11.00051]},
			"faces": {
				"north": {"uv": [0, 5, 2, 5.5], "texture": "#4"},
				"east": {"uv": [4, 3.5, 7.5, 4], "texture": "#4"},
				"south": {"uv": [10, 9, 12, 9.5], "texture": "#4"},
				"west": {"uv": [6.5, 6, 10, 6.5], "texture": "#4"},
				"up": {"uv": [2, 3.5, 0, 0], "texture": "#4"},
				"down": {"uv": [4, 2, 2, 5.5], "texture": "#4"}
			}
		},
		{
			"name": "hexadecagon",
			"from": [11.70023, 9.69475, 7.4],
			"to": [12.20023, 13.39475, 14.6],
			"rotation": {"angle": 45, "axis": "z", "origin": [12.18233, 10.1428, 11.00051]},
			"faces": {
				"north": {"uv": [9, 6.5, 9.5, 8.5], "texture": "#4"},
				"east": {"uv": [2, 0, 5.5, 2], "texture": "#4"},
				"south": {"uv": [0.5, 10.5, 1, 12.5], "texture": "#4"},
				"west": {"uv": [4, 4, 7.5, 6], "texture": "#4"},
				"up": {"uv": [1.5, 10.5, 1, 7], "texture": "#4"},
				"down": {"uv": [2, 7, 1.5, 10.5], "texture": "#4"}
			}
		},
		{
			"name": "hexadecagon",
			"from": [10.8906, 1, 10.45],
			"to": [11.1094, 2, 11.55],
			"rotation": {"angle": -45, "axis": "y", "origin": [11, 1.5, 11]},
			"faces": {
				"north": {"uv": [14.5, 14.5, 15, 15], "texture": "#4"},
				"east": {"uv": [14.5, 0, 15, 0.5], "texture": "#4"},
				"south": {"uv": [14.5, 0.5, 15, 1], "texture": "#4"},
				"west": {"uv": [14.5, 1, 15, 1.5], "texture": "#4"},
				"up": {"uv": [15, 2, 14.5, 1.5], "texture": "#4"},
				"down": {"uv": [15, 2, 14.5, 2.5], "texture": "#4"}
			}
		},
		{
			"name": "hexadecagon",
			"from": [10.8906, 1, 10.45],
			"to": [11.1094, 2, 11.55],
			"rotation": {"angle": -22.5, "axis": "y", "origin": [11, 1.5, 11]},
			"faces": {
				"north": {"uv": [14.5, 2.5, 15, 3], "texture": "#4"},
				"east": {"uv": [14.5, 3, 15, 3.5], "texture": "#4"},
				"south": {"uv": [14.5, 3.5, 15, 4], "texture": "#4"},
				"west": {"uv": [14.5, 4, 15, 4.5], "texture": "#4"},
				"up": {"uv": [15, 5, 14.5, 4.5], "texture": "#4"},
				"down": {"uv": [15, 5, 14.5, 5.5], "texture": "#4"}
			}
		},
		{
			"name": "hexadecagon",
			"from": [10.8906, 1, 10.45],
			"to": [11.1094, 2, 11.55],
			"rotation": {"angle": 0, "axis": "y", "origin": [11, 1.5, 11]},
			"faces": {
				"north": {"uv": [14.5, 5.5, 15, 6], "texture": "#4"},
				"east": {"uv": [14.5, 6, 15, 6.5], "texture": "#4"},
				"south": {"uv": [14.5, 6.5, 15, 7], "texture": "#4"},
				"west": {"uv": [14.5, 7, 15, 7.5], "texture": "#4"},
				"up": {"uv": [15, 8, 14.5, 7.5], "texture": "#4"},
				"down": {"uv": [15, 8, 14.5, 8.5], "texture": "#4"}
			}
		},
		{
			"name": "hexadecagon",
			"from": [10.8906, 1, 10.45],
			"to": [11.1094, 2, 11.55],
			"rotation": {"angle": 22.5, "axis": "y", "origin": [11, 1.5, 11]},
			"faces": {
				"north": {"uv": [14.5, 8.5, 15, 9], "texture": "#4"},
				"east": {"uv": [14.5, 9, 15, 9.5], "texture": "#4"},
				"south": {"uv": [14.5, 9.5, 15, 10], "texture": "#4"},
				"west": {"uv": [14.5, 10, 15, 10.5], "texture": "#4"},
				"up": {"uv": [15, 11, 14.5, 10.5], "texture": "#4"},
				"down": {"uv": [15, 11, 14.5, 11.5], "texture": "#4"}
			}
		},
		{
			"name": "hexadecagon",
			"from": [10.8906, 1, 10.45],
			"to": [11.1094, 2, 11.55],
			"rotation": {"angle": 45, "axis": "y", "origin": [11, 1.5, 11]},
			"faces": {
				"north": {"uv": [14.5, 11.5, 15, 12], "texture": "#4"},
				"east": {"uv": [14.5, 12, 15, 12.5], "texture": "#4"},
				"south": {"uv": [14.5, 12.5, 15, 13], "texture": "#4"},
				"west": {"uv": [14.5, 13, 15, 13.5], "texture": "#4"},
				"up": {"uv": [15, 14, 14.5, 13.5], "texture": "#4"},
				"down": {"uv": [15, 14, 14.5, 14.5], "texture": "#4"}
			}
		},
		{
			"name": "hexadecagon",
			"from": [10.45, 1, 10.8906],
			"to": [11.55, 2, 11.1094],
			"rotation": {"angle": -22.5, "axis": "y", "origin": [11, 1.5, 11]},
			"faces": {
				"north": {"uv": [0, 15, 0.5, 15.5], "texture": "#4"},
				"east": {"uv": [0.5, 15, 1, 15.5], "texture": "#4"},
				"south": {"uv": [1, 15, 1.5, 15.5], "texture": "#4"},
				"west": {"uv": [1.5, 15, 2, 15.5], "texture": "#4"},
				"up": {"uv": [2.5, 15.5, 2, 15], "texture": "#4"},
				"down": {"uv": [3, 15, 2.5, 15.5], "texture": "#4"}
			}
		},
		{
			"name": "hexadecagon",
			"from": [10.45, 1, 10.8906],
			"to": [11.55, 2, 11.1094],
			"rotation": {"angle": 0, "axis": "y", "origin": [11, 1.5, 11]},
			"faces": {
				"north": {"uv": [3, 15, 3.5, 15.5], "texture": "#4"},
				"east": {"uv": [3.5, 15, 4, 15.5], "texture": "#4"},
				"south": {"uv": [4, 15, 4.5, 15.5], "texture": "#4"},
				"west": {"uv": [4.5, 15, 5, 15.5], "texture": "#4"},
				"up": {"uv": [5.5, 15.5, 5, 15], "texture": "#4"},
				"down": {"uv": [6, 15, 5.5, 15.5], "texture": "#4"}
			}
		},
		{
			"name": "hexadecagon",
			"from": [10.45, 1, 10.8906],
			"to": [11.55, 2, 11.1094],
			"rotation": {"angle": 22.5, "axis": "y", "origin": [11, 1.5, 11]},
			"faces": {
				"north": {"uv": [6, 15, 6.5, 15.5], "texture": "#4"},
				"east": {"uv": [6.5, 15, 7, 15.5], "texture": "#4"},
				"south": {"uv": [7, 15, 7.5, 15.5], "texture": "#4"},
				"west": {"uv": [7.5, 15, 8, 15.5], "texture": "#4"},
				"up": {"uv": [8.5, 15.5, 8, 15], "texture": "#4"},
				"down": {"uv": [9, 15, 8.5, 15.5], "texture": "#4"}
			}
		}
	],
	"display": {
		"thirdperson_righthand": {
			"translation": [-4, 7.5, -2.75],
			"scale": [1.2, 1.2, 1.2]
		},
		"thirdperson_lefthand": {
			"translation": [2.5, 5.5, -2]
		},
		"firstperson_righthand": {
			"translation": [-5.25, 3.75, 0]
		},
		"firstperson_lefthand": {
			"translation": [0, 4.25, 0]
		},
		"ground": {
			"translation": [-2.25, 2, -3.75]
		},
		"gui": {
			"rotation": [-90, 135, 90],
			"translation": [-2.5, 2.5, 0],
			"scale": [1.2, 1.2, 1.2]
		},
		"fixed": {
			"rotation": [-90, 45, 90],
			"translation": [-2.5, -1.5, 2],
			"scale": [1.2, 1.2, 1.2]
		}
	}
}