{
	"textures": {
		"1": "block/cyan_wool"
	},
	"elements": [
		{
			"from": [7.5, 5.5, 7.5],
			"to": [8.5, 11.5, 8.5],
			"faces": {
				"north": {"uv": [1, 6, 0, 0], "texture": "#1"},
				"east": {"uv": [1, 6, 0, 0], "texture": "#1"},
				"south": {"uv": [1, 6, 0, 0], "texture": "#1"},
				"west": {"uv": [1, 6, 0, 0], "texture": "#1"},
				"up": {"uv": [0, 0, 1, 1], "texture": "#1"},
				"down": {"uv": [0, 0, 1, 1], "texture": "#1"}
			}
		},
		{
			"from": [7.5, 4.5, 7.5],
			"to": [8.5, 8.5, 8.5],
			"rotation": {"angle": 45, "axis": "z", "origin": [8, 5, 8]},
			"faces": {
				"north": {"uv": [1, 4, 0, 0], "texture": "#1"},
				"east": {"uv": [1, 4, 0, 0], "texture": "#1"},
				"south": {"uv": [1, 4, 0, 0], "texture": "#1"},
				"west": {"uv": [1, 4, 0, 0], "texture": "#1"},
				"up": {"uv": [0, 0, 1, 1], "texture": "#1"},
				"down": {"uv": [0, 0, 1, 1], "texture": "#1"}
			}
		},
		{
			"from": [7.5, 4.5, 7.5],
			"to": [8.5, 8.5, 8.5],
			"rotation": {"angle": -45, "axis": "z", "origin": [8, 5, 8]},
			"faces": {
				"north": {"uv": [1, 4, 0, 0], "texture": "#1"},
				"east": {"uv": [1, 4, 0, 0], "texture": "#1"},
				"south": {"uv": [1, 4, 0, 0], "texture": "#1"},
				"west": {"uv": [1, 4, 0, 0], "texture": "#1"},
				"up": {"uv": [0, 0, 1, 1], "texture": "#1"},
				"down": {"uv": [0, 0, 1, 1], "texture": "#1"}
			}
		}
	],
	"display": {
		"gui": {
			"scale": [2, 2, 2]
		}
	}
}