{
	"textures": {
		"0": "block/gray_concrete",
		"1": "block/black_concrete",
		"2": "block/iron_block",
		"3": "block/gold_block",
		"particle": "block/gray_concrete"
	},
	"elements": [
		{
			"name": "hexadecagon",
			"from": [7.89998, 4.02135, 7.50056],
			"to": [8.0989, 7.02135, 8.50056],
			"rotation": {"angle": -45, "axis": "y", "origin": [8, 7, 8]},
			"faces": {
				"north": {"uv": [2, 7, 2.5, 10], "texture": "#1"},
				"east": {"uv": [2.5, 7, 3, 10], "texture": "#1"},
				"south": {"uv": [3, 7, 3.5, 10], "texture": "#1"},
				"west": {"uv": [7.5, 7.5, 8, 10.5], "texture": "#1"},
				"up": {"uv": [4, 6, 3.5, 5.5], "texture": "#1"},
				"down": {"uv": [8.5, 7.5, 8, 8], "texture": "#1"}
			}
		},
		{
			"name": "hexadecagon",
			"from": [7.89981, 4.02135, 7.5003],
			"to": [8.09873, 7.02135, 8.5003],
			"rotation": {"angle": -22.5, "axis": "y", "origin": [8, 7, 8]},
			"faces": {
				"north": {"uv": [7.5, 2, 8, 5], "texture": "#1"},
				"east": {"uv": [8, 8, 8.5, 11], "texture": "#1"},
				"south": {"uv": [8, 2, 8.5, 5], "texture": "#1"},
				"west": {"uv": [8.5, 8.5, 9, 11.5], "texture": "#1"},
				"up": {"uv": [9, 8, 8.5, 7.5], "texture": "#1"},
				"down": {"uv": [9, 8, 8.5, 8.5], "texture": "#1"}
			}
		},
		{
			"name": "hexadecagon",
			"from": [7.89975, 4.02135, 7.5],
			"to": [8.09867, 7.02135, 8.5],
			"rotation": {"angle": 0, "axis": "y", "origin": [8, 7, 8]},
			"faces": {
				"north": {"uv": [8.5, 2, 9, 5], "texture": "#1"},
				"east": {"uv": [9, 9, 9.5, 12], "texture": "#1"},
				"south": {"uv": [9, 0, 9.5, 3], "texture": "#1"},
				"west": {"uv": [9, 3, 9.5, 6], "texture": "#1"},
				"up": {"uv": [9.5, 9, 9, 8.5], "texture": "#1"},
				"down": {"uv": [10.5, 9.5, 10, 10], "texture": "#1"}
			}
		},
		{
			"name": "hexadecagon",
			"from": [7.89981, 4.02135, 7.4997],
			"to": [8.09873, 7.02135, 8.4997],
			"rotation": {"angle": 22.5, "axis": "y", "origin": [8, 7, 8]},
			"faces": {
				"north": {"uv": [3.5, 9.5, 4, 12.5], "texture": "#1"},
				"east": {"uv": [4, 9.5, 4.5, 12.5], "texture": "#1"},
				"south": {"uv": [4.5, 9.5, 5, 12.5], "texture": "#1"},
				"west": {"uv": [5, 9.5, 5.5, 12.5], "texture": "#1"},
				"up": {"uv": [1.5, 11, 1, 10.5], "texture": "#1"},
				"down": {"uv": [2, 10.5, 1.5, 11], "texture": "#1"}
			}
		},
		{
			"name": "hexadecagon",
			"from": [7.89998, 4.02135, 7.49944],
			"to": [8.0989, 7.02135, 8.49944],
			"rotation": {"angle": 45, "axis": "y", "origin": [8, 6, 8]},
			"faces": {
				"north": {"uv": [5.5, 9.5, 6, 12.5], "texture": "#1"},
				"east": {"uv": [6, 9.5, 6.5, 12.5], "texture": "#1"},
				"south": {"uv": [9.5, 9.5, 10, 12.5], "texture": "#1"},
				"west": {"uv": [9.5, 0, 10, 3], "texture": "#1"},
				"up": {"uv": [8, 11, 7.5, 10.5], "texture": "#1"},
				"down": {"uv": [11, 10.5, 10.5, 11], "texture": "#1"}
			}
		},
		{
			"name": "hexadecagon",
			"from": [7.49927, 4.02135, 7.90084],
			"to": [8.49927, 7.02135, 8.09976],
			"rotation": {"angle": -22.5, "axis": "y", "origin": [8, 7, 8]},
			"faces": {
				"north": {"uv": [9.5, 3, 10, 6], "texture": "#1"},
				"east": {"uv": [9.5, 6.5, 10, 9.5], "texture": "#1"},
				"south": {"uv": [2, 10, 2.5, 13], "texture": "#1"},
				"west": {"uv": [2.5, 10, 3, 13], "texture": "#1"},
				"up": {"uv": [11, 0.5, 10.5, 0], "texture": "#1"},
				"down": {"uv": [11, 0.5, 10.5, 1], "texture": "#1"}
			}
		},
		{
			"name": "hexadecagon",
			"from": [7.49921, 4.02135, 7.90054],
			"to": [8.49921, 7.02135, 8.09946],
			"rotation": {"angle": 0, "axis": "y", "origin": [8, 7, 8]},
			"faces": {
				"north": {"uv": [3, 10, 3.5, 13], "texture": "#1"},
				"east": {"uv": [6.5, 10, 7, 13], "texture": "#1"},
				"south": {"uv": [7, 10, 7.5, 13], "texture": "#1"},
				"west": {"uv": [10, 10, 10.5, 13], "texture": "#1"},
				"up": {"uv": [11, 1.5, 10.5, 1], "texture": "#1"},
				"down": {"uv": [11, 1.5, 10.5, 2], "texture": "#1"}
			}
		},
		{
			"name": "hexadecagon",
			"from": [7.49927, 4.02135, 7.90024],
			"to": [8.49927, 7.02135, 8.09916],
			"rotation": {"angle": 22.5, "axis": "y", "origin": [8, 7, 8]},
			"faces": {
				"north": {"uv": [10, 0, 10.5, 3], "texture": "#1"},
				"east": {"uv": [10, 3, 10.5, 6], "texture": "#1"},
				"south": {"uv": [10, 6, 10.5, 9], "texture": "#1"},
				"west": {"uv": [0, 10.5, 0.5, 13.5], "texture": "#1"},
				"up": {"uv": [11, 2.5, 10.5, 2], "texture": "#1"},
				"down": {"uv": [11, 2.5, 10.5, 3], "texture": "#1"}
			}
		},
		{
			"name": "hexadecagon",
			"from": [7.89501, 4.42135, 7.47556],
			"to": [8.10387, 4.82135, 8.52556],
			"rotation": {"angle": -45, "axis": "y", "origin": [8, 7, 8]},
			"faces": {
				"north": {"uv": [10.5, 3, 11, 3.5], "texture": "#3"},
				"east": {"uv": [10.5, 3.5, 11, 4], "texture": "#3"},
				"south": {"uv": [10.5, 4, 11, 4.5], "texture": "#3"},
				"west": {"uv": [10.5, 4.5, 11, 5], "texture": "#3"},
				"up": {"uv": [11, 5.5, 10.5, 5], "texture": "#3"},
				"down": {"uv": [11, 5.5, 10.5, 6], "texture": "#3"}
			}
		},
		{
			"name": "hexadecagon",
			"from": [7.89484, 4.42135, 7.4753],
			"to": [8.1037, 4.82135, 8.5253],
			"rotation": {"angle": -22.5, "axis": "y", "origin": [8, 7, 8]},
			"faces": {
				"north": {"uv": [10.5, 6, 11, 6.5], "texture": "#3"},
				"east": {"uv": [10.5, 6.5, 11, 7], "texture": "#3"},
				"south": {"uv": [10.5, 7, 11, 7.5], "texture": "#3"},
				"west": {"uv": [10.5, 7.5, 11, 8], "texture": "#3"},
				"up": {"uv": [11, 8.5, 10.5, 8], "texture": "#3"},
				"down": {"uv": [11, 8.5, 10.5, 9], "texture": "#3"}
			}
		},
		{
			"name": "hexadecagon",
			"from": [7.89478, 4.42135, 7.475],
			"to": [8.10364, 4.82135, 8.525],
			"rotation": {"angle": 0, "axis": "y", "origin": [8, 7, 8]},
			"faces": {
				"north": {"uv": [10.5, 9.5, 11, 10], "texture": "#3"},
				"east": {"uv": [10.5, 10, 11, 10.5], "texture": "#3"},
				"south": {"uv": [1, 11, 1.5, 11.5], "texture": "#3"},
				"west": {"uv": [1.5, 11, 2, 11.5], "texture": "#3"},
				"up": {"uv": [8, 11.5, 7.5, 11], "texture": "#3"},
				"down": {"uv": [8.5, 11, 8, 11.5], "texture": "#3"}
			}
		},
		{
			"name": "hexadecagon",
			"from": [7.89484, 4.42135, 7.4747],
			"to": [8.1037, 4.82135, 8.5247],
			"rotation": {"angle": 22.5, "axis": "y", "origin": [8, 7, 8]},
			"faces": {
				"north": {"uv": [10.5, 11, 11, 11.5], "texture": "#3"},
				"east": {"uv": [11, 11, 11.5, 11.5], "texture": "#3"},
				"south": {"uv": [11, 0, 11.5, 0.5], "texture": "#3"},
				"west": {"uv": [11, 0.5, 11.5, 1], "texture": "#3"},
				"up": {"uv": [11.5, 1.5, 11, 1], "texture": "#3"},
				"down": {"uv": [11.5, 1.5, 11, 2], "texture": "#3"}
			}
		},
		{
			"name": "hexadecagon",
			"from": [7.89501, 4.42135, 7.47444],
			"to": [8.10387, 4.82135, 8.52444],
			"rotation": {"angle": 45, "axis": "y", "origin": [8, 7, 8]},
			"faces": {
				"north": {"uv": [11, 2, 11.5, 2.5], "texture": "#3"},
				"east": {"uv": [11, 2.5, 11.5, 3], "texture": "#3"},
				"south": {"uv": [11, 3, 11.5, 3.5], "texture": "#3"},
				"west": {"uv": [11, 3.5, 11.5, 4], "texture": "#3"},
				"up": {"uv": [11.5, 4.5, 11, 4], "texture": "#3"},
				"down": {"uv": [11.5, 4.5, 11, 5], "texture": "#3"}
			}
		},
		{
			"name": "hexadecagon",
			"from": [7.47427, 4.42135, 7.89587],
			"to": [8.52427, 4.82135, 8.10473],
			"rotation": {"angle": -22.5, "axis": "y", "origin": [8, 7, 8]},
			"faces": {
				"north": {"uv": [11, 5, 11.5, 5.5], "texture": "#3"},
				"east": {"uv": [11, 5.5, 11.5, 6], "texture": "#3"},
				"south": {"uv": [11, 6, 11.5, 6.5], "texture": "#3"},
				"west": {"uv": [11, 6.5, 11.5, 7], "texture": "#3"},
				"up": {"uv": [11.5, 7.5, 11, 7], "texture": "#3"},
				"down": {"uv": [11.5, 7.5, 11, 8], "texture": "#3"}
			}
		},
		{
			"name": "hexadecagon",
			"from": [7.47421, 4.42135, 7.89557],
			"to": [8.52421, 4.82135, 8.10443],
			"rotation": {"angle": 0, "axis": "y", "origin": [8, 7, 8]},
			"faces": {
				"north": {"uv": [11, 8, 11.5, 8.5], "texture": "#3"},
				"east": {"uv": [11, 8.5, 11.5, 9], "texture": "#3"},
				"south": {"uv": [11, 9.5, 11.5, 10], "texture": "#3"},
				"west": {"uv": [11, 10, 11.5, 10.5], "texture": "#3"},
				"up": {"uv": [11.5, 11, 11, 10.5], "texture": "#3"},
				"down": {"uv": [1.5, 11.5, 1, 12], "texture": "#3"}
			}
		},
		{
			"name": "hexadecagon",
			"from": [7.47427, 4.42135, 7.89527],
			"to": [8.52427, 4.82135, 8.10413],
			"rotation": {"angle": 22.5, "axis": "y", "origin": [8, 7, 8]},
			"faces": {
				"north": {"uv": [1.5, 11.5, 2, 12], "texture": "#3"},
				"east": {"uv": [7.5, 11.5, 8, 12], "texture": "#3"},
				"south": {"uv": [8, 11.5, 8.5, 12], "texture": "#3"},
				"west": {"uv": [8.5, 11.5, 9, 12], "texture": "#3"},
				"up": {"uv": [11, 12, 10.5, 11.5], "texture": "#3"},
				"down": {"uv": [11.5, 11.5, 11, 12], "texture": "#3"}
			}
		},
		{
			"name": "hexadecagon",
			"from": [7.89501, 5.32135, 7.47556],
			"to": [8.10387, 5.72135, 8.52556],
			"rotation": {"angle": -45, "axis": "y", "origin": [8, 7, 8]},
			"faces": {
				"north": {"uv": [11.5, 11.5, 12, 12], "texture": "#3"},
				"east": {"uv": [11.5, 0, 12, 0.5], "texture": "#3"},
				"south": {"uv": [11.5, 0.5, 12, 1], "texture": "#3"},
				"west": {"uv": [11.5, 1, 12, 1.5], "texture": "#3"},
				"up": {"uv": [12, 2, 11.5, 1.5], "texture": "#3"},
				"down": {"uv": [12, 2, 11.5, 2.5], "texture": "#3"}
			}
		},
		{
			"name": "hexadecagon",
			"from": [7.89484, 5.32135, 7.4753],
			"to": [8.1037, 5.72135, 8.5253],
			"rotation": {"angle": -22.5, "axis": "y", "origin": [8, 7, 8]},
			"faces": {
				"north": {"uv": [11.5, 2.5, 12, 3], "texture": "#3"},
				"east": {"uv": [11.5, 3, 12, 3.5], "texture": "#3"},
				"south": {"uv": [11.5, 3.5, 12, 4], "texture": "#3"},
				"west": {"uv": [11.5, 4, 12, 4.5], "texture": "#3"},
				"up": {"uv": [12, 5, 11.5, 4.5], "texture": "#3"},
				"down": {"uv": [12, 5, 11.5, 5.5], "texture": "#3"}
			}
		},
		{
			"name": "hexadecagon",
			"from": [7.89478, 5.32135, 7.475],
			"to": [8.10364, 5.72135, 8.525],
			"rotation": {"angle": 0, "axis": "y", "origin": [8, 7, 8]},
			"faces": {
				"north": {"uv": [11.5, 5.5, 12, 6], "texture": "#3"},
				"east": {"uv": [11.5, 6, 12, 6.5], "texture": "#3"},
				"south": {"uv": [11.5, 6.5, 12, 7], "texture": "#3"},
				"west": {"uv": [11.5, 7, 12, 7.5], "texture": "#3"},
				"up": {"uv": [12, 8, 11.5, 7.5], "texture": "#3"},
				"down": {"uv": [12, 8, 11.5, 8.5], "texture": "#3"}
			}
		},
		{
			"name": "hexadecagon",
			"from": [7.89484, 5.32135, 7.4747],
			"to": [8.1037, 5.72135, 8.5247],
			"rotation": {"angle": 22.5, "axis": "y", "origin": [8, 7, 8]},
			"faces": {
				"north": {"uv": [11.5, 8.5, 12, 9], "texture": "#3"},
				"east": {"uv": [11.5, 9.5, 12, 10], "texture": "#3"},
				"south": {"uv": [11.5, 10, 12, 10.5], "texture": "#3"},
				"west": {"uv": [11.5, 10.5, 12, 11], "texture": "#3"},
				"up": {"uv": [12, 11.5, 11.5, 11], "texture": "#3"},
				"down": {"uv": [1.5, 12, 1, 12.5], "texture": "#3"}
			}
		},
		{
			"name": "hexadecagon",
			"from": [7.89501, 5.32135, 7.47444],
			"to": [8.10387, 5.72135, 8.52444],
			"rotation": {"angle": 45, "axis": "y", "origin": [8, 7, 8]},
			"faces": {
				"north": {"uv": [1.5, 12, 2, 12.5], "texture": "#3"},
				"east": {"uv": [7.5, 12, 8, 12.5], "texture": "#3"},
				"south": {"uv": [8, 12, 8.5, 12.5], "texture": "#3"},
				"west": {"uv": [8.5, 12, 9, 12.5], "texture": "#3"},
				"up": {"uv": [9.5, 12.5, 9, 12], "texture": "#3"},
				"down": {"uv": [11, 12, 10.5, 12.5], "texture": "#3"}
			}
		},
		{
			"name": "hexadecagon",
			"from": [7.47427, 5.32135, 7.89587],
			"to": [8.52427, 5.72135, 8.10473],
			"rotation": {"angle": -22.5, "axis": "y", "origin": [8, 7, 8]},
			"faces": {
				"north": {"uv": [11, 12, 11.5, 12.5], "texture": "#3"},
				"east": {"uv": [11.5, 12, 12, 12.5], "texture": "#3"},
				"south": {"uv": [12, 12, 12.5, 12.5], "texture": "#3"},
				"west": {"uv": [12, 0, 12.5, 0.5], "texture": "#3"},
				"up": {"uv": [12.5, 1, 12, 0.5], "texture": "#3"},
				"down": {"uv": [12.5, 1, 12, 1.5], "texture": "#3"}
			}
		},
		{
			"name": "hexadecagon",
			"from": [7.47421, 5.32135, 7.89557],
			"to": [8.52421, 5.72135, 8.10443],
			"rotation": {"angle": 0, "axis": "y", "origin": [8, 7, 8]},
			"faces": {
				"north": {"uv": [12, 1.5, 12.5, 2], "texture": "#3"},
				"east": {"uv": [12, 2, 12.5, 2.5], "texture": "#3"},
				"south": {"uv": [12, 2.5, 12.5, 3], "texture": "#3"},
				"west": {"uv": [12, 3, 12.5, 3.5], "texture": "#3"},
				"up": {"uv": [12.5, 4, 12, 3.5], "texture": "#3"},
				"down": {"uv": [12.5, 4, 12, 4.5], "texture": "#3"}
			}
		},
		{
			"name": "hexadecagon",
			"from": [7.47427, 5.32135, 7.89527],
			"to": [8.52427, 5.72135, 8.10413],
			"rotation": {"angle": 22.5, "axis": "y", "origin": [8, 7, 8]},
			"faces": {
				"north": {"uv": [12, 4.5, 12.5, 5], "texture": "#3"},
				"east": {"uv": [12, 5, 12.5, 5.5], "texture": "#3"},
				"south": {"uv": [12, 5.5, 12.5, 6], "texture": "#3"},
				"west": {"uv": [12, 6, 12.5, 6.5], "texture": "#3"},
				"up": {"uv": [12.5, 7, 12, 6.5], "texture": "#3"},
				"down": {"uv": [12.5, 7, 12, 7.5], "texture": "#3"}
			}
		},
		{
			"name": "hexadecagon",
			"from": [7.89501, 6.22135, 7.47556],
			"to": [8.10387, 6.62135, 8.52556],
			"rotation": {"angle": -45, "axis": "y", "origin": [8, 7, 8]},
			"faces": {
				"north": {"uv": [12, 7.5, 12.5, 8], "texture": "#3"},
				"east": {"uv": [12, 8, 12.5, 8.5], "texture": "#3"},
				"south": {"uv": [12, 8.5, 12.5, 9], "texture": "#3"},
				"west": {"uv": [12, 9, 12.5, 9.5], "texture": "#3"},
				"up": {"uv": [12.5, 10, 12, 9.5], "texture": "#3"},
				"down": {"uv": [12.5, 10, 12, 10.5], "texture": "#3"}
			}
		},
		{
			"name": "hexadecagon",
			"from": [7.89484, 6.22135, 7.4753],
			"to": [8.1037, 6.62135, 8.5253],
			"rotation": {"angle": -22.5, "axis": "y", "origin": [8, 7, 8]},
			"faces": {
				"north": {"uv": [12, 10.5, 12.5, 11], "texture": "#3"},
				"east": {"uv": [12, 11, 12.5, 11.5], "texture": "#3"},
				"south": {"uv": [12, 11.5, 12.5, 12], "texture": "#3"},
				"west": {"uv": [0.5, 12.5, 1, 13], "texture": "#3"},
				"up": {"uv": [1.5, 13, 1, 12.5], "texture": "#3"},
				"down": {"uv": [2, 12.5, 1.5, 13], "texture": "#3"}
			}
		},
		{
			"name": "hexadecagon",
			"from": [7.89478, 6.22135, 7.475],
			"to": [8.10364, 6.62135, 8.525],
			"rotation": {"angle": 0, "axis": "y", "origin": [8, 7, 8]},
			"faces": {
				"north": {"uv": [3.5, 12.5, 4, 13], "texture": "#3"},
				"east": {"uv": [4, 12.5, 4.5, 13], "texture": "#3"},
				"south": {"uv": [4.5, 12.5, 5, 13], "texture": "#3"},
				"west": {"uv": [5, 12.5, 5.5, 13], "texture": "#3"},
				"up": {"uv": [6, 13, 5.5, 12.5], "texture": "#3"},
				"down": {"uv": [6.5, 12.5, 6, 13], "texture": "#3"}
			}
		},
		{
			"name": "hexadecagon",
			"from": [7.89484, 6.22135, 7.4747],
			"to": [8.1037, 6.62135, 8.5247],
			"rotation": {"angle": 22.5, "axis": "y", "origin": [8, 7, 8]},
			"faces": {
				"north": {"uv": [7.5, 12.5, 8, 13], "texture": "#3"},
				"east": {"uv": [8, 12.5, 8.5, 13], "texture": "#3"},
				"south": {"uv": [8.5, 12.5, 9, 13], "texture": "#3"},
				"west": {"uv": [9, 12.5, 9.5, 13], "texture": "#3"},
				"up": {"uv": [10, 13, 9.5, 12.5], "texture": "#3"},
				"down": {"uv": [11, 12.5, 10.5, 13], "texture": "#3"}
			}
		},
		{
			"name": "hexadecagon",
			"from": [7.89501, 6.22135, 7.47444],
			"to": [8.10387, 6.62135, 8.52444],
			"rotation": {"angle": 45, "axis": "y", "origin": [8, 7, 8]},
			"faces": {
				"north": {"uv": [11, 12.5, 11.5, 13], "texture": "#3"},
				"east": {"uv": [11.5, 12.5, 12, 13], "texture": "#3"},
				"south": {"uv": [12, 12.5, 12.5, 13], "texture": "#3"},
				"west": {"uv": [12.5, 12.5, 13, 13], "texture": "#3"},
				"up": {"uv": [13, 0.5, 12.5, 0], "texture": "#3"},
				"down": {"uv": [13, 0.5, 12.5, 1], "texture": "#3"}
			}
		},
		{
			"name": "hexadecagon",
			"from": [7.47427, 6.22135, 7.89587],
			"to": [8.52427, 6.62135, 8.10473],
			"rotation": {"angle": -22.5, "axis": "y", "origin": [8, 7, 8]},
			"faces": {
				"north": {"uv": [12.5, 1, 13, 1.5], "texture": "#3"},
				"east": {"uv": [12.5, 1.5, 13, 2], "texture": "#3"},
				"south": {"uv": [12.5, 2, 13, 2.5], "texture": "#3"},
				"west": {"uv": [12.5, 2.5, 13, 3], "texture": "#3"},
				"up": {"uv": [13, 3.5, 12.5, 3], "texture": "#3"},
				"down": {"uv": [13, 3.5, 12.5, 4], "texture": "#3"}
			}
		},
		{
			"name": "hexadecagon",
			"from": [7.47421, 6.22135, 7.89557],
			"to": [8.52421, 6.62135, 8.10443],
			"rotation": {"angle": 0, "axis": "y", "origin": [8, 7, 8]},
			"faces": {
				"north": {"uv": [12.5, 4, 13, 4.5], "texture": "#3"},
				"east": {"uv": [12.5, 4.5, 13, 5], "texture": "#3"},
				"south": {"uv": [12.5, 5, 13, 5.5], "texture": "#3"},
				"west": {"uv": [12.5, 5.5, 13, 6], "texture": "#3"},
				"up": {"uv": [13, 6.5, 12.5, 6], "texture": "#3"},
				"down": {"uv": [13, 6.5, 12.5, 7], "texture": "#3"}
			}
		},
		{
			"name": "hexadecagon",
			"from": [7.47427, 6.22135, 7.89527],
			"to": [8.52427, 6.62135, 8.10413],
			"rotation": {"angle": 22.5, "axis": "y", "origin": [8, 7, 8]},
			"faces": {
				"north": {"uv": [12.5, 7, 13, 7.5], "texture": "#3"},
				"east": {"uv": [12.5, 7.5, 13, 8], "texture": "#3"},
				"south": {"uv": [12.5, 8, 13, 8.5], "texture": "#3"},
				"west": {"uv": [12.5, 8.5, 13, 9], "texture": "#3"},
				"up": {"uv": [13, 9.5, 12.5, 9], "texture": "#3"},
				"down": {"uv": [13, 9.5, 12.5, 10], "texture": "#3"}
			}
		},
		{
			"name": "hexadecagon",
			"from": [7.88009, 3.02135, 7.40056],
			"to": [8.11879, 4.02135, 8.60056],
			"rotation": {"angle": -45, "axis": "y", "origin": [8, 0.5, 8]},
			"faces": {
				"north": {"uv": [14, 4.5, 14.5, 5], "texture": "#0"},
				"east": {"uv": [14, 5, 14.5, 5.5], "texture": "#0"},
				"south": {"uv": [14, 5.5, 14.5, 6], "texture": "#0"},
				"west": {"uv": [14, 6, 14.5, 6.5], "texture": "#0"},
				"up": {"uv": [14.5, 7, 14, 6.5], "texture": "#0"},
				"down": {"uv": [14.5, 7, 14, 7.5], "texture": "#0"}
			}
		},
		{
			"name": "hexadecagon",
			"from": [7.87986, 3.02135, 7.4],
			"to": [8.11856, 4.02135, 8.6],
			"rotation": {"angle": 0, "axis": "y", "origin": [8, 0.5, 8]},
			"faces": {
				"north": {"uv": [11.5, 14.5, 12, 15], "texture": "#0"},
				"east": {"uv": [12, 14.5, 12.5, 15], "texture": "#0"},
				"south": {"uv": [12.5, 14.5, 13, 15], "texture": "#0"},
				"west": {"uv": [13, 14.5, 13.5, 15], "texture": "#0"},
				"up": {"uv": [14, 15, 13.5, 14.5], "texture": "#0"},
				"down": {"uv": [14.5, 14.5, 14, 15], "texture": "#0"}
			}
		},
		{
			"name": "hexadecagon",
			"from": [7.39921, 3.02135, 7.88065],
			"to": [8.59921, 4.02135, 8.11935],
			"rotation": {"angle": 0, "axis": "y", "origin": [8, 0.5, 8]},
			"faces": {
				"north": {"uv": [5.5, 14.5, 6, 15], "texture": "#0"},
				"east": {"uv": [6, 14.5, 6.5, 15], "texture": "#0"},
				"south": {"uv": [6.5, 14.5, 7, 15], "texture": "#0"},
				"west": {"uv": [7, 14.5, 7.5, 15], "texture": "#0"},
				"up": {"uv": [8, 15, 7.5, 14.5], "texture": "#0"},
				"down": {"uv": [8.5, 14.5, 8, 15], "texture": "#0"}
			}
		},
		{
			"name": "hexadecagon",
			"from": [7.39927, 3.02135, 7.88035],
			"to": [8.59927, 4.02135, 8.11905],
			"rotation": {"angle": 22.5, "axis": "y", "origin": [8, 0.5, 8]},
			"faces": {
				"north": {"uv": [8.5, 14.5, 9, 15], "texture": "#0"},
				"east": {"uv": [9, 14.5, 9.5, 15], "texture": "#0"},
				"south": {"uv": [9.5, 14.5, 10, 15], "texture": "#0"},
				"west": {"uv": [10, 14.5, 10.5, 15], "texture": "#0"},
				"up": {"uv": [11, 15, 10.5, 14.5], "texture": "#0"},
				"down": {"uv": [11.5, 14.5, 11, 15], "texture": "#0"}
			}
		},
		{
			"name": "hexadecagon",
			"from": [7.87992, 3.02135, 7.3997],
			"to": [8.11862, 4.02135, 8.5997],
			"rotation": {"angle": 22.5, "axis": "y", "origin": [8, 0.5, 8]},
			"faces": {
				"north": {"uv": [14, 10.5, 14.5, 11], "texture": "#0"},
				"east": {"uv": [14, 11, 14.5, 11.5], "texture": "#0"},
				"south": {"uv": [14, 11.5, 14.5, 12], "texture": "#0"},
				"west": {"uv": [14, 12, 14.5, 12.5], "texture": "#0"},
				"up": {"uv": [14.5, 13, 14, 12.5], "texture": "#0"},
				"down": {"uv": [14.5, 13, 14, 13.5], "texture": "#0"}
			}
		},
		{
			"name": "hexadecagon",
			"from": [7.87992, 3.02135, 7.4003],
			"to": [8.11862, 4.02135, 8.6003],
			"rotation": {"angle": -22.5, "axis": "y", "origin": [8, 0.5, 8]},
			"faces": {
				"north": {"uv": [14, 7.5, 14.5, 8], "texture": "#0"},
				"east": {"uv": [14, 8, 14.5, 8.5], "texture": "#0"},
				"south": {"uv": [14, 8.5, 14.5, 9], "texture": "#0"},
				"west": {"uv": [14, 9, 14.5, 9.5], "texture": "#0"},
				"up": {"uv": [14.5, 10, 14, 9.5], "texture": "#0"},
				"down": {"uv": [14.5, 10, 14, 10.5], "texture": "#0"}
			}
		},
		{
			"name": "hexadecagon",
			"from": [7.39927, 3.02135, 7.88095],
			"to": [8.59927, 4.02135, 8.11965],
			"rotation": {"angle": -22.5, "axis": "y", "origin": [8, 0.5, 8]},
			"faces": {
				"north": {"uv": [2.5, 14.5, 3, 15], "texture": "#0"},
				"east": {"uv": [3, 14.5, 3.5, 15], "texture": "#0"},
				"south": {"uv": [3.5, 14.5, 4, 15], "texture": "#0"},
				"west": {"uv": [4, 14.5, 4.5, 15], "texture": "#0"},
				"up": {"uv": [5, 15, 4.5, 14.5], "texture": "#0"},
				"down": {"uv": [5.5, 14.5, 5, 15], "texture": "#0"}
			}
		},
		{
			"name": "hexadecagon",
			"from": [7.88009, 3.02135, 7.39944],
			"to": [8.11879, 4.02135, 8.59944],
			"rotation": {"angle": 45, "axis": "y", "origin": [8, 0.5, 8]},
			"faces": {
				"north": {"uv": [14, 13.5, 14.5, 14], "texture": "#0"},
				"east": {"uv": [0, 14.5, 0.5, 15], "texture": "#0"},
				"south": {"uv": [0.5, 14.5, 1, 15], "texture": "#0"},
				"west": {"uv": [1, 14.5, 1.5, 15], "texture": "#0"},
				"up": {"uv": [2, 15, 1.5, 14.5], "texture": "#0"},
				"down": {"uv": [2.5, 14.5, 2, 15], "texture": "#0"}
			}
		},
		{
			"name": "hexadecagon",
			"from": [7.89004, 7.02135, 7.45056],
			"to": [8.10884, 8.02135, 8.55056],
			"rotation": {"angle": -45, "axis": "y", "origin": [8, 12, 8]},
			"faces": {
				"north": {"uv": [14.5, 14.5, 15, 15], "texture": "#0"},
				"east": {"uv": [14.5, 0, 15, 0.5], "texture": "#0"},
				"south": {"uv": [14.5, 0.5, 15, 1], "texture": "#0"},
				"west": {"uv": [14.5, 1, 15, 1.5], "texture": "#0"},
				"up": {"uv": [15, 2, 14.5, 1.5], "texture": "#2"},
				"down": {"uv": [15, 2, 14.5, 2.5], "texture": "#0"}
			}
		},
		{
			"name": "hexadecagon",
			"from": [7.88987, 7.02135, 7.4503],
			"to": [8.10867, 8.02135, 8.5503],
			"rotation": {"angle": -22.5, "axis": "y", "origin": [8, 12, 8]},
			"faces": {
				"north": {"uv": [14.5, 2.5, 15, 3], "texture": "#0"},
				"east": {"uv": [14.5, 3, 15, 3.5], "texture": "#0"},
				"south": {"uv": [14.5, 3.5, 15, 4], "texture": "#0"},
				"west": {"uv": [14.5, 4, 15, 4.5], "texture": "#0"},
				"up": {"uv": [15, 5, 14.5, 4.5], "texture": "#2"},
				"down": {"uv": [15, 5, 14.5, 5.5], "texture": "#0"}
			}
		},
		{
			"name": "hexadecagon",
			"from": [7.88981, 7.02135, 7.45],
			"to": [8.10861, 8.02135, 8.55],
			"rotation": {"angle": 0, "axis": "y", "origin": [8, 12, 8]},
			"faces": {
				"north": {"uv": [14.5, 5.5, 15, 6], "texture": "#0"},
				"east": {"uv": [14.5, 6, 15, 6.5], "texture": "#0"},
				"south": {"uv": [14.5, 6.5, 15, 7], "texture": "#0"},
				"west": {"uv": [14.5, 7, 15, 7.5], "texture": "#0"},
				"up": {"uv": [15, 8, 14.5, 7.5], "texture": "#2"},
				"down": {"uv": [15, 8, 14.5, 8.5], "texture": "#0"}
			}
		},
		{
			"name": "hexadecagon",
			"from": [7.88987, 7.02135, 7.4497],
			"to": [8.10867, 8.02135, 8.5497],
			"rotation": {"angle": 22.5, "axis": "y", "origin": [8, 12, 8]},
			"faces": {
				"north": {"uv": [14.5, 8.5, 15, 9], "texture": "#0"},
				"east": {"uv": [14.5, 9, 15, 9.5], "texture": "#0"},
				"south": {"uv": [14.5, 9.5, 15, 10], "texture": "#0"},
				"west": {"uv": [14.5, 10, 15, 10.5], "texture": "#0"},
				"up": {"uv": [15, 11, 14.5, 10.5], "texture": "#2"},
				"down": {"uv": [15, 11, 14.5, 11.5], "texture": "#0"}
			}
		},
		{
			"name": "hexadecagon",
			"from": [7.89004, 7.02135, 7.44944],
			"to": [8.10884, 8.02135, 8.54944],
			"rotation": {"angle": 45, "axis": "y", "origin": [8, 12, 8]},
			"faces": {
				"north": {"uv": [14.5, 11.5, 15, 12], "texture": "#0"},
				"east": {"uv": [14.5, 12, 15, 12.5], "texture": "#0"},
				"south": {"uv": [14.5, 12.5, 15, 13], "texture": "#0"},
				"west": {"uv": [14.5, 13, 15, 13.5], "texture": "#0"},
				"up": {"uv": [15, 14, 14.5, 13.5], "texture": "#2"},
				"down": {"uv": [15, 14, 14.5, 14.5], "texture": "#0"}
			}
		},
		{
			"name": "hexadecagon",
			"from": [7.44927, 7.02135, 7.8909],
			"to": [8.54927, 8.02135, 8.1097],
			"rotation": {"angle": -22.5, "axis": "y", "origin": [8, 12, 8]},
			"faces": {
				"north": {"uv": [0, 15, 0.5, 15.5], "texture": "#0"},
				"east": {"uv": [0.5, 15, 1, 15.5], "texture": "#0"},
				"south": {"uv": [1, 15, 1.5, 15.5], "texture": "#0"},
				"west": {"uv": [1.5, 15, 2, 15.5], "texture": "#0"},
				"up": {"uv": [2.5, 15.5, 2, 15], "texture": "#2"},
				"down": {"uv": [3, 15, 2.5, 15.5], "texture": "#0"}
			}
		},
		{
			"name": "hexadecagon",
			"from": [7.44921, 7.02135, 7.8906],
			"to": [8.54921, 8.02135, 8.1094],
			"rotation": {"angle": 0, "axis": "y", "origin": [8, 12, 8]},
			"faces": {
				"north": {"uv": [3, 15, 3.5, 15.5], "texture": "#0"},
				"east": {"uv": [3.5, 15, 4, 15.5], "texture": "#0"},
				"south": {"uv": [4, 15, 4.5, 15.5], "texture": "#0"},
				"west": {"uv": [4.5, 15, 5, 15.5], "texture": "#0"},
				"up": {"uv": [5.5, 15.5, 5, 15], "texture": "#2"},
				"down": {"uv": [6, 15, 5.5, 15.5], "texture": "#0"}
			}
		},
		{
			"name": "hexadecagon",
			"from": [7.44927, 7.02135, 7.8903],
			"to": [8.54927, 8.02135, 8.1091],
			"rotation": {"angle": 22.5, "axis": "y", "origin": [8, 12, 8]},
			"faces": {
				"north": {"uv": [6, 15, 6.5, 15.5], "texture": "#0"},
				"east": {"uv": [6.5, 15, 7, 15.5], "texture": "#0"},
				"south": {"uv": [7, 15, 7.5, 15.5], "texture": "#0"},
				"west": {"uv": [7.5, 15, 8, 15.5], "texture": "#0"},
				"up": {"uv": [8.5, 15.5, 8, 15], "texture": "#2"},
				"down": {"uv": [9, 15, 8.5, 15.5], "texture": "#0"}
			}
		},
		{
			"name": "hexadecagon",
			"from": [7.94273, 19.46792, 7.71385],
			"to": [8.05669, 19.68872, 8.28673],
			"rotation": {"angle": -45, "axis": "y", "origin": [8, 22.0608, 8]},
			"faces": {
				"north": {"uv": [14.5, 14.5, 15, 15], "texture": "#3"},
				"east": {"uv": [14.5, 0, 15, 0.5], "texture": "#3"},
				"south": {"uv": [14.5, 0.5, 15, 1], "texture": "#3"},
				"west": {"uv": [14.5, 1, 15, 1.5], "texture": "#3"},
				"up": {"uv": [15, 2, 14.5, 1.5], "texture": "#3"},
				"down": {"uv": [15, 2, 14.5, 2.5], "texture": "#3"}
			}
		},
		{
			"name": "hexadecagon",
			"from": [7.94265, 19.46792, 7.71372],
			"to": [8.0566, 19.68872, 8.2866],
			"rotation": {"angle": -22.5, "axis": "y", "origin": [8, 22.0608, 8]},
			"faces": {
				"north": {"uv": [14.5, 2.5, 15, 3], "texture": "#3"},
				"east": {"uv": [14.5, 3, 15, 3.5], "texture": "#3"},
				"south": {"uv": [14.5, 3.5, 15, 4], "texture": "#3"},
				"west": {"uv": [14.5, 4, 15, 4.5], "texture": "#3"},
				"up": {"uv": [15, 5, 14.5, 4.5], "texture": "#3"},
				"down": {"uv": [15, 5, 14.5, 5.5], "texture": "#3"}
			}
		},
		{
			"name": "hexadecagon",
			"from": [7.94261, 19.46792, 7.71356],
			"to": [8.05657, 19.68872, 8.28644],
			"rotation": {"angle": 0, "axis": "y", "origin": [8, 22.0608, 8]},
			"faces": {
				"north": {"uv": [14.5, 5.5, 15, 6], "texture": "#3"},
				"east": {"uv": [14.5, 6, 15, 6.5], "texture": "#3"},
				"south": {"uv": [14.5, 6.5, 15, 7], "texture": "#3"},
				"west": {"uv": [14.5, 7, 15, 7.5], "texture": "#3"},
				"up": {"uv": [15, 8, 14.5, 7.5], "texture": "#3"},
				"down": {"uv": [15, 8, 14.5, 8.5], "texture": "#3"}
			}
		},
		{
			"name": "hexadecagon",
			"from": [7.94265, 19.46792, 7.7134],
			"to": [8.0566, 19.68872, 8.28628],
			"rotation": {"angle": 22.5, "axis": "y", "origin": [8, 22.0608, 8]},
			"faces": {
				"north": {"uv": [14.5, 8.5, 15, 9], "texture": "#3"},
				"east": {"uv": [14.5, 9, 15, 9.5], "texture": "#3"},
				"south": {"uv": [14.5, 9.5, 15, 10], "texture": "#3"},
				"west": {"uv": [14.5, 10, 15, 10.5], "texture": "#3"},
				"up": {"uv": [15, 11, 14.5, 10.5], "texture": "#3"},
				"down": {"uv": [15, 11, 14.5, 11.5], "texture": "#3"}
			}
		},
		{
			"name": "hexadecagon",
			"from": [7.94273, 19.46792, 7.71327],
			"to": [8.05669, 19.68872, 8.28615],
			"rotation": {"angle": 45, "axis": "y", "origin": [8, 22.0608, 8]},
			"faces": {
				"north": {"uv": [14.5, 11.5, 15, 12], "texture": "#3"},
				"east": {"uv": [14.5, 12, 15, 12.5], "texture": "#3"},
				"south": {"uv": [14.5, 12.5, 15, 13], "texture": "#3"},
				"west": {"uv": [14.5, 13, 15, 13.5], "texture": "#3"},
				"up": {"uv": [15, 14, 14.5, 13.5], "texture": "#3"},
				"down": {"uv": [15, 14, 14.5, 14.5], "texture": "#3"}
			}
		},
		{
			"name": "hexadecagon",
			"from": [7.71318, 19.46792, 7.94318],
			"to": [8.28606, 19.68872, 8.05713],
			"rotation": {"angle": -22.5, "axis": "y", "origin": [8, 22.0608, 8]},
			"faces": {
				"north": {"uv": [0, 15, 0.5, 15.5], "texture": "#3"},
				"east": {"uv": [0.5, 15, 1, 15.5], "texture": "#3"},
				"south": {"uv": [1, 15, 1.5, 15.5], "texture": "#3"},
				"west": {"uv": [1.5, 15, 2, 15.5], "texture": "#3"},
				"up": {"uv": [2.5, 15.5, 2, 15], "texture": "#3"},
				"down": {"uv": [3, 15, 2.5, 15.5], "texture": "#3"}
			}
		},
		{
			"name": "hexadecagon",
			"from": [7.71315, 19.46792, 7.94302],
			"to": [8.28603, 19.68872, 8.05698],
			"rotation": {"angle": 0, "axis": "y", "origin": [8, 22.0608, 8]},
			"faces": {
				"north": {"uv": [3, 15, 3.5, 15.5], "texture": "#3"},
				"east": {"uv": [3.5, 15, 4, 15.5], "texture": "#3"},
				"south": {"uv": [4, 15, 4.5, 15.5], "texture": "#3"},
				"west": {"uv": [4.5, 15, 5, 15.5], "texture": "#3"},
				"up": {"uv": [5.5, 15.5, 5, 15], "texture": "#3"},
				"down": {"uv": [6, 15, 5.5, 15.5], "texture": "#3"}
			}
		},
		{
			"name": "hexadecagon",
			"from": [7.71318, 19.46792, 7.94287],
			"to": [8.28606, 19.68872, 8.05682],
			"rotation": {"angle": 22.5, "axis": "y", "origin": [8, 22.0608, 8]},
			"faces": {
				"north": {"uv": [6, 15, 6.5, 15.5], "texture": "#3"},
				"east": {"uv": [6.5, 15, 7, 15.5], "texture": "#3"},
				"south": {"uv": [7, 15, 7.5, 15.5], "texture": "#3"},
				"west": {"uv": [7.5, 15, 8, 15.5], "texture": "#3"},
				"up": {"uv": [8.5, 15.5, 8, 15], "texture": "#3"},
				"down": {"uv": [9, 15, 8.5, 15.5], "texture": "#3"}
			}
		},
		{
			"name": "hexadecagon",
			"from": [7.93519, 7.73783, 7.67636],
			"to": [8.06409, 14.24183, 8.32436],
			"rotation": {"angle": -45, "axis": "y", "origin": [8, 8.4, 8]},
			"faces": {
				"north": {"uv": [2, 7, 2.5, 10], "texture": "#0"},
				"east": {"uv": [2.5, 7, 3, 10], "texture": "#0"},
				"south": {"uv": [3, 7, 3.5, 10], "texture": "#0"},
				"west": {"uv": [7.5, 7.5, 8, 10.5], "texture": "#0"},
				"up": {"uv": [4, 6, 3.5, 5.5], "texture": "#2"},
				"down": {"uv": [8.5, 7.5, 8, 8], "texture": "#0"}
			}
		},
		{
			"name": "hexadecagon",
			"from": [7.93508, 7.73783, 7.6762],
			"to": [8.06398, 14.24183, 8.3242],
			"rotation": {"angle": -22.5, "axis": "y", "origin": [8, 8.4, 8]},
			"faces": {
				"north": {"uv": [7.5, 2, 8, 5], "texture": "#0"},
				"east": {"uv": [8, 8, 8.5, 11], "texture": "#0"},
				"south": {"uv": [8, 2, 8.5, 5], "texture": "#0"},
				"west": {"uv": [8.5, 8.5, 9, 11.5], "texture": "#0"},
				"up": {"uv": [9, 8, 8.5, 7.5], "texture": "#2"},
				"down": {"uv": [9, 8, 8.5, 8.5], "texture": "#0"}
			}
		},
		{
			"name": "hexadecagon",
			"from": [7.93504, 7.73783, 7.676],
			"to": [8.06394, 14.24183, 8.324],
			"rotation": {"angle": 0, "axis": "y", "origin": [8, 8.4, 8]},
			"faces": {
				"north": {"uv": [8.5, 2, 9, 5], "texture": "#0"},
				"east": {"uv": [9, 9, 9.5, 12], "texture": "#0"},
				"south": {"uv": [9, 0, 9.5, 3], "texture": "#0"},
				"west": {"uv": [9, 3, 9.5, 6], "texture": "#0"},
				"up": {"uv": [9.5, 9, 9, 8.5], "texture": "#2"},
				"down": {"uv": [10.5, 9.5, 10, 10], "texture": "#0"}
			}
		},
		{
			"name": "hexadecagon",
			"from": [7.93508, 7.73783, 7.6758],
			"to": [8.06398, 14.24183, 8.3238],
			"rotation": {"angle": 22.5, "axis": "y", "origin": [8, 8.4, 8]},
			"faces": {
				"north": {"uv": [3.5, 9.5, 4, 12.5], "texture": "#0"},
				"east": {"uv": [4, 9.5, 4.5, 12.5], "texture": "#0"},
				"south": {"uv": [4.5, 9.5, 5, 12.5], "texture": "#0"},
				"west": {"uv": [5, 9.5, 5.5, 12.5], "texture": "#0"},
				"up": {"uv": [1.5, 11, 1, 10.5], "texture": "#2"},
				"down": {"uv": [2, 10.5, 1.5, 11], "texture": "#0"}
			}
		},
		{
			"name": "hexadecagon",
			"from": [7.93519, 7.73783, 7.67564],
			"to": [8.06409, 14.24183, 8.32364],
			"rotation": {"angle": 45, "axis": "y", "origin": [8, 8.4, 8]},
			"faces": {
				"north": {"uv": [5.5, 9.5, 6, 12.5], "texture": "#0"},
				"east": {"uv": [6, 9.5, 6.5, 12.5], "texture": "#0"},
				"south": {"uv": [9.5, 9.5, 10, 12.5], "texture": "#0"},
				"west": {"uv": [9.5, 0, 10, 3], "texture": "#0"},
				"up": {"uv": [8, 11, 7.5, 10.5], "texture": "#2"},
				"down": {"uv": [11, 10.5, 10.5, 11], "texture": "#0"}
			}
		},
		{
			"name": "hexadecagon",
			"from": [7.67553, 7.73783, 7.93575],
			"to": [8.32353, 14.24183, 8.06465],
			"rotation": {"angle": -22.5, "axis": "y", "origin": [8, 8.4, 8]},
			"faces": {
				"north": {"uv": [9.5, 3, 10, 6], "texture": "#0"},
				"east": {"uv": [9.5, 6.5, 10, 9.5], "texture": "#0"},
				"south": {"uv": [2, 10, 2.5, 13], "texture": "#0"},
				"west": {"uv": [2.5, 10, 3, 13], "texture": "#0"},
				"up": {"uv": [11, 0.5, 10.5, 0], "texture": "#2"},
				"down": {"uv": [11, 0.5, 10.5, 1], "texture": "#0"}
			}
		},
		{
			"name": "hexadecagon",
			"from": [7.67549, 7.73783, 7.93555],
			"to": [8.32349, 14.24183, 8.06445],
			"rotation": {"angle": 0, "axis": "y", "origin": [8, 8.4, 8]},
			"faces": {
				"north": {"uv": [3, 10, 3.5, 13], "texture": "#0"},
				"east": {"uv": [6.5, 10, 7, 13], "texture": "#0"},
				"south": {"uv": [7, 10, 7.5, 13], "texture": "#0"},
				"west": {"uv": [10, 10, 10.5, 13], "texture": "#0"},
				"up": {"uv": [11, 1.5, 10.5, 1], "texture": "#2"},
				"down": {"uv": [11, 1.5, 10.5, 2], "texture": "#0"}
			}
		},
		{
			"name": "hexadecagon",
			"from": [7.67553, 7.73783, 7.93535],
			"to": [8.32353, 14.24183, 8.06425],
			"rotation": {"angle": 22.5, "axis": "y", "origin": [8, 8.4, 8]},
			"faces": {
				"north": {"uv": [10, 0, 10.5, 3], "texture": "#0"},
				"east": {"uv": [10, 3, 10.5, 6], "texture": "#0"},
				"south": {"uv": [10, 6, 10.5, 9], "texture": "#0"},
				"west": {"uv": [0, 10.5, 0.5, 13.5], "texture": "#0"},
				"up": {"uv": [11, 2.5, 10.5, 2], "texture": "#2"},
				"down": {"uv": [11, 2.5, 10.5, 3], "texture": "#0"}
			}
		},
		{
			"name": "hexadecagon",
			"from": [7.77933, 14.14813, 7.95617],
			"to": [8.21997, 19.57085, 8.04383],
			"rotation": {"angle": 0, "axis": "y", "origin": [8, 10.192, 8]},
			"faces": {
				"north": {"uv": [3, 10, 3.5, 13], "texture": "#0"},
				"east": {"uv": [6.5, 10, 7, 13], "texture": "#0"},
				"south": {"uv": [7, 10, 7.5, 13], "texture": "#0"},
				"west": {"uv": [10, 10, 10.5, 13], "texture": "#0"},
				"up": {"uv": [11, 1.5, 10.5, 1], "texture": "#0"},
				"down": {"uv": [11, 1.5, 10.5, 2], "texture": "#0"}
			}
		},
		{
			"name": "hexadecagon",
			"from": [7.77936, 14.14813, 7.95631],
			"to": [8.22, 19.57085, 8.04396],
			"rotation": {"angle": -22.5, "axis": "y", "origin": [8, 10.192, 8]},
			"faces": {
				"north": {"uv": [9.5, 3, 10, 6], "texture": "#0"},
				"east": {"uv": [9.5, 6.5, 10, 9.5], "texture": "#0"},
				"south": {"uv": [2, 10, 2.5, 13], "texture": "#0"},
				"west": {"uv": [2.5, 10, 3, 13], "texture": "#0"},
				"up": {"uv": [11, 0.5, 10.5, 0], "texture": "#0"},
				"down": {"uv": [11, 0.5, 10.5, 1], "texture": "#0"}
			}
		},
		{
			"name": "hexadecagon",
			"from": [7.95593, 14.14813, 7.77943],
			"to": [8.04358, 19.57085, 8.22007],
			"rotation": {"angle": 45, "axis": "y", "origin": [8, 10.192, 8]},
			"faces": {
				"north": {"uv": [5.5, 9.5, 6, 12.5], "texture": "#0"},
				"east": {"uv": [6, 9.5, 6.5, 12.5], "texture": "#0"},
				"south": {"uv": [9.5, 9.5, 10, 12.5], "texture": "#0"},
				"west": {"uv": [9.5, 0, 10, 3], "texture": "#0"},
				"up": {"uv": [8, 11, 7.5, 10.5], "texture": "#0"},
				"down": {"uv": [11, 10.5, 10.5, 11], "texture": "#0"}
			}
		},
		{
			"name": "hexadecagon",
			"from": [7.95585, 14.14813, 7.77955],
			"to": [8.04351, 19.57085, 8.22019],
			"rotation": {"angle": 22.5, "axis": "y", "origin": [8, 10.192, 8]},
			"faces": {
				"north": {"uv": [3.5, 9.5, 4, 12.5], "texture": "#0"},
				"east": {"uv": [4, 9.5, 4.5, 12.5], "texture": "#0"},
				"south": {"uv": [4.5, 9.5, 5, 12.5], "texture": "#0"},
				"west": {"uv": [5, 9.5, 5.5, 12.5], "texture": "#0"},
				"up": {"uv": [1.5, 11, 1, 10.5], "texture": "#0"},
				"down": {"uv": [2, 10.5, 1.5, 11], "texture": "#0"}
			}
		},
		{
			"name": "hexadecagon",
			"from": [7.95583, 14.14813, 7.77968],
			"to": [8.04348, 19.57085, 8.22032],
			"rotation": {"angle": 0, "axis": "y", "origin": [8, 10.192, 8]},
			"faces": {
				"north": {"uv": [8.5, 2, 9, 5], "texture": "#0"},
				"east": {"uv": [9, 9, 9.5, 12], "texture": "#0"},
				"south": {"uv": [9, 0, 9.5, 3], "texture": "#0"},
				"west": {"uv": [9, 3, 9.5, 6], "texture": "#0"},
				"up": {"uv": [9.5, 9, 9, 8.5], "texture": "#0"},
				"down": {"uv": [10.5, 9.5, 10, 10], "texture": "#0"}
			}
		},
		{
			"name": "hexadecagon",
			"from": [7.95585, 14.14813, 7.77981],
			"to": [8.04351, 19.57085, 8.22045],
			"rotation": {"angle": -22.5, "axis": "y", "origin": [8, 10.192, 8]},
			"faces": {
				"north": {"uv": [7.5, 2, 8, 5], "texture": "#0"},
				"east": {"uv": [8, 8, 8.5, 11], "texture": "#0"},
				"south": {"uv": [8, 2, 8.5, 5], "texture": "#0"},
				"west": {"uv": [8.5, 8.5, 9, 11.5], "texture": "#0"},
				"up": {"uv": [9, 8, 8.5, 7.5], "texture": "#0"},
				"down": {"uv": [9, 8, 8.5, 8.5], "texture": "#0"}
			}
		},
		{
			"name": "hexadecagon",
			"from": [7.95593, 14.14813, 7.77993],
			"to": [8.04358, 19.57085, 8.22057],
			"rotation": {"angle": -45, "axis": "y", "origin": [8, 10.192, 8]},
			"faces": {
				"north": {"uv": [2, 7, 2.5, 10], "texture": "#0"},
				"east": {"uv": [2.5, 7, 3, 10], "texture": "#0"},
				"south": {"uv": [3, 7, 3.5, 10], "texture": "#0"},
				"west": {"uv": [7.5, 7.5, 8, 10.5], "texture": "#0"},
				"up": {"uv": [4, 6, 3.5, 5.5], "texture": "#0"},
				"down": {"uv": [8.5, 7.5, 8, 8], "texture": "#0"}
			}
		},
		{
			"name": "hexadecagon",
			"from": [7.77936, 14.14813, 7.95604],
			"to": [8.22, 19.57085, 8.04369],
			"rotation": {"angle": 22.5, "axis": "y", "origin": [8, 10.192, 8]},
			"faces": {
				"north": {"uv": [10, 0, 10.5, 3], "texture": "#0"},
				"east": {"uv": [10, 3, 10.5, 6], "texture": "#0"},
				"south": {"uv": [10, 6, 10.5, 9], "texture": "#0"},
				"west": {"uv": [0, 10.5, 0.5, 13.5], "texture": "#0"},
				"up": {"uv": [11, 2.5, 10.5, 2], "texture": "#0"},
				"down": {"uv": [11, 2.5, 10.5, 3], "texture": "#0"}
			}
		}
	],
	"display": {
		"thirdperson_righthand": {
			"translation": [0, 1, 0]
		},
		"thirdperson_lefthand": {
			"translation": [0, 1, 0]
		},
		"firstperson_righthand": {
			"rotation": [-40, 0, 0],
			"translation": [2.5, 1.5, 0]
		},
		"firstperson_lefthand": {
			"rotation": [-40, 0, 0],
			"translation": [2.5, 1.5, 0]
		},
		"ground": {
			"rotation": [45, 0, 0],
			"scale": [0.6, 0.6, 0.6]
		},
		"gui": {
			"rotation": [-90, 135, 90],
			"translation": [-3, -3, 0],
			"scale": [1.2, 1.2, 1.2]
		},
		"head": {
			"translation": [0, 11, 0]
		},
		"fixed": {
			"rotation": [-90, 45, 90],
			"translation": [3.5, -3.5, 0],
			"scale": [1.5, 1.5, 1.5]
		}
	}
}