{
	"textures": {
		"0": "block/stripped_birch_log",
		"1": "block/smithing_table_top",
		"particle": "block/stripped_birch_log"
	},
	"elements": [
		{
			"from": [7.5, 4.5, 7.5],
			"to": [8.5, 22.5, 8.5],
			"rotation": {"angle": 0, "axis": "y", "origin": [8, 8, 8]},
			"faces": {
				"north": {"uv": [0, 0, 5, 16], "texture": "#0"},
				"east": {"uv": [0, 0, 5, 16], "texture": "#0"},
				"south": {"uv": [0, 0, 5, 16], "texture": "#0"},
				"west": {"uv": [0, 0, 5, 16], "texture": "#0"},
				"up": {"uv": [0, 0, 5, 16], "texture": "#0"},
				"down": {"uv": [0, 0, 5, 16], "texture": "#0"}
			}
		},
		{
			"from": [7.4, 21.9, 2.6],
			"to": [8.6, 22.2, 7.1],
			"rotation": {"angle": 0, "axis": "y", "origin": [8, 8, 8]},
			"faces": {
				"north": {"uv": [0, 0, 6, 4], "texture": "#1"},
				"east": {"uv": [0, 0, 6, 4], "texture": "#1"},
				"south": {"uv": [0, 0, 6, 4], "texture": "#1"},
				"west": {"uv": [0, 0, 6, 4], "texture": "#1"},
				"up": {"uv": [0, 0, 6, 4], "texture": "#1"},
				"down": {"uv": [0, 0, 6, 4], "texture": "#1"}
			}
		},
		{
			"from": [7.4, 21.4, 7.1],
			"to": [8.6, 22.2, 8.6],
			"rotation": {"angle": 0, "axis": "y", "origin": [8, 8, 8]},
			"faces": {
				"north": {"uv": [0, 0, 6, 4], "texture": "#1"},
				"east": {"uv": [0, 0, 6, 4], "texture": "#1"},
				"south": {"uv": [0, 0, 6, 4], "texture": "#1"},
				"west": {"uv": [0, 0, 6, 4], "texture": "#1"},
				"up": {"uv": [0, 0, 6, 4], "texture": "#1"},
				"down": {"uv": [0, 0, 6, 4], "texture": "#1"}
			}
		},
		{
			"from": [7.9, 22.1, 8.45],
			"to": [8.1, 22.65, 8.55],
			"rotation": {"angle": 0, "axis": "y", "origin": [8, 8, 8]},
			"faces": {
				"north": {"uv": [0, 0, 6, 4], "texture": "#1"},
				"east": {"uv": [0, 0, 6, 4], "texture": "#1"},
				"south": {"uv": [0, 0, 6, 4], "texture": "#1"},
				"west": {"uv": [0, 0, 6, 4], "texture": "#1"},
				"up": {"uv": [0, 0, 6, 4], "texture": "#1"},
				"down": {"uv": [0, 0, 6, 4], "texture": "#1"}
			}
		},
		{
			"from": [5.9, 21.9, 2.6],
			"to": [6.85, 22.2, 6.85],
			"rotation": {"angle": 0, "axis": "y", "origin": [8, 8, 8.5]},
			"faces": {
				"north": {"uv": [0, 0, 6, 4], "texture": "#1"},
				"east": {"uv": [0, 0, 6, 4], "texture": "#1"},
				"south": {"uv": [0, 0, 6, 4], "texture": "#1"},
				"west": {"uv": [0, 0, 6, 4], "texture": "#1"},
				"up": {"uv": [0, 0, 6, 4], "texture": "#1"},
				"down": {"uv": [0, 0, 6, 4], "texture": "#1"}
			}
		},
		{
			"from": [8.31101, 21.905, 6.24058],
			"to": [9.97878, 22.203, 6.99058],
			"rotation": {"angle": 22.5, "axis": "y", "origin": [9.68601, 22.05, 6.61558]},
			"faces": {
				"north": {"uv": [0, 0, 6, 4], "texture": "#1"},
				"east": {"uv": [0, 0, 6, 4], "texture": "#1"},
				"south": {"uv": [0, 0, 6, 4], "texture": "#1"},
				"west": {"uv": [0, 0, 6, 4], "texture": "#1"},
				"up": {"uv": [0, 0, 6, 4], "texture": "#1"},
				"down": {"uv": [0, 0, 6, 4], "texture": "#1"}
			}
		},
		{
			"from": [6.02122, 21.905, 6.24058],
			"to": [7.68899, 22.203, 6.99058],
			"rotation": {"angle": -22.5, "axis": "y", "origin": [6.31399, 22.05, 6.61558]},
			"faces": {
				"north": {"uv": [6, 0, 0, 4], "texture": "#1"},
				"east": {"uv": [6, 0, 0, 4], "texture": "#1"},
				"south": {"uv": [6, 0, 0, 4], "texture": "#1"},
				"west": {"uv": [6, 0, 0, 4], "texture": "#1"},
				"up": {"uv": [6, 0, 0, 4], "texture": "#1"},
				"down": {"uv": [6, 0, 0, 4], "texture": "#1"}
			}
		},
		{
			"from": [9.15, 21.9, 2.6],
			"to": [10.1, 22.2, 6.85],
			"rotation": {"angle": 0, "axis": "y", "origin": [8, 8, 8.5]},
			"faces": {
				"north": {"uv": [0, 0, 6, 4], "texture": "#1"},
				"east": {"uv": [0, 0, 6, 4], "texture": "#1"},
				"south": {"uv": [0, 0, 6, 4], "texture": "#1"},
				"west": {"uv": [0, 0, 6, 4], "texture": "#1"},
				"up": {"uv": [0, 0, 6, 4], "texture": "#1"},
				"down": {"uv": [0, 0, 6, 4], "texture": "#1"}
			}
		}
	],
	"display": {
		"firstperson_righthand": {
			"rotation": [-15, 0, 0],
			"translation": [0, -4, 6]
		},
		"firstperson_lefthand": {
			"rotation": [-15, 0, 0],
			"translation": [0, -4, 6]
		},
		"ground": {
			"rotation": [-70, 0, 0],
			"translation": [0, 0, 9.5]
		},
		"gui": {
			"rotation": [90, -180, 0],
			"translation": [0, 8, 0],
			"scale": [3, 3, 3]
		},
		"fixed": {
			"rotation": [-90, -45, -90],
			"translation": [-8, -6.5, -2.5],
			"scale": [1.5, 1.5, 1.5]
		}
	}
}