{
	"textures": {
		"0": "block/smithing_table_top",
		"1": "block/iron_block",
		"2": "block/black_concrete",
		"3": "block/stripped_birch_log"
	},
	"elements": [
		{
			"from": [7.5, 9.5, 7.25],
			"to": [8.5, 14.5, 8.75],
			"rotation": {"angle": 0, "axis": "y", "origin": [8, 4, 8]},
			"faces": {
				"north": {"uv": [2, 0, 7, 15], "texture": "#3"},
				"east": {"uv": [2, 0, 7, 15], "texture": "#3"},
				"south": {"uv": [2, 0, 7, 15], "texture": "#3"},
				"west": {"uv": [2, 0, 7, 15], "texture": "#3"},
				"up": {"uv": [2, 0, 7, 15], "texture": "#3"},
				"down": {"uv": [2, 0, 7, 15], "texture": "#3"}
			}
		},
		{
			"from": [7.75, 14.5, 7.25],
			"to": [8.25, 15.5, 8.75],
			"rotation": {"angle": 0, "axis": "y", "origin": [8, 9, 8]},
			"faces": {
				"north": {"uv": [2, 0, 7, 15], "texture": "#3"},
				"east": {"uv": [2, 0, 7, 15], "texture": "#3"},
				"south": {"uv": [2, 0, 7, 15], "texture": "#3"},
				"west": {"uv": [2, 0, 7, 15], "texture": "#3"},
				"up": {"uv": [2, 0, 7, 15], "texture": "#3"},
				"down": {"uv": [2, 0, 7, 15], "texture": "#3"}
			}
		},
		{
			"from": [7.5, 15.5, 7.25],
			"to": [8.5, 18, 9.25],
			"rotation": {"angle": 0, "axis": "y", "origin": [8, 10, 8]},
			"faces": {
				"north": {"uv": [2, 3, 11, 15], "texture": "#0"},
				"east": {"uv": [2, 3, 11, 15], "texture": "#0"},
				"south": {"uv": [2, 3, 11, 15], "texture": "#0"},
				"west": {"uv": [2, 3, 11, 15], "texture": "#0"},
				"up": {"uv": [2, 3, 11, 15], "texture": "#0"},
				"down": {"uv": [2, 3, 11, 15], "texture": "#0"}
			}
		},
		{
			"from": [7.75, 18, 7.25],
			"to": [8.25, 18.01, 8.75],
			"rotation": {"angle": 0, "axis": "y", "origin": [8, 12.5, 8]},
			"faces": {
				"north": {"uv": [2, 3, 11, 15], "texture": "#3"},
				"east": {"uv": [2, 3, 11, 15], "texture": "#3"},
				"south": {"uv": [2, 3, 11, 15], "texture": "#3"},
				"west": {"uv": [2, 3, 11, 15], "texture": "#3"},
				"up": {"uv": [2, 3, 11, 15], "texture": "#3"},
				"down": {"uv": [2, 3, 11, 15], "texture": "#3"}
			}
		},
		{
			"from": [7.9, 18, 8.25],
			"to": [8.1, 18.1, 8.45],
			"rotation": {"angle": 45, "axis": "y", "origin": [8, 18.05, 8.35]},
			"faces": {
				"north": {"uv": [0, 0, 0.2, 0.1], "texture": "#2"},
				"east": {"uv": [0, 0, 0.2, 0.1], "texture": "#2"},
				"south": {"uv": [0, 0, 0.2, 0.1], "texture": "#2"},
				"west": {"uv": [0, 0, 0.2, 0.1], "texture": "#2"},
				"up": {"uv": [0, 0, 0.2, 0.2], "texture": "#2"},
				"down": {"uv": [0, 0, 0.2, 0.2], "texture": "#2"}
			}
		},
		{
			"from": [7.6, 15.5, 6],
			"to": [8.4, 18.1, 7.25],
			"rotation": {"angle": 0, "axis": "y", "origin": [8, 10, 6.5]},
			"faces": {
				"north": {"uv": [2, 3, 11, 15], "texture": "#0"},
				"east": {"uv": [2, 3, 11, 15], "texture": "#0"},
				"south": {"uv": [2, 3, 11, 15], "texture": "#0"},
				"west": {"uv": [2, 3, 11, 15], "texture": "#0"},
				"up": {"uv": [2, 3, 11, 15], "texture": "#0"},
				"down": {"uv": [2, 3, 11, 15], "texture": "#0"}
			}
		},
		{
			"from": [7.7, 15.5, 4.75],
			"to": [8.3, 18.2, 6],
			"rotation": {"angle": 0, "axis": "y", "origin": [8, 10, 5]},
			"faces": {
				"north": {"uv": [2, 3, 11, 15], "texture": "#0"},
				"east": {"uv": [7, 2, 16, 14], "texture": "#0"},
				"south": {"uv": [2, 3, 11, 15], "texture": "#0"},
				"west": {"uv": [0, 2, 9, 14], "texture": "#0"},
				"up": {"uv": [2, 3, 11, 15], "texture": "#0"},
				"down": {"uv": [2, 3, 11, 15], "texture": "#0"}
			}
		},
		{
			"from": [7.7, 14.9265, 5.71195],
			"to": [8.3, 15.40485, 6.8668],
			"rotation": {"angle": -22.5, "axis": "x", "origin": [8, 16.1765, 5.6168]},
			"faces": {
				"north": {"uv": [2, 3, 11, 15], "texture": "#0"},
				"east": {"uv": [2, 3, 11, 15], "texture": "#0"},
				"south": {"uv": [2, 3, 11, 15], "texture": "#0"},
				"west": {"uv": [2, 3, 11, 15], "texture": "#0"},
				"up": {"uv": [2, 3, 11, 15], "texture": "#0"},
				"down": {"uv": [2, 3, 11, 15], "texture": "#0"}
			}
		},
		{
			"from": [7.8, 14.39617, 4.66259],
			"to": [8.2, 15.35287, 5.81744],
			"rotation": {"angle": -22.5, "axis": "x", "origin": [8, 15.64617, 4.33647]},
			"faces": {
				"north": {"uv": [2, 3, 11, 15], "texture": "#0"},
				"east": {"uv": [7, 1, 16, 13], "texture": "#0"},
				"south": {"uv": [2, 3, 11, 15], "texture": "#0"},
				"west": {"uv": [0, 2, 9, 14], "texture": "#0"},
				"up": {"uv": [2, 3, 11, 15], "texture": "#0"},
				"down": {"uv": [2, 3, 11, 15], "texture": "#0"}
			}
		},
		{
			"from": [7.99929, 13.95422, 4.47268],
			"to": [7.99929, 15.02601, 4.75049],
			"rotation": {"angle": -22.5, "axis": "x", "origin": [8, 15.20422, 3.26952]},
			"faces": {
				"north": {"uv": [2, 3, 11, 15], "texture": "#1"},
				"east": {"uv": [2, 3, 11, 15], "texture": "#1"},
				"south": {"uv": [2, 3, 11, 15], "texture": "#1"},
				"west": {"uv": [2, 3, 11, 15], "texture": "#1"},
				"up": {"uv": [2, 3, 11, 15], "texture": "#1"},
				"down": {"uv": [2, 3, 11, 15], "texture": "#1"}
			}
		},
		{
			"from": [8.37607, 15.5, 4.19115],
			"to": [8.80033, 18.3, 4.61541],
			"rotation": {"angle": -45, "axis": "y", "origin": [7.87607, 10, 3.86541]},
			"faces": {
				"north": {"uv": [2, 3, 11, 15], "texture": "#1"},
				"east": {"uv": [2, 3, 11, 15], "texture": "#1"},
				"south": {"uv": [2, 3, 11, 15], "texture": "#1"},
				"west": {"uv": [2, 3, 11, 15], "texture": "#1"},
				"up": {"uv": [2, 3, 11, 15], "texture": "#1"},
				"down": {"uv": [2, 3, 11, 15], "texture": "#1"}
			}
		},
		{
			"from": [7.85355, 15.5, 9.25],
			"to": [8.14645, 18, 9.60355],
			"rotation": {"angle": 0, "axis": "y", "origin": [8, 10, 10]},
			"faces": {
				"north": {"uv": [5, 1, 12, 15], "texture": "#0"},
				"east": {"uv": [5, 1, 12, 15], "texture": "#0"},
				"south": {"uv": [5, 1, 12, 15], "texture": "#0"},
				"west": {"uv": [5, 1, 12, 15], "texture": "#0"},
				"up": {"uv": [5, 1, 12, 15], "texture": "#0"},
				"down": {"uv": [5, 1, 12, 15], "texture": "#0"}
			}
		},
		{
			"from": [8.25, 15.5, 8.85355],
			"to": [8.75, 17.9, 9.35355],
			"rotation": {"angle": 45, "axis": "y", "origin": [8.5, 10, 9.60355]},
			"faces": {
				"north": {"uv": [2, 3, 11, 15], "texture": "#0"},
				"east": {"uv": [2, 3, 11, 15], "texture": "#0"},
				"south": {"uv": [2, 3, 11, 15], "texture": "#0"},
				"west": {"uv": [2, 3, 11, 15], "texture": "#0"},
				"up": {"uv": [2, 3, 11, 15], "texture": "#0"},
				"down": {"uv": [2, 3, 11, 15], "texture": "#0"}
			}
		},
		{
			"from": [7.95711, 15.5, 8.85355],
			"to": [8.45711, 17.9, 9.35355],
			"rotation": {"angle": 45, "axis": "y", "origin": [8.20711, 10, 9.60355]},
			"faces": {
				"north": {"uv": [2, 3, 11, 15], "texture": "#0"},
				"east": {"uv": [2, 3, 11, 15], "texture": "#0"},
				"south": {"uv": [2, 3, 11, 15], "texture": "#0"},
				"west": {"uv": [2, 3, 11, 15], "texture": "#0"},
				"up": {"uv": [2, 3, 11, 15], "texture": "#0"},
				"down": {"uv": [2, 3, 11, 15], "texture": "#0"}
			}
		},
		{
			"from": [8.07769, 14.36627, 7.35],
			"to": [8.32769, 15.36627, 8.65],
			"rotation": {"angle": 22.5, "axis": "z", "origin": [8.07769, 14.86627, 8]},
			"faces": {
				"north": {"uv": [2, 0, 7, 15], "texture": "#3"},
				"east": {"uv": [2, 0, 7, 15], "texture": "#3"},
				"south": {"uv": [2, 0, 7, 15], "texture": "#3"},
				"west": {"uv": [2, 0, 7, 15], "texture": "#3"},
				"up": {"uv": [2, 0, 7, 15], "texture": "#3"},
				"down": {"uv": [2, 0, 7, 15], "texture": "#3"}
			}
		},
		{
			"from": [7.69134, 14.46194, 7.35],
			"to": [7.94134, 15.46194, 8.65],
			"rotation": {"angle": -22.5, "axis": "z", "origin": [7.69134, 14.96194, 8]},
			"faces": {
				"north": {"uv": [2, 0, 7, 15], "texture": "#3"},
				"east": {"uv": [2, 0, 7, 15], "texture": "#3"},
				"south": {"uv": [2, 0, 7, 15], "texture": "#3"},
				"west": {"uv": [2, 0, 7, 15], "texture": "#3"},
				"up": {"uv": [2, 0, 7, 15], "texture": "#3"},
				"down": {"uv": [2, 0, 7, 15], "texture": "#3"}
			}
		},
		{
			"from": [7.6, 6.41864, 8.70285],
			"to": [8.4, 8.60651, 9.91499],
			"rotation": {"angle": -22.5, "axis": "x", "origin": [8, 4.31864, 9.66499]},
			"faces": {
				"north": {"uv": [2, 0, 7, 15], "texture": "#3"},
				"east": {"uv": [2, 0, 7, 15], "texture": "#3"},
				"south": {"uv": [2, 0, 7, 15], "texture": "#3"},
				"west": {"uv": [2, 0, 7, 15], "texture": "#3"},
				"up": {"uv": [2, 0, 7, 15], "texture": "#3"},
				"down": {"uv": [2, 0, 7, 15], "texture": "#3"}
			}
		},
		{
			"from": [7.5, 2.52401, 7.93925],
			"to": [8.5, 6.35446, 9.09232],
			"rotation": {"angle": 0, "axis": "x", "origin": [8, 5.72401, 8.43925]},
			"faces": {
				"north": {"uv": [2, 0, 7, 15], "texture": "#3"},
				"east": {"uv": [2, 0, 7, 15], "texture": "#3"},
				"south": {"uv": [2, 0, 7, 15], "texture": "#3"},
				"west": {"uv": [2, 0, 7, 15], "texture": "#3"},
				"up": {"uv": [2, 0, 7, 15], "texture": "#3"},
				"down": {"uv": [2, 0, 7, 15], "texture": "#3"}
			}
		},
		{
			"from": [7.6, 2.89147, 7.59462],
			"to": [8.4, 4.99147, 8.59462],
			"rotation": {"angle": 22.5, "axis": "x", "origin": [8, 3.99147, 8.09462]},
			"faces": {
				"north": {"uv": [2, 0, 7, 15], "texture": "#3"},
				"east": {"uv": [2, 0, 7, 15], "texture": "#3"},
				"south": {"uv": [2, 0, 7, 15], "texture": "#3"},
				"west": {"uv": [2, 0, 7, 15], "texture": "#3"},
				"up": {"uv": [2, 0, 7, 15], "texture": "#3"},
				"down": {"uv": [2, 0, 7, 15], "texture": "#3"}
			}
		},
		{
			"from": [7.4, 1.74147, 7.34462],
			"to": [8.6, 3.01752, 9.67795],
			"rotation": {"angle": 22.5, "axis": "x", "origin": [8, 3.99147, 8.09462]},
			"faces": {
				"north": {"uv": [2, 0, 7, 15], "texture": "#2"},
				"east": {"uv": [2, 0, 7, 15], "texture": "#2"},
				"south": {"uv": [2, 0, 7, 15], "texture": "#2"},
				"west": {"uv": [2, 0, 7, 15], "texture": "#2"},
				"up": {"uv": [2, 0, 7, 15], "texture": "#2"},
				"down": {"uv": [2, 0, 7, 15], "texture": "#2"}
			}
		},
		{
			"from": [7.7, 9, 5.41182],
			"to": [8.3, 11.75066, 6.91182],
			"rotation": {"angle": 22.5, "axis": "x", "origin": [8, 4, 8]},
			"faces": {
				"north": {"uv": [2, 0, 7, 15], "texture": "#3"},
				"east": {"uv": [2, 0, 7, 15], "texture": "#3"},
				"south": {"uv": [2, 0, 7, 15], "texture": "#3"},
				"west": {"uv": [2, 0, 7, 15], "texture": "#3"},
				"up": {"uv": [2, 0, 7, 15], "texture": "#3"},
				"down": {"uv": [2, 0, 7, 15], "texture": "#3"}
			}
		},
		{
			"from": [7.6, 8.52329, 7.8149],
			"to": [8.4, 9.91073, 9.25824],
			"rotation": {"angle": -22.5, "axis": "x", "origin": [8, 8.2854, 8.5649]},
			"faces": {
				"north": {"uv": [2, 0, 7, 15], "texture": "#3"},
				"east": {"uv": [2, 0, 7, 15], "texture": "#3"},
				"south": {"uv": [2, 0, 7, 15], "texture": "#3"},
				"west": {"uv": [2, 0, 7, 15], "texture": "#3"},
				"up": {"uv": [2, 0, 7, 15], "texture": "#3"},
				"down": {"uv": [2, 0, 7, 15], "texture": "#3"}
			}
		},
		{
			"from": [7.7, 7.55447, 7.43221],
			"to": [8.3, 9.10513, 8.93221],
			"rotation": {"angle": 22.5, "axis": "x", "origin": [8, 8.4798, 8.18221]},
			"faces": {
				"north": {"uv": [2, 0, 7, 15], "texture": "#3"},
				"east": {"uv": [2, 0, 7, 15], "texture": "#3"},
				"south": {"uv": [2, 0, 7, 15], "texture": "#3"},
				"west": {"uv": [2, 0, 7, 15], "texture": "#3"},
				"up": {"uv": [2, 0, 7, 15], "texture": "#3"},
				"down": {"uv": [2, 0, 7, 15], "texture": "#3"}
			}
		},
		{
			"from": [7.6, 10.25, 11.21109],
			"to": [8.4, 13.41372, 12.71109],
			"rotation": {"angle": -22.5, "axis": "x", "origin": [8, 4, 8]},
			"faces": {
				"north": {"uv": [2, 0, 7, 15], "texture": "#3"},
				"east": {"uv": [2, 0, 7, 15], "texture": "#3"},
				"south": {"uv": [2, 0, 7, 15], "texture": "#3"},
				"west": {"uv": [2, 0, 7, 15], "texture": "#3"},
				"up": {"uv": [2, 0, 7, 15], "texture": "#3"},
				"down": {"uv": [2, 0, 7, 15], "texture": "#3"}
			}
		}
	],
	"display": {
		"firstperson_righthand": {
			"rotation": [-15, 10, 0]
		},
		"firstperson_lefthand": {
			"rotation": [-15, 10, 0]
		},
		"ground": {
			"rotation": [-45, 0, 0]
		},
		"gui": {
			"rotation": [-90, 45, 90],
			"translation": [2, -2, 0],
			"scale": [1.25, 1.25, 1.25]
		},
		"fixed": {
			"rotation": [90, -135, 90],
			"translation": [-2.5, -2.5, -1],
			"scale": [1.5, 1.5, 1.5]
		}
	}
}