{
	"textures": {
		"1": "custom_item/harvester_capsule"
	},
	"elements": [
		{
			"from": [6.5, 4.5, 6.5],
			"to": [9.5, 11.5, 9.5],
			"faces": {
				"north": {"uv": [0, 0, 3, 7], "texture": "#1"},
				"east": {"uv": [3, 3, 6, 10], "texture": "#1"},
				"south": {"uv": [6, 6, 9, 13], "texture": "#1"},
				"west": {"uv": [0, 7, 3, 14], "texture": "#1"},
				"up": {"uv": [6, 3, 3, 0], "texture": "#1"},
				"down": {"uv": [6, 10, 3, 13], "texture": "#1"}
			}
		},
		{
			"from": [6.4, 6, 6.4],
			"to": [9.6, 10, 9.6],
			"faces": {
				"north": {"uv": [6, 0, 9, 4], "texture": "#1"},
				"east": {"uv": [9, 9, 12, 13], "texture": "#1"},
				"south": {"uv": [9, 0, 12, 4], "texture": "#1"},
				"west": {"uv": [9, 4, 12, 8], "texture": "#1"},
				"up": {"uv": [15, 6, 12, 3], "texture": "#1"},
				"down": {"uv": [15, 6, 12, 9], "texture": "#1"}
			}
		},
		{
			"from": [6.5, 12.5, 6.5],
			"to": [9.5, 13.5, 9.5],
			"rotation": {"angle": 0, "axis": "y", "origin": [8, 10, 8]},
			"faces": {
				"north": {"uv": [9, 8, 12, 9], "texture": "#1"},
				"east": {"uv": [12, 11, 15, 12], "texture": "#1"},
				"south": {"uv": [3, 13, 6, 14], "texture": "#1"},
				"west": {"uv": [6, 13, 9, 14], "texture": "#1"},
				"up": {"uv": [15, 15, 12, 12], "texture": "#1"},
				"down": {"uv": [15, 0, 12, 3], "texture": "#1"}
			}
		},
		{
			"from": [7, 11.5, 7],
			"to": [9, 12.5, 9],
			"rotation": {"angle": 0, "axis": "y", "origin": [8, 9, 8]},
			"faces": {
				"north": {"uv": [9, 13, 11, 14], "texture": "#1"},
				"east": {"uv": [0, 14, 2, 15], "texture": "#1"},
				"south": {"uv": [2, 14, 4, 15], "texture": "#1"},
				"west": {"uv": [4, 14, 6, 15], "texture": "#1"},
				"up": {"uv": [8, 6, 6, 4], "texture": "#1"},
				"down": {"uv": [14, 9, 12, 11], "texture": "#1"}
			}
		}
	],
	"display": {
		"thirdperson_righthand": {
			"scale": [0.5, 0.5, 0.5]
		},
		"thirdperson_lefthand": {
			"scale": [0.5, 0.5, 0.5]
		},
		"firstperson_righthand": {
			"rotation": [0, -180, 0],
			"translation": [2.5, 2, 0]
		},
		"firstperson_lefthand": {
			"rotation": [0, 90, 0],
			"translation": [2.5, 2, 0]
		},
		"ground": {
			"rotation": [45, 0, 0]
		},
		"gui": {
			"rotation": [90, -135, 90],
			"translation": [-1, -1, 0],
			"scale": [2, 2, 2]
		},
		"head": {
			"translation": [0, 10.25, 0],
			"scale": [4, 2, 4]
		},
		"fixed": {
			"rotation": [-90, 45, 90],
			"translation": [1, -1, -3.5],
			"scale": [2, 2, 2]
		}
	}
}