{
	"textures": {
		"0": "block/light_blue_concrete",
		"1": "block/black_shulker_box",
		"2": "block/iron_block",
		"3": "custom_item/location_beacon_on"
	},
	"elements": [
		{
			"name": "octagon",
			"from": [3, 0, 4.5],
			"to": [13, 7, 11.5],
			"rotation": {"angle": 0, "axis": "y", "origin": [8, 8, 8]},
			"faces": {
				"north": {"uv": [0, 0, 6, 6], "texture": "#3"},
				"east": {"uv": [0, 6, 16, 16], "texture": "#3"},
				"south": {"uv": [0, 6, 16, 16], "texture": "#3"},
				"west": {"uv": [0, 6, 16, 16], "texture": "#3"},
				"up": {"uv": [0, 6, 16, 16], "texture": "#3"},
				"down": {"uv": [0, 6, 16, 16], "texture": "#3"}
			}
		},
		{
			"name": "octagon",
			"from": [6, 7, 6],
			"to": [10, 7.5, 10],
			"rotation": {"angle": 0, "axis": "y", "origin": [8, 4.75, 8]},
			"faces": {
				"north": {"uv": [0, 0, 6, 6], "texture": "#1"},
				"east": {"uv": [0, 0, 6, 6], "texture": "#1"},
				"south": {"uv": [0, 0, 6, 6], "texture": "#1"},
				"west": {"uv": [0, 0, 6, 6], "texture": "#1"},
				"up": {"uv": [0, 0, 16, 16], "texture": "#1"},
				"down": {"uv": [0, 0, 6, 6], "texture": "#1"}
			}
		},
		{
			"name": "octagon",
			"from": [6, 7, 6],
			"to": [10, 7.4, 10],
			"rotation": {"angle": 45, "axis": "y", "origin": [8, 4.75, 8]},
			"faces": {
				"north": {"uv": [0, 0, 6, 6], "texture": "#1"},
				"east": {"uv": [0, 0, 16, 16], "texture": "#1"},
				"south": {"uv": [0, 0, 6, 6], "texture": "#1"},
				"west": {"uv": [0, 0, 6, 6], "texture": "#1"},
				"up": {"uv": [0, 0, 6, 6], "texture": "#1"},
				"down": {"uv": [0, 0, 6, 6], "texture": "#1"}
			}
		},
		{
			"name": "octagon",
			"from": [7.6, 6.5, 5.3],
			"to": [8.4, 10, 5.7],
			"rotation": {"angle": 22.5, "axis": "x", "origin": [8, 0.25, 9]},
			"faces": {
				"north": {"uv": [0, 0, 6, 6], "texture": "#2"},
				"east": {"uv": [0, 0, 6, 6], "texture": "#2"},
				"south": {"uv": [0, 0, 6, 6], "texture": "#2"},
				"west": {"uv": [0, 0, 6, 6], "texture": "#2"},
				"up": {"uv": [0, 0, 6, 6], "texture": "#2"},
				"down": {"uv": [0, 0, 6, 6], "texture": "#2"}
			}
		},
		{
			"name": "octagon",
			"from": [7.6, 10, 3.8],
			"to": [8, 10.5, 4.2],
			"rotation": {"angle": 22.5, "axis": "x", "origin": [8, 0.25, 9]},
			"faces": {
				"north": {"uv": [0, 0, 6, 6], "texture": "#0"},
				"east": {"uv": [0, 0, 6, 6], "texture": "#0"},
				"south": {"uv": [0, 0, 6, 6], "texture": "#0"},
				"west": {"uv": [0, 0, 6, 6], "texture": "#0"},
				"up": {"uv": [0, 0, 6, 6], "texture": "#0"},
				"down": {"uv": [0, 0, 6, 6], "texture": "#0"}
			}
		},
		{
			"name": "octagon",
			"from": [7.6, 9.23369, 5.14159],
			"to": [8.4, 9.63369, 6.14159],
			"rotation": {"angle": 22.5, "axis": "x", "origin": [8, 2.43369, 10.39159]},
			"faces": {
				"north": {"uv": [0, 0, 6, 6], "rotation": 270, "texture": "#2"},
				"east": {"uv": [0, 0, 6, 6], "rotation": 270, "texture": "#2"},
				"south": {"uv": [0, 0, 6, 6], "rotation": 270, "texture": "#2"},
				"west": {"uv": [0, 0, 6, 6], "rotation": 270, "texture": "#2"},
				"up": {"uv": [0, 0, 6, 6], "rotation": 270, "texture": "#2"},
				"down": {"uv": [0, 0, 6, 6], "rotation": 270, "texture": "#2"}
			}
		},
		{
			"from": [7.5, 11.8, 7.7],
			"to": [8.5, 12.6, 8.5],
			"rotation": {"angle": 22.5, "axis": "x", "origin": [8, 8, 4]},
			"faces": {
				"north": {"uv": [0, 0, 6, 6], "texture": "#1"},
				"east": {"uv": [0, 0, 6, 6], "texture": "#1"},
				"south": {"uv": [0, 0, 6, 6], "texture": "#1"},
				"west": {"uv": [0, 0, 6, 6], "texture": "#1"},
				"up": {"uv": [0, 0, 6, 6], "texture": "#1"},
				"down": {"uv": [0, 0, 6, 6], "texture": "#1"}
			}
		},
		{
			"from": [7, 11.3, 6.9],
			"to": [9, 13.1, 8.9],
			"rotation": {"angle": 22.5, "axis": "x", "origin": [8, 14.8, 5.3]},
			"faces": {
				"north": {"uv": [0, 0, 6, 6], "rotation": 180, "texture": "#2"},
				"east": {"uv": [0, 0, 6, 6], "rotation": 270, "texture": "#0"},
				"south": {"uv": [0, 0, 6, 6], "texture": "#0"},
				"west": {"uv": [0, 0, 6, 6], "rotation": 90, "texture": "#0"},
				"up": {"uv": [0, 0, 6, 6], "rotation": 180, "texture": "#0"},
				"down": {"uv": [0, 0, 6, 6], "texture": "#0"}
			}
		},
		{
			"from": [7.7, 11.9, 6.1],
			"to": [8.3, 12.5, 6.8],
			"rotation": {"angle": 22.5, "axis": "x", "origin": [8, 14.8, 5.3]},
			"faces": {
				"north": {"uv": [0, 0, 16, 16], "rotation": 180, "texture": "#2"},
				"east": {"uv": [0, 0, 16, 16], "rotation": 270, "texture": "#2"},
				"south": {"uv": [0, 0, 16, 16], "texture": "#2"},
				"west": {"uv": [0, 0, 16, 16], "rotation": 90, "texture": "#2"},
				"up": {"uv": [0, 0, 16, 16], "rotation": 180, "texture": "#2"},
				"down": {"uv": [0, 0, 16, 16], "texture": "#2"}
			}
		},
		{
			"from": [7, 13.6, 5.9],
			"to": [7.5, 14.1, 6.9],
			"rotation": {"angle": 22.5, "axis": "x", "origin": [8, 14.8, 5.3]},
			"faces": {
				"north": {"uv": [0, 0, 6, 6], "rotation": 180, "texture": "#0"},
				"east": {"uv": [0, 0, 6, 6], "rotation": 270, "texture": "#2"},
				"south": {"uv": [0, 0, 6, 6], "texture": "#0"},
				"west": {"uv": [0, 0, 6, 6], "rotation": 90, "texture": "#0"},
				"up": {"uv": [0, 0, 6, 6], "rotation": 180, "texture": "#0"},
				"down": {"uv": [0, 0, 6, 6], "texture": "#2"}
			}
		},
		{
			"from": [6.5, 13.1, 5.9],
			"to": [7, 13.6, 6.9],
			"rotation": {"angle": 22.5, "axis": "x", "origin": [8, 14.8, 5.3]},
			"faces": {
				"north": {"uv": [0, 0, 6, 6], "rotation": 180, "texture": "#0"},
				"east": {"uv": [0, 0, 6, 6], "rotation": 270, "texture": "#2"},
				"south": {"uv": [0, 0, 6, 6], "texture": "#0"},
				"west": {"uv": [0, 0, 6, 6], "rotation": 90, "texture": "#0"},
				"up": {"uv": [0, 0, 6, 6], "rotation": 180, "texture": "#0"},
				"down": {"uv": [0, 0, 6, 6], "texture": "#2"}
			}
		},
		{
			"from": [6, 12.6, 5.9],
			"to": [6.5, 13.1, 6.9],
			"rotation": {"angle": 22.5, "axis": "x", "origin": [8, 14.8, 5.3]},
			"faces": {
				"north": {"uv": [0, 0, 6, 6], "rotation": 180, "texture": "#0"},
				"east": {"uv": [0, 0, 6, 6], "rotation": 270, "texture": "#2"},
				"south": {"uv": [0, 0, 6, 6], "texture": "#0"},
				"west": {"uv": [0, 0, 6, 6], "rotation": 90, "texture": "#0"},
				"up": {"uv": [0, 0, 6, 6], "rotation": 180, "texture": "#0"},
				"down": {"uv": [0, 0, 6, 6], "texture": "#2"}
			}
		},
		{
			"from": [8.5, 13.6, 5.9],
			"to": [9, 14.1, 6.9],
			"rotation": {"angle": 22.5, "axis": "x", "origin": [8, 14.8, 5.3]},
			"faces": {
				"north": {"uv": [0, 0, 6, 6], "rotation": 180, "texture": "#0"},
				"east": {"uv": [0, 0, 6, 6], "rotation": 270, "texture": "#0"},
				"south": {"uv": [0, 0, 6, 6], "texture": "#0"},
				"west": {"uv": [0, 0, 6, 6], "rotation": 90, "texture": "#2"},
				"up": {"uv": [0, 0, 6, 6], "rotation": 180, "texture": "#0"},
				"down": {"uv": [0, 0, 6, 6], "texture": "#2"}
			}
		},
		{
			"from": [9, 13.1, 5.9],
			"to": [9.5, 13.6, 6.9],
			"rotation": {"angle": 22.5, "axis": "x", "origin": [8, 14.8, 5.3]},
			"faces": {
				"north": {"uv": [0, 0, 6, 6], "rotation": 180, "texture": "#0"},
				"east": {"uv": [0, 0, 6, 6], "rotation": 270, "texture": "#0"},
				"south": {"uv": [0, 0, 6, 6], "texture": "#0"},
				"west": {"uv": [0, 0, 6, 6], "rotation": 90, "texture": "#2"},
				"up": {"uv": [0, 0, 6, 6], "rotation": 180, "texture": "#0"},
				"down": {"uv": [0, 0, 6, 6], "texture": "#2"}
			}
		},
		{
			"from": [9.5, 12.6, 5.9],
			"to": [10, 13.1, 6.9],
			"rotation": {"angle": 22.5, "axis": "x", "origin": [8, 14.8, 5.3]},
			"faces": {
				"north": {"uv": [0, 0, 6, 6], "rotation": 180, "texture": "#0"},
				"east": {"uv": [0, 0, 6, 6], "rotation": 270, "texture": "#0"},
				"south": {"uv": [0, 0, 6, 6], "texture": "#0"},
				"west": {"uv": [0, 0, 6, 6], "rotation": 90, "texture": "#2"},
				"up": {"uv": [0, 0, 6, 6], "rotation": 180, "texture": "#0"},
				"down": {"uv": [0, 0, 6, 6], "texture": "#2"}
			}
		},
		{
			"from": [9.5, 11.3, 5.9],
			"to": [10, 11.8, 6.9],
			"rotation": {"angle": 22.5, "axis": "x", "origin": [8, 14.8, 5.3]},
			"faces": {
				"north": {"uv": [0, 0, 6, 6], "rotation": 180, "texture": "#0"},
				"east": {"uv": [0, 0, 6, 6], "rotation": 270, "texture": "#0"},
				"south": {"uv": [0, 0, 6, 6], "texture": "#0"},
				"west": {"uv": [0, 0, 6, 6], "rotation": 90, "texture": "#2"},
				"up": {"uv": [0, 0, 6, 6], "rotation": 180, "texture": "#2"},
				"down": {"uv": [0, 0, 6, 6], "texture": "#0"}
			}
		},
		{
			"from": [8.5, 10.3, 5.9],
			"to": [9, 10.8, 6.9],
			"rotation": {"angle": 22.5, "axis": "x", "origin": [8, 14.8, 5.3]},
			"faces": {
				"north": {"uv": [0, 0, 6, 6], "rotation": 180, "texture": "#0"},
				"east": {"uv": [0, 0, 6, 6], "rotation": 270, "texture": "#0"},
				"south": {"uv": [0, 0, 6, 6], "texture": "#0"},
				"west": {"uv": [0, 0, 6, 6], "rotation": 90, "texture": "#2"},
				"up": {"uv": [0, 0, 6, 6], "rotation": 180, "texture": "#2"},
				"down": {"uv": [0, 0, 6, 6], "texture": "#0"}
			}
		},
		{
			"from": [9, 10.8, 5.9],
			"to": [9.5, 11.3, 6.9],
			"rotation": {"angle": 22.5, "axis": "x", "origin": [8, 14.8, 5.3]},
			"faces": {
				"north": {"uv": [0, 0, 6, 6], "rotation": 180, "texture": "#0"},
				"east": {"uv": [0, 0, 6, 6], "rotation": 270, "texture": "#0"},
				"south": {"uv": [0, 0, 6, 6], "texture": "#0"},
				"west": {"uv": [0, 0, 6, 6], "rotation": 90, "texture": "#2"},
				"up": {"uv": [0, 0, 6, 6], "rotation": 180, "texture": "#2"},
				"down": {"uv": [0, 0, 6, 6], "texture": "#0"}
			}
		},
		{
			"from": [6, 11.3, 5.9],
			"to": [6.5, 11.8, 6.9],
			"rotation": {"angle": 22.5, "axis": "x", "origin": [8, 14.8, 5.3]},
			"faces": {
				"north": {"uv": [0, 0, 6, 6], "rotation": 180, "texture": "#0"},
				"east": {"uv": [0, 0, 6, 6], "rotation": 270, "texture": "#2"},
				"south": {"uv": [0, 0, 6, 6], "texture": "#0"},
				"west": {"uv": [0, 0, 6, 6], "rotation": 90, "texture": "#0"},
				"up": {"uv": [0, 0, 6, 6], "rotation": 180, "texture": "#2"},
				"down": {"uv": [0, 0, 6, 6], "texture": "#0"}
			}
		},
		{
			"from": [6.5, 10.8, 5.9],
			"to": [7, 11.3, 6.9],
			"rotation": {"angle": 22.5, "axis": "x", "origin": [8, 14.8, 5.3]},
			"faces": {
				"north": {"uv": [0, 0, 6, 6], "rotation": 180, "texture": "#0"},
				"east": {"uv": [0, 0, 6, 6], "rotation": 270, "texture": "#2"},
				"south": {"uv": [0, 0, 6, 6], "texture": "#0"},
				"west": {"uv": [0, 0, 6, 6], "rotation": 90, "texture": "#0"},
				"up": {"uv": [0, 0, 6, 6], "rotation": 180, "texture": "#2"},
				"down": {"uv": [0, 0, 6, 6], "texture": "#0"}
			}
		},
		{
			"from": [7, 10.3, 5.9],
			"to": [7.5, 10.8, 6.9],
			"rotation": {"angle": 22.5, "axis": "x", "origin": [8, 14.8, 5.3]},
			"faces": {
				"north": {"uv": [0, 0, 6, 6], "rotation": 180, "texture": "#0"},
				"east": {"uv": [0, 0, 6, 6], "rotation": 270, "texture": "#2"},
				"south": {"uv": [0, 0, 6, 6], "texture": "#0"},
				"west": {"uv": [0, 0, 6, 6], "rotation": 90, "texture": "#0"},
				"up": {"uv": [0, 0, 6, 6], "rotation": 180, "texture": "#2"},
				"down": {"uv": [0, 0, 6, 6], "texture": "#0"}
			}
		},
		{
			"from": [7.5, 14.1, 5.9],
			"to": [8.5, 14.6, 7],
			"rotation": {"angle": 22.5, "axis": "x", "origin": [8, 14.8, 5.3]},
			"faces": {
				"north": {"uv": [0, 0, 6, 6], "rotation": 180, "texture": "#0"},
				"east": {"uv": [0, 0, 6, 6], "rotation": 270, "texture": "#0"},
				"south": {"uv": [0, 0, 6, 6], "texture": "#0"},
				"west": {"uv": [0, 0, 6, 6], "rotation": 90, "texture": "#0"},
				"up": {"uv": [0, 0, 6, 6], "rotation": 180, "texture": "#0"},
				"down": {"uv": [0, 0, 6, 6], "texture": "#2"}
			}
		},
		{
			"from": [7.5, 9.8, 5.9],
			"to": [8.5, 10.3, 7],
			"rotation": {"angle": 22.5, "axis": "x", "origin": [8, 14.8, 5.3]},
			"faces": {
				"north": {"uv": [0, 0, 6, 6], "rotation": 180, "texture": "#0"},
				"east": {"uv": [0, 0, 6, 6], "rotation": 270, "texture": "#0"},
				"south": {"uv": [0, 0, 6, 6], "texture": "#0"},
				"west": {"uv": [0, 0, 6, 6], "rotation": 90, "texture": "#0"},
				"up": {"uv": [0, 0, 6, 6], "rotation": 180, "texture": "#2"},
				"down": {"uv": [0, 0, 6, 6], "texture": "#0"}
			}
		},
		{
			"from": [10, 11.8, 5.9],
			"to": [10.5, 12.6, 7],
			"rotation": {"angle": 22.5, "axis": "x", "origin": [8, 14.8, 5.3]},
			"faces": {
				"north": {"uv": [0, 0, 6, 6], "rotation": 180, "texture": "#0"},
				"east": {"uv": [0, 0, 6, 6], "rotation": 270, "texture": "#0"},
				"south": {"uv": [0, 0, 6, 6], "texture": "#0"},
				"west": {"uv": [0, 0, 6, 6], "rotation": 90, "texture": "#2"},
				"up": {"uv": [0, 0, 6, 6], "rotation": 180, "texture": "#0"},
				"down": {"uv": [0, 0, 6, 6], "texture": "#0"}
			}
		},
		{
			"from": [5.5, 11.8, 5.9],
			"to": [6, 12.6, 7],
			"rotation": {"angle": 22.5, "axis": "x", "origin": [8, 14.8, 5.3]},
			"faces": {
				"north": {"uv": [0, 0, 6, 6], "rotation": 180, "texture": "#0"},
				"east": {"uv": [0, 0, 6, 6], "rotation": 270, "texture": "#2"},
				"south": {"uv": [0, 0, 6, 6], "texture": "#0"},
				"west": {"uv": [0, 0, 6, 6], "rotation": 90, "texture": "#0"},
				"up": {"uv": [0, 0, 6, 6], "rotation": 180, "texture": "#0"},
				"down": {"uv": [0, 0, 6, 6], "texture": "#0"}
			}
		},
		{
			"from": [6, 11.3, 6.9],
			"to": [10, 13.1, 7.9],
			"rotation": {"angle": 22.5, "axis": "x", "origin": [8, 14.8, 5.3]},
			"faces": {
				"north": {"uv": [0, 0, 6, 6], "rotation": 180, "texture": "#2"},
				"east": {"uv": [0, 0, 6, 6], "rotation": 270, "texture": "#0"},
				"south": {"uv": [0, 0, 6, 6], "texture": "#0"},
				"west": {"uv": [0, 0, 6, 6], "rotation": 90, "texture": "#0"},
				"up": {"uv": [0, 0, 6, 6], "rotation": 180, "texture": "#0"},
				"down": {"uv": [0, 0, 6, 6], "texture": "#0"}
			}
		},
		{
			"from": [6.75, 11.05, 6.8],
			"to": [9.25, 13.35, 8],
			"rotation": {"angle": 22.5, "axis": "x", "origin": [8, 14.8, 5.3]},
			"faces": {
				"north": {"uv": [0, 0, 6, 6], "rotation": 180, "texture": "#2"},
				"east": {"uv": [0, 0, 6, 6], "rotation": 270, "texture": "#0"},
				"south": {"uv": [0, 0, 6, 6], "texture": "#0"},
				"west": {"uv": [0, 0, 6, 6], "rotation": 90, "texture": "#0"},
				"up": {"uv": [0, 0, 6, 6], "rotation": 180, "texture": "#0"},
				"down": {"uv": [0, 0, 6, 6], "texture": "#0"}
			}
		},
		{
			"from": [7, 10.3, 6.9],
			"to": [9, 14.1, 7.9],
			"rotation": {"angle": 22.5, "axis": "x", "origin": [8, 14.8, 5.3]},
			"faces": {
				"north": {"uv": [0, 0, 6, 6], "rotation": 180, "texture": "#2"},
				"east": {"uv": [0, 0, 6, 6], "rotation": 270, "texture": "#0"},
				"south": {"uv": [0, 0, 6, 6], "texture": "#0"},
				"west": {"uv": [0, 0, 6, 6], "rotation": 90, "texture": "#0"},
				"up": {"uv": [0, 0, 6, 6], "rotation": 180, "texture": "#0"},
				"down": {"uv": [0, 0, 6, 6], "texture": "#0"}
			}
		},
		{
			"from": [7.5, 11.8, 6.2],
			"to": [8.5, 12.6, 7],
			"rotation": {"angle": 22.5, "axis": "x", "origin": [8, 8, 4]},
			"faces": {
				"north": {"uv": [0, 0, 6, 6], "texture": "#1"},
				"east": {"uv": [0, 0, 6, 6], "texture": "#1"},
				"south": {"uv": [0, 0, 6, 6], "texture": "#1"},
				"west": {"uv": [0, 0, 6, 6], "texture": "#1"},
				"up": {"uv": [0, 0, 6, 6], "texture": "#1"},
				"down": {"uv": [0, 0, 6, 6], "texture": "#1"}
			}
		}
	],
	"display": {
		"thirdperson_righthand": {
			"translation": [0, 6.5, 0]
		},
		"thirdperson_lefthand": {
			"translation": [0, 6.5, 0]
		},
		"firstperson_righthand": {
			"translation": [0, 5, 0]
		},
		"firstperson_lefthand": {
			"translation": [0, 5, 0]
		},
		"ground": {
			"translation": [0, 4, 0.5]
		},
		"gui": {
			"rotation": [0, 133, 0],
			"translation": [0, 0.75, 0]
		},
		"head": {
			"translation": [0, -5, 0],
			"scale": [3.5, 3.5, 3.5]
		},
		"fixed": {
			"rotation": [0, -45, 0],
			"translation": [0, 0, -1]
		}
	}
}