{
	"textures": {
		"0": "block/flower_pot",
		"1": "block/dirt",
		"3": "block/green_concrete_powder",
		"4": "block/gold_block",
		"5": "block/spruce_log",
		"6": "block/redstone_block",
		"7": "block/white_glazed_terracotta",
		"8": "block/pink_shulker_box",
		"9": "block/diamond_block",
		"10": "block/red_mushroom_block",
		"11": "block/red_shulker_box",
		"12": "block/gray_concrete",
		"13": "block/pink_concrete",
		"14": "hats/animals/hats_badface_cat"
	},
	"elements": [
		{
			"from": [7.5, 2.5, 7.5],
			"to": [8.5, 17.5, 8.5],
			"rotation": {"angle": 0, "axis": "y", "origin": [6.5, 1.59181, 9.87956]},
			"faces": {
				"north": {"uv": [0, 0, 16, 16], "texture": "#5"},
				"east": {"uv": [0, 0, 16, 16], "texture": "#5"},
				"south": {"uv": [0, 0, 16, 16], "texture": "#5"},
				"west": {"uv": [0, 0, 16, 16], "texture": "#5"},
				"up": {"uv": [0, 0, 16, 16], "texture": "#5"},
				"down": {"uv": [0, 0, 16, 16], "texture": "#5"}
			}
		},
		{
			"from": [7.4, 18, 7.4],
			"to": [8.6, 19.1, 8.6],
			"rotation": {"angle": 0, "axis": "y", "origin": [7.5, 18, 7.5]},
			"faces": {
				"north": {"uv": [7, 12, 9, 15], "texture": "#0"},
				"east": {"uv": [7, 12, 9, 15], "texture": "#0"},
				"south": {"uv": [7, 12, 9, 15], "texture": "#0"},
				"west": {"uv": [7, 12, 9, 15], "texture": "#0"},
				"up": {"uv": [7, 12, 9, 15], "texture": "#0"},
				"down": {"uv": [7, 12, 9, 15], "texture": "#0"}
			}
		},
		{
			"from": [5.5, 6.74387, 9.09649],
			"to": [10.5, 7.74387, 15.09649],
			"rotation": {"angle": 45, "axis": "x", "origin": [8, 7.24387, 11.59649]},
			"faces": {
				"north": {"uv": [0, 0, 16, 16], "texture": "#3"},
				"east": {"uv": [0, 0, 16, 16], "texture": "#3"},
				"south": {"uv": [0, 0, 16, 16], "texture": "#3"},
				"west": {"uv": [0, 0, 16, 16], "texture": "#3"},
				"up": {"uv": [0, 0, 16, 16], "texture": "#3"},
				"down": {"uv": [0, 0, 16, 16], "texture": "#3"}
			}
		},
		{
			"from": [5.6, 5.5, 7.5],
			"to": [10.4, 6.5, 14.5],
			"rotation": {"angle": 22.5, "axis": "x", "origin": [8, 6, 11]},
			"faces": {
				"north": {"uv": [0, 0, 16, 16], "texture": "#3"},
				"east": {"uv": [0, 0, 16, 16], "texture": "#3"},
				"south": {"uv": [0, 0, 16, 16], "texture": "#3"},
				"west": {"uv": [0, 0, 16, 16], "texture": "#3"},
				"up": {"uv": [0, 0, 16, 16], "texture": "#3"},
				"down": {"uv": [0, 0, 16, 16], "texture": "#3"}
			}
		},
		{
			"from": [6.1, 9.5, 7.5],
			"to": [9.9, 10.5, 13.5],
			"rotation": {"angle": 22.5, "axis": "x", "origin": [8, 10, 11]},
			"faces": {
				"north": {"uv": [0, 0, 16, 16], "texture": "#3"},
				"east": {"uv": [0, 0, 16, 16], "texture": "#3"},
				"south": {"uv": [0, 0, 16, 16], "texture": "#3"},
				"west": {"uv": [0, 0, 16, 16], "texture": "#3"},
				"up": {"uv": [0, 0, 16, 16], "texture": "#3"},
				"down": {"uv": [0, 0, 16, 16], "texture": "#3"}
			}
		},
		{
			"from": [6.6, 13.5, 7.5],
			"to": [9.4, 14.5, 12.5],
			"rotation": {"angle": 22.5, "axis": "x", "origin": [8, 14, 11]},
			"faces": {
				"north": {"uv": [0, 0, 16, 16], "texture": "#3"},
				"east": {"uv": [0, 0, 16, 16], "texture": "#3"},
				"south": {"uv": [0, 0, 16, 16], "texture": "#3"},
				"west": {"uv": [0, 0, 16, 16], "texture": "#3"},
				"up": {"uv": [0, 0, 16, 16], "texture": "#3"},
				"down": {"uv": [0, 0, 16, 16], "texture": "#3"}
			}
		},
		{
			"from": [6.5, 14.09502, 8.26295],
			"to": [9.5, 15.09502, 12.66295],
			"rotation": {"angle": 45, "axis": "x", "origin": [8, 14.59502, 11.16295]},
			"faces": {
				"north": {"uv": [0, 0, 16, 16], "texture": "#3"},
				"east": {"uv": [0, 0, 16, 16], "texture": "#3"},
				"south": {"uv": [0, 0, 16, 16], "texture": "#3"},
				"west": {"uv": [0, 0, 16, 16], "texture": "#3"},
				"up": {"uv": [0, 0, 16, 16], "texture": "#3"},
				"down": {"uv": [0, 0, 16, 16], "texture": "#3"}
			}
		},
		{
			"from": [7.4, 14.09502, 7.06295],
			"to": [8.6, 16.09502, 10.66295],
			"rotation": {"angle": 45, "axis": "x", "origin": [8, 15.59502, 11.16295]},
			"faces": {
				"north": {"uv": [0, 0, 16, 16], "texture": "#3"},
				"east": {"uv": [0, 0, 16, 16], "texture": "#3"},
				"south": {"uv": [0, 0, 16, 16], "texture": "#3"},
				"west": {"uv": [0, 0, 16, 16], "texture": "#3"},
				"up": {"uv": [0, 0, 16, 16], "texture": "#3"},
				"down": {"uv": [0, 0, 16, 16], "texture": "#3"}
			}
		},
		{
			"from": [5.7, 8.23288, 8.85333],
			"to": [10.3, 9.23288, 11.55333],
			"rotation": {"angle": 45, "axis": "x", "origin": [8, 7, 8]},
			"faces": {
				"north": {"uv": [0, 0, 16, 16], "texture": "#3"},
				"east": {"uv": [0, 0, 16, 16], "texture": "#3"},
				"south": {"uv": [0, 0, 16, 16], "texture": "#3"},
				"west": {"uv": [0, 0, 16, 16], "texture": "#3"},
				"up": {"uv": [0, 0, 16, 16], "texture": "#3"},
				"down": {"uv": [0, 0, 16, 16], "texture": "#3"}
			}
		},
		{
			"from": [6, 10.41944, 7.87972],
			"to": [10, 11.41944, 13.87972],
			"rotation": {"angle": 45, "axis": "x", "origin": [8, 10.91944, 11.37972]},
			"faces": {
				"north": {"uv": [0, 0, 16, 16], "texture": "#3"},
				"east": {"uv": [0, 0, 16, 16], "texture": "#3"},
				"south": {"uv": [0, 0, 16, 16], "texture": "#3"},
				"west": {"uv": [0, 0, 16, 16], "texture": "#3"},
				"up": {"uv": [0, 0, 16, 16], "texture": "#3"},
				"down": {"uv": [0, 0, 16, 16], "texture": "#3"}
			}
		},
		{
			"from": [2.14667, 9.23288, 5.5],
			"to": [8.14667, 10.23288, 10.5],
			"rotation": {"angle": 45, "axis": "z", "origin": [8, 7, 8]},
			"faces": {
				"north": {"uv": [0, 0, 16, 16], "texture": "#3"},
				"east": {"uv": [0, 0, 16, 16], "texture": "#3"},
				"south": {"uv": [0, 0, 16, 16], "texture": "#3"},
				"west": {"uv": [0, 0, 16, 16], "texture": "#3"},
				"up": {"uv": [0, 0, 16, 16], "texture": "#3"},
				"down": {"uv": [0, 0, 16, 16], "texture": "#3"}
			}
		},
		{
			"from": [1.35506, 6.74682, 5.6],
			"to": [8.35506, 7.74682, 10.4],
			"rotation": {"angle": 22.5, "axis": "z", "origin": [8, 7, 8]},
			"faces": {
				"north": {"uv": [0, 0, 16, 16], "texture": "#3"},
				"east": {"uv": [0, 0, 16, 16], "texture": "#3"},
				"south": {"uv": [0, 0, 16, 16], "texture": "#3"},
				"west": {"uv": [0, 0, 16, 16], "texture": "#3"},
				"up": {"uv": [0, 0, 16, 16], "texture": "#3"},
				"down": {"uv": [0, 0, 16, 16], "texture": "#3"}
			}
		},
		{
			"from": [2.35506, 10.74682, 6.1],
			"to": [8.35506, 11.74682, 9.9],
			"rotation": {"angle": 22.5, "axis": "z", "origin": [8, 11, 8]},
			"faces": {
				"north": {"uv": [0, 0, 16, 16], "texture": "#3"},
				"east": {"uv": [0, 0, 16, 16], "texture": "#3"},
				"south": {"uv": [0, 0, 16, 16], "texture": "#3"},
				"west": {"uv": [0, 0, 16, 16], "texture": "#3"},
				"up": {"uv": [0, 0, 16, 16], "texture": "#3"},
				"down": {"uv": [0, 0, 16, 16], "texture": "#3"}
			}
		},
		{
			"from": [3.35506, 14.74682, 6.6],
			"to": [8.35506, 15.74682, 9.4],
			"rotation": {"angle": 22.5, "axis": "z", "origin": [8, 15, 8]},
			"faces": {
				"north": {"uv": [0, 0, 16, 16], "texture": "#3"},
				"east": {"uv": [0, 0, 16, 16], "texture": "#3"},
				"south": {"uv": [0, 0, 16, 16], "texture": "#3"},
				"west": {"uv": [0, 0, 16, 16], "texture": "#3"},
				"up": {"uv": [0, 0, 16, 16], "texture": "#3"},
				"down": {"uv": [0, 0, 16, 16], "texture": "#3"}
			}
		},
		{
			"from": [4.58021, 16.58403, 6.5],
			"to": [8.98021, 17.58403, 9.5],
			"rotation": {"angle": 45, "axis": "z", "origin": [8.43355, 14.35115, 8]},
			"faces": {
				"north": {"uv": [0, 0, 16, 16], "texture": "#3"},
				"east": {"uv": [0, 0, 16, 16], "texture": "#3"},
				"south": {"uv": [0, 0, 16, 16], "texture": "#3"},
				"west": {"uv": [0, 0, 16, 16], "texture": "#3"},
				"up": {"uv": [0, 0, 16, 16], "texture": "#3"},
				"down": {"uv": [0, 0, 16, 16], "texture": "#3"}
			}
		},
		{
			"from": [6.58021, 16.58403, 7.4],
			"to": [10.18021, 18.58403, 8.6],
			"rotation": {"angle": 45, "axis": "z", "origin": [8.43355, 15.35115, 8]},
			"faces": {
				"north": {"uv": [0, 0, 16, 16], "texture": "#3"},
				"east": {"uv": [0, 0, 16, 16], "texture": "#3"},
				"south": {"uv": [0, 0, 16, 16], "texture": "#3"},
				"west": {"uv": [0, 0, 16, 16], "texture": "#3"},
				"up": {"uv": [0, 0, 16, 16], "texture": "#3"},
				"down": {"uv": [0, 0, 16, 16], "texture": "#3"}
			}
		},
		{
			"from": [4.44667, 8.23288, 5.7],
			"to": [7.14667, 9.23288, 10.3],
			"rotation": {"angle": 45, "axis": "z", "origin": [8, 7, 8]},
			"faces": {
				"north": {"uv": [0, 0, 16, 16], "texture": "#3"},
				"east": {"uv": [0, 0, 16, 16], "texture": "#3"},
				"south": {"uv": [0, 0, 16, 16], "texture": "#3"},
				"west": {"uv": [0, 0, 16, 16], "texture": "#3"},
				"up": {"uv": [0, 0, 16, 16], "texture": "#3"},
				"down": {"uv": [0, 0, 16, 16], "texture": "#3"}
			}
		},
		{
			"from": [3.36344, 12.90845, 6],
			"to": [9.36344, 13.90845, 10],
			"rotation": {"angle": 45, "axis": "z", "origin": [8.21677, 10.67558, 8]},
			"faces": {
				"north": {"uv": [0, 0, 16, 16], "texture": "#3"},
				"east": {"uv": [0, 0, 16, 16], "texture": "#3"},
				"south": {"uv": [0, 0, 16, 16], "texture": "#3"},
				"west": {"uv": [0, 0, 16, 16], "texture": "#3"},
				"up": {"uv": [0, 0, 16, 16], "texture": "#3"},
				"down": {"uv": [0, 0, 16, 16], "texture": "#3"}
			}
		},
		{
			"from": [4, 9.41944, 6.17972],
			"to": [7.5, 10.41944, 9.77972],
			"rotation": {"angle": 45, "axis": "z", "origin": [4, 10.91944, 7.97972]},
			"faces": {
				"north": {"uv": [0, 0, 16, 16], "texture": "#3"},
				"east": {"uv": [0, 0, 16, 16], "texture": "#3"},
				"south": {"uv": [0, 0, 16, 16], "texture": "#3"},
				"west": {"uv": [0, 0, 16, 16], "texture": "#3"},
				"up": {"uv": [0, 0, 16, 16], "texture": "#3"},
				"down": {"uv": [0, 0, 16, 16], "texture": "#3"}
			}
		},
		{
			"from": [5.6, 5.5, 1.5],
			"to": [10.4, 6.5, 8.5],
			"rotation": {"angle": -22.5, "axis": "x", "origin": [8, 6, 5]},
			"faces": {
				"north": {"uv": [0, 0, 16, 16], "texture": "#3"},
				"east": {"uv": [0, 0, 16, 16], "texture": "#3"},
				"south": {"uv": [0, 0, 16, 16], "texture": "#3"},
				"west": {"uv": [0, 0, 16, 16], "texture": "#3"},
				"up": {"uv": [0, 0, 16, 16], "texture": "#3"},
				"down": {"uv": [0, 0, 16, 16], "texture": "#3"}
			}
		},
		{
			"from": [5.5, 6.74387, 0.90351],
			"to": [10.5, 7.74387, 7.90351],
			"rotation": {"angle": -45, "axis": "x", "origin": [8, 7.24387, 4.40351]},
			"faces": {
				"north": {"uv": [0, 0, 16, 16], "texture": "#3"},
				"east": {"uv": [0, 0, 16, 16], "texture": "#3"},
				"south": {"uv": [0, 0, 16, 16], "texture": "#3"},
				"west": {"uv": [0, 0, 16, 16], "texture": "#3"},
				"up": {"uv": [0, 0, 16, 16], "texture": "#3"},
				"down": {"uv": [0, 0, 16, 16], "texture": "#3"}
			}
		},
		{
			"from": [6.1, 9.5, 2.5],
			"to": [9.9, 10.5, 8.5],
			"rotation": {"angle": -22.5, "axis": "x", "origin": [8, 10, 5]},
			"faces": {
				"north": {"uv": [0, 0, 16, 16], "texture": "#3"},
				"east": {"uv": [0, 0, 16, 16], "texture": "#3"},
				"south": {"uv": [0, 0, 16, 16], "texture": "#3"},
				"west": {"uv": [0, 0, 16, 16], "texture": "#3"},
				"up": {"uv": [0, 0, 16, 16], "texture": "#3"},
				"down": {"uv": [0, 0, 16, 16], "texture": "#3"}
			}
		},
		{
			"from": [6, 10.41944, 2.12028],
			"to": [10, 11.41944, 8.12028],
			"rotation": {"angle": -45, "axis": "x", "origin": [8, 10.91944, 4.62028]},
			"faces": {
				"north": {"uv": [0, 0, 16, 16], "texture": "#3"},
				"east": {"uv": [0, 0, 16, 16], "texture": "#3"},
				"south": {"uv": [0, 0, 16, 16], "texture": "#3"},
				"west": {"uv": [0, 0, 16, 16], "texture": "#3"},
				"up": {"uv": [0, 0, 16, 16], "texture": "#3"},
				"down": {"uv": [0, 0, 16, 16], "texture": "#3"}
			}
		},
		{
			"from": [6.6, 13.5, 3.5],
			"to": [9.4, 14.5, 8.5],
			"rotation": {"angle": -22.5, "axis": "x", "origin": [8, 14, 5]},
			"faces": {
				"north": {"uv": [0, 0, 16, 16], "texture": "#3"},
				"east": {"uv": [0, 0, 16, 16], "texture": "#3"},
				"south": {"uv": [0, 0, 16, 16], "texture": "#3"},
				"west": {"uv": [0, 0, 16, 16], "texture": "#3"},
				"up": {"uv": [0, 0, 16, 16], "texture": "#3"},
				"down": {"uv": [0, 0, 16, 16], "texture": "#3"}
			}
		},
		{
			"from": [6.5, 14.09502, 3.33705],
			"to": [9.5, 15.09502, 7.73705],
			"rotation": {"angle": -45, "axis": "x", "origin": [8, 14.59502, 4.83705]},
			"faces": {
				"north": {"uv": [0, 0, 16, 16], "texture": "#3"},
				"east": {"uv": [0, 0, 16, 16], "texture": "#3"},
				"south": {"uv": [0, 0, 16, 16], "texture": "#3"},
				"west": {"uv": [0, 0, 16, 16], "texture": "#3"},
				"up": {"uv": [0, 0, 16, 16], "texture": "#3"},
				"down": {"uv": [0, 0, 16, 16], "texture": "#3"}
			}
		},
		{
			"from": [7.4, 14.09502, 5.33705],
			"to": [8.6, 16.09502, 8.93705],
			"rotation": {"angle": -45, "axis": "x", "origin": [8, 15.59502, 4.83705]},
			"faces": {
				"north": {"uv": [0, 0, 16, 16], "texture": "#3"},
				"east": {"uv": [0, 0, 16, 16], "texture": "#3"},
				"south": {"uv": [0, 0, 16, 16], "texture": "#3"},
				"west": {"uv": [0, 0, 16, 16], "texture": "#3"},
				"up": {"uv": [0, 0, 16, 16], "texture": "#3"},
				"down": {"uv": [0, 0, 16, 16], "texture": "#3"}
			}
		},
		{
			"from": [5.7, 8.23288, 4.44667],
			"to": [10.3, 9.23288, 7.14667],
			"rotation": {"angle": -45, "axis": "x", "origin": [8, 7, 8]},
			"faces": {
				"north": {"uv": [0, 0, 16, 16], "texture": "#3"},
				"east": {"uv": [0, 0, 16, 16], "texture": "#3"},
				"south": {"uv": [0, 0, 16, 16], "texture": "#3"},
				"west": {"uv": [0, 0, 16, 16], "texture": "#3"},
				"up": {"uv": [0, 0, 16, 16], "texture": "#3"},
				"down": {"uv": [0, 0, 16, 16], "texture": "#3"}
			}
		},
		{
			"from": [6.2, 9.41944, 3.97972],
			"to": [9.8, 10.41944, 7.47972],
			"rotation": {"angle": -45, "axis": "x", "origin": [8, 10.91944, 3.97972]},
			"faces": {
				"north": {"uv": [0, 0, 16, 16], "texture": "#3"},
				"east": {"uv": [0, 0, 16, 16], "texture": "#3"},
				"south": {"uv": [0, 0, 16, 16], "texture": "#3"},
				"west": {"uv": [0, 0, 16, 16], "texture": "#3"},
				"up": {"uv": [0, 0, 16, 16], "texture": "#3"},
				"down": {"uv": [0, 0, 16, 16], "texture": "#3"}
			}
		},
		{
			"from": [7.85333, 9.23288, 5.5],
			"to": [13.85333, 10.23288, 10.5],
			"rotation": {"angle": -45, "axis": "z", "origin": [8, 7, 8]},
			"faces": {
				"north": {"uv": [0, 0, 16, 16], "texture": "#3"},
				"east": {"uv": [0, 0, 16, 16], "texture": "#3"},
				"south": {"uv": [0, 0, 16, 16], "texture": "#3"},
				"west": {"uv": [0, 0, 16, 16], "texture": "#3"},
				"up": {"uv": [0, 0, 16, 16], "texture": "#3"},
				"down": {"uv": [0, 0, 16, 16], "texture": "#3"}
			}
		},
		{
			"from": [7.64494, 6.74682, 5.6],
			"to": [14.64494, 7.74682, 10.4],
			"rotation": {"angle": -22.5, "axis": "z", "origin": [8, 7, 8]},
			"faces": {
				"north": {"uv": [0, 0, 16, 16], "texture": "#3"},
				"east": {"uv": [0, 0, 16, 16], "texture": "#3"},
				"south": {"uv": [0, 0, 16, 16], "texture": "#3"},
				"west": {"uv": [0, 0, 16, 16], "texture": "#3"},
				"up": {"uv": [0, 0, 16, 16], "texture": "#3"},
				"down": {"uv": [0, 0, 16, 16], "texture": "#3"}
			}
		},
		{
			"from": [6.63656, 12.90845, 6],
			"to": [12.63656, 13.90845, 10],
			"rotation": {"angle": -45, "axis": "z", "origin": [7.78323, 10.67558, 8]},
			"faces": {
				"north": {"uv": [0, 0, 16, 16], "texture": "#3"},
				"east": {"uv": [0, 0, 16, 16], "texture": "#3"},
				"south": {"uv": [0, 0, 16, 16], "texture": "#3"},
				"west": {"uv": [0, 0, 16, 16], "texture": "#3"},
				"up": {"uv": [0, 0, 16, 16], "texture": "#3"},
				"down": {"uv": [0, 0, 16, 16], "texture": "#3"}
			}
		},
		{
			"from": [7.64494, 10.74682, 6.1],
			"to": [13.64494, 11.74682, 9.9],
			"rotation": {"angle": -22.5, "axis": "z", "origin": [8, 11, 8]},
			"faces": {
				"north": {"uv": [0, 0, 16, 16], "texture": "#3"},
				"east": {"uv": [0, 0, 16, 16], "texture": "#3"},
				"south": {"uv": [0, 0, 16, 16], "texture": "#3"},
				"west": {"uv": [0, 0, 16, 16], "texture": "#3"},
				"up": {"uv": [0, 0, 16, 16], "texture": "#3"},
				"down": {"uv": [0, 0, 16, 16], "texture": "#3"}
			}
		},
		{
			"from": [7.64494, 14.74682, 6.6],
			"to": [12.64494, 15.74682, 9.4],
			"rotation": {"angle": -22.5, "axis": "z", "origin": [8, 15, 8]},
			"faces": {
				"north": {"uv": [0, 0, 16, 16], "texture": "#3"},
				"east": {"uv": [0, 0, 16, 16], "texture": "#3"},
				"south": {"uv": [0, 0, 16, 16], "texture": "#3"},
				"west": {"uv": [0, 0, 16, 16], "texture": "#3"},
				"up": {"uv": [0, 0, 16, 16], "texture": "#3"},
				"down": {"uv": [0, 0, 16, 16], "texture": "#3"}
			}
		},
		{
			"from": [7.06979, 16.58403, 6.5],
			"to": [11.41979, 17.58403, 9.5],
			"rotation": {"angle": -45, "axis": "z", "origin": [7.56645, 14.35115, 8]},
			"faces": {
				"north": {"uv": [0, 0, 16, 16], "texture": "#3"},
				"east": {"uv": [0, 0, 16, 16], "texture": "#3"},
				"south": {"uv": [0, 0, 16, 16], "texture": "#3"},
				"west": {"uv": [0, 0, 16, 16], "texture": "#3"},
				"up": {"uv": [0, 0, 16, 16], "texture": "#3"},
				"down": {"uv": [0, 0, 16, 16], "texture": "#3"}
			}
		},
		{
			"from": [5.86979, 16.58403, 7.4],
			"to": [9.41979, 18.58403, 8.6],
			"rotation": {"angle": -45, "axis": "z", "origin": [7.56645, 15.35115, 8]},
			"faces": {
				"north": {"uv": [0, 0, 16, 16], "texture": "#3"},
				"east": {"uv": [0, 0, 16, 16], "texture": "#3"},
				"south": {"uv": [0, 0, 16, 16], "texture": "#3"},
				"west": {"uv": [0, 0, 16, 16], "texture": "#3"},
				"up": {"uv": [0, 0, 16, 16], "texture": "#3"},
				"down": {"uv": [0, 0, 16, 16], "texture": "#3"}
			}
		},
		{
			"from": [8.85333, 8.23288, 5.7],
			"to": [11.55333, 9.23288, 10.3],
			"rotation": {"angle": -45, "axis": "z", "origin": [8, 7, 8]},
			"faces": {
				"north": {"uv": [0, 0, 16, 16], "texture": "#3"},
				"east": {"uv": [0, 0, 16, 16], "texture": "#3"},
				"south": {"uv": [0, 0, 16, 16], "texture": "#3"},
				"west": {"uv": [0, 0, 16, 16], "texture": "#3"},
				"up": {"uv": [0, 0, 16, 16], "texture": "#3"},
				"down": {"uv": [0, 0, 16, 16], "texture": "#3"}
			}
		},
		{
			"from": [8.5, 9.41944, 6.17972],
			"to": [12, 10.41944, 9.77972],
			"rotation": {"angle": -45, "axis": "z", "origin": [12, 10.91944, 7.97972]},
			"faces": {
				"north": {"uv": [0, 0, 16, 16], "texture": "#3"},
				"east": {"uv": [0, 0, 16, 16], "texture": "#3"},
				"south": {"uv": [0, 0, 16, 16], "texture": "#3"},
				"west": {"uv": [0, 0, 16, 16], "texture": "#3"},
				"up": {"uv": [0, 0, 16, 16], "texture": "#3"},
				"down": {"uv": [0, 0, 16, 16], "texture": "#3"}
			}
		},
		{
			"from": [6.2, 9.41944, 7.87972],
			"to": [9.8, 10.41944, 11.37972],
			"rotation": {"angle": 45, "axis": "x", "origin": [8, 10.91944, 11.37972]},
			"faces": {
				"north": {"uv": [0, 0, 16, 16], "texture": "#3"},
				"east": {"uv": [0, 0, 16, 16], "texture": "#3"},
				"south": {"uv": [0, 0, 16, 16], "texture": "#3"},
				"west": {"uv": [0, 0, 16, 16], "texture": "#3"},
				"up": {"uv": [0, 0, 16, 16], "texture": "#3"},
				"down": {"uv": [0, 0, 16, 16], "texture": "#3"}
			}
		},
		{
			"from": [6.7, 13.59502, 8.33705],
			"to": [9.3, 14.09502, 10.23705],
			"rotation": {"angle": 45, "axis": "x", "origin": [8, 14.59502, 11.23705]},
			"faces": {
				"north": {"uv": [0, 0, 16, 16], "rotation": 180, "texture": "#3"},
				"east": {"uv": [0, 0, 16, 16], "rotation": 180, "texture": "#3"},
				"south": {"uv": [0, 0, 16, 16], "rotation": 180, "texture": "#3"},
				"west": {"uv": [0, 0, 16, 16], "rotation": 180, "texture": "#3"},
				"up": {"uv": [0, 0, 16, 16], "rotation": 180, "texture": "#3"},
				"down": {"uv": [0, 0, 16, 16], "rotation": 180, "texture": "#3"}
			}
		},
		{
			"from": [8.35, 13.59502, 6.68705],
			"to": [10.25, 14.09502, 9.28705],
			"rotation": {"angle": -45, "axis": "z", "origin": [11.25, 14.59502, 7.98705]},
			"faces": {
				"north": {"uv": [0, 0, 16, 16], "rotation": 90, "texture": "#3"},
				"east": {"uv": [0, 0, 16, 16], "rotation": 90, "texture": "#3"},
				"south": {"uv": [0, 0, 16, 16], "rotation": 90, "texture": "#3"},
				"west": {"uv": [0, 0, 16, 16], "rotation": 90, "texture": "#3"},
				"up": {"uv": [0, 0, 16, 16], "rotation": 90, "texture": "#3"},
				"down": {"uv": [0, 0, 16, 16], "rotation": 90, "texture": "#3"}
			}
		},
		{
			"from": [6.7, 13.59502, 5.83705],
			"to": [9.3, 14.09502, 7.73705],
			"rotation": {"angle": -45, "axis": "x", "origin": [8, 14.59502, 4.83705]},
			"faces": {
				"north": {"uv": [0, 0, 16, 16], "texture": "#3"},
				"east": {"uv": [0, 0, 16, 16], "texture": "#3"},
				"south": {"uv": [0, 0, 16, 16], "texture": "#3"},
				"west": {"uv": [0, 0, 16, 16], "texture": "#3"},
				"up": {"uv": [0, 0, 16, 16], "texture": "#3"},
				"down": {"uv": [0, 0, 16, 16], "texture": "#3"}
			}
		},
		{
			"from": [6.5, 15.99918, 6.53411],
			"to": [9.5, 16.99918, 9.46589],
			"rotation": {"angle": 0, "axis": "x", "origin": [8, 16.49918, 7.96589]},
			"faces": {
				"north": {"uv": [0, 0, 16, 16], "texture": "#3"},
				"east": {"uv": [0, 0, 16, 16], "texture": "#3"},
				"south": {"uv": [0, 0, 16, 16], "texture": "#3"},
				"west": {"uv": [0, 0, 16, 16], "texture": "#3"},
				"up": {"uv": [0, 0, 16, 16], "texture": "#3"},
				"down": {"uv": [0, 0, 16, 16], "texture": "#3"}
			}
		},
		{
			"from": [5.75, 13.59502, 6.68705],
			"to": [7.65, 14.09502, 9.28705],
			"rotation": {"angle": 45, "axis": "z", "origin": [4.75, 14.59502, 7.98705]},
			"faces": {
				"north": {"uv": [0, 0, 16, 16], "texture": "#3"},
				"east": {"uv": [0, 0, 16, 16], "texture": "#3"},
				"south": {"uv": [0, 0, 16, 16], "texture": "#3"},
				"west": {"uv": [0, 0, 16, 16], "texture": "#3"},
				"up": {"uv": [0, 0, 16, 16], "texture": "#3"},
				"down": {"uv": [0, 0, 16, 16], "texture": "#3"}
			}
		},
		{
			"from": [7.75, 18, 7.75],
			"to": [8.25, 20, 8.25],
			"rotation": {"angle": 0, "axis": "y", "origin": [8, 18.5, 8]},
			"faces": {
				"north": {"uv": [0, 0, 0.5, 2], "texture": "#4"},
				"east": {"uv": [0, 0, 0.5, 2], "texture": "#4"},
				"south": {"uv": [0, 0, 0.5, 2], "texture": "#4"},
				"west": {"uv": [0, 0, 0.5, 2], "texture": "#4"},
				"up": {"uv": [0, 0, 0.5, 0.5], "texture": "#4"},
				"down": {"uv": [0, 0, 0.5, 0.5], "texture": "#4"}
			}
		},
		{
			"from": [6.5, 19.5, 7.503],
			"to": [7.5, 21.25, 8.497],
			"rotation": {"angle": -45, "axis": "z", "origin": [7, 19.75, 8]},
			"faces": {
				"north": {"uv": [0, 0, 16, 16], "texture": "#4"},
				"east": {"uv": [0, 0, 16, 16], "texture": "#4"},
				"south": {"uv": [0, 0, 16, 16], "texture": "#4"},
				"west": {"uv": [0, 0, 16, 16], "texture": "#4"},
				"up": {"uv": [0, 0, 16, 16], "texture": "#4"},
				"down": {"uv": [0, 0, 16, 16], "texture": "#4"}
			}
		},
		{
			"from": [8.5, 19.5, 7.504],
			"to": [9.5, 21.25, 8.496],
			"rotation": {"angle": 45, "axis": "z", "origin": [9, 19.75, 8]},
			"faces": {
				"north": {"uv": [0, 0, 16, 16], "texture": "#4"},
				"east": {"uv": [0, 0, 16, 16], "texture": "#4"},
				"south": {"uv": [0, 0, 16, 16], "texture": "#4"},
				"west": {"uv": [0, 0, 16, 16], "texture": "#4"},
				"up": {"uv": [0, 0, 16, 16], "texture": "#4"},
				"down": {"uv": [0, 0, 16, 16], "texture": "#4"}
			}
		},
		{
			"from": [7.75, 20.75, 7.5],
			"to": [9.5, 21.75, 8.5],
			"rotation": {"angle": 22.5, "axis": "z", "origin": [9.25, 21.25, 8]},
			"faces": {
				"north": {"uv": [0, 0, 16, 16], "rotation": 270, "texture": "#4"},
				"east": {"uv": [0, 0, 16, 16], "rotation": 270, "texture": "#4"},
				"south": {"uv": [0, 0, 16, 16], "rotation": 270, "texture": "#4"},
				"west": {"uv": [0, 0, 16, 16], "rotation": 270, "texture": "#4"},
				"up": {"uv": [0, 0, 16, 16], "rotation": 270, "texture": "#4"},
				"down": {"uv": [0, 0, 16, 16], "rotation": 270, "texture": "#4"}
			}
		},
		{
			"from": [6.5, 20.75, 7.502],
			"to": [8.25, 21.75, 8.498],
			"rotation": {"angle": -22.5, "axis": "z", "origin": [6.75, 21.25, 8]},
			"faces": {
				"north": {"uv": [0, 0, 16, 16], "rotation": 270, "texture": "#4"},
				"east": {"uv": [0, 0, 16, 16], "rotation": 270, "texture": "#4"},
				"south": {"uv": [0, 0, 16, 16], "rotation": 270, "texture": "#4"},
				"west": {"uv": [0, 0, 16, 16], "rotation": 270, "texture": "#4"},
				"up": {"uv": [0, 0, 16, 16], "rotation": 270, "texture": "#4"},
				"down": {"uv": [0, 0, 16, 16], "rotation": 270, "texture": "#4"}
			}
		},
		{
			"from": [7.5, 20.5, 7.501],
			"to": [8.5, 22.25, 8.499],
			"rotation": {"angle": 0, "axis": "y", "origin": [8, 21.75, 8]},
			"faces": {
				"north": {"uv": [0, 0, 16, 16], "texture": "#4"},
				"east": {"uv": [0, 0, 16, 16], "texture": "#4"},
				"south": {"uv": [0, 0, 16, 16], "texture": "#4"},
				"west": {"uv": [0, 0, 16, 16], "texture": "#4"},
				"up": {"uv": [0, 0, 16, 16], "texture": "#4"},
				"down": {"uv": [0, 0, 16, 16], "texture": "#4"}
			}
		},
		{
			"from": [7.75, 18.01851, 7.15694],
			"to": [8.25, 20.01851, 7.65694],
			"rotation": {"angle": 22.5, "axis": "x", "origin": [8, 18.51851, 7.40694]},
			"faces": {
				"north": {"uv": [0, 0, 0.5, 2], "texture": "#4"},
				"east": {"uv": [0, 0, 0.5, 2], "texture": "#4"},
				"south": {"uv": [0, 0, 0.5, 2], "texture": "#4"},
				"west": {"uv": [0, 0, 0.5, 2], "texture": "#4"},
				"up": {"uv": [0, 0, 0.5, 0.5], "texture": "#4"},
				"down": {"uv": [0, 0, 0.5, 0.5], "texture": "#4"}
			}
		},
		{
			"from": [8.34306, 18.01851, 7.75],
			"to": [8.84306, 20.01851, 8.25],
			"rotation": {"angle": 22.5, "axis": "z", "origin": [8.59306, 18.51851, 8]},
			"faces": {
				"north": {"uv": [0, 0, 0.5, 2], "texture": "#4"},
				"east": {"uv": [0, 0, 0.5, 2], "texture": "#4"},
				"south": {"uv": [0, 0, 0.5, 2], "texture": "#4"},
				"west": {"uv": [0, 0, 0.5, 2], "texture": "#4"},
				"up": {"uv": [0, 0, 0.5, 0.5], "rotation": 90, "texture": "#4"},
				"down": {"uv": [0, 0, 0.5, 0.5], "rotation": 270, "texture": "#4"}
			}
		},
		{
			"from": [7.75, 18.01851, 8.34306],
			"to": [8.25, 20.01851, 8.84306],
			"rotation": {"angle": -22.5, "axis": "x", "origin": [8, 18.51851, 8.59306]},
			"faces": {
				"north": {"uv": [0, 0, 0.5, 2], "texture": "#4"},
				"east": {"uv": [0, 0, 0.5, 2], "texture": "#4"},
				"south": {"uv": [0, 0, 0.5, 2], "texture": "#4"},
				"west": {"uv": [0, 0, 0.5, 2], "texture": "#4"},
				"up": {"uv": [0, 0, 0.5, 0.5], "rotation": 180, "texture": "#4"},
				"down": {"uv": [0, 0, 0.5, 0.5], "rotation": 180, "texture": "#4"}
			}
		},
		{
			"from": [7.15694, 18.01851, 7.75],
			"to": [7.65694, 20.01851, 8.25],
			"rotation": {"angle": -22.5, "axis": "z", "origin": [7.40694, 18.51851, 8]},
			"faces": {
				"north": {"uv": [0, 0, 0.5, 2], "texture": "#4"},
				"east": {"uv": [0, 0, 0.5, 2], "texture": "#4"},
				"south": {"uv": [0, 0, 0.5, 2], "texture": "#4"},
				"west": {"uv": [0, 0, 0.5, 2], "texture": "#4"},
				"up": {"uv": [0, 0, 0.5, 0.5], "rotation": 270, "texture": "#4"},
				"down": {"uv": [0, 0, 0.5, 0.5], "rotation": 90, "texture": "#4"}
			}
		},
		{
			"name": "red",
			"from": [6.75, 6, 3],
			"to": [7.25, 6.5, 3.5],
			"rotation": {"angle": -45, "axis": "x", "origin": [6.5, 6, 2.5]},
			"faces": {
				"north": {"uv": [0, 0, 16, 16], "texture": "#6"},
				"east": {"uv": [0, 0, 16, 16], "texture": "#6"},
				"south": {"uv": [0, 0, 16, 16], "texture": "#6"},
				"west": {"uv": [0, 0, 16, 16], "texture": "#6"},
				"up": {"uv": [0, 0, 16, 16], "texture": "#6"},
				"down": {"uv": [0, 0, 16, 16], "texture": "#6"}
			}
		},
		{
			"name": "red",
			"from": [7.25, 10, 12.75],
			"to": [7.75, 10.5, 13.25],
			"rotation": {"angle": -45, "axis": "x", "origin": [7, 10, 12.25]},
			"faces": {
				"north": {"uv": [0, 0, 16, 16], "texture": "#6"},
				"east": {"uv": [0, 0, 16, 16], "texture": "#6"},
				"south": {"uv": [0, 0, 16, 16], "texture": "#6"},
				"west": {"uv": [0, 0, 16, 16], "texture": "#6"},
				"up": {"uv": [0, 0, 16, 16], "texture": "#6"},
				"down": {"uv": [0, 0, 16, 16], "texture": "#6"}
			}
		},
		{
			"name": "red",
			"from": [13.25, 6, 6],
			"to": [13.75, 6.5, 6.5],
			"rotation": {"angle": 45, "axis": "z", "origin": [13, 6, 5.5]},
			"faces": {
				"north": {"uv": [0, 0, 16, 16], "texture": "#6"},
				"east": {"uv": [0, 0, 16, 16], "texture": "#6"},
				"south": {"uv": [0, 0, 16, 16], "texture": "#6"},
				"west": {"uv": [0, 0, 16, 16], "texture": "#6"},
				"up": {"uv": [0, 0, 16, 16], "texture": "#6"},
				"down": {"uv": [0, 0, 16, 16], "texture": "#6"}
			}
		},
		{
			"name": "red",
			"from": [3.25, 10, 7],
			"to": [3.75, 10.5, 7.5],
			"rotation": {"angle": 45, "axis": "z", "origin": [3, 10, 6.5]},
			"faces": {
				"north": {"uv": [0, 0, 16, 16], "texture": "#6"},
				"east": {"uv": [0, 0, 16, 16], "texture": "#6"},
				"south": {"uv": [0, 0, 16, 16], "texture": "#6"},
				"west": {"uv": [0, 0, 16, 16], "texture": "#6"},
				"up": {"uv": [0, 0, 16, 16], "texture": "#6"},
				"down": {"uv": [0, 0, 16, 16], "texture": "#6"}
			}
		},
		{
			"name": "red",
			"from": [8.5, 14.75, 11.5],
			"to": [9, 15.25, 12],
			"rotation": {"angle": -45, "axis": "x", "origin": [8.25, 14.75, 11]},
			"faces": {
				"north": {"uv": [0, 0, 16, 16], "texture": "#6"},
				"east": {"uv": [0, 0, 16, 16], "texture": "#6"},
				"south": {"uv": [0, 0, 16, 16], "texture": "#6"},
				"west": {"uv": [0, 0, 16, 16], "texture": "#6"},
				"up": {"uv": [0, 0, 16, 16], "texture": "#6"},
				"down": {"uv": [0, 0, 16, 16], "texture": "#6"}
			}
		},
		{
			"name": "yellow",
			"from": [8.25, 11, 4],
			"to": [8.75, 11.5, 4.5],
			"rotation": {"angle": -45, "axis": "x", "origin": [8.25, 11, 4]},
			"faces": {
				"north": {"uv": [0, 0, 16, 16], "texture": "#4"},
				"east": {"uv": [0, 0, 16, 16], "texture": "#4"},
				"south": {"uv": [0, 0, 16, 16], "texture": "#4"},
				"west": {"uv": [0, 0, 16, 16], "texture": "#4"},
				"up": {"uv": [0, 0, 16, 16], "texture": "#4"},
				"down": {"uv": [0, 0, 16, 16], "texture": "#4"}
			}
		},
		{
			"name": "yellow",
			"from": [11.25, 11, 8],
			"to": [11.75, 11.5, 8.5],
			"rotation": {"angle": -45, "axis": "z", "origin": [11.75, 11, 8]},
			"faces": {
				"north": {"uv": [0, 0, 16, 16], "texture": "#4"},
				"east": {"uv": [0, 0, 16, 16], "texture": "#4"},
				"south": {"uv": [0, 0, 16, 16], "texture": "#4"},
				"west": {"uv": [0, 0, 16, 16], "texture": "#4"},
				"up": {"uv": [0, 0, 16, 16], "rotation": 90, "texture": "#4"},
				"down": {"uv": [0, 0, 16, 16], "rotation": 270, "texture": "#4"}
			}
		},
		{
			"name": "yellow",
			"from": [4.5, 15.25, 7],
			"to": [5, 15.75, 7.5],
			"rotation": {"angle": -45, "axis": "z", "origin": [5, 15.25, 7]},
			"faces": {
				"north": {"uv": [0, 0, 16, 16], "texture": "#4"},
				"east": {"uv": [0, 0, 16, 16], "texture": "#4"},
				"south": {"uv": [0, 0, 16, 16], "texture": "#4"},
				"west": {"uv": [0, 0, 16, 16], "texture": "#4"},
				"up": {"uv": [0, 0, 16, 16], "rotation": 90, "texture": "#4"},
				"down": {"uv": [0, 0, 16, 16], "rotation": 270, "texture": "#4"}
			}
		},
		{
			"name": "yellow",
			"from": [9.5, 7.25, 12],
			"to": [10, 7.75, 12.5],
			"rotation": {"angle": -45, "axis": "x", "origin": [9.5, 7.25, 12]},
			"faces": {
				"north": {"uv": [0, 0, 16, 16], "texture": "#4"},
				"east": {"uv": [0, 0, 16, 16], "texture": "#4"},
				"south": {"uv": [0, 0, 16, 16], "texture": "#4"},
				"west": {"uv": [0, 0, 16, 16], "texture": "#4"},
				"up": {"uv": [0, 0, 16, 16], "texture": "#4"},
				"down": {"uv": [0, 0, 16, 16], "texture": "#4"}
			}
		},
		{
			"name": "white",
			"from": [7.5, 5.75, 13.5],
			"to": [8, 6.25, 14],
			"rotation": {"angle": -45, "axis": "x", "origin": [7.5, 5.75, 13.5]},
			"faces": {
				"north": {"uv": [0, 0, 16, 16], "texture": "#7"},
				"east": {"uv": [0, 0, 16, 16], "texture": "#7"},
				"south": {"uv": [0, 0, 16, 16], "texture": "#7"},
				"west": {"uv": [0, 0, 16, 16], "texture": "#7"},
				"up": {"uv": [0, 0, 16, 16], "texture": "#7"},
				"down": {"uv": [0, 0, 16, 16], "texture": "#7"}
			}
		},
		{
			"name": "white",
			"from": [7.25, 14.75, 4.5],
			"to": [7.75, 15.25, 5],
			"rotation": {"angle": -45, "axis": "x", "origin": [7.25, 14.75, 4.5]},
			"faces": {
				"north": {"uv": [0, 0, 16, 16], "texture": "#7"},
				"east": {"uv": [0, 0, 16, 16], "texture": "#7"},
				"south": {"uv": [0, 0, 16, 16], "texture": "#7"},
				"west": {"uv": [0, 0, 16, 16], "texture": "#7"},
				"up": {"uv": [0, 0, 16, 16], "texture": "#7"},
				"down": {"uv": [0, 0, 16, 16], "texture": "#7"}
			}
		},
		{
			"name": "white",
			"from": [11, 14.75, 7],
			"to": [11.5, 15.25, 7.5],
			"rotation": {"angle": -45, "axis": "z", "origin": [11.5, 14.75, 7]},
			"faces": {
				"north": {"uv": [0, 0, 16, 16], "texture": "#7"},
				"east": {"uv": [0, 0, 16, 16], "texture": "#7"},
				"south": {"uv": [0, 0, 16, 16], "texture": "#7"},
				"west": {"uv": [0, 0, 16, 16], "texture": "#7"},
				"up": {"uv": [0, 0, 16, 16], "rotation": 90, "texture": "#7"},
				"down": {"uv": [0, 0, 16, 16], "rotation": 270, "texture": "#7"}
			}
		},
		{
			"name": "white",
			"from": [2.25, 6.25, 9],
			"to": [2.75, 6.75, 9.5],
			"rotation": {"angle": -45, "axis": "z", "origin": [2.75, 6.25, 9]},
			"faces": {
				"north": {"uv": [0, 0, 16, 16], "texture": "#7"},
				"east": {"uv": [0, 0, 16, 16], "texture": "#7"},
				"south": {"uv": [0, 0, 16, 16], "texture": "#7"},
				"west": {"uv": [0, 0, 16, 16], "texture": "#7"},
				"up": {"uv": [0, 0, 16, 16], "rotation": 90, "texture": "#7"},
				"down": {"uv": [0, 0, 16, 16], "rotation": 270, "texture": "#7"}
			}
		},
		{
			"name": "pink",
			"from": [2.75, 6.75, 6.75],
			"to": [3.25, 7.25, 7.25],
			"rotation": {"angle": -45, "axis": "z", "origin": [3.25, 6.75, 6.75]},
			"faces": {
				"north": {"uv": [0, 0, 16, 16], "texture": "#8"},
				"east": {"uv": [0, 0, 16, 16], "texture": "#8"},
				"south": {"uv": [0, 0, 16, 16], "texture": "#8"},
				"west": {"uv": [0, 0, 16, 16], "texture": "#8"},
				"up": {"uv": [0, 0, 16, 16], "rotation": 90, "texture": "#8"},
				"down": {"uv": [0, 0, 16, 16], "rotation": 270, "texture": "#8"}
			}
		},
		{
			"name": "pink",
			"from": [12.25, 10.25, 6.75],
			"to": [12.75, 10.75, 7.25],
			"rotation": {"angle": -45, "axis": "z", "origin": [12.75, 10.25, 6.75]},
			"faces": {
				"north": {"uv": [0, 0, 16, 16], "texture": "#8"},
				"east": {"uv": [0, 0, 16, 16], "texture": "#8"},
				"south": {"uv": [0, 0, 16, 16], "texture": "#8"},
				"west": {"uv": [0, 0, 16, 16], "texture": "#8"},
				"up": {"uv": [0, 0, 16, 16], "rotation": 90, "texture": "#8"},
				"down": {"uv": [0, 0, 16, 16], "rotation": 270, "texture": "#8"}
			}
		},
		{
			"name": "pink",
			"from": [7, 14.5, 11.25],
			"to": [7.5, 15, 11.75],
			"rotation": {"angle": 45, "axis": "x", "origin": [7.5, 14.5, 11.75]},
			"faces": {
				"north": {"uv": [0, 0, 16, 16], "texture": "#8"},
				"east": {"uv": [0, 0, 16, 16], "texture": "#8"},
				"south": {"uv": [0, 0, 16, 16], "texture": "#8"},
				"west": {"uv": [0, 0, 16, 16], "texture": "#8"},
				"up": {"uv": [0, 0, 16, 16], "rotation": 180, "texture": "#8"},
				"down": {"uv": [0, 0, 16, 16], "rotation": 180, "texture": "#8"}
			}
		},
		{
			"name": "pink",
			"from": [7, 11.75, 4.5],
			"to": [7.5, 12.25, 5],
			"rotation": {"angle": 45, "axis": "x", "origin": [7.5, 11.75, 5]},
			"faces": {
				"north": {"uv": [0, 0, 16, 16], "texture": "#8"},
				"east": {"uv": [0, 0, 16, 16], "texture": "#8"},
				"south": {"uv": [0, 0, 16, 16], "texture": "#8"},
				"west": {"uv": [0, 0, 16, 16], "texture": "#8"},
				"up": {"uv": [0, 0, 16, 16], "rotation": 180, "texture": "#8"},
				"down": {"uv": [0, 0, 16, 16], "rotation": 180, "texture": "#8"}
			}
		},
		{
			"name": "light_blue",
			"from": [8.75, 6.5, 3.25],
			"to": [9.25, 7, 3.75],
			"rotation": {"angle": 45, "axis": "x", "origin": [9.25, 7, 3.75]},
			"faces": {
				"north": {"uv": [0, 0, 16, 16], "texture": "#9"},
				"east": {"uv": [0, 0, 16, 16], "texture": "#9"},
				"south": {"uv": [0, 0, 16, 16], "texture": "#9"},
				"west": {"uv": [0, 0, 16, 16], "texture": "#9"},
				"up": {"uv": [0, 0, 16, 16], "rotation": 180, "texture": "#9"},
				"down": {"uv": [0, 0, 16, 16], "rotation": 180, "texture": "#9"}
			}
		},
		{
			"name": "light_blue",
			"from": [8.75, 11.25, 11],
			"to": [9.25, 11.75, 11.5],
			"rotation": {"angle": 45, "axis": "x", "origin": [9.25, 11.25, 11.5]},
			"faces": {
				"north": {"uv": [0, 0, 16, 16], "texture": "#9"},
				"east": {"uv": [0, 0, 16, 16], "texture": "#9"},
				"south": {"uv": [0, 0, 16, 16], "texture": "#9"},
				"west": {"uv": [0, 0, 16, 16], "texture": "#9"},
				"up": {"uv": [0, 0, 16, 16], "rotation": 180, "texture": "#9"},
				"down": {"uv": [0, 0, 16, 16], "rotation": 180, "texture": "#9"}
			}
		},
		{
			"name": "light_blue",
			"from": [13.25, 6.25, 8.75],
			"to": [13.75, 6.75, 9.25],
			"rotation": {"angle": 45, "axis": "z", "origin": [13.25, 6.25, 9.25]},
			"faces": {
				"north": {"uv": [0, 0, 16, 16], "texture": "#9"},
				"east": {"uv": [0, 0, 16, 16], "texture": "#9"},
				"south": {"uv": [0, 0, 16, 16], "texture": "#9"},
				"west": {"uv": [0, 0, 16, 16], "texture": "#9"},
				"up": {"uv": [0, 0, 16, 16], "rotation": 270, "texture": "#9"},
				"down": {"uv": [0, 0, 16, 16], "rotation": 90, "texture": "#9"}
			}
		},
		{
			"name": "light_blue",
			"from": [4.25, 11.25, 8.75],
			"to": [4.75, 11.75, 9.25],
			"rotation": {"angle": 45, "axis": "z", "origin": [4.25, 11.25, 9.25]},
			"faces": {
				"north": {"uv": [0, 0, 16, 16], "texture": "#9"},
				"east": {"uv": [0, 0, 16, 16], "texture": "#9"},
				"south": {"uv": [0, 0, 16, 16], "texture": "#9"},
				"west": {"uv": [0, 0, 16, 16], "texture": "#9"},
				"up": {"uv": [0, 0, 16, 16], "rotation": 270, "texture": "#9"},
				"down": {"uv": [0, 0, 16, 16], "rotation": 90, "texture": "#9"}
			}
		},
		{
			"from": [2.17157, 15.88265, 10.80776],
			"to": [2.42157, 17.88265, 11.05776],
			"rotation": {"angle": -45, "axis": "z", "origin": [2.42157, 11.88265, 11.05776]},
			"faces": {
				"north": {"uv": [16, 0, 0, 16], "rotation": 270, "texture": "#10"},
				"east": {"uv": [16, 0, 0, 16], "rotation": 90, "texture": "#10"},
				"south": {"uv": [16, 0, 0, 16], "rotation": 270, "texture": "#10"},
				"west": {"uv": [16, 0, 0, 16], "rotation": 270, "texture": "#10"},
				"up": {"uv": [16, 0, 0, 16], "texture": "#10"},
				"down": {"uv": [16, 0, 0, 16], "rotation": 180, "texture": "#10"}
			}
		},
		{
			"from": [5, 14.82199, 6.91867],
			"to": [5.25, 16.32199, 7.16867],
			"rotation": {"angle": 45, "axis": "x", "origin": [5.25, 10.82199, 7.16867]},
			"faces": {
				"north": {"uv": [16, 0, 0, 16], "rotation": 270, "texture": "#10"},
				"east": {"uv": [16, 0, 0, 16], "rotation": 90, "texture": "#10"},
				"south": {"uv": [16, 0, 0, 16], "rotation": 270, "texture": "#10"},
				"west": {"uv": [16, 0, 0, 16], "rotation": 270, "texture": "#10"},
				"up": {"uv": [16, 0, 0, 16], "texture": "#10"},
				"down": {"uv": [16, 0, 0, 16], "rotation": 180, "texture": "#10"}
			}
		},
		{
			"from": [5, 11.737, 6.3777],
			"to": [5.25, 11.987, 10.3777],
			"rotation": {"angle": -22.5, "axis": "x", "origin": [5.25, 11.737, 5.3777]},
			"faces": {
				"north": {"uv": [16, 0, 0, 16], "texture": "#10"},
				"east": {"uv": [16, 0, 0, 16], "texture": "#10"},
				"south": {"uv": [16, 0, 0, 16], "texture": "#10"},
				"west": {"uv": [16, 0, 0, 16], "texture": "#10"},
				"up": {"uv": [16, 0, 0, 16], "rotation": 90, "texture": "#10"},
				"down": {"uv": [16, 0, 0, 16], "rotation": 270, "texture": "#10"}
			}
		},
		{
			"from": [5, 8.57388, 6.13268],
			"to": [5.25, 12.17388, 6.38268],
			"rotation": {"angle": 45, "axis": "x", "origin": [5.25, 12.17388, 6.38268]},
			"faces": {
				"north": {"uv": [16, 0, 0, 16], "rotation": 270, "texture": "#10"},
				"east": {"uv": [16, 0, 0, 16], "rotation": 90, "texture": "#10"},
				"south": {"uv": [16, 0, 0, 16], "rotation": 270, "texture": "#10"},
				"west": {"uv": [16, 0, 0, 16], "rotation": 270, "texture": "#10"},
				"up": {"uv": [16, 0, 0, 16], "texture": "#10"},
				"down": {"uv": [16, 0, 0, 16], "rotation": 180, "texture": "#10"}
			}
		},
		{
			"from": [7.82843, 8.97664, 3.66032],
			"to": [8.07843, 10.97664, 3.91032],
			"rotation": {"angle": 45, "axis": "z", "origin": [7.82843, 6.97664, 3.91032]},
			"faces": {
				"north": {"uv": [16, 0, 0, 16], "rotation": 270, "texture": "#10"},
				"east": {"uv": [16, 0, 0, 16], "rotation": 270, "texture": "#10"},
				"south": {"uv": [16, 0, 0, 16], "rotation": 90, "texture": "#10"},
				"west": {"uv": [16, 0, 0, 16], "rotation": 270, "texture": "#10"},
				"up": {"uv": [16, 0, 0, 16], "rotation": 90, "texture": "#10"},
				"down": {"uv": [16, 0, 0, 16], "rotation": 90, "texture": "#10"}
			}
		},
		{
			"from": [6.41421, 8.39086, 3.66032],
			"to": [10.01421, 8.64086, 3.91032],
			"rotation": {"angle": -22.5, "axis": "z", "origin": [6.41421, 8.39086, 3.91032]},
			"faces": {
				"north": {"uv": [16, 0, 0, 16], "texture": "#10"},
				"east": {"uv": [16, 0, 0, 16], "texture": "#10"},
				"south": {"uv": [16, 0, 0, 16], "texture": "#10"},
				"west": {"uv": [16, 0, 0, 16], "texture": "#10"},
				"up": {"uv": [16, 0, 0, 16], "rotation": 180, "texture": "#10"},
				"down": {"uv": [16, 0, 0, 16], "rotation": 180, "texture": "#10"}
			}
		},
		{
			"from": [7.6072, 16.67263, 10.80776],
			"to": [8.6072, 16.92263, 11.05776],
			"rotation": {"angle": 22.5, "axis": "z", "origin": [8.6072, 13.79763, 10.93276]},
			"faces": {
				"north": {"uv": [16, 0, 0, 16], "rotation": 180, "texture": "#10"},
				"east": {"uv": [16, 0, 0, 16], "rotation": 90, "texture": "#10"},
				"south": {"uv": [16, 0, 0, 16], "texture": "#10"},
				"west": {"uv": [16, 0, 0, 16], "rotation": 270, "texture": "#10"},
				"up": {"uv": [16, 0, 0, 16], "texture": "#10"},
				"down": {"uv": [16, 0, 0, 16], "rotation": 180, "texture": "#10"}
			}
		},
		{
			"from": [4.9322, 16.67263, 7.58276],
			"to": [5.1822, 16.92263, 8.58276],
			"rotation": {"angle": -22.5, "axis": "x", "origin": [5.0572, 13.79763, 8.58276]},
			"faces": {
				"north": {"uv": [16, 0, 0, 16], "rotation": 270, "texture": "#4"},
				"east": {"uv": [16, 0, 0, 16], "rotation": 180, "texture": "#4"},
				"south": {"uv": [16, 0, 0, 16], "rotation": 90, "texture": "#4"},
				"west": {"uv": [16, 0, 0, 16], "texture": "#4"},
				"up": {"uv": [16, 0, 0, 16], "rotation": 90, "texture": "#4"},
				"down": {"uv": [16, 0, 0, 16], "rotation": 90, "texture": "#4"}
			}
		},
		{
			"from": [4.92157, 15.88265, 2.15776],
			"to": [5.17157, 17.88265, 2.40776],
			"rotation": {"angle": 45, "axis": "x", "origin": [4.92157, 11.88265, 2.40776]},
			"faces": {
				"north": {"uv": [16, 0, 0, 16], "rotation": 270, "texture": "#4"},
				"east": {"uv": [16, 0, 0, 16], "rotation": 270, "texture": "#4"},
				"south": {"uv": [16, 0, 0, 16], "rotation": 90, "texture": "#4"},
				"west": {"uv": [16, 0, 0, 16], "rotation": 270, "texture": "#4"},
				"up": {"uv": [16, 0, 0, 16], "rotation": 90, "texture": "#4"},
				"down": {"uv": [16, 0, 0, 16], "rotation": 90, "texture": "#4"}
			}
		},
		{
			"from": [8.81066, 14.82199, 4.98618],
			"to": [9.06066, 16.32199, 5.23618],
			"rotation": {"angle": 45, "axis": "z", "origin": [8.81066, 10.82199, 5.23618]},
			"faces": {
				"north": {"uv": [16, 0, 0, 16], "rotation": 270, "texture": "#4"},
				"east": {"uv": [16, 0, 0, 16], "rotation": 270, "texture": "#4"},
				"south": {"uv": [16, 0, 0, 16], "rotation": 90, "texture": "#4"},
				"west": {"uv": [16, 0, 0, 16], "rotation": 270, "texture": "#4"},
				"up": {"uv": [16, 0, 0, 16], "rotation": 90, "texture": "#4"},
				"down": {"uv": [16, 0, 0, 16], "rotation": 90, "texture": "#4"}
			}
		},
		{
			"from": [5.60163, 11.737, 4.98618],
			"to": [9.60163, 11.987, 5.23618],
			"rotation": {"angle": -22.5, "axis": "z", "origin": [10.60163, 11.737, 5.23618]},
			"faces": {
				"north": {"uv": [16, 0, 0, 16], "texture": "#4"},
				"east": {"uv": [16, 0, 0, 16], "texture": "#4"},
				"south": {"uv": [16, 0, 0, 16], "texture": "#4"},
				"west": {"uv": [16, 0, 0, 16], "texture": "#4"},
				"up": {"uv": [16, 0, 0, 16], "rotation": 180, "texture": "#4"},
				"down": {"uv": [16, 0, 0, 16], "rotation": 180, "texture": "#4"}
			}
		},
		{
			"from": [9.59665, 8.57388, 4.98618],
			"to": [9.84665, 12.17388, 5.23618],
			"rotation": {"angle": 45, "axis": "z", "origin": [9.59665, 12.17388, 5.23618]},
			"faces": {
				"north": {"uv": [16, 0, 0, 16], "rotation": 270, "texture": "#4"},
				"east": {"uv": [16, 0, 0, 16], "rotation": 270, "texture": "#4"},
				"south": {"uv": [16, 0, 0, 16], "rotation": 90, "texture": "#4"},
				"west": {"uv": [16, 0, 0, 16], "rotation": 270, "texture": "#4"},
				"up": {"uv": [16, 0, 0, 16], "rotation": 90, "texture": "#4"},
				"down": {"uv": [16, 0, 0, 16], "rotation": 90, "texture": "#4"}
			}
		},
		{
			"from": [12.06901, 8.97664, 7.81461],
			"to": [12.31901, 10.97664, 8.06461],
			"rotation": {"angle": -45, "axis": "x", "origin": [12.06901, 6.97664, 7.81461]},
			"faces": {
				"north": {"uv": [16, 0, 0, 16], "rotation": 270, "texture": "#4"},
				"east": {"uv": [16, 0, 0, 16], "rotation": 270, "texture": "#4"},
				"south": {"uv": [16, 0, 0, 16], "rotation": 270, "texture": "#4"},
				"west": {"uv": [16, 0, 0, 16], "rotation": 90, "texture": "#4"},
				"up": {"uv": [16, 0, 0, 16], "rotation": 180, "texture": "#4"},
				"down": {"uv": [16, 0, 0, 16], "texture": "#4"}
			}
		},
		{
			"from": [12.06901, 8.39086, 6.4004],
			"to": [12.31901, 8.64086, 10.0004],
			"rotation": {"angle": 22.5, "axis": "x", "origin": [12.06901, 8.39086, 6.4004]},
			"faces": {
				"north": {"uv": [16, 0, 0, 16], "texture": "#4"},
				"east": {"uv": [16, 0, 0, 16], "texture": "#4"},
				"south": {"uv": [16, 0, 0, 16], "texture": "#4"},
				"west": {"uv": [16, 0, 0, 16], "texture": "#4"},
				"up": {"uv": [16, 0, 0, 16], "rotation": 270, "texture": "#4"},
				"down": {"uv": [16, 0, 0, 16], "rotation": 90, "texture": "#4"}
			}
		},
		{
			"from": [7.3072, 16.67263, 4.95776],
			"to": [8.3072, 16.92263, 5.20776],
			"rotation": {"angle": -22.5, "axis": "z", "origin": [7.3072, 13.79763, 5.08276]},
			"faces": {
				"north": {"uv": [16, 0, 0, 16], "texture": "#8"},
				"east": {"uv": [16, 0, 0, 16], "rotation": 270, "texture": "#8"},
				"south": {"uv": [16, 0, 0, 16], "rotation": 180, "texture": "#8"},
				"west": {"uv": [16, 0, 0, 16], "rotation": 90, "texture": "#8"},
				"up": {"uv": [16, 0, 0, 16], "rotation": 180, "texture": "#8"},
				"down": {"uv": [16, 0, 0, 16], "texture": "#8"}
			}
		},
		{
			"from": [13.4822, 15.88265, 4.94713],
			"to": [13.7322, 17.88265, 5.19713],
			"rotation": {"angle": 45, "axis": "z", "origin": [13.4822, 11.88265, 4.94713]},
			"faces": {
				"north": {"uv": [16, 0, 0, 16], "rotation": 270, "texture": "#8"},
				"east": {"uv": [16, 0, 0, 16], "rotation": 270, "texture": "#8"},
				"south": {"uv": [16, 0, 0, 16], "rotation": 270, "texture": "#8"},
				"west": {"uv": [16, 0, 0, 16], "rotation": 90, "texture": "#8"},
				"up": {"uv": [16, 0, 0, 16], "rotation": 180, "texture": "#8"},
				"down": {"uv": [16, 0, 0, 16], "texture": "#8"}
			}
		},
		{
			"from": [10.65378, 14.82199, 8.83621],
			"to": [10.90378, 16.32199, 9.08621],
			"rotation": {"angle": -45, "axis": "x", "origin": [10.65378, 10.82199, 8.83621]},
			"faces": {
				"north": {"uv": [16, 0, 0, 16], "rotation": 270, "texture": "#8"},
				"east": {"uv": [16, 0, 0, 16], "rotation": 270, "texture": "#8"},
				"south": {"uv": [16, 0, 0, 16], "rotation": 270, "texture": "#8"},
				"west": {"uv": [16, 0, 0, 16], "rotation": 90, "texture": "#8"},
				"up": {"uv": [16, 0, 0, 16], "rotation": 180, "texture": "#8"},
				"down": {"uv": [16, 0, 0, 16], "texture": "#8"}
			}
		},
		{
			"from": [10.65378, 11.737, 5.62718],
			"to": [10.90378, 11.987, 9.62718],
			"rotation": {"angle": 22.5, "axis": "x", "origin": [10.65378, 11.737, 10.62718]},
			"faces": {
				"north": {"uv": [16, 0, 0, 16], "texture": "#8"},
				"east": {"uv": [16, 0, 0, 16], "texture": "#8"},
				"south": {"uv": [16, 0, 0, 16], "texture": "#8"},
				"west": {"uv": [16, 0, 0, 16], "texture": "#8"},
				"up": {"uv": [16, 0, 0, 16], "rotation": 270, "texture": "#8"},
				"down": {"uv": [16, 0, 0, 16], "rotation": 90, "texture": "#8"}
			}
		},
		{
			"from": [10.65378, 8.57388, 9.6222],
			"to": [10.90378, 12.17388, 9.8722],
			"rotation": {"angle": -45, "axis": "x", "origin": [10.65378, 12.17388, 9.6222]},
			"faces": {
				"north": {"uv": [16, 0, 0, 16], "rotation": 270, "texture": "#8"},
				"east": {"uv": [16, 0, 0, 16], "rotation": 270, "texture": "#8"},
				"south": {"uv": [16, 0, 0, 16], "rotation": 270, "texture": "#8"},
				"west": {"uv": [16, 0, 0, 16], "rotation": 90, "texture": "#8"},
				"up": {"uv": [16, 0, 0, 16], "rotation": 180, "texture": "#8"},
				"down": {"uv": [16, 0, 0, 16], "texture": "#8"}
			}
		},
		{
			"from": [7.82535, 8.97664, 12.09456],
			"to": [8.07535, 10.97664, 12.34456],
			"rotation": {"angle": -45, "axis": "z", "origin": [8.07535, 6.97664, 12.09456]},
			"faces": {
				"north": {"uv": [16, 0, 0, 16], "rotation": 90, "texture": "#8"},
				"east": {"uv": [16, 0, 0, 16], "rotation": 270, "texture": "#8"},
				"south": {"uv": [16, 0, 0, 16], "rotation": 270, "texture": "#8"},
				"west": {"uv": [16, 0, 0, 16], "rotation": 270, "texture": "#8"},
				"up": {"uv": [16, 0, 0, 16], "rotation": 270, "texture": "#8"},
				"down": {"uv": [16, 0, 0, 16], "rotation": 270, "texture": "#8"}
			}
		},
		{
			"from": [5.88956, 8.39086, 12.09456],
			"to": [9.48956, 8.64086, 12.34456],
			"rotation": {"angle": 22.5, "axis": "z", "origin": [9.48956, 8.39086, 12.09456]},
			"faces": {
				"north": {"uv": [16, 0, 0, 16], "texture": "#8"},
				"east": {"uv": [16, 0, 0, 16], "texture": "#8"},
				"south": {"uv": [16, 0, 0, 16], "texture": "#8"},
				"west": {"uv": [16, 0, 0, 16], "texture": "#8"},
				"up": {"uv": [16, 0, 0, 16], "texture": "#8"},
				"down": {"uv": [16, 0, 0, 16], "texture": "#8"}
			}
		},
		{
			"from": [10.9322, 16.67263, 7.33276],
			"to": [11.1822, 16.92263, 8.33276],
			"rotation": {"angle": 22.5, "axis": "x", "origin": [11.0572, 13.79763, 7.33276]},
			"faces": {
				"north": {"uv": [16, 0, 0, 16], "rotation": 90, "texture": "#9"},
				"east": {"uv": [16, 0, 0, 16], "texture": "#9"},
				"south": {"uv": [16, 0, 0, 16], "rotation": 270, "texture": "#9"},
				"west": {"uv": [16, 0, 0, 16], "rotation": 180, "texture": "#9"},
				"up": {"uv": [16, 0, 0, 16], "rotation": 270, "texture": "#9"},
				"down": {"uv": [16, 0, 0, 16], "rotation": 270, "texture": "#9"}
			}
		},
		{
			"from": [10.94283, 15.88265, 13.50776],
			"to": [11.19283, 17.88265, 13.75776],
			"rotation": {"angle": -45, "axis": "x", "origin": [11.19283, 11.88265, 13.50776]},
			"faces": {
				"north": {"uv": [16, 0, 0, 16], "rotation": 90, "texture": "#9"},
				"east": {"uv": [16, 0, 0, 16], "rotation": 270, "texture": "#9"},
				"south": {"uv": [16, 0, 0, 16], "rotation": 270, "texture": "#9"},
				"west": {"uv": [16, 0, 0, 16], "rotation": 270, "texture": "#9"},
				"up": {"uv": [16, 0, 0, 16], "rotation": 270, "texture": "#9"},
				"down": {"uv": [16, 0, 0, 16], "rotation": 270, "texture": "#9"}
			}
		},
		{
			"from": [7.05374, 14.82199, 10.67933],
			"to": [7.30374, 16.32199, 10.92933],
			"rotation": {"angle": -45, "axis": "z", "origin": [7.30374, 10.82199, 10.67933]},
			"faces": {
				"north": {"uv": [16, 0, 0, 16], "rotation": 90, "texture": "#9"},
				"east": {"uv": [16, 0, 0, 16], "rotation": 270, "texture": "#9"},
				"south": {"uv": [16, 0, 0, 16], "rotation": 270, "texture": "#9"},
				"west": {"uv": [16, 0, 0, 16], "rotation": 270, "texture": "#9"},
				"up": {"uv": [16, 0, 0, 16], "rotation": 270, "texture": "#9"},
				"down": {"uv": [16, 0, 0, 16], "rotation": 270, "texture": "#9"}
			}
		},
		{
			"from": [6.51277, 11.737, 10.67933],
			"to": [10.51277, 11.987, 10.92933],
			"rotation": {"angle": 22.5, "axis": "z", "origin": [5.51277, 11.737, 10.67933]},
			"faces": {
				"north": {"uv": [16, 0, 0, 16], "texture": "#9"},
				"east": {"uv": [16, 0, 0, 16], "texture": "#9"},
				"south": {"uv": [16, 0, 0, 16], "texture": "#9"},
				"west": {"uv": [16, 0, 0, 16], "texture": "#9"},
				"up": {"uv": [16, 0, 0, 16], "texture": "#9"},
				"down": {"uv": [16, 0, 0, 16], "texture": "#9"}
			}
		},
		{
			"from": [6.26776, 8.57388, 10.67933],
			"to": [6.51776, 12.17388, 10.92933],
			"rotation": {"angle": -45, "axis": "z", "origin": [6.51776, 12.17388, 10.67933]},
			"faces": {
				"north": {"uv": [16, 0, 0, 16], "rotation": 90, "texture": "#9"},
				"east": {"uv": [16, 0, 0, 16], "rotation": 270, "texture": "#9"},
				"south": {"uv": [16, 0, 0, 16], "rotation": 270, "texture": "#9"},
				"west": {"uv": [16, 0, 0, 16], "rotation": 270, "texture": "#9"},
				"up": {"uv": [16, 0, 0, 16], "rotation": 270, "texture": "#9"},
				"down": {"uv": [16, 0, 0, 16], "rotation": 270, "texture": "#9"}
			}
		},
		{
			"from": [3.7954, 8.97664, 7.8509],
			"to": [4.0454, 10.97664, 8.1009],
			"rotation": {"angle": 45, "axis": "x", "origin": [4.0454, 6.97664, 8.1009]},
			"faces": {
				"north": {"uv": [16, 0, 0, 16], "rotation": 270, "texture": "#9"},
				"east": {"uv": [16, 0, 0, 16], "rotation": 90, "texture": "#9"},
				"south": {"uv": [16, 0, 0, 16], "rotation": 270, "texture": "#9"},
				"west": {"uv": [16, 0, 0, 16], "rotation": 270, "texture": "#9"},
				"up": {"uv": [16, 0, 0, 16], "texture": "#9"},
				"down": {"uv": [16, 0, 0, 16], "rotation": 180, "texture": "#9"}
			}
		},
		{
			"from": [3.7954, 8.39086, 5.91512],
			"to": [4.0454, 8.64086, 9.51512],
			"rotation": {"angle": -22.5, "axis": "x", "origin": [4.0454, 8.39086, 9.51512]},
			"faces": {
				"north": {"uv": [16, 0, 0, 16], "texture": "#9"},
				"east": {"uv": [16, 0, 0, 16], "texture": "#9"},
				"south": {"uv": [16, 0, 0, 16], "texture": "#9"},
				"west": {"uv": [16, 0, 0, 16], "texture": "#9"},
				"up": {"uv": [16, 0, 0, 16], "rotation": 90, "texture": "#9"},
				"down": {"uv": [16, 0, 0, 16], "rotation": 270, "texture": "#9"}
			}
		},
		{
			"name": "octagon",
			"from": [2.935, 8.13924, 5.95],
			"to": [3.065, 8.26924, 6.08],
			"rotation": {"angle": 45, "axis": "x", "origin": [3, 8, 6.6]},
			"faces": {
				"north": {"uv": [0, 0, 16, 16], "texture": "#11"},
				"east": {"uv": [0, 0, 16, 16], "texture": "#11"},
				"south": {"uv": [0, 0, 16, 16], "texture": "#11"},
				"west": {"uv": [0, 0, 16, 16], "texture": "#11"},
				"up": {"uv": [0, 0, 16, 16], "texture": "#11"},
				"down": {"uv": [0, 0, 16, 16], "texture": "#11"}
			}
		},
		{
			"name": "octagon",
			"from": [2.935, 7.6946, 6.23884],
			"to": [3.065, 8.55808, 6.36884],
			"rotation": {"angle": 0, "axis": "x", "origin": [3, 8.28884, 6.88884]},
			"faces": {
				"north": {"uv": [0, 0, 16, 16], "texture": "#11"},
				"east": {"uv": [0, 0, 16, 16], "texture": "#11"},
				"south": {"uv": [0, 0, 16, 16], "texture": "#11"},
				"west": {"uv": [0, 0, 16, 16], "texture": "#11"},
				"up": {"uv": [0, 0, 16, 16], "texture": "#11"},
				"down": {"uv": [0, 0, 16, 16], "texture": "#11"}
			}
		},
		{
			"name": "octagon",
			"from": [2.935, 8.20827, 6.61327],
			"to": [3.065, 8.42175, 6.74327],
			"rotation": {"angle": -22.5, "axis": "x", "origin": [3, 8.15251, 6.09327]},
			"faces": {
				"north": {"uv": [0, 0, 16, 16], "rotation": 180, "texture": "#11"},
				"east": {"uv": [0, 0, 16, 16], "rotation": 270, "texture": "#11"},
				"south": {"uv": [0, 0, 16, 16], "texture": "#11"},
				"west": {"uv": [0, 0, 16, 16], "rotation": 90, "texture": "#11"},
				"up": {"uv": [0, 0, 16, 16], "rotation": 180, "texture": "#11"},
				"down": {"uv": [0, 0, 16, 16], "texture": "#11"}
			}
		},
		{
			"name": "octagon",
			"from": [2.93487, 8.52, 6.33076],
			"to": [3.06461, 8.65, 6.59076],
			"rotation": {"angle": 0, "axis": "x", "origin": [3, 8, 6.6]},
			"faces": {
				"north": {"uv": [0, 0, 16, 16], "texture": "#11"},
				"east": {"uv": [0, 0, 16, 16], "texture": "#11"},
				"south": {"uv": [0, 0, 16, 16], "texture": "#11"},
				"west": {"uv": [0, 0, 16, 16], "texture": "#11"},
				"up": {"uv": [0, 0, 16, 16], "texture": "#11"},
				"down": {"uv": [0, 0, 16, 16], "texture": "#11"}
			}
		},
		{
			"name": "body",
			"from": [7.62, 20.20364, 7.12475],
			"to": [8.42, 20.84364, 9.04475],
			"rotation": {"angle": 0, "axis": "y", "origin": [6.82, 18.92364, 6.80475]},
			"faces": {
				"north": {"uv": [0.25, 0, 0, 0.25], "texture": "#12"},
				"east": {"uv": [0.25, 0, 0, 0.25], "texture": "#12"},
				"south": {"uv": [0.25, 0, 0, 0.25], "texture": "#12"},
				"west": {"uv": [0.25, 0, 0, 0.25], "texture": "#12"},
				"up": {"uv": [0.25, 0, 0, 0.25], "texture": "#12"},
				"down": {"uv": [0.25, 0, 0, 0.25], "texture": "#12"}
			}
		},
		{
			"name": "ear_left",
			"from": [7.62, 21.16364, 6.08475],
			"to": [7.78, 21.32364, 6.24475],
			"rotation": {"angle": 22.5, "axis": "x", "origin": [6.82, 18.92364, 6.32475]},
			"faces": {
				"north": {"uv": [0.25, 0, 0, 0.25], "texture": "#12"},
				"east": {"uv": [0.25, 0, 0, 0.25], "texture": "#12"},
				"south": {"uv": [0.25, 0, 0, 0.25], "texture": "#12"},
				"west": {"uv": [0.25, 0, 0, 0.25], "texture": "#12"},
				"up": {"uv": [0.25, 0, 0, 0.25], "texture": "#12"},
				"down": {"uv": [0.25, 0, 0, 0.25], "texture": "#12"}
			}
		},
		{
			"name": "ear_right",
			"from": [8.26, 21.16364, 6.08475],
			"to": [8.42, 21.32364, 6.24475],
			"rotation": {"angle": 22.5, "axis": "x", "origin": [6.82, 18.92364, 6.32475]},
			"faces": {
				"north": {"uv": [0.25, 0, 0, 0.25], "texture": "#12"},
				"east": {"uv": [0.25, 0, 0, 0.25], "texture": "#12"},
				"south": {"uv": [0.25, 0, 0, 0.25], "texture": "#12"},
				"west": {"uv": [0.25, 0, 0, 0.25], "texture": "#12"},
				"up": {"uv": [0.25, 0, 0, 0.25], "texture": "#12"},
				"down": {"uv": [0.25, 0, 0, 0.25], "texture": "#12"}
			}
		},
		{
			"name": "tail1",
			"from": [7.9, 20.39564, 8.88475],
			"to": [8.14, 20.63564, 9.12475],
			"rotation": {"angle": 45, "axis": "x", "origin": [7.9392, 20.64364, 9.41595]},
			"faces": {
				"north": {"uv": [0.25, 0, 0, 0.25], "texture": "#12"},
				"east": {"uv": [0.25, 0, 0, 0.25], "texture": "#12"},
				"south": {"uv": [0.25, 0, 0, 0.25], "texture": "#12"},
				"west": {"uv": [0.25, 0, 0, 0.25], "texture": "#12"},
				"up": {"uv": [0.25, 0, 0, 0.25], "texture": "#12"},
				"down": {"uv": [0.25, 0, 0, 0.25], "texture": "#12"}
			}
		},
		{
			"name": "foot_front_left",
			"from": [7.636, 19.64364, 6.72475],
			"to": [7.94, 19.88364, 7.28475],
			"rotation": {"angle": -22.5, "axis": "x", "origin": [6.82, 19.64364, 5.84475]},
			"faces": {
				"north": {"uv": [0.25, 0, 0, 0.25], "texture": "#12"},
				"east": {"uv": [0.25, 0, 0, 0.25], "texture": "#12"},
				"south": {"uv": [0.25, 0, 0, 0.25], "texture": "#12"},
				"west": {"uv": [0.25, 0, 0, 0.25], "texture": "#12"},
				"up": {"uv": [0.25, 0, 0, 0.25], "texture": "#12"},
				"down": {"uv": [0.25, 0, 0, 0.25], "texture": "#12"}
			}
		},
		{
			"name": "foot_back_left",
			"from": [7.636, 18.44364, 10.44475],
			"to": [7.94, 19.00364, 10.68475],
			"rotation": {"angle": -45, "axis": "x", "origin": [6.82, 17.72364, 8.20475]},
			"faces": {
				"north": {"uv": [0.25, 0, 0, 0.25], "texture": "#12"},
				"east": {"uv": [0.25, 0, 0, 0.25], "texture": "#12"},
				"south": {"uv": [0.25, 0, 0, 0.25], "texture": "#12"},
				"west": {"uv": [0.25, 0, 0, 0.25], "texture": "#12"},
				"up": {"uv": [0.25, 0, 0, 0.25], "texture": "#12"},
				"down": {"uv": [0.25, 0, 0, 0.25], "texture": "#12"}
			}
		},
		{
			"name": "foot_front_right",
			"from": [8.1, 19.64364, 6.72475],
			"to": [8.404, 19.88364, 7.28475],
			"rotation": {"angle": -22.5, "axis": "x", "origin": [6.82, 19.64364, 5.84475]},
			"faces": {
				"north": {"uv": [0.25, 0, 0, 0.25], "texture": "#12"},
				"east": {"uv": [0.25, 0, 0, 0.25], "texture": "#12"},
				"south": {"uv": [0.25, 0, 0, 0.25], "texture": "#12"},
				"west": {"uv": [0.25, 0, 0, 0.25], "texture": "#12"},
				"up": {"uv": [0.25, 0, 0, 0.25], "texture": "#12"},
				"down": {"uv": [0.25, 0, 0, 0.25], "texture": "#12"}
			}
		},
		{
			"name": "foot_back_right",
			"from": [8.1, 18.44364, 10.44475],
			"to": [8.404, 19.00364, 10.68475],
			"rotation": {"angle": -45, "axis": "x", "origin": [6.82, 17.72364, 8.20475]},
			"faces": {
				"north": {"uv": [0.25, 0, 0, 0.25], "texture": "#12"},
				"east": {"uv": [0.25, 0, 0, 0.25], "texture": "#12"},
				"south": {"uv": [0.25, 0, 0, 0.25], "texture": "#12"},
				"west": {"uv": [0.25, 0, 0, 0.25], "texture": "#12"},
				"up": {"uv": [0.25, 0, 0, 0.25], "texture": "#12"},
				"down": {"uv": [0.25, 0, 0, 0.25], "texture": "#12"}
			}
		},
		{
			"name": "cheek",
			"from": [8.324, 20.52364, 6.03675],
			"to": [8.444, 20.60364, 6.05275],
			"rotation": {"angle": 22.5, "axis": "x", "origin": [9.38, 18.92364, 6.80475]},
			"faces": {
				"north": {"uv": [0.25, 0, 0, 0.25], "texture": "#13"},
				"east": {"uv": [0.25, 0, 0, 0.25], "texture": "#13"},
				"south": {"uv": [0.25, 0, 0, 0.25], "texture": "#13"},
				"west": {"uv": [0.25, 0, 0, 0.25], "texture": "#13"},
				"up": {"uv": [0.25, 0, 0, 0.25], "texture": "#13"},
				"down": {"uv": [0.25, 0, 0, 0.25], "texture": "#13"}
			}
		},
		{
			"name": "head",
			"from": [7.58, 20.52364, 6.00475],
			"to": [8.46, 21.16364, 6.56475],
			"rotation": {"angle": 22.5, "axis": "x", "origin": [6.82, 18.92364, 6.32475]},
			"faces": {
				"north": {"uv": [0, 0, 6, 4], "texture": "#14"},
				"east": {"uv": [0, 8, 4, 12], "texture": "#14"},
				"south": {"uv": [0, 4, 6, 8], "texture": "#14"},
				"west": {"uv": [4, 10, 8, 14], "texture": "#14"},
				"up": {"uv": [12, 10, 6, 6], "texture": "#14"},
				"down": {"uv": [12, 0, 6, 4], "texture": "#14"}
			}
		},
		{
			"name": "snout",
			"from": [7.716, 20.52364, 5.92475],
			"to": [8.324, 20.84364, 6.00475],
			"rotation": {"angle": 22.5, "axis": "x", "origin": [6.82, 18.92364, 6.32475]},
			"faces": {
				"north": {"uv": [6, 4, 10, 6], "texture": "#14"},
				"east": {"uv": [4, 8, 5, 10], "texture": "#14"},
				"south": {"uv": [8, 10, 12, 12], "texture": "#14"},
				"west": {"uv": [5, 8, 6, 10], "texture": "#14"},
				"up": {"uv": [14, 5, 10, 4], "texture": "#14"},
				"down": {"uv": [14, 5, 10, 6], "texture": "#14"}
			}
		},
		{
			"name": "cheek",
			"from": [7.596, 20.52364, 6.03675],
			"to": [7.716, 20.60364, 6.05275],
			"rotation": {"angle": 22.5, "axis": "x", "origin": [6.82, 18.92364, 6.80475]},
			"faces": {
				"north": {"uv": [0.25, 0, 0, 0.25], "texture": "#13"},
				"east": {"uv": [0.25, 0, 0, 0.25], "texture": "#13"},
				"south": {"uv": [0.25, 0, 0, 0.25], "texture": "#13"},
				"west": {"uv": [0.25, 0, 0, 0.25], "texture": "#13"},
				"up": {"uv": [0.25, 0, 0, 0.25], "texture": "#13"},
				"down": {"uv": [0.25, 0, 0, 0.25], "texture": "#13"}
			}
		},
		{
			"from": [10.5, 2.27164, 6.5],
			"to": [11.14805, 4.5, 9.5],
			"rotation": {"angle": 0, "axis": "y", "origin": [7.64805, 7.77164, 8]},
			"faces": {
				"north": {"uv": [7, 12, 9, 15], "texture": "#0"},
				"east": {"uv": [7, 12, 9, 15], "texture": "#0"},
				"south": {"uv": [7, 12, 9, 15], "texture": "#0"},
				"west": {"uv": [7, 12, 9, 15], "texture": "#0"},
				"up": {"uv": [7, 12, 9, 15], "texture": "#0"},
				"down": {"uv": [7, 12, 9, 15], "texture": "#0"}
			}
		},
		{
			"from": [7.82998, 0.72729, 6.5],
			"to": [12.82998, 3.72729, 9.5],
			"rotation": {"angle": -22.5, "axis": "z", "origin": [8.32998, 7.22729, 8]},
			"faces": {
				"north": {"uv": [7, 12, 9, 15], "texture": "#0"},
				"east": {"uv": [7, 12, 9, 15], "texture": "#0"},
				"south": {"uv": [7, 12, 9, 15], "texture": "#0"},
				"west": {"uv": [7, 12, 9, 15], "texture": "#0"},
				"up": {"uv": [7, 12, 9, 15], "texture": "#0"},
				"down": {"uv": [7, 12, 9, 15], "texture": "#0"}
			}
		},
		{
			"from": [5.5, 1.5, 5.5],
			"to": [10.5, 4.5, 10.5],
			"rotation": {"angle": 0, "axis": "y", "origin": [8, 8, 8]},
			"faces": {
				"north": {"uv": [7, 12, 9, 15], "texture": "#0"},
				"east": {"uv": [7, 12, 9, 15], "texture": "#0"},
				"south": {"uv": [7, 12, 9, 15], "texture": "#0"},
				"west": {"uv": [7, 12, 9, 15], "texture": "#0"},
				"up": {"uv": [0, 0, 16, 16], "texture": "#1"},
				"down": {"uv": [7, 12, 9, 15], "texture": "#0"}
			}
		},
		{
			"from": [4.85195, 2.27164, 6.5],
			"to": [5.5, 4.5, 9.5],
			"rotation": {"angle": 0, "axis": "y", "origin": [8.35195, 7.77164, 8]},
			"faces": {
				"north": {"uv": [7, 12, 9, 15], "texture": "#0"},
				"east": {"uv": [7, 12, 9, 15], "texture": "#0"},
				"south": {"uv": [7, 12, 9, 15], "texture": "#0"},
				"west": {"uv": [7, 12, 9, 15], "texture": "#0"},
				"up": {"uv": [7, 12, 9, 15], "texture": "#0"},
				"down": {"uv": [7, 12, 9, 15], "texture": "#0"}
			}
		},
		{
			"from": [3.17002, 0.72729, 6.5],
			"to": [8.17002, 3.72729, 9.5],
			"rotation": {"angle": 22.5, "axis": "z", "origin": [7.67002, 7.22729, 8]},
			"faces": {
				"north": {"uv": [7, 12, 9, 15], "texture": "#0"},
				"east": {"uv": [7, 12, 9, 15], "texture": "#0"},
				"south": {"uv": [7, 12, 9, 15], "texture": "#0"},
				"west": {"uv": [7, 12, 9, 15], "texture": "#0"},
				"up": {"uv": [7, 12, 9, 15], "texture": "#0"},
				"down": {"uv": [7, 12, 9, 15], "texture": "#0"}
			}
		},
		{
			"from": [6.44805, 0.72729, 11.83193],
			"to": [9.44805, 3.72729, 12.83193],
			"rotation": {"angle": 22.5, "axis": "x", "origin": [7.94805, 7.22729, 8.33193]},
			"faces": {
				"north": {"uv": [7, 12, 9, 15], "rotation": 90, "texture": "#0"},
				"east": {"uv": [7, 12, 9, 15], "rotation": 90, "texture": "#0"},
				"south": {"uv": [7, 12, 9, 15], "rotation": 90, "texture": "#0"},
				"west": {"uv": [7, 12, 9, 15], "rotation": 90, "texture": "#0"},
				"up": {"uv": [7, 12, 9, 15], "rotation": 90, "texture": "#0"},
				"down": {"uv": [7, 12, 9, 15], "rotation": 90, "texture": "#0"}
			}
		},
		{
			"from": [6.44805, 2.27164, 10.50195],
			"to": [9.44805, 4.5, 11.15],
			"rotation": {"angle": 0, "axis": "y", "origin": [7.94805, 7.77164, 7.65]},
			"faces": {
				"north": {"uv": [7, 12, 9, 15], "rotation": 90, "texture": "#0"},
				"east": {"uv": [7, 12, 9, 15], "rotation": 90, "texture": "#0"},
				"south": {"uv": [7, 12, 9, 15], "rotation": 90, "texture": "#0"},
				"west": {"uv": [7, 12, 9, 15], "rotation": 90, "texture": "#0"},
				"up": {"uv": [7, 12, 9, 15], "rotation": 90, "texture": "#0"},
				"down": {"uv": [7, 12, 9, 15], "rotation": 90, "texture": "#0"}
			}
		},
		{
			"from": [6, -0.5, 6],
			"to": [10, 1.5, 10],
			"rotation": {"angle": 0, "axis": "y", "origin": [8, 8, 8]},
			"faces": {
				"north": {"uv": [7, 12, 9, 15], "texture": "#0"},
				"east": {"uv": [7, 12, 9, 15], "texture": "#0"},
				"south": {"uv": [7, 12, 9, 15], "texture": "#0"},
				"west": {"uv": [7, 12, 9, 15], "texture": "#0"},
				"up": {"uv": [7, 12, 9, 15], "texture": "#0"},
				"down": {"uv": [7, 12, 9, 15], "texture": "#0"}
			}
		},
		{
			"from": [6.54805, 0.72729, 3.16807],
			"to": [9.54805, 3.72729, 4.16807],
			"rotation": {"angle": -22.5, "axis": "x", "origin": [8.14805, 7.22729, 7.66807]},
			"faces": {
				"north": {"uv": [7, 12, 9, 15], "rotation": 90, "texture": "#0"},
				"east": {"uv": [7, 12, 9, 15], "rotation": 90, "texture": "#0"},
				"south": {"uv": [7, 12, 9, 15], "rotation": 90, "texture": "#0"},
				"west": {"uv": [7, 12, 9, 15], "rotation": 90, "texture": "#0"},
				"up": {"uv": [7, 12, 9, 15], "rotation": 90, "texture": "#0"},
				"down": {"uv": [7, 12, 9, 15], "rotation": 90, "texture": "#0"}
			}
		},
		{
			"from": [6.54805, 2.27164, 4.85],
			"to": [9.54805, 4.5, 5.49805],
			"rotation": {"angle": 0, "axis": "y", "origin": [8.14805, 7.77164, 8.35]},
			"faces": {
				"north": {"uv": [7, 12, 9, 15], "rotation": 90, "texture": "#0"},
				"east": {"uv": [7, 12, 9, 15], "rotation": 90, "texture": "#0"},
				"south": {"uv": [7, 12, 9, 15], "rotation": 90, "texture": "#0"},
				"west": {"uv": [7, 12, 9, 15], "rotation": 90, "texture": "#0"},
				"up": {"uv": [7, 12, 9, 15], "rotation": 90, "texture": "#0"},
				"down": {"uv": [7, 12, 9, 15], "rotation": 90, "texture": "#0"}
			}
		}
	],
	"display": {
		"firstperson_righthand": {
			"scale": [0.5, 0.5, 0.5]
		},
		"firstperson_lefthand": {
			"scale": [0.5, 0.5, 0.5]
		},
		"ground": {
			"scale": [0.6, 0.6, 0.6]
		},
		"gui": {
			"rotation": [0, -180, 45],
			"translation": [-1.25, -1.25, 0],
			"scale": [0.8, 0.8, 0.8]
		},
		"head": {
			"translation": [0.6, 14.5108, 0]
		},
		"fixed": {
			"rotation": [-90, 0, 0],
			"translation": [0, 0, -33.5],
			"scale": [4, 4, 4]
		}
	}
}