{
	"textures": {
		"0": "block/white_glazed_terracotta",
		"1": "block/quartz_block_bottom",
		"2": "block/sand",
		"3": "block/orange_concrete_powder",
		"4": "block/bee_nest_side",
		"5": "block/big_dripleaf_top"
	},
	"elements": [
		{
			"from": [15.08629, 0.3904, 4.67536],
			"to": [15.58629, 4.3904, 11.30278],
			"rotation": {"angle": -45, "axis": "z", "origin": [15.08629, 3.58175, 5.17536]},
			"faces": {
				"north": {"uv": [0, 0, 16, 16], "texture": "#0"},
				"east": {"uv": [0, 16, 16, 0], "texture": "#0"},
				"south": {"uv": [0, 0, 16, 16], "texture": "#0"},
				"west": {"uv": [0, 0, 16, 16], "texture": "#0"},
				"up": {"uv": [0, 0, 16, 16], "rotation": 90, "texture": "#0"},
				"down": {"uv": [0, 0, 16, 16], "rotation": 270, "texture": "#0"}
			}
		},
		{
			"from": [0.43701, 0.3904, 4.67536],
			"to": [0.93701, 4.3904, 11.30278],
			"rotation": {"angle": 45, "axis": "z", "origin": [0.93701, 3.58175, 10.80278]},
			"faces": {
				"north": {"uv": [0, 0, 16, 16], "rotation": 180, "texture": "#0"},
				"east": {"uv": [0, 0, 16, 16], "rotation": 180, "texture": "#0"},
				"south": {"uv": [0, 0, 16, 16], "rotation": 180, "texture": "#0"},
				"west": {"uv": [16, 0, 0, 16], "rotation": 180, "texture": "#0"},
				"up": {"uv": [0, 0, 16, 16], "rotation": 270, "texture": "#0"},
				"down": {"uv": [0, 0, 16, 16], "rotation": 90, "texture": "#0"}
			}
		},
		{
			"from": [4.69794, 0.3904, 0.41443],
			"to": [11.32536, 4.3904, 0.91443],
			"rotation": {"angle": -45, "axis": "x", "origin": [5.19794, 3.58175, 0.91443]},
			"faces": {
				"north": {"uv": [0, 0, 16, 16], "rotation": 270, "texture": "#0"},
				"east": {"uv": [0, 0, 16, 16], "rotation": 270, "texture": "#0"},
				"south": {"uv": [0, 0, 16, 16], "rotation": 270, "texture": "#0"},
				"west": {"uv": [0, 0, 16, 16], "rotation": 270, "texture": "#0"},
				"up": {"uv": [0, 0, 16, 16], "texture": "#0"},
				"down": {"uv": [0, 0, 16, 16], "rotation": 180, "texture": "#0"}
			}
		},
		{
			"from": [4.69794, 0.3904, 15.06371],
			"to": [11.32536, 4.3904, 15.56371],
			"rotation": {"angle": 45, "axis": "x", "origin": [10.82536, 3.58175, 15.06371]},
			"faces": {
				"north": {"uv": [0, 0, 16, 16], "rotation": 90, "texture": "#0"},
				"east": {"uv": [0, 0, 16, 16], "rotation": 90, "texture": "#0"},
				"south": {"uv": [16, 16, 0, 0], "rotation": 90, "texture": "#0"},
				"west": {"uv": [0, 0, 16, 16], "rotation": 90, "texture": "#0"},
				"up": {"uv": [0, 0, 16, 16], "rotation": 180, "texture": "#0"},
				"down": {"uv": [0, 0, 16, 16], "texture": "#0"}
			}
		},
		{
			"name": "octagon",
			"from": [15.51165, 3.8, 4.67536],
			"to": [16.01165, 8.8, 11.30278],
			"rotation": {"angle": 45, "axis": "y", "origin": [8.01165, 6.3, 7.98907]},
			"faces": {
				"north": {"uv": [0, 0, 9, 16], "texture": "#0"},
				"east": {"uv": [9, 0, 0, 16], "texture": "#0"},
				"south": {"uv": [0, 0, 9, 16], "texture": "#0"},
				"west": {"uv": [0, 0, 9, 16], "texture": "#1"},
				"up": {"uv": [0, 0, 9, 16], "rotation": 90, "texture": "#1"},
				"down": {"uv": [0, 0, 9, 16], "rotation": 270, "texture": "#0"}
			}
		},
		{
			"name": "octagon",
			"from": [15.51165, 3.8, 4.67536],
			"to": [16.01165, 8.8, 11.30278],
			"rotation": {"angle": 0, "axis": "y", "origin": [8.01165, 6.3, 7.98907]},
			"faces": {
				"north": {"uv": [0, 0, 9, 16], "texture": "#0"},
				"east": {"uv": [0, 0, 9, 16], "texture": "#0"},
				"south": {"uv": [0, 0, 9, 16], "texture": "#0"},
				"west": {"uv": [0, 0, 9, 16], "texture": "#1"},
				"up": {"uv": [0, 0, 9, 16], "rotation": 90, "texture": "#1"},
				"down": {"uv": [0, 0, 9, 16], "rotation": 270, "texture": "#0"}
			}
		},
		{
			"name": "octagon",
			"from": [0.01165, 3.8, 4.67536],
			"to": [0.51165, 8.8, 11.30278],
			"rotation": {"angle": 45, "axis": "y", "origin": [8.01165, 6.3, 7.98907]},
			"faces": {
				"north": {"uv": [0, 0, 9, 16], "texture": "#0"},
				"east": {"uv": [0, 0, 9, 16], "texture": "#1"},
				"south": {"uv": [0, 0, 9, 16], "texture": "#0"},
				"west": {"uv": [9, 0, 0, 16], "texture": "#0"},
				"up": {"uv": [0, 0, 9, 16], "rotation": 90, "texture": "#1"},
				"down": {"uv": [0, 0, 9, 16], "rotation": 270, "texture": "#0"}
			}
		},
		{
			"name": "octagon",
			"from": [0.01165, 3.8, 4.67536],
			"to": [0.51165, 8.8, 11.30278],
			"rotation": {"angle": 0, "axis": "y", "origin": [8.01165, 6.3, 7.98907]},
			"faces": {
				"north": {"uv": [0, 0, 9, 16], "texture": "#0"},
				"east": {"uv": [0, 0, 9, 16], "texture": "#1"},
				"south": {"uv": [0, 0, 9, 16], "texture": "#0"},
				"west": {"uv": [0, 0, 9, 16], "texture": "#0"},
				"up": {"uv": [0, 0, 9, 16], "rotation": 90, "texture": "#1"},
				"down": {"uv": [0, 0, 9, 16], "rotation": 270, "texture": "#0"}
			}
		},
		{
			"name": "octagon",
			"from": [5.93793, 1.07157, 1.67426],
			"to": [8.56534, 2.07157, 13.67426],
			"rotation": {"angle": 45, "axis": "y", "origin": [8.01165, 1.85738, 6.91424]},
			"faces": {
				"north": {"uv": [0, 0, 16, 16], "rotation": 270, "texture": "#0"},
				"east": {"uv": [0, 0, 16, 16], "rotation": 270, "texture": "#0"},
				"south": {"uv": [0, 0, 16, 16], "rotation": 270, "texture": "#0"},
				"west": {"uv": [0, 0, 16, 16], "rotation": 270, "texture": "#0"},
				"up": {"uv": [0, 0, 16, 16], "texture": "#0"},
				"down": {"uv": [0, 0, 16, 16], "rotation": 180, "texture": "#0"}
			}
		},
		{
			"name": "octagon",
			"from": [5.19794, 3.2, 0.48907],
			"to": [10.82536, 7.9, 15.48907],
			"rotation": {"angle": 45, "axis": "y", "origin": [8.01165, 2.75, 7.98907]},
			"faces": {
				"north": {"uv": [0, 0, 16, 16], "texture": "#0"},
				"east": {"uv": [0, 0, 16, 16], "texture": "#2"},
				"south": {"uv": [0, 0, 16, 16], "texture": "#0"},
				"west": {"uv": [0, 0, 16, 16], "texture": "#2"},
				"up": {"uv": [0, 0, 16, 16], "rotation": 90, "texture": "#2"},
				"down": {"uv": [0, 0, 16, 16], "rotation": 270, "texture": "#0"}
			}
		},
		{
			"name": "octagon",
			"from": [5.69794, 2.4, 0.98907],
			"to": [10.32536, 3.1, 14.98907],
			"rotation": {"angle": 45, "axis": "y", "origin": [8.01165, 2.75, 7.98907]},
			"faces": {
				"north": {"uv": [0, 0, 16, 16], "rotation": 270, "texture": "#0"},
				"east": {"uv": [0, 0, 16, 16], "rotation": 270, "texture": "#0"},
				"south": {"uv": [0, 0, 16, 16], "rotation": 270, "texture": "#0"},
				"west": {"uv": [0, 0, 16, 16], "rotation": 270, "texture": "#0"},
				"up": {"uv": [0, 0, 16, 16], "texture": "#0"},
				"down": {"uv": [0, 0, 16, 16], "rotation": 180, "texture": "#0"}
			}
		},
		{
			"name": "octagon",
			"from": [6.19794, 1.7, 1.48907],
			"to": [9.82536, 2.4, 14.48907],
			"rotation": {"angle": 45, "axis": "y", "origin": [8.01165, 2.75, 7.98907]},
			"faces": {
				"north": {"uv": [0, 0, 16, 16], "rotation": 270, "texture": "#0"},
				"east": {"uv": [0, 0, 16, 16], "rotation": 270, "texture": "#0"},
				"south": {"uv": [0, 0, 16, 16], "rotation": 270, "texture": "#0"},
				"west": {"uv": [0, 0, 16, 16], "rotation": 270, "texture": "#0"},
				"up": {"uv": [0, 0, 16, 16], "texture": "#0"},
				"down": {"uv": [0, 0, 16, 16], "rotation": 180, "texture": "#0"}
			}
		},
		{
			"name": "octagon",
			"from": [1.01165, 2.4, 5.67536],
			"to": [15.01165, 3.1, 10.30278],
			"rotation": {"angle": 45, "axis": "y", "origin": [8.01165, 2.75, 7.98907]},
			"faces": {
				"north": {"uv": [0, 0, 16, 16], "rotation": 180, "texture": "#0"},
				"east": {"uv": [0, 0, 16, 16], "rotation": 180, "texture": "#0"},
				"south": {"uv": [0, 0, 16, 16], "rotation": 180, "texture": "#0"},
				"west": {"uv": [0, 0, 16, 16], "rotation": 180, "texture": "#0"},
				"up": {"uv": [0, 0, 16, 16], "rotation": 270, "texture": "#0"},
				"down": {"uv": [0, 0, 16, 16], "rotation": 90, "texture": "#0"}
			}
		},
		{
			"name": "octagon",
			"from": [0.51165, 3, 5.17536],
			"to": [15.51165, 7.7, 10.80278],
			"rotation": {"angle": 45, "axis": "y", "origin": [8.01165, 2.75, 7.98907]},
			"faces": {
				"north": {"uv": [0, 0, 16, 16], "rotation": 180, "texture": "#2"},
				"east": {"uv": [0, 0, 16, 16], "rotation": 180, "texture": "#0"},
				"south": {"uv": [0, 0, 16, 16], "rotation": 180, "texture": "#2"},
				"west": {"uv": [0, 0, 16, 16], "rotation": 180, "texture": "#0"},
				"up": {"uv": [0, 0, 16, 16], "rotation": 270, "texture": "#2"},
				"down": {"uv": [0, 0, 16, 16], "rotation": 90, "texture": "#0"}
			}
		},
		{
			"name": "octagon",
			"from": [4.69794, 4.05, 0.48907],
			"to": [11.32536, 7.5, 15.48907],
			"rotation": {"angle": 0, "axis": "y", "origin": [8.01165, 2.75, 7.98907]},
			"faces": {
				"north": {"uv": [0, 0, 16, 16], "rotation": 90, "texture": "#0"},
				"east": {"uv": [0, 0, 16, 16], "rotation": 90, "texture": "#0"},
				"south": {"uv": [0, 0, 16, 16], "rotation": 90, "texture": "#0"},
				"west": {"uv": [0, 0, 16, 16], "rotation": 90, "texture": "#0"},
				"up": {"uv": [0, 0, 16, 16], "rotation": 180, "texture": "#2"},
				"down": {"uv": [0, 0, 16, 16], "texture": "#0"}
			}
		},
		{
			"name": "octagon",
			"from": [0.51165, 4.55, 4.67536],
			"to": [15.51165, 8, 11.30278],
			"rotation": {"angle": 0, "axis": "y", "origin": [8.01165, 2.75, 7.98907]},
			"faces": {
				"north": {"uv": [0, 0, 16, 16], "texture": "#2"},
				"east": {"uv": [0, 0, 16, 16], "texture": "#0"},
				"south": {"uv": [0, 0, 16, 16], "texture": "#2"},
				"west": {"uv": [0, 0, 16, 16], "texture": "#0"},
				"up": {"uv": [0, 0, 16, 16], "rotation": 90, "texture": "#2"},
				"down": {"uv": [0, 0, 16, 16], "rotation": 270, "texture": "#0"}
			}
		},
		{
			"name": "octagon",
			"from": [1.51165, 1.7, 6.17536],
			"to": [14.51165, 2.4, 9.80278],
			"rotation": {"angle": 45, "axis": "y", "origin": [8.01165, 2.75, 7.98907]},
			"faces": {
				"north": {"uv": [0, 0, 16, 16], "rotation": 180, "texture": "#0"},
				"east": {"uv": [0, 0, 16, 16], "rotation": 180, "texture": "#0"},
				"south": {"uv": [0, 0, 16, 16], "rotation": 180, "texture": "#0"},
				"west": {"uv": [0, 0, 16, 16], "rotation": 180, "texture": "#0"},
				"up": {"uv": [0, 0, 16, 16], "rotation": 270, "texture": "#0"},
				"down": {"uv": [0, 0, 16, 16], "rotation": 90, "texture": "#0"}
			}
		},
		{
			"name": "octagon",
			"from": [1.25164, 1.07157, 6.36055],
			"to": [13.25164, 2.07157, 8.98797],
			"rotation": {"angle": 45, "axis": "y", "origin": [8.01165, 1.85738, 6.91424]},
			"faces": {
				"north": {"uv": [0, 0, 16, 16], "rotation": 180, "texture": "#0"},
				"east": {"uv": [0, 0, 16, 16], "rotation": 180, "texture": "#0"},
				"south": {"uv": [0, 0, 16, 16], "rotation": 180, "texture": "#0"},
				"west": {"uv": [0, 0, 16, 16], "rotation": 180, "texture": "#0"},
				"up": {"uv": [0, 0, 16, 16], "rotation": 270, "texture": "#0"},
				"down": {"uv": [0, 0, 16, 16], "rotation": 90, "texture": "#0"}
			}
		},
		{
			"name": "octagon",
			"from": [4.69794, 0.87157, 2.8175],
			"to": [11.32536, 1.87157, 13.16064],
			"rotation": {"angle": 0, "axis": "y", "origin": [8.01165, 2.78126, 6.53156]},
			"faces": {
				"north": {"uv": [0, 0, 16, 16], "rotation": 270, "texture": "#0"},
				"east": {"uv": [0, 0, 16, 16], "rotation": 270, "texture": "#0"},
				"south": {"uv": [0, 0, 16, 16], "rotation": 270, "texture": "#0"},
				"west": {"uv": [0, 0, 16, 16], "rotation": 270, "texture": "#0"},
				"up": {"uv": [0, 0, 16, 16], "texture": "#0"},
				"down": {"uv": [0, 0, 16, 16], "rotation": 180, "texture": "#0"}
			}
		},
		{
			"name": "octagon",
			"from": [2.84008, 0.97157, 4.67536],
			"to": [13.18323, 1.97157, 11.30278],
			"rotation": {"angle": 0, "axis": "y", "origin": [6.55414, 2.78126, 7.98907]},
			"faces": {
				"north": {"uv": [0, 0, 16, 16], "rotation": 180, "texture": "#0"},
				"east": {"uv": [0, 0, 16, 16], "rotation": 180, "texture": "#0"},
				"south": {"uv": [0, 0, 16, 16], "rotation": 180, "texture": "#0"},
				"west": {"uv": [0, 0, 16, 16], "rotation": 180, "texture": "#0"},
				"up": {"uv": [0, 0, 16, 16], "rotation": 270, "texture": "#0"},
				"down": {"uv": [0, 0, 16, 16], "rotation": 90, "texture": "#0"}
			}
		},
		{
			"name": "octagon",
			"from": [4.69794, 3.8, -0.01093],
			"to": [11.32536, 8.8, 0.48907],
			"rotation": {"angle": 45, "axis": "y", "origin": [8.01165, 6.3, 7.98907]},
			"faces": {
				"north": {"uv": [9, 0, 0, 16], "texture": "#0"},
				"east": {"uv": [0, 0, 9, 16], "texture": "#0"},
				"south": {"uv": [0, 0, 9, 16], "texture": "#1"},
				"west": {"uv": [0, 0, 9, 16], "texture": "#0"},
				"up": {"uv": [0, 0, 9, 16], "rotation": 90, "texture": "#1"},
				"down": {"uv": [0, 0, 9, 16], "rotation": 270, "texture": "#0"}
			}
		},
		{
			"name": "octagon",
			"from": [4.69794, 3.8, -0.01093],
			"to": [11.32536, 8.8, 0.48907],
			"rotation": {"angle": 0, "axis": "y", "origin": [8.01165, 6.3, 7.98907]},
			"faces": {
				"north": {"uv": [0, 0, 9, 16], "texture": "#0"},
				"east": {"uv": [0, 0, 9, 16], "texture": "#0"},
				"south": {"uv": [0, 0, 9, 16], "texture": "#1"},
				"west": {"uv": [0, 0, 9, 16], "texture": "#0"},
				"up": {"uv": [0, 0, 9, 16], "rotation": 90, "texture": "#1"},
				"down": {"uv": [0, 0, 9, 16], "rotation": 270, "texture": "#0"}
			}
		},
		{
			"name": "octagon",
			"from": [4.69794, 3.8, 15.48907],
			"to": [11.32536, 8.8, 15.98907],
			"rotation": {"angle": 45, "axis": "y", "origin": [8.01165, 6.3, 7.98907]},
			"faces": {
				"north": {"uv": [0, 0, 9, 16], "texture": "#1"},
				"east": {"uv": [0, 0, 9, 16], "texture": "#0"},
				"south": {"uv": [9, 0, 0, 16], "texture": "#0"},
				"west": {"uv": [0, 0, 9, 16], "texture": "#0"},
				"up": {"uv": [0, 0, 9, 16], "rotation": 90, "texture": "#1"},
				"down": {"uv": [0, 0, 9, 16], "rotation": 270, "texture": "#0"}
			}
		},
		{
			"name": "octagon",
			"from": [4.69794, 3.8, 15.48907],
			"to": [11.32536, 8.8, 15.98907],
			"rotation": {"angle": 0, "axis": "y", "origin": [8.01165, 6.3, 7.98907]},
			"faces": {
				"north": {"uv": [0, 0, 9, 16], "texture": "#1"},
				"east": {"uv": [0, 0, 9, 16], "texture": "#0"},
				"south": {"uv": [0, 0, 9, 16], "texture": "#0"},
				"west": {"uv": [0, 0, 9, 16], "texture": "#0"},
				"up": {"uv": [0, 0, 9, 16], "rotation": 90, "texture": "#1"},
				"down": {"uv": [0, 0, 9, 16], "rotation": 270, "texture": "#0"}
			}
		},
		{
			"name": "octagon",
			"from": [11.51165, 0, 6.33222],
			"to": [12.01165, 1, 9.64592],
			"rotation": {"angle": 45, "axis": "y", "origin": [8.01165, 0.5, 7.98907]},
			"faces": {
				"north": {"uv": [0, 0, 16, 16], "texture": "#1"},
				"east": {"uv": [0, 0, 16, 16], "texture": "#1"},
				"south": {"uv": [0, 0, 16, 16], "texture": "#1"},
				"west": {"uv": [0, 0, 16, 16], "texture": "#1"},
				"up": {"uv": [0, 0, 16, 16], "rotation": 90, "texture": "#1"},
				"down": {"uv": [0, 0, 16, 16], "rotation": 270, "texture": "#1"}
			}
		},
		{
			"name": "octagon",
			"from": [11.51165, 0, 6.33222],
			"to": [12.01165, 1, 9.64592],
			"rotation": {"angle": 0, "axis": "y", "origin": [8.01165, 0.5, 7.98907]},
			"faces": {
				"north": {"uv": [0, 0, 16, 16], "texture": "#1"},
				"east": {"uv": [0, 0, 16, 16], "texture": "#1"},
				"south": {"uv": [0, 0, 16, 16], "texture": "#1"},
				"west": {"uv": [0, 0, 16, 16], "texture": "#1"},
				"up": {"uv": [0, 0, 16, 16], "rotation": 90, "texture": "#1"},
				"down": {"uv": [0, 0, 16, 16], "rotation": 270, "texture": "#1"}
			}
		},
		{
			"name": "octagon",
			"from": [4.01165, 0, 6.33222],
			"to": [4.51165, 1, 9.64592],
			"rotation": {"angle": 45, "axis": "y", "origin": [8.01165, 0.5, 7.98907]},
			"faces": {
				"north": {"uv": [0, 0, 16, 16], "texture": "#1"},
				"east": {"uv": [0, 0, 16, 16], "texture": "#1"},
				"south": {"uv": [0, 0, 16, 16], "texture": "#1"},
				"west": {"uv": [0, 0, 16, 16], "texture": "#1"},
				"up": {"uv": [0, 0, 16, 16], "rotation": 90, "texture": "#1"},
				"down": {"uv": [0, 0, 16, 16], "rotation": 270, "texture": "#1"}
			}
		},
		{
			"name": "octagon",
			"from": [4.01165, 0, 6.33222],
			"to": [4.51165, 1, 9.64592],
			"rotation": {"angle": 0, "axis": "y", "origin": [8.01165, 0.5, 7.98907]},
			"faces": {
				"north": {"uv": [0, 0, 16, 16], "texture": "#1"},
				"east": {"uv": [0, 0, 16, 16], "texture": "#1"},
				"south": {"uv": [0, 0, 16, 16], "texture": "#1"},
				"west": {"uv": [0, 0, 16, 16], "texture": "#1"},
				"up": {"uv": [0, 0, 16, 16], "rotation": 90, "texture": "#1"},
				"down": {"uv": [0, 0, 16, 16], "rotation": 270, "texture": "#1"}
			}
		},
		{
			"name": "octagon",
			"from": [6.3548, 0, 3.98907],
			"to": [9.66851, 1, 4.48907],
			"rotation": {"angle": 45, "axis": "y", "origin": [8.01165, 0.5, 7.98907]},
			"faces": {
				"north": {"uv": [0, 0, 16, 16], "texture": "#1"},
				"east": {"uv": [0, 0, 16, 16], "texture": "#1"},
				"south": {"uv": [0, 0, 16, 16], "texture": "#1"},
				"west": {"uv": [0, 0, 16, 16], "texture": "#1"},
				"up": {"uv": [0, 0, 16, 16], "rotation": 90, "texture": "#1"},
				"down": {"uv": [0, 0, 16, 16], "rotation": 270, "texture": "#1"}
			}
		},
		{
			"name": "octagon",
			"from": [6.3548, 0, 3.98907],
			"to": [9.66851, 1, 4.48907],
			"rotation": {"angle": 0, "axis": "y", "origin": [8.01165, 0.5, 7.98907]},
			"faces": {
				"north": {"uv": [0, 0, 16, 16], "texture": "#1"},
				"east": {"uv": [0, 0, 16, 16], "texture": "#1"},
				"south": {"uv": [0, 0, 16, 16], "texture": "#1"},
				"west": {"uv": [0, 0, 16, 16], "texture": "#1"},
				"up": {"uv": [0, 0, 16, 16], "rotation": 90, "texture": "#1"},
				"down": {"uv": [0, 0, 16, 16], "rotation": 270, "texture": "#1"}
			}
		},
		{
			"name": "octagon",
			"from": [6.3548, 0, 11.48907],
			"to": [9.66851, 1, 11.98907],
			"rotation": {"angle": 45, "axis": "y", "origin": [8.01165, 0.5, 7.98907]},
			"faces": {
				"north": {"uv": [0, 0, 16, 16], "texture": "#1"},
				"east": {"uv": [0, 0, 16, 16], "texture": "#1"},
				"south": {"uv": [0, 0, 16, 16], "texture": "#1"},
				"west": {"uv": [0, 0, 16, 16], "texture": "#1"},
				"up": {"uv": [0, 0, 16, 16], "rotation": 90, "texture": "#1"},
				"down": {"uv": [0, 0, 16, 16], "rotation": 270, "texture": "#1"}
			}
		},
		{
			"name": "octagon",
			"from": [6.3548, 0, 11.48907],
			"to": [9.66851, 1, 11.98907],
			"rotation": {"angle": 0, "axis": "y", "origin": [8.01165, 0.5, 7.98907]},
			"faces": {
				"north": {"uv": [0, 0, 16, 16], "texture": "#1"},
				"east": {"uv": [0, 0, 16, 16], "texture": "#1"},
				"south": {"uv": [0, 0, 16, 16], "texture": "#1"},
				"west": {"uv": [0, 0, 16, 16], "texture": "#1"},
				"up": {"uv": [0, 0, 16, 16], "rotation": 90, "texture": "#1"},
				"down": {"uv": [0, 0, 16, 16], "rotation": 270, "texture": "#1"}
			}
		},
		{
			"name": "octagon",
			"from": [2.01165, 7.5, 6.28907],
			"to": [10.01165, 8.75, 9.60278],
			"rotation": {"angle": 45, "axis": "y", "origin": [6.01165, 8, 7.98907]},
			"faces": {
				"north": {"uv": [0, 0, 16, 16], "texture": "#3"},
				"east": {"uv": [0, 0, 16, 16], "texture": "#3"},
				"south": {"uv": [0, 0, 16, 16], "texture": "#3"},
				"west": {"uv": [0, 0, 16, 16], "texture": "#3"},
				"up": {"uv": [0, 0, 16, 16], "rotation": 90, "texture": "#3"},
				"down": {"uv": [0, 0, 16, 16], "rotation": 270, "texture": "#3"}
			}
		},
		{
			"name": "octagon",
			"from": [6.01165, 7.5, 6.28907],
			"to": [14.01165, 9, 9.60278],
			"rotation": {"angle": 45, "axis": "y", "origin": [10.01165, 8, 7.98907]},
			"faces": {
				"north": {"uv": [0, 0, 16, 16], "texture": "#3"},
				"east": {"uv": [0, 0, 16, 16], "texture": "#3"},
				"south": {"uv": [0, 0, 16, 16], "texture": "#3"},
				"west": {"uv": [0, 0, 16, 16], "texture": "#3"},
				"up": {"uv": [0, 0, 16, 16], "rotation": 90, "texture": "#3"},
				"down": {"uv": [0, 0, 16, 16], "rotation": 270, "texture": "#3"}
			}
		},
		{
			"name": "octagon",
			"from": [2.01165, 7.5, 6.33907],
			"to": [14.01165, 9.25, 9.65278],
			"rotation": {"angle": 0, "axis": "y", "origin": [8.01165, 8, 7.98907]},
			"faces": {
				"north": {"uv": [0, 0, 16, 16], "texture": "#3"},
				"east": {"uv": [0, 0, 16, 16], "texture": "#3"},
				"south": {"uv": [0, 0, 16, 16], "texture": "#3"},
				"west": {"uv": [0, 0, 16, 16], "texture": "#3"},
				"up": {"uv": [0, 0, 16, 16], "rotation": 90, "texture": "#3"},
				"down": {"uv": [0, 0, 16, 16], "rotation": 270, "texture": "#3"}
			}
		},
		{
			"name": "octagon",
			"from": [8.39794, 7.5, 3.98907],
			"to": [11.71165, 9, 11.98907],
			"rotation": {"angle": 45, "axis": "y", "origin": [10.01165, 8, 7.98907]},
			"faces": {
				"north": {"uv": [0, 0, 16, 16], "texture": "#3"},
				"east": {"uv": [0, 0, 16, 16], "texture": "#3"},
				"south": {"uv": [0, 0, 16, 16], "texture": "#3"},
				"west": {"uv": [0, 0, 16, 16], "texture": "#3"},
				"up": {"uv": [0, 0, 16, 16], "rotation": 90, "texture": "#3"},
				"down": {"uv": [0, 0, 16, 16], "rotation": 270, "texture": "#3"}
			}
		},
		{
			"name": "octagon",
			"from": [4.39794, 7.5, 3.98907],
			"to": [7.71165, 8.75, 11.98907],
			"rotation": {"angle": 45, "axis": "y", "origin": [6.01165, 8, 7.98907]},
			"faces": {
				"north": {"uv": [0, 0, 16, 16], "texture": "#3"},
				"east": {"uv": [0, 0, 16, 16], "texture": "#3"},
				"south": {"uv": [0, 0, 16, 16], "texture": "#3"},
				"west": {"uv": [0, 0, 16, 16], "texture": "#3"},
				"up": {"uv": [0, 0, 16, 16], "rotation": 90, "texture": "#3"},
				"down": {"uv": [0, 0, 16, 16], "rotation": 270, "texture": "#3"}
			}
		},
		{
			"name": "octagon",
			"from": [4.01165, 7.5, 3.98907],
			"to": [12.01165, 9.5, 11.98907],
			"rotation": {"angle": 0, "axis": "y", "origin": [8.01165, 8, 7.98907]},
			"faces": {
				"north": {"uv": [0, 0, 16, 16], "texture": "#3"},
				"east": {"uv": [0, 0, 16, 16], "texture": "#3"},
				"south": {"uv": [0, 0, 16, 16], "texture": "#3"},
				"west": {"uv": [0, 0, 16, 16], "texture": "#3"},
				"up": {"uv": [0, 0, 16, 16], "rotation": 90, "texture": "#3"},
				"down": {"uv": [0, 0, 16, 16], "rotation": 270, "texture": "#3"}
			}
		},
		{
			"name": "octagon",
			"from": [5.01165, 8.5, 7.98907],
			"to": [11.01165, 9.5, 8.98907],
			"rotation": {"angle": -22.5, "axis": "z", "origin": [7.01165, 8, 7.98907]},
			"faces": {
				"north": {"uv": [0, 0, 16, 16], "texture": "#5"},
				"east": {"uv": [0, 0, 16, 16], "texture": "#5"},
				"south": {"uv": [0, 0, 16, 16], "texture": "#5"},
				"west": {"uv": [0, 0, 16, 16], "texture": "#5"},
				"up": {"uv": [0, 0, 16, 16], "rotation": 90, "texture": "#5"},
				"down": {"uv": [0, 0, 16, 16], "rotation": 270, "texture": "#5"}
			}
		},
		{
			"name": "octagon",
			"from": [7.01165, 8.5, 4.98907],
			"to": [8.01165, 9.5, 10.98907],
			"rotation": {"angle": 22.5, "axis": "x", "origin": [8.01165, 8, 6.98907]},
			"faces": {
				"north": {"uv": [0, 0, 16, 16], "texture": "#5"},
				"east": {"uv": [0, 0, 16, 16], "texture": "#5"},
				"south": {"uv": [0, 0, 16, 16], "texture": "#5"},
				"west": {"uv": [0, 0, 16, 16], "texture": "#5"},
				"up": {"uv": [0, 0, 16, 16], "rotation": 90, "texture": "#5"},
				"down": {"uv": [0, 0, 16, 16], "rotation": 270, "texture": "#5"}
			}
		},
		{
			"name": "octagon",
			"from": [4.01165, 8.5, 5.98907],
			"to": [10.01165, 9.5, 6.98907],
			"rotation": {"angle": 22.5, "axis": "z", "origin": [8.01165, 8, 6.98907]},
			"faces": {
				"north": {"uv": [0, 0, 16, 16], "texture": "#5"},
				"east": {"uv": [0, 0, 16, 16], "texture": "#5"},
				"south": {"uv": [0, 0, 16, 16], "texture": "#5"},
				"west": {"uv": [0, 0, 16, 16], "texture": "#5"},
				"up": {"uv": [0, 0, 16, 16], "rotation": 90, "texture": "#5"},
				"down": {"uv": [0, 0, 16, 16], "rotation": 270, "texture": "#5"}
			}
		},
		{
			"name": "octagon",
			"from": [8.01165, 8.5, 3.98907],
			"to": [9.01165, 9.5, 9.98907],
			"rotation": {"angle": -22.5, "axis": "x", "origin": [8.01165, 8, 7.98907]},
			"faces": {
				"north": {"uv": [0, 0, 16, 16], "texture": "#5"},
				"east": {"uv": [0, 0, 16, 16], "texture": "#5"},
				"south": {"uv": [0, 0, 16, 16], "texture": "#5"},
				"west": {"uv": [0, 0, 16, 16], "texture": "#5"},
				"up": {"uv": [0, 0, 16, 16], "rotation": 90, "texture": "#5"},
				"down": {"uv": [0, 0, 16, 16], "rotation": 270, "texture": "#5"}
			}
		},
		{
			"name": "octagon",
			"from": [7.01165, 6, 2.98907],
			"to": [12.01165, 7, 12.98907],
			"rotation": {"angle": 22.5, "axis": "z", "origin": [7.01165, 7, 7.98907]},
			"faces": {
				"north": {"uv": [0, 0, 16, 7], "rotation": 90, "texture": "#4"},
				"east": {"uv": [0, 0, 16, 7], "rotation": 90, "texture": "#4"},
				"south": {"uv": [0, 0, 16, 7], "rotation": 90, "texture": "#4"},
				"west": {"uv": [0, 0, 16, 7], "rotation": 90, "texture": "#4"},
				"up": {"uv": [0, 0, 16, 7], "rotation": 180, "texture": "#4"},
				"down": {"uv": [0, 0, 16, 7], "texture": "#4"}
			}
		},
		{
			"name": "octagon",
			"from": [2.51165, 7.5, 2.98907],
			"to": [7.51165, 8.5, 11.98907],
			"rotation": {"angle": 45, "axis": "y", "origin": [7.51165, 8.5, 6.98907]},
			"faces": {
				"north": {"uv": [0, 0, 16, 7], "rotation": 270, "texture": "#4"},
				"east": {"uv": [0, 0, 16, 7], "rotation": 270, "texture": "#4"},
				"south": {"uv": [0, 0, 16, 7], "rotation": 270, "texture": "#4"},
				"west": {"uv": [0, 0, 16, 7], "rotation": 270, "texture": "#4"},
				"up": {"uv": [0, 0, 16, 7], "texture": "#4"},
				"down": {"uv": [0, 0, 16, 7], "rotation": 180, "texture": "#4"}
			}
		},
		{
			"name": "octagon",
			"from": [3.51165, 7.5, 2.98907],
			"to": [12.51165, 8.5, 7.98907],
			"rotation": {"angle": -22.5, "axis": "y", "origin": [7.51165, 8.5, 2.98907]},
			"faces": {
				"north": {"uv": [0, 0, 16, 7], "rotation": 270, "texture": "#4"},
				"east": {"uv": [0, 0, 16, 7], "rotation": 270, "texture": "#4"},
				"south": {"uv": [0, 0, 16, 7], "rotation": 270, "texture": "#4"},
				"west": {"uv": [0, 0, 16, 7], "rotation": 270, "texture": "#4"},
				"up": {"uv": [0, 0, 16, 7], "rotation": 270, "texture": "#4"},
				"down": {"uv": [0, 0, 16, 7], "rotation": 270, "texture": "#4"}
			}
		},
		{
			"name": "octagon",
			"from": [6.51165, 7.5, 5.98907],
			"to": [15.51165, 8.5, 10.98907],
			"rotation": {"angle": -22.5, "axis": "y", "origin": [10.51165, 8.5, 5.98907]},
			"faces": {
				"north": {"uv": [0, 0, 16, 7], "rotation": 270, "texture": "#4"},
				"east": {"uv": [0, 0, 16, 7], "rotation": 270, "texture": "#4"},
				"south": {"uv": [0, 0, 16, 7], "rotation": 270, "texture": "#4"},
				"west": {"uv": [0, 0, 16, 7], "rotation": 270, "texture": "#4"},
				"up": {"uv": [0, 0, 16, 7], "rotation": 270, "texture": "#4"},
				"down": {"uv": [0, 0, 16, 7], "rotation": 270, "texture": "#4"}
			}
		}
	],
	"display": {
		"thirdperson_righthand": {
			"translation": [0, 1, 0],
			"scale": [0.3, 0.3, 0.3]
		},
		"thirdperson_lefthand": {
			"translation": [0, 1, 0],
			"scale": [0.3, 0.3, 0.3]
		},
		"ground": {
			"scale": [0.5, 0.5, 0.5]
		},
		"gui": {
			"rotation": [45, 0, 0],
			"translation": [0, 1.5, 0]
		},
		"head": {
			"translation": [0, 11, 0],
			"scale": [0.6, 0.6, 0.6]
		},
		"fixed": {
			"rotation": [-90, 0, 0],
			"translation": [0, 0, -7.75]
		}
	}
}