{
	"textures": {
		"0": "block/red_concrete_powder",
		"particle": "block/red_concrete_powder"
	},
	"elements": [
		{
			"from": [1.41511, 10.15411, 1.4],
			"to": [2.91511, 10.35411, 1.5],
			"rotation": {"angle": -22.5, "axis": "z", "origin": [2.06511, 10.25411, 1.45]},
			"faces": {
				"north": {"uv": [0, 0, 16, 16], "texture": "#0"},
				"east": {"uv": [0, 0, 1, 1], "texture": "#0"},
				"south": {"uv": [0, 0, 1, 1], "texture": "#0"},
				"west": {"uv": [0, 0, 1, 1], "texture": "#0"},
				"up": {"uv": [0, 0, 1, 1], "texture": "#0"},
				"down": {"uv": [0, 0, 1, 1], "texture": "#0"}
			}
		},
		{
			"from": [1.31615, 9.6516, 14.4],
			"to": [7.31615, 9.8516, 14.5],
			"rotation": {"angle": -22.5, "axis": "z", "origin": [3.26615, 9.7516, 14.45]},
			"faces": {
				"north": {"uv": [0, 0, 16, 16], "texture": "#0"},
				"east": {"uv": [0, 0, 1, 1], "texture": "#0"},
				"south": {"uv": [0, 0, 1, 1], "texture": "#0"},
				"west": {"uv": [0, 0, 1, 1], "texture": "#0"},
				"up": {"uv": [0, 0, 1, 1], "texture": "#0"},
				"down": {"uv": [0, 0, 1, 1], "texture": "#0"}
			}
		},
		{
			"from": [1.05762, 8.11975, 1.5],
			"to": [15.05762, 8.71975, 1.5],
			"rotation": {"angle": 22.5, "axis": "z", "origin": [8.05762, 8.41975, 1.5]},
			"faces": {
				"north": {"uv": [0, 0, 16, 16], "texture": "#0"},
				"east": {"uv": [0, 0, 1, 1], "texture": "#0"},
				"south": {"uv": [0, 0, 1, 1], "texture": "#0"},
				"west": {"uv": [0, 0, 1, 1], "texture": "#0"},
				"up": {"uv": [0, 0, 1, 1], "texture": "#0"},
				"down": {"uv": [0, 0, 1, 1], "texture": "#0"}
			}
		},
		{
			"from": [1.05762, 8.11975, 14.4],
			"to": [15.05762, 8.71975, 14.6],
			"rotation": {"angle": 22.5, "axis": "z", "origin": [8.05762, 8.41975, 14.5]},
			"faces": {
				"north": {"uv": [0, 0, 16, 16], "texture": "#0"},
				"east": {"uv": [0, 0, 1, 1], "texture": "#0"},
				"south": {"uv": [0, 0, 1, 1], "texture": "#0"},
				"west": {"uv": [0, 0, 1, 1], "texture": "#0"},
				"up": {"uv": [0, 0, 1, 1], "texture": "#0"},
				"down": {"uv": [0, 0, 1, 1], "texture": "#0"}
			}
		},
		{
			"from": [1.47566, 5.41813, 1.5],
			"to": [1.77566, 6.01813, 14.6],
			"rotation": {"angle": 0, "axis": "y", "origin": [1.77566, 5.9826, -1.1]},
			"faces": {
				"north": {"uv": [0, 1, 1, 0], "texture": "#0"},
				"east": {"uv": [0, 1, 1, 0], "texture": "#0"},
				"south": {"uv": [0, 1, 1, 0], "texture": "#0"},
				"west": {"uv": [0, 16, 16, 0], "texture": "#0"},
				"up": {"uv": [1, 0, 0, 1], "rotation": 90, "texture": "#0"},
				"down": {"uv": [1, 0, 0, 1], "rotation": 270, "texture": "#0"}
			}
		},
		{
			"from": [14.40997, 10.7757, 1.5],
			"to": [14.70997, 11.3757, 14.4],
			"rotation": {"angle": 0, "axis": "y", "origin": [1.70997, 5.94017, -1.1]},
			"faces": {
				"north": {"uv": [0, 1, 1, 0], "texture": "#0"},
				"east": {"uv": [0, 1, 1, 0], "texture": "#0"},
				"south": {"uv": [0, 1, 1, 0], "texture": "#0"},
				"west": {"uv": [0, 16, 16, 0], "texture": "#0"},
				"up": {"uv": [1, 0, 0, 1], "rotation": 90, "texture": "#0"},
				"down": {"uv": [1, 0, 0, 1], "rotation": 270, "texture": "#0"}
			}
		},
		{
			"from": [1.42632, 10.40544, 1.5],
			"to": [1.52632, 10.60544, 14.5],
			"rotation": {"angle": 0, "axis": "y", "origin": [1.72632, 7.56991, -1]},
			"faces": {
				"north": {"uv": [0, 1, 1, 0], "texture": "#0"},
				"east": {"uv": [0, 1, 1, 0], "texture": "#0"},
				"south": {"uv": [0, 1, 1, 0], "texture": "#0"},
				"west": {"uv": [0, 16, 16, 0], "texture": "#0"},
				"up": {"uv": [1, 0, 0, 1], "rotation": 90, "texture": "#0"},
				"down": {"uv": [1, 0, 0, 1], "rotation": 270, "texture": "#0"}
			}
		},
		{
			"name": "octagon",
			"from": [5.06565, 6.13317, 1.2],
			"to": [7.06565, 8.13317, 1.5],
			"rotation": {"angle": 22.5, "axis": "z", "origin": [6.10118, 8.63317, 1.7]},
			"faces": {
				"north": {"uv": [0, 0, 16, 16], "texture": "#0"},
				"east": {"uv": [0, 0, 1, 1], "texture": "#0"},
				"south": {"uv": [0, 0, 1, 1], "texture": "#0"},
				"west": {"uv": [0, 0, 1, 1], "texture": "#0"},
				"up": {"uv": [0, 0, 1, 1], "texture": "#0"},
				"down": {"uv": [0, 0, 1, 1], "texture": "#0"}
			}
		},
		{
			"name": "octagon",
			"from": [4.10118, 5.92719, 1.5],
			"to": [6.10118, 7.92719, 1.5],
			"rotation": {"angle": 0, "axis": "y", "origin": [5.13671, 8.42719, 1.7]},
			"faces": {
				"north": {"uv": [0, 0, 16, 16], "texture": "#0"},
				"east": {"uv": [0, 0, 1, 1], "texture": "#0"},
				"south": {"uv": [0, 0, 1, 1], "texture": "#0"},
				"west": {"uv": [0, 0, 1, 1], "texture": "#0"},
				"up": {"uv": [0, 0, 1, 1], "texture": "#0"},
				"down": {"uv": [0, 0, 1, 1], "texture": "#0"}
			}
		},
		{
			"name": "octagon",
			"from": [2.61164, 7.95313, 1.4],
			"to": [8.61164, 9.45313, 1.5],
			"rotation": {"angle": -22.5, "axis": "z", "origin": [5.11164, 8.98866, 1.7]},
			"faces": {
				"north": {"uv": [0, 0, 16, 16], "texture": "#0"},
				"east": {"uv": [0, 0, 1, 1], "texture": "#0"},
				"south": {"uv": [0, 0, 1, 1], "texture": "#0"},
				"west": {"uv": [0, 0, 1, 1], "texture": "#0"},
				"up": {"uv": [0, 0, 1, 1], "texture": "#0"},
				"down": {"uv": [0, 0, 1, 1], "texture": "#0"}
			}
		},
		{
			"name": "octagon",
			"from": [2.61164, 6.9216, 1.5],
			"to": [3.61164, 9.45313, 1.5],
			"rotation": {"angle": -22.5, "axis": "z", "origin": [5.11164, 8.98866, 1.7]},
			"faces": {
				"north": {"uv": [0, 0, 16, 16], "texture": "#0"},
				"east": {"uv": [0, 0, 1, 1], "texture": "#0"},
				"south": {"uv": [0, 0, 1, 1], "texture": "#0"},
				"west": {"uv": [0, 0, 1, 1], "texture": "#0"},
				"up": {"uv": [0, 0, 1, 1], "texture": "#0"},
				"down": {"uv": [0, 0, 1, 1], "texture": "#0"}
			}
		},
		{
			"name": "octagon",
			"from": [2.63672, 7.39166, 1.3],
			"to": [4.63672, 10.39166, 1.5],
			"rotation": {"angle": 45, "axis": "z", "origin": [5.13672, 8.42719, 1.7]},
			"faces": {
				"north": {"uv": [0, 0, 16, 16], "texture": "#0"},
				"east": {"uv": [0, 0, 1, 1], "texture": "#0"},
				"south": {"uv": [0, 0, 1, 1], "texture": "#0"},
				"west": {"uv": [0, 0, 1, 1], "texture": "#0"},
				"up": {"uv": [0, 0, 1, 1], "texture": "#0"},
				"down": {"uv": [0, 0, 1, 1], "texture": "#0"}
			}
		}
	],
	"display": {
		"thirdperson_righthand": {
			"scale": [0.4, 0.4, 0.4]
		},
		"thirdperson_lefthand": {
			"scale": [0.4, 0.4, 0.4]
		},
		"firstperson_righthand": {
			"scale": [0.4, 0.4, 0.4]
		},
		"firstperson_lefthand": {
			"scale": [0.4, 0.4, 0.4]
		},
		"ground": {
			"scale": [0.4, 0.4, 0.4]
		},
		"gui": {
			"rotation": [0, 145, 0],
			"scale": [0.4, 0.4, 0.4]
		}
	}
}