{
	"textures": {
		"1": "block/iron_block",
		"2": "block/yellow_stained_glass"
	},
	"elements": [
		{
			"from": [0.2, 2, 0.1],
			"to": [15.8, 15.9, 5.1],
			"faces": {
				"north": {"uv": [0, 0, 15.6, 13.9], "texture": "#2"},
				"east": {"uv": [0, 0, 5, 13.9], "texture": "#2"},
				"south": {"uv": [0, 0, 15.6, 13.9], "texture": "#2"},
				"west": {"uv": [0, 0, 5, 13.9], "texture": "#2"},
				"up": {"uv": [0, 0, 15.6, 5], "texture": "#2"},
				"down": {"uv": [0, 0, 15.6, 5], "texture": "#2"}
			}
		},
		{
			"from": [0.1, 2, 5.1],
			"to": [15.9, 16, 15.9],
			"faces": {
				"north": {"uv": [0, 0, 15.8, 14], "texture": "#1"},
				"east": {"uv": [0, 0, 10.8, 14], "texture": "#1"},
				"south": {"uv": [0, 0, 15.8, 14], "texture": "#1"},
				"west": {"uv": [0, 0, 10.8, 14], "texture": "#1"},
				"up": {"uv": [0, 0, 15.8, 10.8], "texture": "#1"},
				"down": {"uv": [0, 0, 15.8, 10.8], "texture": "#1"}
			}
		},
		{
			"from": [0, 0, 0],
			"to": [16, 2, 16],
			"faces": {
				"north": {"uv": [0, 0, 16, 2], "texture": "#1"},
				"east": {"uv": [0, 0, 16, 2], "texture": "#1"},
				"south": {"uv": [0, 0, 16, 2], "texture": "#1"},
				"west": {"uv": [0, 0, 16, 2], "texture": "#1"},
				"up": {"uv": [0, 0, 16, 16], "texture": "#1"},
				"down": {"uv": [0, 0, 16, 16], "texture": "#1"}
			}
		}
	],
	"display": {
		"thirdperson_righthand": {
			"scale": [0.4, 0.4, 0.4]
		},
		"thirdperson_lefthand": {
			"scale": [0.4, 0.4, 0.4]
		},
		"firstperson_righthand": {
			"scale": [0.4, 0.4, 0.4]
		},
		"firstperson_lefthand": {
			"scale": [0.4, 0.4, 0.4]
		},
		"ground": {
			"scale": [0.4, 0.4, 0.4]
		},
		"gui": {
			"rotation": [0, 145, 0],
			"scale": [0.4, 0.4, 0.4]
		}
	}
}