{
	"texture_size": [64, 64],
	"textures": {
		"0": "custom_item/hige_hat"
	},
	"elements": [
		{
			"from": [6, 3.5, -1.5],
			"to": [10, 6.5, 1.5],
			"rotation": {"angle": 0, "axis": "y", "origin": [8, 5, 0]},
			"faces": {
				"north": {"uv": [0, 11.5, 1, 12.25], "texture": "#0"},
				"east": {"uv": [1, 12, 1.75, 12.75], "texture": "#0"},
				"south": {"uv": [5, 11.75, 6, 12.5], "texture": "#0"},
				"west": {"uv": [0, 12.25, 0.75, 13], "texture": "#0"},
				"up": {"uv": [11.5, 12.5, 10.5, 11.75], "texture": "#0"},
				"down": {"uv": [12.5, 11.75, 11.5, 12.5], "texture": "#0"}
			}
		},
		{
			"from": [1, 4.1, 0.5],
			"to": [7, 5.5, 1.5],
			"rotation": {"angle": -22.5, "axis": "z", "origin": [5, 4, 0]},
			"faces": {
				"north": {"uv": [12.25, 3.75, 13.75, 4], "texture": "#0"},
				"east": {"uv": [6.5, 5, 6.75, 5.25], "texture": "#0"},
				"south": {"uv": [12.25, 4, 13.75, 4.25], "texture": "#0"},
				"west": {"uv": [3.25, 7, 3.5, 7.25], "texture": "#0"},
				"up": {"uv": [13.75, 4.5, 12.25, 4.25], "texture": "#0"},
				"down": {"uv": [4.25, 12.5, 2.75, 12.75], "texture": "#0"}
			}
		},
		{
			"from": [9, 4.1, 0.5],
			"to": [15, 5.5, 1.5],
			"rotation": {"angle": 22.5, "axis": "z", "origin": [11, 4, 0]},
			"faces": {
				"north": {"uv": [4.25, 12.5, 5.75, 12.75], "texture": "#0"},
				"east": {"uv": [8.5, 12.5, 8.75, 12.75], "texture": "#0"},
				"south": {"uv": [10.25, 12.5, 11.75, 12.75], "texture": "#0"},
				"west": {"uv": [11.25, 13, 11.5, 13.25], "texture": "#0"},
				"up": {"uv": [13.25, 12.75, 11.75, 12.5], "texture": "#0"},
				"down": {"uv": [14, 10, 12.5, 10.25], "texture": "#0"}
			}
		},
		{
			"from": [1, 2.5, 0.5],
			"to": [4, 3.8, 1.5],
			"rotation": {"angle": -45, "axis": "z", "origin": [5, 4, 0]},
			"faces": {
				"north": {"uv": [4.25, 12.75, 5, 13], "texture": "#0"},
				"east": {"uv": [2, 10.5, 2.25, 10.75], "texture": "#0"},
				"south": {"uv": [5, 12.75, 5.75, 13], "texture": "#0"},
				"west": {"uv": [10.5, 9.25, 10.75, 9.5], "texture": "#0"},
				"up": {"uv": [7.25, 13, 6.5, 12.75], "texture": "#0"},
				"down": {"uv": [9.25, 12.75, 8.5, 13], "texture": "#0"}
			}
		},
		{
			"from": [12, 2.5, 0.5],
			"to": [15, 3.8, 1.5],
			"rotation": {"angle": 45, "axis": "z", "origin": [11, 4, 0]},
			"faces": {
				"north": {"uv": [10.25, 12.75, 11, 13], "texture": "#0"},
				"east": {"uv": [1.75, 12, 2, 12.25], "texture": "#0"},
				"south": {"uv": [11, 12.75, 11.75, 13], "texture": "#0"},
				"west": {"uv": [10.25, 12.25, 10.5, 12.5], "texture": "#0"},
				"up": {"uv": [12.5, 13, 11.75, 12.75], "texture": "#0"},
				"down": {"uv": [13.25, 12.75, 12.5, 13], "texture": "#0"}
			}
		},
		{
			"from": [4, 2.5, 0.5],
			"to": [7.5, 4.5, 1.5],
			"rotation": {"angle": -22.5, "axis": "z", "origin": [5, 4, 0]},
			"faces": {
				"north": {"uv": [8.25, 4.75, 9.25, 5.25], "texture": "#0"},
				"east": {"uv": [0.75, 12.25, 1, 12.75], "texture": "#0"},
				"south": {"uv": [12, 9, 13, 9.5], "texture": "#0"},
				"west": {"uv": [5.75, 12.5, 6, 13], "texture": "#0"},
				"up": {"uv": [3.25, 7.25, 2.25, 7], "texture": "#0"},
				"down": {"uv": [10.5, 9.25, 9.5, 9.5], "texture": "#0"}
			}
		},
		{
			"from": [8.5, 2.5, 0.5],
			"to": [12, 4.5, 1.5],
			"rotation": {"angle": 22.5, "axis": "z", "origin": [11, 4, 0]},
			"faces": {
				"north": {"uv": [1.75, 12.25, 2.75, 12.75], "texture": "#0"},
				"east": {"uv": [6.5, 13, 6.75, 13.5], "texture": "#0"},
				"south": {"uv": [6.5, 12.25, 7.5, 12.75], "texture": "#0"},
				"west": {"uv": [6.75, 13, 7, 13.5], "texture": "#0"},
				"up": {"uv": [13.5, 10.5, 12.5, 10.25], "texture": "#0"},
				"down": {"uv": [13.5, 12.25, 12.5, 12.5], "texture": "#0"}
			}
		},
		{
			"from": [3.5, 3.2, 0.5],
			"to": [5.2, 5.2, 1.5],
			"rotation": {"angle": -45, "axis": "z", "origin": [3.2, 3.7, 0]},
			"faces": {
				"north": {"uv": [4.75, 10.75, 5.25, 11.25], "texture": "#0"},
				"east": {"uv": [5, 11.25, 5.25, 11.75], "texture": "#0"},
				"south": {"uv": [8, 12.5, 8.5, 13], "texture": "#0"},
				"west": {"uv": [1, 11.5, 1.25, 12], "texture": "#0"},
				"up": {"uv": [9.5, 1.5, 9, 1.25], "texture": "#0"},
				"down": {"uv": [9.75, 12.75, 9.25, 13], "texture": "#0"}
			}
		},
		{
			"from": [10.8, 3.2, 0.5],
			"to": [12.5, 5.2, 1.5],
			"rotation": {"angle": 45, "axis": "z", "origin": [12.8, 3.7, 0]},
			"faces": {
				"north": {"uv": [2.25, 12.75, 2.75, 13.25], "texture": "#0"},
				"east": {"uv": [7, 13, 7.25, 13.5], "texture": "#0"},
				"south": {"uv": [2.75, 12.75, 3.25, 13.25], "texture": "#0"},
				"west": {"uv": [8, 13, 8.25, 13.5], "texture": "#0"},
				"up": {"uv": [8.75, 13.25, 8.25, 13], "texture": "#0"},
				"down": {"uv": [9.25, 13, 8.75, 13.25], "texture": "#0"}
			}
		},
		{
			"from": [7.15, 1.85, 0.5],
			"to": [9.15, 3.85, 1.5],
			"rotation": {"angle": -45, "axis": "z", "origin": [8, 3, 1]},
			"faces": {
				"north": {"uv": [1.25, 12.75, 1.75, 13.25], "texture": "#0"},
				"east": {"uv": [0.5, 13, 0.75, 13.5], "texture": "#0"},
				"south": {"uv": [1.75, 12.75, 2.25, 13.25], "texture": "#0"},
				"west": {"uv": [4.75, 13, 5, 13.5], "texture": "#0"},
				"up": {"uv": [5.5, 13.25, 5, 13], "texture": "#0"},
				"down": {"uv": [6, 13, 5.5, 13.25], "texture": "#0"}
			}
		},
		{
			"from": [1.6, 3, 0.5],
			"to": [3.6, 5.2, 1.5],
			"rotation": {"angle": 22.5, "axis": "z", "origin": [2.1, 5.2, 0]},
			"faces": {
				"north": {"uv": [12.5, 11.75, 13, 12.25], "texture": "#0"},
				"east": {"uv": [7.25, 12.75, 7.5, 13.25], "texture": "#0"},
				"south": {"uv": [0.75, 12.75, 1.25, 13.25], "texture": "#0"},
				"west": {"uv": [12.75, 4.75, 13, 5.25], "texture": "#0"},
				"up": {"uv": [0.5, 13.25, 0, 13], "texture": "#0"},
				"down": {"uv": [4.75, 13, 4.25, 13.25], "texture": "#0"}
			}
		},
		{
			"from": [12.4, 3, 0.5],
			"to": [14.4, 5.2, 1.5],
			"rotation": {"angle": -22.5, "axis": "z", "origin": [13.9, 5.2, 0]},
			"faces": {
				"north": {"uv": [3.25, 12.75, 3.75, 13.25], "texture": "#0"},
				"east": {"uv": [9.25, 13, 9.5, 13.5], "texture": "#0"},
				"south": {"uv": [3.75, 12.75, 4.25, 13.25], "texture": "#0"},
				"west": {"uv": [9.5, 13, 9.75, 13.5], "texture": "#0"},
				"up": {"uv": [10.75, 13.25, 10.25, 13], "texture": "#0"},
				"down": {"uv": [11.25, 13, 10.75, 13.25], "texture": "#0"}
			}
		},
		{
			"from": [1.5, 12.5, -3.5],
			"to": [14.5, 13.5, 2.5],
			"rotation": {"angle": 0, "axis": "y", "origin": [14, 13, -4]},
			"faces": {
				"north": {"uv": [10.5, 1, 13.75, 1.25], "texture": "#0"},
				"east": {"uv": [11.75, 11.5, 13.25, 11.75], "texture": "#0"},
				"south": {"uv": [11, 4.5, 14.25, 4.75], "texture": "#0"},
				"west": {"uv": [12, 7.25, 13.5, 7.5], "texture": "#0"},
				"up": {"uv": [6.75, 5, 3.5, 3.5], "texture": "#0"},
				"down": {"uv": [6.75, 0, 3.5, 1.5], "texture": "#0"}
			}
		},
		{
			"name": "octagon",
			"from": [5.10051, 16, 1],
			"to": [10.89949, 19, 10],
			"rotation": {"angle": 45, "axis": "z", "origin": [8, 12, -1]},
			"faces": {
				"north": {"uv": [10.5, 6, 12, 6.75], "texture": "#0"},
				"east": {"uv": [9.5, 2.25, 11.75, 3], "texture": "#0"},
				"south": {"uv": [10.5, 6.75, 12, 7.5], "texture": "#0"},
				"west": {"uv": [9.5, 3, 11.75, 3.75], "texture": "#0"},
				"up": {"uv": [5, 7.25, 3.5, 5], "texture": "#0"},
				"down": {"uv": [6.5, 5, 5, 7.25], "texture": "#0"}
			}
		},
		{
			"name": "octagon",
			"from": [5.10051, 13, 1],
			"to": [10.89949, 19, 10],
			"rotation": {"angle": 0, "axis": "y", "origin": [8, 12, -1]},
			"faces": {
				"north": {"uv": [2.25, 7.25, 3.75, 8.75], "texture": "#0"},
				"east": {"uv": [3.5, 1.5, 5.75, 3], "texture": "#0"},
				"south": {"uv": [3.75, 7.25, 5.25, 8.75], "texture": "#0"},
				"west": {"uv": [5.75, 1.5, 8, 3], "texture": "#0"},
				"up": {"uv": [8, 8.75, 6.5, 6.5], "texture": "#0"},
				"down": {"uv": [8.25, 3, 6.75, 5.25], "texture": "#0"}
			}
		},
		{
			"name": "octagon",
			"from": [5.10051, 13, 10],
			"to": [10.89949, 18, 15],
			"rotation": {"angle": 0, "axis": "y", "origin": [8, 11, 5]},
			"faces": {
				"north": {"uv": [6.5, 5.25, 8, 6.5], "texture": "#0"},
				"east": {"uv": [5.25, 10.5, 6.5, 11.75], "texture": "#0"},
				"south": {"uv": [6.5, 8.75, 8, 10], "texture": "#0"},
				"west": {"uv": [10.5, 10.5, 11.75, 11.75], "texture": "#0"},
				"up": {"uv": [10.5, 1.25, 9, 0], "texture": "#0"},
				"down": {"uv": [10.75, 4.75, 9.25, 6], "texture": "#0"}
			}
		},
		{
			"name": "octagon",
			"from": [5.10051, 13.15016, -1.7549],
			"to": [10.89949, 19.15016, 0.2451],
			"rotation": {"angle": 22.5, "axis": "x", "origin": [8, 12.15016, -0.7549]},
			"faces": {
				"north": {"uv": [8, 8, 9.5, 9.5], "texture": "#0"},
				"east": {"uv": [6, 11.75, 6.5, 13.25], "texture": "#0"},
				"south": {"uv": [8, 1.5, 9.5, 3], "texture": "#0"},
				"west": {"uv": [11.75, 2.25, 12.25, 3.75], "texture": "#0"},
				"up": {"uv": [13.25, 11, 11.75, 10.5], "texture": "#0"},
				"down": {"uv": [13.25, 11, 11.75, 11.5], "texture": "#0"}
			}
		},
		{
			"name": "octagon",
			"from": [12, 9.10051, 1],
			"to": [15, 14.89949, 10],
			"rotation": {"angle": 45, "axis": "z", "origin": [8, 12, -1]},
			"faces": {
				"north": {"uv": [1.25, 10.5, 2, 12], "texture": "#0"},
				"east": {"uv": [6.75, 0, 9, 1.5], "texture": "#0"},
				"south": {"uv": [2, 10.75, 2.75, 12.25], "texture": "#0"},
				"west": {"uv": [0, 7, 2.25, 8.5], "texture": "#0"},
				"up": {"uv": [7.25, 12.25, 6.5, 10], "texture": "#0"},
				"down": {"uv": [8, 10, 7.25, 12.25], "texture": "#0"}
			}
		},
		{
			"name": "octagon",
			"from": [1, 12.50051, 1],
			"to": [15, 14.89949, 15],
			"rotation": {"angle": 0, "axis": "y", "origin": [8, 12, -1]},
			"faces": {
				"north": {"uv": [8, 7.5, 11.5, 8], "texture": "#0"},
				"east": {"uv": [8, 9.5, 11.5, 10], "texture": "#0"},
				"south": {"uv": [9.5, 1.25, 13, 1.75], "texture": "#0"},
				"west": {"uv": [9.5, 1.75, 13, 2.25], "texture": "#0"},
				"up": {"uv": [3.5, 3.5, 0, 0], "texture": "#0"},
				"down": {"uv": [3.5, 3.5, 0, 7], "texture": "#0"}
			}
		},
		{
			"name": "octagon",
			"from": [0.76748, 13.10051, -1.83102],
			"to": [5.23453, 14.89949, 6],
			"rotation": {"angle": 22.5, "axis": "y", "origin": [8, 12, -1]},
			"faces": {
				"north": {"uv": [8.75, 12.25, 9.75, 12.75], "texture": "#0"},
				"east": {"uv": [3.5, 3, 5.5, 3.5], "texture": "#0"},
				"south": {"uv": [12.25, 2.25, 13.25, 2.75], "texture": "#0"},
				"west": {"uv": [10.5, 10, 12.5, 10.5], "texture": "#0"},
				"up": {"uv": [2.25, 10.5, 1.25, 8.5], "texture": "#0"},
				"down": {"uv": [3.25, 8.75, 2.25, 10.75], "texture": "#0"}
			}
		},
		{
			"name": "octagon",
			"from": [10.76547, 13.10051, -1.83102],
			"to": [15.23252, 14.89949, 6],
			"rotation": {"angle": -22.5, "axis": "y", "origin": [8, 12, -1]},
			"faces": {
				"north": {"uv": [12.25, 2.75, 13.25, 3.25], "texture": "#0"},
				"east": {"uv": [2.75, 10.75, 4.75, 11.25], "texture": "#0"},
				"south": {"uv": [12.25, 3.25, 13.25, 3.75], "texture": "#0"},
				"west": {"uv": [10.75, 4.75, 12.75, 5.25], "texture": "#0"},
				"up": {"uv": [4.25, 10.75, 3.25, 8.75], "texture": "#0"},
				"down": {"uv": [5.25, 8.75, 4.25, 10.75], "texture": "#0"}
			}
		},
		{
			"name": "octagon",
			"from": [6.3705, 15.07, 10],
			"to": [10.8705, 18.07, 15],
			"rotation": {"angle": 45, "axis": "z", "origin": [8.07, 11.07, 18]},
			"faces": {
				"north": {"uv": [10.75, 5.25, 12, 6], "texture": "#0"},
				"east": {"uv": [10.75, 8, 12, 8.75], "texture": "#0"},
				"south": {"uv": [10.75, 8.75, 12, 9.5], "texture": "#0"},
				"west": {"uv": [11, 3.75, 12.25, 4.5], "texture": "#0"},
				"up": {"uv": [10.75, 9.25, 9.5, 8], "texture": "#0"},
				"down": {"uv": [9.25, 10, 8, 11.25], "texture": "#0"}
			}
		},
		{
			"name": "octagon",
			"from": [5.10051, 14.15016, 15.7549],
			"to": [10.89949, 18.15016, 17.7549],
			"rotation": {"angle": -22.5, "axis": "x", "origin": [8, 11.15016, 16.7549]},
			"faces": {
				"north": {"uv": [9.5, 3.75, 11, 4.75], "texture": "#0"},
				"east": {"uv": [7.5, 12.25, 8, 13.25], "texture": "#0"},
				"south": {"uv": [10.5, 0, 12, 1], "texture": "#0"},
				"west": {"uv": [9.75, 12.25, 10.25, 13.25], "texture": "#0"},
				"up": {"uv": [13.5, 0.5, 12, 0], "texture": "#0"},
				"down": {"uv": [13.5, 0.5, 12, 1], "texture": "#0"}
			}
		},
		{
			"name": "octagon",
			"from": [11.78858, 9.31192, 10],
			"to": [14.78858, 13.81192, 15],
			"rotation": {"angle": 45, "axis": "z", "origin": [7.78858, 11.21142, 18]},
			"faces": {
				"north": {"uv": [2.75, 11.25, 3.5, 12.5], "texture": "#0"},
				"east": {"uv": [9.25, 10, 10.5, 11.25], "texture": "#0"},
				"south": {"uv": [3.5, 11.25, 4.25, 12.5], "texture": "#0"},
				"west": {"uv": [0, 10.25, 1.25, 11.5], "texture": "#0"},
				"up": {"uv": [5, 12.5, 4.25, 11.25], "texture": "#0"},
				"down": {"uv": [8.75, 11.25, 8, 12.5], "texture": "#0"}
			}
		},
		{
			"name": "octagon",
			"from": [0.38479, 12.50051, 11],
			"to": [5.23453, 14.89949, 17.90715],
			"rotation": {"angle": -22.5, "axis": "y", "origin": [8, 12, 18]},
			"faces": {
				"north": {"uv": [5.5, 3, 6.75, 3.5], "texture": "#0"},
				"east": {"uv": [8.75, 11.25, 10.5, 11.75], "texture": "#0"},
				"south": {"uv": [8, 7, 9.25, 7.5], "texture": "#0"},
				"west": {"uv": [11.5, 7.5, 13.25, 8], "texture": "#0"},
				"up": {"uv": [6.5, 9, 5.25, 7.25], "texture": "#0"},
				"down": {"uv": [9.25, 5.25, 8, 7], "texture": "#0"}
			}
		},
		{
			"name": "octagon",
			"from": [10.76547, 12.50051, 11],
			"to": [15.61521, 14.89949, 17.90715],
			"rotation": {"angle": 22.5, "axis": "y", "origin": [8, 12, 18]},
			"faces": {
				"north": {"uv": [12, 6.25, 13.25, 6.75], "texture": "#0"},
				"east": {"uv": [11.5, 9.5, 13.25, 10], "texture": "#0"},
				"south": {"uv": [12, 6.75, 13.25, 7.25], "texture": "#0"},
				"west": {"uv": [8.75, 11.75, 10.5, 12.25], "texture": "#0"},
				"up": {"uv": [9.5, 4.75, 8.25, 3], "texture": "#0"},
				"down": {"uv": [1.25, 8.5, 0, 10.25], "texture": "#0"}
			}
		},
		{
			"name": "octagon",
			"from": [5.48057, 12.50051, 11],
			"to": [10.51943, 14.89949, 16.85591],
			"rotation": {"angle": 0, "axis": "y", "origin": [8, 12, 18]},
			"faces": {
				"north": {"uv": [12, 8, 13.25, 8.5], "texture": "#0"},
				"east": {"uv": [12, 5.25, 13.5, 5.75], "texture": "#0"},
				"south": {"uv": [12, 8.5, 13.25, 9], "texture": "#0"},
				"west": {"uv": [12, 5.75, 13.5, 6.25], "texture": "#0"},
				"up": {"uv": [6.5, 10.5, 5.25, 9], "texture": "#0"},
				"down": {"uv": [10.5, 6, 9.25, 7.5], "texture": "#0"}
			}
		}
	],
	"display": {
		"thirdperson_righthand": {
			"scale": [0.3, 0.3, 0.3]
		},
		"thirdperson_lefthand": {
			"scale": [0.3, 0.3, 0.3]
		},
		"firstperson_righthand": {
			"scale": [0.3, 0.3, 0.3]
		},
		"firstperson_lefthand": {
			"scale": [0.3, 0.3, 0.3]
		},
		"ground": {
			"scale": [0.3, 0.3, 0.3]
		},
		"fixed": {
			"translation": [0, -1, 6]
		}
	}
}