{
	"textures": {
		"2": "block/green_concrete",
		"3": "block/green_concrete_powder",
		"4": "block/black_concrete",
		"6": "block/iron_block",
		"particle": "block/green_concrete_powder"
	},
	"elements": [
		{
			"from": [1.2, 11, 0.2],
			"to": [14.8, 16.9, 5.2],
			"rotation": {"angle": 0, "axis": "y", "origin": [8, 10, 8.1]},
			"faces": {
				"north": {"uv": [0, 0, 13.6, 5.9], "texture": "#3"},
				"east": {"uv": [0, 0, 5, 5.9], "texture": "#3"},
				"south": {"uv": [0, 0, 13.6, 5.9], "texture": "#3"},
				"west": {"uv": [0, 0, 5, 5.9], "texture": "#3"},
				"up": {"uv": [0, 0, 13.6, 5], "texture": "#3"},
				"down": {"uv": [0, 0, 13.6, 5], "texture": "#3"}
			}
		},
		{
			"from": [0.1, 10, 1.1],
			"to": [15.9, 17, 15.9],
			"rotation": {"angle": 22.5, "axis": "x", "origin": [8, 9, 8]},
			"faces": {
				"north": {"uv": [0, 0, 15.8, 7], "texture": "#3"},
				"east": {"uv": [0, 0, 14.8, 7], "texture": "#3"},
				"south": {"uv": [0, 0, 15.8, 7], "texture": "#3"},
				"west": {"uv": [0, 0, 14.8, 7], "texture": "#3"},
				"up": {"uv": [0, 0, 15.8, 14.8], "texture": "#3"},
				"down": {"uv": [0, 0, 15.8, 14.8], "texture": "#3"}
			}
		},
		{
			"from": [0, 8, 3],
			"to": [16, 10, 19],
			"rotation": {"angle": 22.5, "axis": "x", "origin": [8, 16, 11]},
			"faces": {
				"north": {"uv": [0, 0, 16, 2], "texture": "#3"},
				"east": {"uv": [0, 0, 16, 2], "texture": "#3"},
				"south": {"uv": [0, 0, 16, 2], "texture": "#3"},
				"west": {"uv": [0, 0, 16, 2], "texture": "#3"},
				"up": {"uv": [0, 0, 16, 16], "texture": "#3"},
				"down": {"uv": [0, 0, 16, 16], "texture": "#3"}
			}
		},
		{
			"from": [15.5, 6, 6],
			"to": [18.5, 11, 12],
			"rotation": {"angle": 0, "axis": "y", "origin": [17, 7.5, 9]},
			"faces": {
				"north": {"uv": [0, 0, 5, 3], "rotation": 90, "texture": "#2"},
				"east": {"uv": [0, 0, 5, 6], "rotation": 270, "texture": "#2"},
				"south": {"uv": [0, 0, 5, 3], "rotation": 270, "texture": "#2"},
				"west": {"uv": [0, 0, 5, 6], "rotation": 270, "texture": "#2"},
				"up": {"uv": [0, 0, 6, 3], "rotation": 270, "texture": "#2"},
				"down": {"uv": [0, 0, 6, 3], "rotation": 270, "texture": "#2"}
			}
		},
		{
			"from": [-2.5, 6, 6],
			"to": [0.5, 11, 12],
			"rotation": {"angle": 0, "axis": "y", "origin": [-1, 7.5, 9]},
			"faces": {
				"north": {"uv": [0, 3, 5, 6], "rotation": 90, "texture": "#2"},
				"east": {"uv": [0, 6, 5, 12], "rotation": 270, "texture": "#2"},
				"south": {"uv": [0, 3, 5, 6], "rotation": 270, "texture": "#2"},
				"west": {"uv": [0, 6, 5, 12], "rotation": 270, "texture": "#2"},
				"up": {"uv": [0, 3, 6, 6], "rotation": 270, "texture": "#2"},
				"down": {"uv": [0, 3, 6, 6], "rotation": 270, "texture": "#2"}
			}
		},
		{
			"from": [-0.5, 10.5, 8],
			"to": [16.5, 17.5, 11],
			"rotation": {"angle": 22.5, "axis": "x", "origin": [0, 10.5, 9.5]},
			"faces": {
				"north": {"uv": [0, 0, 7, 16], "rotation": 270, "texture": "#4"},
				"east": {"uv": [0, 5, 7, 8], "rotation": 90, "texture": "#4"},
				"south": {"uv": [0, 0, 7, 16], "rotation": 90, "texture": "#4"},
				"west": {"uv": [0, 5, 7, 8], "rotation": 90, "texture": "#4"},
				"up": {"uv": [0, 0, 3, 16], "rotation": 90, "texture": "#4"},
				"down": {"uv": [0, 0, 3, 16], "rotation": 90, "texture": "#4"}
			}
		},
		{
			"from": [3, 6.7, 1.2],
			"to": [6.9, 10.9, 1.2],
			"rotation": {"angle": 0, "axis": "y", "origin": [9, 3, 8.1]},
			"faces": {
				"north": {"uv": [0, 0, 3.9, 4.2], "texture": "#4"},
				"east": {"uv": [0, 0, 0, 4.2], "texture": "#4"},
				"south": {"uv": [0, 0, 3.9, 4.2], "texture": "#4"},
				"west": {"uv": [0, 0, 0, 4.2], "texture": "#4"},
				"up": {"uv": [0, 0, 3.9, 0], "texture": "#4"},
				"down": {"uv": [0, 0, 3.9, 0], "texture": "#4"}
			}
		},
		{
			"name": "octagon",
			"from": [4.55106, 6.37789, 0.5],
			"to": [6.62212, 6.87789, 1.5],
			"rotation": {"angle": 22.5, "axis": "z", "origin": [5.58659, 8.87789, 1]},
			"faces": {
				"north": {"uv": [0, 0, 1, 1], "texture": "#6"},
				"east": {"uv": [0, 0, 1, 1], "texture": "#6"},
				"south": {"uv": [0, 0, 1, 1], "texture": "#6"},
				"west": {"uv": [0, 0, 1, 1], "texture": "#6"},
				"up": {"uv": [0, 0, 1, 1], "texture": "#6"},
				"down": {"uv": [0, 0, 1, 1], "texture": "#6"}
			}
		},
		{
			"name": "octagon",
			"from": [3.51553, 6.17191, 0.5],
			"to": [5.58659, 6.67191, 1.5],
			"rotation": {"angle": 0, "axis": "y", "origin": [4.55106, 8.67191, 1]},
			"faces": {
				"north": {"uv": [0, 0, 1, 1], "texture": "#6"},
				"east": {"uv": [0, 0, 1, 1], "texture": "#6"},
				"south": {"uv": [0, 0, 1, 1], "texture": "#6"},
				"west": {"uv": [0, 0, 1, 1], "texture": "#6"},
				"up": {"uv": [0, 0, 1, 1], "texture": "#6"},
				"down": {"uv": [0, 0, 1, 1], "texture": "#6"}
			}
		},
		{
			"name": "octagon",
			"from": [2.05107, 7.63638, 0.5],
			"to": [2.55107, 9.00744, 1.5],
			"rotation": {"angle": 45, "axis": "z", "origin": [4.55107, 8.67191, 1]},
			"faces": {
				"north": {"uv": [0, 0, 1, 1], "texture": "#6"},
				"east": {"uv": [0, 0, 1, 1], "texture": "#6"},
				"south": {"uv": [0, 0, 1, 1], "texture": "#6"},
				"west": {"uv": [0, 0, 1, 1], "texture": "#6"},
				"up": {"uv": [0, 0, 1, 1], "texture": "#6"},
				"down": {"uv": [0, 0, 1, 1], "texture": "#6"}
			}
		},
		{
			"name": "octagon",
			"from": [2.54604, 7.1414, 0.5],
			"to": [3, 11.03553, 1.5],
			"rotation": {"angle": 0, "axis": "y", "origin": [5, 8, 1]},
			"faces": {
				"north": {"uv": [0, 0, 1, 1], "texture": "#6"},
				"east": {"uv": [0, 0, 1, 1], "texture": "#6"},
				"south": {"uv": [0, 0, 1, 1], "texture": "#6"},
				"west": {"uv": [0, 0, 1, 1], "texture": "#6"},
				"up": {"uv": [0, 0, 1, 1], "texture": "#6"},
				"down": {"uv": [0, 0, 1, 1], "texture": "#6"}
			}
		},
		{
			"name": "octagon",
			"from": [7, 6.96447, 0.5],
			"to": [7.5, 11.03553, 1.5],
			"rotation": {"angle": 0, "axis": "y", "origin": [5, 8, 1]},
			"faces": {
				"north": {"uv": [0, 0, 1, 1], "texture": "#6"},
				"east": {"uv": [0, 0, 1, 1], "texture": "#6"},
				"south": {"uv": [0, 0, 1, 1], "texture": "#6"},
				"west": {"uv": [0, 0, 1, 1], "texture": "#6"},
				"up": {"uv": [0, 0, 1, 1], "texture": "#6"},
				"down": {"uv": [0, 0, 1, 1], "texture": "#6"}
			}
		},
		{
			"from": [9.1, 6.7, 1.2],
			"to": [13, 10.9, 1.2],
			"rotation": {"angle": 0, "axis": "y", "origin": [15, 3, 8.1]},
			"faces": {
				"north": {"uv": [0, 0, 3.9, 4.2], "texture": "#4"},
				"east": {"uv": [0, 0, 0, 4.2], "texture": "#4"},
				"south": {"uv": [0, 0, 3.9, 4.2], "texture": "#4"},
				"west": {"uv": [0, 0, 0, 4.2], "texture": "#4"},
				"up": {"uv": [0, 0, 3.9, 0], "texture": "#4"},
				"down": {"uv": [0, 0, 3.9, 0], "texture": "#4"}
			}
		},
		{
			"name": "octagon",
			"from": [10.4134, 6.17191, 0.5],
			"to": [11.78446, 6.67191, 1.5],
			"rotation": {"angle": 45, "axis": "z", "origin": [11.44893, 8.67191, 1]},
			"faces": {
				"north": {"uv": [0, 0, 1, 1], "texture": "#6"},
				"east": {"uv": [0, 0, 1, 1], "texture": "#6"},
				"south": {"uv": [0, 0, 1, 1], "texture": "#6"},
				"west": {"uv": [0, 0, 1, 1], "texture": "#6"},
				"up": {"uv": [0, 0, 1, 1], "texture": "#6"},
				"down": {"uv": [0, 0, 1, 1], "texture": "#6"}
			}
		},
		{
			"name": "octagon",
			"from": [10.41341, 6.17191, 0.5],
			"to": [12.48447, 6.67191, 1.5],
			"rotation": {"angle": 0, "axis": "y", "origin": [11.44894, 8.67191, 1]},
			"faces": {
				"north": {"uv": [0, 0, 1, 1], "texture": "#6"},
				"east": {"uv": [0, 0, 1, 1], "texture": "#6"},
				"south": {"uv": [0, 0, 1, 1], "texture": "#6"},
				"west": {"uv": [0, 0, 1, 1], "texture": "#6"},
				"up": {"uv": [0, 0, 1, 1], "texture": "#6"},
				"down": {"uv": [0, 0, 1, 1], "texture": "#6"}
			}
		},
		{
			"name": "octagon",
			"from": [9.37788, 6.37789, 0.5],
			"to": [11.44894, 6.87789, 1.5],
			"rotation": {"angle": -22.5, "axis": "z", "origin": [10.41341, 8.87789, 1]},
			"faces": {
				"north": {"uv": [0, 0, 1, 1], "rotation": 90, "texture": "#6"},
				"east": {"uv": [0, 0, 1, 1], "rotation": 270, "texture": "#6"},
				"south": {"uv": [0, 0, 1, 1], "rotation": 270, "texture": "#6"},
				"west": {"uv": [0, 0, 1, 1], "rotation": 270, "texture": "#6"},
				"up": {"uv": [0, 0, 1, 1], "rotation": 270, "texture": "#6"},
				"down": {"uv": [0, 0, 1, 1], "rotation": 270, "texture": "#6"}
			}
		},
		{
			"name": "octagon",
			"from": [8.5, 6.96447, 0.5],
			"to": [9, 11.03553, 1.5],
			"rotation": {"angle": 0, "axis": "y", "origin": [11, 8, 1]},
			"faces": {
				"north": {"uv": [0, 0, 1, 1], "texture": "#6"},
				"east": {"uv": [0, 0, 1, 1], "texture": "#6"},
				"south": {"uv": [0, 0, 1, 1], "texture": "#6"},
				"west": {"uv": [0, 0, 1, 1], "texture": "#6"},
				"up": {"uv": [0, 0, 1, 1], "texture": "#6"},
				"down": {"uv": [0, 0, 1, 1], "texture": "#6"}
			}
		},
		{
			"name": "octagon",
			"from": [13, 7.1414, 0.5],
			"to": [13.45396, 11.03553, 1.5],
			"rotation": {"angle": 0, "axis": "y", "origin": [11, 8, 1]},
			"faces": {
				"north": {"uv": [0, 0, 1, 1], "texture": "#6"},
				"east": {"uv": [0, 0, 1, 1], "texture": "#6"},
				"south": {"uv": [0, 0, 1, 1], "texture": "#6"},
				"west": {"uv": [0, 0, 1, 1], "texture": "#6"},
				"up": {"uv": [0, 0, 1, 1], "texture": "#6"},
				"down": {"uv": [0, 0, 1, 1], "texture": "#6"}
			}
		}
	],
	"display": {
		"thirdperson_righthand": {
			"scale": [0.4, 0.4, 0.4]
		},
		"thirdperson_lefthand": {
			"scale": [0.4, 0.4, 0.4]
		},
		"firstperson_righthand": {
			"scale": [0.4, 0.4, 0.4]
		},
		"firstperson_lefthand": {
			"scale": [0.4, 0.4, 0.4]
		},
		"ground": {
			"scale": [0.4, 0.4, 0.4]
		},
		"gui": {
			"rotation": [0, 145, 0],
			"scale": [0.4, 0.4, 0.4]
		}
	}
}