{
	"texture_size": [64, 64],
	"textures": {
		"1": "custom_item/musya_kabuto1"
	},
	"elements": [
		{
			"from": [1, 9, 1.1],
			"to": [15, 13.5, 14.8],
			"rotation": {"angle": 0, "axis": "y", "origin": [7.99302, 17.99999, 8.40699]},
			"faces": {
				"north": {"uv": [10, 7, 13.5, 8.25], "texture": "#1"},
				"east": {"uv": [10, 8.25, 13.5, 9.5], "texture": "#1"},
				"south": {"uv": [2.25, 11, 5.75, 12.25], "texture": "#1"},
				"west": {"uv": [5.75, 11.25, 9.25, 12.5], "texture": "#1"},
				"up": {"uv": [7.75, 7.75, 4.25, 4.25], "texture": "#1"},
				"down": {"uv": [7.75, 0, 4.25, 3.5], "texture": "#1"}
			}
		},
		{
			"from": [1.4, 13.5, 1.4],
			"to": [14.8, 16.6, 14.5],
			"rotation": {"angle": 0, "axis": "y", "origin": [8.0911, 15.05025, 7.95866]},
			"faces": {
				"north": {"uv": [12, 0.75, 15.25, 1.5], "texture": "#1"},
				"east": {"uv": [12, 1.5, 15.25, 2.25], "texture": "#1"},
				"south": {"uv": [12, 2.25, 15.25, 3], "texture": "#1"},
				"west": {"uv": [12, 3, 15.25, 3.75], "texture": "#1"},
				"up": {"uv": [3.25, 9.25, 0, 6], "texture": "#1"},
				"down": {"uv": [6.5, 7.75, 3.25, 11], "texture": "#1"}
			}
		},
		{
			"from": [3.7, 17.5, 11.6],
			"to": [12.3, 18.6, 14.7],
			"rotation": {"angle": 22.5, "axis": "x", "origin": [8.08586, 18.05199, 9.16215]},
			"faces": {
				"north": {"uv": [12.25, 11, 14.5, 11.25], "texture": "#1"},
				"east": {"uv": [5.75, 11, 6.5, 11.25], "texture": "#1"},
				"south": {"uv": [12.25, 11.25, 14.5, 11.5], "texture": "#1"},
				"west": {"uv": [12.25, 12, 13, 12.25], "texture": "#1"},
				"up": {"uv": [10, 7.75, 7.75, 7], "texture": "#1"},
				"down": {"uv": [14.25, 6.25, 12, 7], "texture": "#1"}
			}
		},
		{
			"from": [12.3, 17.5, 1.6],
			"to": [14.9, 18.6, 11.7],
			"rotation": {"angle": -22.5, "axis": "z", "origin": [9.78586, 18.05199, 9.16215]},
			"faces": {
				"north": {"uv": [5.25, 12.5, 6, 12.75], "texture": "#1"},
				"east": {"uv": [10, 9.5, 12.5, 9.75], "texture": "#1"},
				"south": {"uv": [6, 12.5, 6.75, 12.75], "texture": "#1"},
				"west": {"uv": [10, 9.75, 12.5, 10], "texture": "#1"},
				"up": {"uv": [1.5, 14.25, 0.75, 11.75], "texture": "#1"},
				"down": {"uv": [2.25, 11.75, 1.5, 14.25], "texture": "#1"}
			}
		},
		{
			"from": [1.1, 17.5, 1.6],
			"to": [3.7, 18.6, 11.7],
			"rotation": {"angle": 22.5, "axis": "z", "origin": [6.21414, 18.05199, 9.16215]},
			"faces": {
				"north": {"uv": [6.75, 12.5, 7.5, 12.75], "texture": "#1"},
				"east": {"uv": [12.25, 10, 14.75, 10.25], "texture": "#1"},
				"south": {"uv": [7.5, 12.5, 8.25, 12.75], "texture": "#1"},
				"west": {"uv": [12.25, 10.25, 14.75, 10.5], "texture": "#1"},
				"up": {"uv": [12.75, 6.25, 12, 3.75], "texture": "#1"},
				"down": {"uv": [3, 12.25, 2.25, 14.75], "texture": "#1"}
			}
		},
		{
			"from": [3.7, 16.5, 1.6],
			"to": [12.3, 17.6, 11.6],
			"rotation": {"angle": 0, "axis": "y", "origin": [8.08586, 17.05199, 6.96215]},
			"faces": {
				"north": {"uv": [12.25, 11.5, 14.5, 11.75], "texture": "#1"},
				"east": {"uv": [12.25, 10.5, 14.75, 10.75], "texture": "#1"},
				"south": {"uv": [12.25, 11.75, 14.5, 12], "texture": "#1"},
				"west": {"uv": [12.25, 10.75, 14.75, 11], "texture": "#1"},
				"up": {"uv": [2.25, 11.75, 0, 9.25], "texture": "#1"},
				"down": {"uv": [12.25, 10, 10, 12.5], "texture": "#1"}
			}
		},
		{
			"from": [-0.5, 11, 1],
			"to": [16.5, 23, 1],
			"rotation": {"angle": 0, "axis": "y", "origin": [15.5, 19, 8]},
			"faces": {
				"north": {"uv": [0, 0, 4.25, 3], "texture": "#1"},
				"east": {"uv": [0, 0, 0, 3], "texture": "#1"},
				"south": {"uv": [0, 3, 4.25, 6], "texture": "#1"},
				"west": {"uv": [0, 0, 0, 3], "texture": "#1"},
				"up": {"uv": [4.25, 0, 0, 0], "texture": "#1"},
				"down": {"uv": [4.25, 0, 0, 0], "texture": "#1"}
			}
		},
		{
			"from": [13.2, 3.8, 1],
			"to": [16.2, 10.8, 14.8],
			"rotation": {"angle": 22.5, "axis": "z", "origin": [14.20783, 7.80086, 1.50697]},
			"faces": {
				"north": {"uv": [3.25, 6, 4, 7.75], "texture": "#1"},
				"east": {"uv": [6.5, 7.75, 10, 9.5], "texture": "#1"},
				"south": {"uv": [2.25, 9.25, 3, 11], "texture": "#1"},
				"west": {"uv": [7.75, 0, 11.25, 1.75], "texture": "#1"},
				"up": {"uv": [10, 14.75, 9.25, 11.25], "texture": "#1"},
				"down": {"uv": [12, 0, 11.25, 3.5], "texture": "#1"}
			}
		},
		{
			"from": [-0.2, 3.8, 1],
			"to": [2.8, 10.8, 14.8],
			"rotation": {"angle": -22.5, "axis": "z", "origin": [1.79217, 7.80086, 1.50697]},
			"faces": {
				"north": {"uv": [3, 12.25, 3.75, 14], "texture": "#1"},
				"east": {"uv": [7.75, 1.75, 11.25, 3.5], "texture": "#1"},
				"south": {"uv": [4.5, 12.25, 5.25, 14], "texture": "#1"},
				"west": {"uv": [7.75, 5.25, 11.25, 7], "texture": "#1"},
				"up": {"uv": [12, 7, 11.25, 3.5], "texture": "#1"},
				"down": {"uv": [0.75, 11.75, 0, 15.25], "texture": "#1"}
			}
		},
		{
			"from": [1, 4, 13.3],
			"to": [15, 11, 16.3],
			"rotation": {"angle": -22.5, "axis": "x", "origin": [8.5192, 7.48605, 14.79473]},
			"faces": {
				"north": {"uv": [7.75, 5.25, 11.25, 7], "texture": "#1"},
				"east": {"uv": [4.5, 12.25, 5.25, 14], "texture": "#1"},
				"south": {"uv": [6.5, 9.5, 10, 11.25], "texture": "#1"},
				"west": {"uv": [12.25, 12.25, 13, 14], "texture": "#1"},
				"up": {"uv": [7.75, 4.25, 4.25, 3.5], "texture": "#1"},
				"down": {"uv": [11.25, 0, 7.75, 0.75], "texture": "#1"}
			}
		}
	],
	"display": {
		"thirdperson_righthand": {
			"scale": [0.3, 0.3, 0.3]
		},
		"thirdperson_lefthand": {
			"scale": [0.3, 0.3, 0.3]
		},
		"firstperson_righthand": {
			"scale": [0.3, 0.3, 0.3]
		},
		"firstperson_lefthand": {
			"scale": [0.3, 0.3, 0.3]
		},
		"ground": {
			"scale": [0.3, 0.3, 0.3]
		},
		"gui": {
			"rotation": [0, -180, 0]
		}
	}
}