{
	"textures": {
		"7": "block/red_concrete_powder"
	},
	"elements": [
		{
			"from": [-1, 13, -1],
			"to": [5, 19, 6],
			"rotation": {"angle": 0, "axis": "y", "origin": [8, 23, 7]},
			"faces": {
				"north": {"uv": [0, 0, 6, 6], "texture": "#7"},
				"east": {"uv": [0, 0, 7, 6], "texture": "#7"},
				"south": {"uv": [0, 0, 6, 6], "texture": "#7"},
				"west": {"uv": [0, 0, 7, 6], "texture": "#7"},
				"up": {"uv": [0, 0, 6, 7], "texture": "#7"},
				"down": {"uv": [0, 0, 6, 7], "texture": "#7"}
			}
		},
		{
			"from": [0, 0, 0],
			"to": [16, 16, 16],
			"rotation": {"angle": 0, "axis": "y", "origin": [9, 10, 8]},
			"faces": {
				"north": {"uv": [0, 0, 16, 16], "texture": "#7"},
				"east": {"uv": [0, 0, 16, 16], "texture": "#7"},
				"south": {"uv": [0, 0, 16, 16], "texture": "#7"},
				"west": {"uv": [0, 0, 16, 16], "texture": "#7"},
				"up": {"uv": [0, 0, 16, 16], "texture": "#7"},
				"down": {"uv": [0, 0, 16, 16], "texture": "#7"}
			}
		},
		{
			"from": [8, 6, -3],
			"to": [14, 12, 4],
			"rotation": {"angle": 0, "axis": "y", "origin": [17, 16, 5]},
			"faces": {
				"north": {"uv": [0, 0, 6, 6], "texture": "#7"},
				"east": {"uv": [0, 0, 7, 6], "texture": "#7"},
				"south": {"uv": [0, 0, 6, 6], "texture": "#7"},
				"west": {"uv": [0, 0, 7, 6], "texture": "#7"},
				"up": {"uv": [0, 0, 6, 7], "texture": "#7"},
				"down": {"uv": [0, 0, 6, 7], "texture": "#7"}
			}
		},
		{
			"from": [13, 4, 4],
			"to": [19, 10, 11],
			"rotation": {"angle": 0, "axis": "y", "origin": [22, 14, 12]},
			"faces": {
				"north": {"uv": [0, 0, 6, 6], "texture": "#7"},
				"east": {"uv": [0, 0, 7, 6], "texture": "#7"},
				"south": {"uv": [0, 0, 6, 6], "texture": "#7"},
				"west": {"uv": [0, 0, 7, 6], "texture": "#7"},
				"up": {"uv": [0, 0, 6, 7], "texture": "#7"},
				"down": {"uv": [0, 0, 6, 7], "texture": "#7"}
			}
		},
		{
			"from": [13, -3, 13],
			"to": [19, 3, 20],
			"rotation": {"angle": 0, "axis": "y", "origin": [22, 7, 21]},
			"faces": {
				"north": {"uv": [0, 0, 6, 6], "texture": "#7"},
				"east": {"uv": [0, 0, 7, 6], "texture": "#7"},
				"south": {"uv": [0, 0, 6, 6], "texture": "#7"},
				"west": {"uv": [0, 0, 7, 6], "texture": "#7"},
				"up": {"uv": [0, 0, 6, 7], "texture": "#7"},
				"down": {"uv": [0, 0, 6, 7], "texture": "#7"}
			}
		},
		{
			"from": [8, 13, 7],
			"to": [14, 19, 14],
			"rotation": {"angle": 0, "axis": "y", "origin": [17, 23, 15]},
			"faces": {
				"north": {"uv": [0, 0, 6, 6], "texture": "#7"},
				"east": {"uv": [0, 0, 7, 6], "texture": "#7"},
				"south": {"uv": [0, 0, 6, 6], "texture": "#7"},
				"west": {"uv": [0, 0, 7, 6], "texture": "#7"},
				"up": {"uv": [0, 0, 6, 7], "texture": "#7"},
				"down": {"uv": [0, 0, 6, 7], "texture": "#7"}
			}
		},
		{
			"from": [-3, -1, 10],
			"to": [3, 5, 17],
			"rotation": {"angle": 0, "axis": "y", "origin": [6, 9, 18]},
			"faces": {
				"north": {"uv": [0, 0, 6, 6], "texture": "#7"},
				"east": {"uv": [0, 0, 7, 6], "texture": "#7"},
				"south": {"uv": [0, 0, 6, 6], "texture": "#7"},
				"west": {"uv": [0, 0, 7, 6], "texture": "#7"},
				"up": {"uv": [0, 0, 6, 7], "texture": "#7"},
				"down": {"uv": [0, 0, 6, 7], "texture": "#7"}
			}
		}
	],
	"display": {
		"thirdperson_righthand": {
			"scale": [0.4, 0.4, 0.4]
		},
		"thirdperson_lefthand": {
			"scale": [0.4, 0.4, 0.4]
		},
		"firstperson_righthand": {
			"scale": [0.4, 0.4, 0.4]
		},
		"firstperson_lefthand": {
			"scale": [0.4, 0.4, 0.4]
		},
		"ground": {
			"scale": [0.4, 0.4, 0.4]
		},
		"gui": {
			"rotation": [0, 145, 0],
			"scale": [0.4, 0.4, 0.4]
		}
	}
}