{
	"textures": {
		"2": "block/green_concrete",
		"4": "block/black_concrete",
		"5": "block/yellow_concrete",
		"6": "block/iron_block",
		"8": "block/brown_concrete_powder",
		"particle": "block/brown_concrete_powder"
	},
	"elements": [
		{
			"from": [1.2, 2, 0.1],
			"to": [14.8, 14.9, 5.1],
			"faces": {
				"north": {"uv": [0, 0, 13.6, 12.9], "texture": "#4"},
				"east": {"uv": [0, 0, 5, 12.9], "texture": "#4"},
				"south": {"uv": [0, 0, 13.6, 12.9], "texture": "#4"},
				"west": {"uv": [0, 0, 5, 12.9], "texture": "#4"},
				"up": {"uv": [0, 0, 13.6, 5], "texture": "#4"},
				"down": {"uv": [0, 0, 13.6, 5], "texture": "#4"}
			}
		},
		{
			"from": [0.1, 2, 1.1],
			"to": [15.9, 16, 15.9],
			"faces": {
				"north": {"uv": [0, 0, 15.8, 14], "texture": "#8"},
				"east": {"uv": [0, 0, 14.8, 14], "texture": "#8"},
				"south": {"uv": [0, 0, 15.8, 14], "texture": "#8"},
				"west": {"uv": [0, 0, 14.8, 14], "texture": "#8"},
				"up": {"uv": [0, 0, 15.8, 14.8], "texture": "#8"},
				"down": {"uv": [0, 0, 15.8, 14.8], "texture": "#8"}
			}
		},
		{
			"from": [0, 0, 0],
			"to": [16, 2, 16],
			"faces": {
				"north": {"uv": [0, 0, 16, 2], "texture": "#8"},
				"east": {"uv": [0, 0, 16, 2], "texture": "#8"},
				"south": {"uv": [0, 0, 16, 2], "texture": "#8"},
				"west": {"uv": [0, 0, 16, 2], "texture": "#8"},
				"up": {"uv": [0, 0, 16, 16], "texture": "#8"},
				"down": {"uv": [0, 0, 16, 16], "texture": "#8"}
			}
		},
		{
			"from": [5, -2, -4],
			"to": [11, 1, 2],
			"rotation": {"angle": 0, "axis": "y", "origin": [17, 7, 7]},
			"faces": {
				"north": {"uv": [0, 0, 6, 3], "texture": "#2"},
				"east": {"uv": [0, 0, 6, 3], "texture": "#2"},
				"south": {"uv": [0, 0, 6, 3], "texture": "#2"},
				"west": {"uv": [0, 0, 6, 3], "texture": "#2"},
				"up": {"uv": [0, 0, 6, 6], "texture": "#2"},
				"down": {"uv": [0, 0, 6, 6], "texture": "#2"}
			}
		},
		{
			"from": [6, 1, -3],
			"to": [10, 2, 2],
			"rotation": {"angle": 0, "axis": "y", "origin": [17, 10, 7]},
			"faces": {
				"north": {"uv": [0, 0, 4, 1], "texture": "#5"},
				"east": {"uv": [0, 0, 5, 1], "texture": "#5"},
				"south": {"uv": [0, 0, 4, 1], "texture": "#5"},
				"west": {"uv": [0, 0, 5, 1], "texture": "#5"},
				"up": {"uv": [0, 0, 4, 5], "texture": "#5"},
				"down": {"uv": [0, 0, 4, 5], "texture": "#5"}
			}
		},
		{
			"from": [5.1, 0, -3],
			"to": [10.9, 6, 1],
			"rotation": {"angle": 45, "axis": "x", "origin": [8, 2.5, 0]},
			"faces": {
				"north": {"uv": [0, 0, 5.8, 6], "texture": "#4"},
				"east": {"uv": [0, 0, 4, 6], "texture": "#4"},
				"south": {"uv": [0, 0, 5.8, 6], "texture": "#4"},
				"west": {"uv": [0, 0, 4, 6], "texture": "#4"},
				"up": {"uv": [0, 0, 5.8, 4], "texture": "#4"},
				"down": {"uv": [0, 0, 5.8, 4], "texture": "#4"}
			}
		},
		{
			"name": "octagon",
			"from": [2.96447, 7.5, -0.5],
			"to": [5.03553, 8, 0.5],
			"rotation": {"angle": 45, "axis": "z", "origin": [4, 10, 0]},
			"faces": {
				"north": {"uv": [0, 0, 1, 1], "texture": "#6"},
				"east": {"uv": [0, 0, 1, 1], "texture": "#6"},
				"south": {"uv": [0, 0, 1, 1], "texture": "#6"},
				"west": {"uv": [0, 0, 1, 1], "texture": "#6"},
				"up": {"uv": [0, 0, 1, 1], "texture": "#6"},
				"down": {"uv": [0, 0, 1, 1], "texture": "#6"}
			}
		},
		{
			"name": "octagon",
			"from": [2.96447, 7.5, -0.5],
			"to": [5.03553, 8, 0.5],
			"rotation": {"angle": 0, "axis": "y", "origin": [4, 10, 0]},
			"faces": {
				"north": {"uv": [0, 0, 1, 1], "texture": "#6"},
				"east": {"uv": [0, 0, 1, 1], "texture": "#6"},
				"south": {"uv": [0, 0, 1, 1], "texture": "#6"},
				"west": {"uv": [0, 0, 1, 1], "texture": "#6"},
				"up": {"uv": [0, 0, 1, 1], "texture": "#6"},
				"down": {"uv": [0, 0, 1, 1], "texture": "#6"}
			}
		},
		{
			"name": "octagon",
			"from": [2.96447, 12, -0.5],
			"to": [5.03553, 12.5, 0.5],
			"rotation": {"angle": 45, "axis": "z", "origin": [4, 10, 0]},
			"faces": {
				"north": {"uv": [0, 0, 1, 1], "texture": "#6"},
				"east": {"uv": [0, 0, 1, 1], "texture": "#6"},
				"south": {"uv": [0, 0, 1, 1], "texture": "#6"},
				"west": {"uv": [0, 0, 1, 1], "texture": "#6"},
				"up": {"uv": [0, 0, 1, 1], "texture": "#6"},
				"down": {"uv": [0, 0, 1, 1], "texture": "#6"}
			}
		},
		{
			"name": "octagon",
			"from": [2.96447, 12, -0.5],
			"to": [5.03553, 12.5, 0.5],
			"rotation": {"angle": 0, "axis": "y", "origin": [4, 10, 0]},
			"faces": {
				"north": {"uv": [0, 0, 1, 1], "texture": "#6"},
				"east": {"uv": [0, 0, 1, 1], "texture": "#6"},
				"south": {"uv": [0, 0, 1, 1], "texture": "#6"},
				"west": {"uv": [0, 0, 1, 1], "texture": "#6"},
				"up": {"uv": [0, 0, 1, 1], "texture": "#6"},
				"down": {"uv": [0, 0, 1, 1], "texture": "#6"}
			}
		},
		{
			"name": "octagon",
			"from": [1.5, 8.96447, -0.5],
			"to": [2, 11.03553, 0.5],
			"rotation": {"angle": 45, "axis": "z", "origin": [4, 10, 0]},
			"faces": {
				"north": {"uv": [0, 0, 1, 1], "texture": "#6"},
				"east": {"uv": [0, 0, 1, 1], "texture": "#6"},
				"south": {"uv": [0, 0, 1, 1], "texture": "#6"},
				"west": {"uv": [0, 0, 1, 1], "texture": "#6"},
				"up": {"uv": [0, 0, 1, 1], "texture": "#6"},
				"down": {"uv": [0, 0, 1, 1], "texture": "#6"}
			}
		},
		{
			"name": "octagon",
			"from": [1.5, 8.96447, -0.5],
			"to": [2, 11.03553, 0.5],
			"rotation": {"angle": 0, "axis": "y", "origin": [4, 10, 0]},
			"faces": {
				"north": {"uv": [0, 0, 1, 1], "texture": "#6"},
				"east": {"uv": [0, 0, 1, 1], "texture": "#6"},
				"south": {"uv": [0, 0, 1, 1], "texture": "#6"},
				"west": {"uv": [0, 0, 1, 1], "texture": "#6"},
				"up": {"uv": [0, 0, 1, 1], "texture": "#6"},
				"down": {"uv": [0, 0, 1, 1], "texture": "#6"}
			}
		},
		{
			"name": "octagon",
			"from": [6, 8.96447, -0.5],
			"to": [6.5, 11.03553, 0.5],
			"rotation": {"angle": 45, "axis": "z", "origin": [4, 10, 0]},
			"faces": {
				"north": {"uv": [0, 0, 1, 1], "texture": "#6"},
				"east": {"uv": [0, 0, 1, 1], "texture": "#6"},
				"south": {"uv": [0, 0, 1, 1], "texture": "#6"},
				"west": {"uv": [0, 0, 1, 1], "texture": "#6"},
				"up": {"uv": [0, 0, 1, 1], "texture": "#6"},
				"down": {"uv": [0, 0, 1, 1], "texture": "#6"}
			}
		},
		{
			"name": "octagon",
			"from": [6, 8.96447, -0.5],
			"to": [6.5, 11.03553, 0.5],
			"rotation": {"angle": 0, "axis": "y", "origin": [4, 10, 0]},
			"faces": {
				"north": {"uv": [0, 0, 1, 1], "texture": "#6"},
				"east": {"uv": [0, 0, 1, 1], "texture": "#6"},
				"south": {"uv": [0, 0, 1, 1], "texture": "#6"},
				"west": {"uv": [0, 0, 1, 1], "texture": "#6"},
				"up": {"uv": [0, 0, 1, 1], "texture": "#6"},
				"down": {"uv": [0, 0, 1, 1], "texture": "#6"}
			}
		},
		{
			"name": "octagon",
			"from": [10.96447, 7.5, -0.5],
			"to": [13.03553, 8, 0.5],
			"rotation": {"angle": 45, "axis": "z", "origin": [12, 10, 0]},
			"faces": {
				"north": {"uv": [0, 0, 1, 1], "texture": "#6"},
				"east": {"uv": [0, 0, 1, 1], "texture": "#6"},
				"south": {"uv": [0, 0, 1, 1], "texture": "#6"},
				"west": {"uv": [0, 0, 1, 1], "texture": "#6"},
				"up": {"uv": [0, 0, 1, 1], "texture": "#6"},
				"down": {"uv": [0, 0, 1, 1], "texture": "#6"}
			}
		},
		{
			"name": "octagon",
			"from": [10.96447, 7.5, -0.5],
			"to": [13.03553, 8, 0.5],
			"rotation": {"angle": 0, "axis": "y", "origin": [12, 10, 0]},
			"faces": {
				"north": {"uv": [0, 0, 1, 1], "texture": "#6"},
				"east": {"uv": [0, 0, 1, 1], "texture": "#6"},
				"south": {"uv": [0, 0, 1, 1], "texture": "#6"},
				"west": {"uv": [0, 0, 1, 1], "texture": "#6"},
				"up": {"uv": [0, 0, 1, 1], "texture": "#6"},
				"down": {"uv": [0, 0, 1, 1], "texture": "#6"}
			}
		},
		{
			"name": "octagon",
			"from": [10.96447, 12, -0.5],
			"to": [13.03553, 12.5, 0.5],
			"rotation": {"angle": 45, "axis": "z", "origin": [12, 10, 0]},
			"faces": {
				"north": {"uv": [0, 0, 1, 1], "texture": "#6"},
				"east": {"uv": [0, 0, 1, 1], "texture": "#6"},
				"south": {"uv": [0, 0, 1, 1], "texture": "#6"},
				"west": {"uv": [0, 0, 1, 1], "texture": "#6"},
				"up": {"uv": [0, 0, 1, 1], "texture": "#6"},
				"down": {"uv": [0, 0, 1, 1], "texture": "#6"}
			}
		},
		{
			"name": "octagon",
			"from": [10.96447, 12, -0.5],
			"to": [13.03553, 12.5, 0.5],
			"rotation": {"angle": 0, "axis": "y", "origin": [12, 10, 0]},
			"faces": {
				"north": {"uv": [0, 0, 1, 1], "texture": "#6"},
				"east": {"uv": [0, 0, 1, 1], "texture": "#6"},
				"south": {"uv": [0, 0, 1, 1], "texture": "#6"},
				"west": {"uv": [0, 0, 1, 1], "texture": "#6"},
				"up": {"uv": [0, 0, 1, 1], "texture": "#6"},
				"down": {"uv": [0, 0, 1, 1], "texture": "#6"}
			}
		},
		{
			"name": "octagon",
			"from": [9.5, 8.96447, -0.5],
			"to": [10, 11.03553, 0.5],
			"rotation": {"angle": 45, "axis": "z", "origin": [12, 10, 0]},
			"faces": {
				"north": {"uv": [0, 0, 1, 1], "texture": "#6"},
				"east": {"uv": [0, 0, 1, 1], "texture": "#6"},
				"south": {"uv": [0, 0, 1, 1], "texture": "#6"},
				"west": {"uv": [0, 0, 1, 1], "texture": "#6"},
				"up": {"uv": [0, 0, 1, 1], "texture": "#6"},
				"down": {"uv": [0, 0, 1, 1], "texture": "#6"}
			}
		},
		{
			"name": "octagon",
			"from": [9.5, 8.96447, -0.5],
			"to": [10, 11.03553, 0.5],
			"rotation": {"angle": 0, "axis": "y", "origin": [12, 10, 0]},
			"faces": {
				"north": {"uv": [0, 0, 1, 1], "texture": "#6"},
				"east": {"uv": [0, 0, 1, 1], "texture": "#6"},
				"south": {"uv": [0, 0, 1, 1], "texture": "#6"},
				"west": {"uv": [0, 0, 1, 1], "texture": "#6"},
				"up": {"uv": [0, 0, 1, 1], "texture": "#6"},
				"down": {"uv": [0, 0, 1, 1], "texture": "#6"}
			}
		},
		{
			"name": "octagon",
			"from": [14, 8.96447, -0.5],
			"to": [14.5, 11.03553, 0.5],
			"rotation": {"angle": 45, "axis": "z", "origin": [12, 10, 0]},
			"faces": {
				"north": {"uv": [0, 0, 1, 1], "texture": "#6"},
				"east": {"uv": [0, 0, 1, 1], "texture": "#6"},
				"south": {"uv": [0, 0, 1, 1], "texture": "#6"},
				"west": {"uv": [0, 0, 1, 1], "texture": "#6"},
				"up": {"uv": [0, 0, 1, 1], "texture": "#6"},
				"down": {"uv": [0, 0, 1, 1], "texture": "#6"}
			}
		},
		{
			"name": "octagon",
			"from": [14, 8.96447, -0.5],
			"to": [14.5, 11.03553, 0.5],
			"rotation": {"angle": 0, "axis": "y", "origin": [12, 10, 0]},
			"faces": {
				"north": {"uv": [0, 0, 1, 1], "texture": "#6"},
				"east": {"uv": [0, 0, 1, 1], "texture": "#6"},
				"south": {"uv": [0, 0, 1, 1], "texture": "#6"},
				"west": {"uv": [0, 0, 1, 1], "texture": "#6"},
				"up": {"uv": [0, 0, 1, 1], "texture": "#6"},
				"down": {"uv": [0, 0, 1, 1], "texture": "#6"}
			}
		}
	],
	"display": {
		"thirdperson_righthand": {
			"scale": [0.4, 0.4, 0.4]
		},
		"thirdperson_lefthand": {
			"scale": [0.4, 0.4, 0.4]
		},
		"firstperson_righthand": {
			"scale": [0.4, 0.4, 0.4]
		},
		"firstperson_lefthand": {
			"scale": [0.4, 0.4, 0.4]
		},
		"ground": {
			"scale": [0.4, 0.4, 0.4]
		},
		"gui": {
			"rotation": [0, 145, 0],
			"scale": [0.4, 0.4, 0.4]
		}
	}
}