{
	"textures": {
		"2": "block/green_concrete",
		"3": "block/green_concrete_powder",
		"4": "block/black_concrete",
		"5": "block/yellow_concrete",
		"6": "block/iron_block",
		"particle": "block/green_concrete_powder"
	},
	"elements": [
		{
			"from": [1.2, 1.5, 0.2],
			"to": [14.8, 14.4, 5.2],
			"rotation": {"angle": 0, "axis": "y", "origin": [8, 7.5, 8.1]},
			"faces": {
				"north": {"uv": [0, 0, 13.6, 12.9], "texture": "#4"},
				"east": {"uv": [0, 0, 5, 12.9], "texture": "#4"},
				"south": {"uv": [0, 0, 13.6, 12.9], "texture": "#4"},
				"west": {"uv": [0, 0, 5, 12.9], "texture": "#4"},
				"up": {"uv": [0, 0, 13.6, 5], "texture": "#4"},
				"down": {"uv": [0, 0, 13.6, 5], "texture": "#4"}
			}
		},
		{
			"from": [0.1, 1.5, 1.1],
			"to": [15.9, 15.5, 15.9],
			"rotation": {"angle": 0, "axis": "y", "origin": [8, 7.5, 8]},
			"faces": {
				"north": {"uv": [0, 0, 15.8, 14], "texture": "#3"},
				"east": {"uv": [0, 0, 14.8, 14], "texture": "#3"},
				"south": {"uv": [0, 0, 15.8, 14], "texture": "#3"},
				"west": {"uv": [0, 0, 14.8, 14], "texture": "#3"},
				"up": {"uv": [0, 0, 15.8, 14.8], "texture": "#3"},
				"down": {"uv": [0, 0, 15.8, 14.8], "texture": "#3"}
			}
		},
		{
			"from": [0, -0.5, 0],
			"to": [16, 1.5, 16],
			"rotation": {"angle": 0, "axis": "y", "origin": [8, 7.5, 8]},
			"faces": {
				"north": {"uv": [0, 0, 16, 2], "texture": "#3"},
				"east": {"uv": [0, 0, 16, 2], "texture": "#3"},
				"south": {"uv": [0, 0, 16, 2], "texture": "#3"},
				"west": {"uv": [0, 0, 16, 2], "texture": "#3"},
				"up": {"uv": [0, 0, 16, 16], "texture": "#3"},
				"down": {"uv": [0, 0, 16, 16], "texture": "#3"}
			}
		},
		{
			"from": [10.5, -3.5, -4],
			"to": [13.5, 1.5, 2],
			"rotation": {"angle": -22.5, "axis": "z", "origin": [12, -2, -1]},
			"faces": {
				"north": {"uv": [0, 0, 5, 3], "rotation": 90, "texture": "#2"},
				"east": {"uv": [0, 0, 5, 6], "rotation": 270, "texture": "#2"},
				"south": {"uv": [0, 0, 5, 3], "rotation": 270, "texture": "#2"},
				"west": {"uv": [0, 0, 5, 6], "rotation": 270, "texture": "#2"},
				"up": {"uv": [0, 0, 6, 3], "rotation": 270, "texture": "#2"},
				"down": {"uv": [0, 0, 6, 3], "rotation": 270, "texture": "#2"}
			}
		},
		{
			"from": [2.5, -3.5, -4],
			"to": [5.5, 1.5, 2],
			"rotation": {"angle": 22.5, "axis": "z", "origin": [4, -2, -1]},
			"faces": {
				"north": {"uv": [0, 3, 5, 6], "rotation": 90, "texture": "#2"},
				"east": {"uv": [0, 6, 5, 12], "rotation": 270, "texture": "#2"},
				"south": {"uv": [0, 3, 5, 6], "rotation": 270, "texture": "#2"},
				"west": {"uv": [0, 6, 5, 12], "rotation": 270, "texture": "#2"},
				"up": {"uv": [0, 3, 6, 6], "rotation": 270, "texture": "#2"},
				"down": {"uv": [0, 3, 6, 6], "rotation": 270, "texture": "#2"}
			}
		},
		{
			"from": [8.5, -2, -3],
			"to": [10.5, 1, 2],
			"rotation": {"angle": -22.5, "axis": "z", "origin": [10, -2, -0.5]},
			"faces": {
				"north": {"uv": [0, 0, 3, 2], "rotation": 270, "texture": "#5"},
				"east": {"uv": [0, 0, 3, 5], "rotation": 90, "texture": "#5"},
				"south": {"uv": [0, 0, 3, 2], "rotation": 90, "texture": "#5"},
				"west": {"uv": [0, 0, 3, 5], "rotation": 90, "texture": "#5"},
				"up": {"uv": [0, 0, 5, 2], "rotation": 90, "texture": "#5"},
				"down": {"uv": [0, 0, 5, 2], "rotation": 90, "texture": "#5"}
			}
		},
		{
			"from": [5.5, -2, -3],
			"to": [7.5, 1, 2],
			"rotation": {"angle": 22.5, "axis": "z", "origin": [6, -2, -0.5]},
			"faces": {
				"north": {"uv": [0, 1, 3, 3], "rotation": 270, "texture": "#5"},
				"east": {"uv": [0, 5, 3, 10], "rotation": 90, "texture": "#5"},
				"south": {"uv": [0, 1, 3, 3], "rotation": 90, "texture": "#5"},
				"west": {"uv": [0, 5, 3, 10], "rotation": 90, "texture": "#5"},
				"up": {"uv": [0, 1, 5, 3], "rotation": 90, "texture": "#5"},
				"down": {"uv": [0, 1, 5, 3], "rotation": 90, "texture": "#5"}
			}
		},
		{
			"from": [5.5, -2.82426, -3.12132],
			"to": [10.3, 2.07574, 2.07868],
			"rotation": {"angle": 0, "axis": "x", "origin": [7.9, -0.92426, -1.92132]},
			"faces": {
				"north": {"uv": [0, 0, 4.8, 4.9], "texture": "#4"},
				"east": {"uv": [0, 0, 5.2, 4.9], "texture": "#4"},
				"south": {"uv": [0, 0, 4.8, 4.9], "texture": "#4"},
				"west": {"uv": [0, 0, 5.2, 4.9], "texture": "#4"},
				"up": {"uv": [0, 0, 4.8, 5.2], "texture": "#4"},
				"down": {"uv": [0, 0, 4.8, 5.2], "texture": "#4"}
			}
		},
		{
			"from": [5.5, 0.7, -2.2],
			"to": [10.3, 5.5, 1],
			"rotation": {"angle": 45, "axis": "x", "origin": [7.9, 2.5, -1]},
			"faces": {
				"north": {"uv": [0, 0, 4.8, 4.8], "texture": "#4"},
				"east": {"uv": [0, 0, 3.2, 4.8], "texture": "#4"},
				"south": {"uv": [0, 0, 4.8, 4.8], "texture": "#4"},
				"west": {"uv": [0, 0, 3.2, 4.8], "texture": "#4"},
				"up": {"uv": [0, 0, 4.8, 3.2], "texture": "#4"},
				"down": {"uv": [0, 0, 4.8, 3.2], "texture": "#4"}
			}
		},
		{
			"name": "octagon",
			"from": [2.96447, 7, -0.5],
			"to": [5.03553, 7.5, 0.5],
			"rotation": {"angle": 45, "axis": "z", "origin": [4, 9.5, 0]},
			"faces": {
				"north": {"uv": [0, 0, 1, 1], "texture": "#6"},
				"east": {"uv": [0, 0, 1, 1], "texture": "#6"},
				"south": {"uv": [0, 0, 1, 1], "texture": "#6"},
				"west": {"uv": [0, 0, 1, 1], "texture": "#6"},
				"up": {"uv": [0, 0, 1, 1], "texture": "#6"},
				"down": {"uv": [0, 0, 1, 1], "texture": "#6"}
			}
		},
		{
			"name": "octagon",
			"from": [2.96447, 7, -0.5],
			"to": [5.03553, 7.5, 0.5],
			"rotation": {"angle": 0, "axis": "y", "origin": [4, 9.5, 0]},
			"faces": {
				"north": {"uv": [0, 0, 1, 1], "texture": "#6"},
				"east": {"uv": [0, 0, 1, 1], "texture": "#6"},
				"south": {"uv": [0, 0, 1, 1], "texture": "#6"},
				"west": {"uv": [0, 0, 1, 1], "texture": "#6"},
				"up": {"uv": [0, 0, 1, 1], "texture": "#6"},
				"down": {"uv": [0, 0, 1, 1], "texture": "#6"}
			}
		},
		{
			"name": "octagon",
			"from": [2.96447, 11.5, -0.5],
			"to": [5.03553, 12, 0.5],
			"rotation": {"angle": 45, "axis": "z", "origin": [4, 9.5, 0]},
			"faces": {
				"north": {"uv": [0, 0, 1, 1], "texture": "#6"},
				"east": {"uv": [0, 0, 1, 1], "texture": "#6"},
				"south": {"uv": [0, 0, 1, 1], "texture": "#6"},
				"west": {"uv": [0, 0, 1, 1], "texture": "#6"},
				"up": {"uv": [0, 0, 1, 1], "texture": "#6"},
				"down": {"uv": [0, 0, 1, 1], "texture": "#6"}
			}
		},
		{
			"name": "octagon",
			"from": [2.96447, 11.5, -0.5],
			"to": [5.03553, 12, 0.5],
			"rotation": {"angle": 0, "axis": "y", "origin": [4, 9.5, 0]},
			"faces": {
				"north": {"uv": [0, 0, 1, 1], "texture": "#6"},
				"east": {"uv": [0, 0, 1, 1], "texture": "#6"},
				"south": {"uv": [0, 0, 1, 1], "texture": "#6"},
				"west": {"uv": [0, 0, 1, 1], "texture": "#6"},
				"up": {"uv": [0, 0, 1, 1], "texture": "#6"},
				"down": {"uv": [0, 0, 1, 1], "texture": "#6"}
			}
		},
		{
			"name": "octagon",
			"from": [1.5, 8.46447, -0.5],
			"to": [2, 10.53553, 0.5],
			"rotation": {"angle": 45, "axis": "z", "origin": [4, 9.5, 0]},
			"faces": {
				"north": {"uv": [0, 0, 1, 1], "texture": "#6"},
				"east": {"uv": [0, 0, 1, 1], "texture": "#6"},
				"south": {"uv": [0, 0, 1, 1], "texture": "#6"},
				"west": {"uv": [0, 0, 1, 1], "texture": "#6"},
				"up": {"uv": [0, 0, 1, 1], "texture": "#6"},
				"down": {"uv": [0, 0, 1, 1], "texture": "#6"}
			}
		},
		{
			"name": "octagon",
			"from": [1.5, 8.46447, -0.5],
			"to": [2, 10.53553, 0.5],
			"rotation": {"angle": 0, "axis": "y", "origin": [4, 9.5, 0]},
			"faces": {
				"north": {"uv": [0, 0, 1, 1], "texture": "#6"},
				"east": {"uv": [0, 0, 1, 1], "texture": "#6"},
				"south": {"uv": [0, 0, 1, 1], "texture": "#6"},
				"west": {"uv": [0, 0, 1, 1], "texture": "#6"},
				"up": {"uv": [0, 0, 1, 1], "texture": "#6"},
				"down": {"uv": [0, 0, 1, 1], "texture": "#6"}
			}
		},
		{
			"name": "octagon",
			"from": [6, 8.46447, -0.5],
			"to": [6.5, 10.53553, 0.5],
			"rotation": {"angle": 45, "axis": "z", "origin": [4, 9.5, 0]},
			"faces": {
				"north": {"uv": [0, 0, 1, 1], "texture": "#6"},
				"east": {"uv": [0, 0, 1, 1], "texture": "#6"},
				"south": {"uv": [0, 0, 1, 1], "texture": "#6"},
				"west": {"uv": [0, 0, 1, 1], "texture": "#6"},
				"up": {"uv": [0, 0, 1, 1], "texture": "#6"},
				"down": {"uv": [0, 0, 1, 1], "texture": "#6"}
			}
		},
		{
			"name": "octagon",
			"from": [6, 8.46447, -0.5],
			"to": [6.5, 10.53553, 0.5],
			"rotation": {"angle": 0, "axis": "y", "origin": [4, 9.5, 0]},
			"faces": {
				"north": {"uv": [0, 0, 1, 1], "texture": "#6"},
				"east": {"uv": [0, 0, 1, 1], "texture": "#6"},
				"south": {"uv": [0, 0, 1, 1], "texture": "#6"},
				"west": {"uv": [0, 0, 1, 1], "texture": "#6"},
				"up": {"uv": [0, 0, 1, 1], "texture": "#6"},
				"down": {"uv": [0, 0, 1, 1], "texture": "#6"}
			}
		},
		{
			"name": "octagon",
			"from": [10.96447, 7, -0.5],
			"to": [13.03553, 7.5, 0.5],
			"rotation": {"angle": 45, "axis": "z", "origin": [12, 9.5, 0]},
			"faces": {
				"north": {"uv": [0, 0, 1, 1], "texture": "#6"},
				"east": {"uv": [0, 0, 1, 1], "texture": "#6"},
				"south": {"uv": [0, 0, 1, 1], "texture": "#6"},
				"west": {"uv": [0, 0, 1, 1], "texture": "#6"},
				"up": {"uv": [0, 0, 1, 1], "texture": "#6"},
				"down": {"uv": [0, 0, 1, 1], "texture": "#6"}
			}
		},
		{
			"name": "octagon",
			"from": [10.96447, 7, -0.5],
			"to": [13.03553, 7.5, 0.5],
			"rotation": {"angle": 0, "axis": "y", "origin": [12, 9.5, 0]},
			"faces": {
				"north": {"uv": [0, 0, 1, 1], "texture": "#6"},
				"east": {"uv": [0, 0, 1, 1], "texture": "#6"},
				"south": {"uv": [0, 0, 1, 1], "texture": "#6"},
				"west": {"uv": [0, 0, 1, 1], "texture": "#6"},
				"up": {"uv": [0, 0, 1, 1], "texture": "#6"},
				"down": {"uv": [0, 0, 1, 1], "texture": "#6"}
			}
		},
		{
			"name": "octagon",
			"from": [10.96447, 11.5, -0.5],
			"to": [13.03553, 12, 0.5],
			"rotation": {"angle": 45, "axis": "z", "origin": [12, 9.5, 0]},
			"faces": {
				"north": {"uv": [0, 0, 1, 1], "texture": "#6"},
				"east": {"uv": [0, 0, 1, 1], "texture": "#6"},
				"south": {"uv": [0, 0, 1, 1], "texture": "#6"},
				"west": {"uv": [0, 0, 1, 1], "texture": "#6"},
				"up": {"uv": [0, 0, 1, 1], "texture": "#6"},
				"down": {"uv": [0, 0, 1, 1], "texture": "#6"}
			}
		},
		{
			"name": "octagon",
			"from": [10.96447, 11.5, -0.5],
			"to": [13.03553, 12, 0.5],
			"rotation": {"angle": 0, "axis": "y", "origin": [12, 9.5, 0]},
			"faces": {
				"north": {"uv": [0, 0, 1, 1], "texture": "#6"},
				"east": {"uv": [0, 0, 1, 1], "texture": "#6"},
				"south": {"uv": [0, 0, 1, 1], "texture": "#6"},
				"west": {"uv": [0, 0, 1, 1], "texture": "#6"},
				"up": {"uv": [0, 0, 1, 1], "texture": "#6"},
				"down": {"uv": [0, 0, 1, 1], "texture": "#6"}
			}
		},
		{
			"name": "octagon",
			"from": [9.5, 8.46447, -0.5],
			"to": [10, 10.53553, 0.5],
			"rotation": {"angle": 45, "axis": "z", "origin": [12, 9.5, 0]},
			"faces": {
				"north": {"uv": [0, 0, 1, 1], "texture": "#6"},
				"east": {"uv": [0, 0, 1, 1], "texture": "#6"},
				"south": {"uv": [0, 0, 1, 1], "texture": "#6"},
				"west": {"uv": [0, 0, 1, 1], "texture": "#6"},
				"up": {"uv": [0, 0, 1, 1], "texture": "#6"},
				"down": {"uv": [0, 0, 1, 1], "texture": "#6"}
			}
		},
		{
			"name": "octagon",
			"from": [9.5, 8.46447, -0.5],
			"to": [10, 10.53553, 0.5],
			"rotation": {"angle": 0, "axis": "y", "origin": [12, 9.5, 0]},
			"faces": {
				"north": {"uv": [0, 0, 1, 1], "texture": "#6"},
				"east": {"uv": [0, 0, 1, 1], "texture": "#6"},
				"south": {"uv": [0, 0, 1, 1], "texture": "#6"},
				"west": {"uv": [0, 0, 1, 1], "texture": "#6"},
				"up": {"uv": [0, 0, 1, 1], "texture": "#6"},
				"down": {"uv": [0, 0, 1, 1], "texture": "#6"}
			}
		},
		{
			"name": "octagon",
			"from": [14, 8.46447, -0.5],
			"to": [14.5, 10.53553, 0.5],
			"rotation": {"angle": 45, "axis": "z", "origin": [12, 9.5, 0]},
			"faces": {
				"north": {"uv": [0, 0, 1, 1], "texture": "#6"},
				"east": {"uv": [0, 0, 1, 1], "texture": "#6"},
				"south": {"uv": [0, 0, 1, 1], "texture": "#6"},
				"west": {"uv": [0, 0, 1, 1], "texture": "#6"},
				"up": {"uv": [0, 0, 1, 1], "texture": "#6"},
				"down": {"uv": [0, 0, 1, 1], "texture": "#6"}
			}
		},
		{
			"name": "octagon",
			"from": [14, 8.46447, -0.5],
			"to": [14.5, 10.53553, 0.5],
			"rotation": {"angle": 0, "axis": "y", "origin": [12, 9.5, 0]},
			"faces": {
				"north": {"uv": [0, 0, 1, 1], "texture": "#6"},
				"east": {"uv": [0, 0, 1, 1], "texture": "#6"},
				"south": {"uv": [0, 0, 1, 1], "texture": "#6"},
				"west": {"uv": [0, 0, 1, 1], "texture": "#6"},
				"up": {"uv": [0, 0, 1, 1], "texture": "#6"},
				"down": {"uv": [0, 0, 1, 1], "texture": "#6"}
			}
		}
	],
	"display": {
		"thirdperson_righthand": {
			"scale": [0.4, 0.4, 0.4]
		},
		"thirdperson_lefthand": {
			"scale": [0.4, 0.4, 0.4]
		},
		"firstperson_righthand": {
			"scale": [0.4, 0.4, 0.4]
		},
		"firstperson_lefthand": {
			"scale": [0.4, 0.4, 0.4]
		},
		"ground": {
			"scale": [0.4, 0.4, 0.4]
		},
		"gui": {
			"rotation": [0, 145, 0],
			"scale": [0.4, 0.4, 0.4]
		}
	}
}