{
	"textures": {
		"2": "block/green_concrete",
		"4": "block/black_concrete",
		"5": "block/yellow_concrete",
		"6": "block/iron_block",
		"7": "block/red_terracotta"
	},
	"elements": [
		{
			"from": [1.2, 2, 0.2],
			"to": [14.8, 14.9, 5.2],
			"rotation": {"angle": 0, "axis": "y", "origin": [8, 8, 8.1]},
			"faces": {
				"north": {"uv": [0, 0, 13.6, 12.9], "texture": "#4"},
				"east": {"uv": [0, 0, 5, 12.9], "texture": "#4"},
				"south": {"uv": [0, 0, 13.6, 12.9], "texture": "#4"},
				"west": {"uv": [0, 0, 5, 12.9], "texture": "#4"},
				"up": {"uv": [0, 0, 13.6, 5], "texture": "#4"},
				"down": {"uv": [0, 0, 13.6, 5], "texture": "#4"}
			}
		},
		{
			"from": [0.1, 2, 1.1],
			"to": [15.9, 16, 15.9],
			"faces": {
				"north": {"uv": [0, 0, 15.8, 14], "texture": "#7"},
				"east": {"uv": [0, 0, 14.8, 14], "texture": "#7"},
				"south": {"uv": [0, 0, 15.8, 14], "texture": "#7"},
				"west": {"uv": [0, 0, 14.8, 14], "texture": "#7"},
				"up": {"uv": [0, 0, 15.8, 14.8], "texture": "#7"},
				"down": {"uv": [0, 0, 15.8, 14.8], "texture": "#7"}
			}
		},
		{
			"from": [0, 0, 0],
			"to": [16, 2, 16],
			"faces": {
				"north": {"uv": [0, 0, 16, 2], "texture": "#7"},
				"east": {"uv": [0, 0, 16, 2], "texture": "#7"},
				"south": {"uv": [0, 0, 16, 2], "texture": "#7"},
				"west": {"uv": [0, 0, 16, 2], "texture": "#7"},
				"up": {"uv": [0, 0, 16, 16], "texture": "#7"},
				"down": {"uv": [0, 0, 16, 16], "texture": "#7"}
			}
		},
		{
			"from": [10.5, -3, -4],
			"to": [13.5, 2, 2],
			"rotation": {"angle": -22.5, "axis": "z", "origin": [12, -1.5, -1]},
			"faces": {
				"north": {"uv": [0, 0, 5, 3], "rotation": 90, "texture": "#2"},
				"east": {"uv": [0, 0, 5, 6], "rotation": 270, "texture": "#2"},
				"south": {"uv": [0, 0, 5, 3], "rotation": 270, "texture": "#2"},
				"west": {"uv": [0, 0, 5, 6], "rotation": 270, "texture": "#2"},
				"up": {"uv": [0, 0, 6, 3], "rotation": 270, "texture": "#2"},
				"down": {"uv": [0, 0, 6, 3], "rotation": 270, "texture": "#2"}
			}
		},
		{
			"from": [2.5, -3, -4],
			"to": [5.5, 2, 2],
			"rotation": {"angle": 22.5, "axis": "z", "origin": [4, -1.5, -1]},
			"faces": {
				"north": {"uv": [0, 3, 5, 6], "rotation": 90, "texture": "#2"},
				"east": {"uv": [0, 6, 5, 12], "rotation": 270, "texture": "#2"},
				"south": {"uv": [0, 3, 5, 6], "rotation": 270, "texture": "#2"},
				"west": {"uv": [0, 6, 5, 12], "rotation": 270, "texture": "#2"},
				"up": {"uv": [0, 3, 6, 6], "rotation": 270, "texture": "#2"},
				"down": {"uv": [0, 3, 6, 6], "rotation": 270, "texture": "#2"}
			}
		},
		{
			"from": [9.5, -1.5, -3],
			"to": [10.5, 1.5, 2],
			"rotation": {"angle": -22.5, "axis": "z", "origin": [10, -1.5, -0.5]},
			"faces": {
				"north": {"uv": [0, 0, 3, 1], "rotation": 270, "texture": "#5"},
				"east": {"uv": [0, 0, 3, 5], "rotation": 90, "texture": "#5"},
				"south": {"uv": [0, 0, 3, 1], "rotation": 90, "texture": "#5"},
				"west": {"uv": [0, 0, 3, 5], "rotation": 90, "texture": "#5"},
				"up": {"uv": [0, 0, 5, 1], "rotation": 90, "texture": "#5"},
				"down": {"uv": [0, 0, 5, 1], "rotation": 90, "texture": "#5"}
			}
		},
		{
			"from": [5.5, -1.5, -3],
			"to": [6.5, 1.5, 2],
			"rotation": {"angle": 22.5, "axis": "z", "origin": [6, -1.5, -0.5]},
			"faces": {
				"north": {"uv": [0, 1, 3, 2], "rotation": 270, "texture": "#5"},
				"east": {"uv": [0, 5, 3, 10], "rotation": 90, "texture": "#5"},
				"south": {"uv": [0, 1, 3, 2], "rotation": 90, "texture": "#5"},
				"west": {"uv": [0, 5, 3, 10], "rotation": 90, "texture": "#5"},
				"up": {"uv": [0, 1, 5, 2], "rotation": 90, "texture": "#5"},
				"down": {"uv": [0, 1, 5, 2], "rotation": 90, "texture": "#5"}
			}
		},
		{
			"from": [5.5, -1.32426, -3.12132],
			"to": [10.3, 2.57574, 0.07868],
			"rotation": {"angle": 0, "axis": "y", "origin": [7.9, -0.42426, -1.92132]},
			"faces": {
				"north": {"uv": [0, 0, 4.8, 3.9], "texture": "#4"},
				"east": {"uv": [0, 0, 3.2, 3.9], "texture": "#4"},
				"south": {"uv": [0, 0, 4.8, 3.9], "texture": "#4"},
				"west": {"uv": [0, 0, 3.2, 3.9], "texture": "#4"},
				"up": {"uv": [0, 0, 4.8, 3.2], "texture": "#4"},
				"down": {"uv": [0, 0, 4.8, 3.2], "texture": "#4"}
			}
		},
		{
			"from": [5.5, 1.2, -2.2],
			"to": [10.3, 6, 1],
			"rotation": {"angle": 45, "axis": "x", "origin": [7.9, 3, -1]},
			"faces": {
				"north": {"uv": [0, 0, 4.8, 4.8], "texture": "#4"},
				"east": {"uv": [0, 0, 3.2, 4.8], "texture": "#4"},
				"south": {"uv": [0, 0, 4.8, 4.8], "texture": "#4"},
				"west": {"uv": [0, 0, 3.2, 4.8], "texture": "#4"},
				"up": {"uv": [0, 0, 4.8, 3.2], "texture": "#4"},
				"down": {"uv": [0, 0, 4.8, 3.2], "texture": "#4"}
			}
		},
		{
			"name": "octagon",
			"from": [2.96447, 7.5, -0.5],
			"to": [5.03553, 8, 0.5],
			"rotation": {"angle": 45, "axis": "z", "origin": [4, 10, 0]},
			"faces": {
				"north": {"uv": [0, 0, 1, 1], "texture": "#6"},
				"east": {"uv": [0, 0, 1, 1], "texture": "#6"},
				"south": {"uv": [0, 0, 1, 1], "texture": "#6"},
				"west": {"uv": [0, 0, 1, 1], "texture": "#6"},
				"up": {"uv": [0, 0, 1, 1], "texture": "#6"},
				"down": {"uv": [0, 0, 1, 1], "texture": "#6"}
			}
		},
		{
			"name": "octagon",
			"from": [2.96447, 7.5, -0.5],
			"to": [5.03553, 8, 0.5],
			"rotation": {"angle": 0, "axis": "y", "origin": [4, 10, 0]},
			"faces": {
				"north": {"uv": [0, 0, 1, 1], "texture": "#6"},
				"east": {"uv": [0, 0, 1, 1], "texture": "#6"},
				"south": {"uv": [0, 0, 1, 1], "texture": "#6"},
				"west": {"uv": [0, 0, 1, 1], "texture": "#6"},
				"up": {"uv": [0, 0, 1, 1], "texture": "#6"},
				"down": {"uv": [0, 0, 1, 1], "texture": "#6"}
			}
		},
		{
			"name": "octagon",
			"from": [2.96447, 12, -0.5],
			"to": [5.03553, 12.5, 0.5],
			"rotation": {"angle": 45, "axis": "z", "origin": [4, 10, 0]},
			"faces": {
				"north": {"uv": [0, 0, 1, 1], "texture": "#6"},
				"east": {"uv": [0, 0, 1, 1], "texture": "#6"},
				"south": {"uv": [0, 0, 1, 1], "texture": "#6"},
				"west": {"uv": [0, 0, 1, 1], "texture": "#6"},
				"up": {"uv": [0, 0, 1, 1], "texture": "#6"},
				"down": {"uv": [0, 0, 1, 1], "texture": "#6"}
			}
		},
		{
			"name": "octagon",
			"from": [2.96447, 12, -0.5],
			"to": [5.03553, 12.5, 0.5],
			"rotation": {"angle": 0, "axis": "y", "origin": [4, 10, 0]},
			"faces": {
				"north": {"uv": [0, 0, 1, 1], "texture": "#6"},
				"east": {"uv": [0, 0, 1, 1], "texture": "#6"},
				"south": {"uv": [0, 0, 1, 1], "texture": "#6"},
				"west": {"uv": [0, 0, 1, 1], "texture": "#6"},
				"up": {"uv": [0, 0, 1, 1], "texture": "#6"},
				"down": {"uv": [0, 0, 1, 1], "texture": "#6"}
			}
		},
		{
			"name": "octagon",
			"from": [1.5, 8.96447, -0.5],
			"to": [2, 11.03553, 0.5],
			"rotation": {"angle": 45, "axis": "z", "origin": [4, 10, 0]},
			"faces": {
				"north": {"uv": [0, 0, 1, 1], "texture": "#6"},
				"east": {"uv": [0, 0, 1, 1], "texture": "#6"},
				"south": {"uv": [0, 0, 1, 1], "texture": "#6"},
				"west": {"uv": [0, 0, 1, 1], "texture": "#6"},
				"up": {"uv": [0, 0, 1, 1], "texture": "#6"},
				"down": {"uv": [0, 0, 1, 1], "texture": "#6"}
			}
		},
		{
			"name": "octagon",
			"from": [1.5, 8.96447, -0.5],
			"to": [2, 11.03553, 0.5],
			"rotation": {"angle": 0, "axis": "y", "origin": [4, 10, 0]},
			"faces": {
				"north": {"uv": [0, 0, 1, 1], "texture": "#6"},
				"east": {"uv": [0, 0, 1, 1], "texture": "#6"},
				"south": {"uv": [0, 0, 1, 1], "texture": "#6"},
				"west": {"uv": [0, 0, 1, 1], "texture": "#6"},
				"up": {"uv": [0, 0, 1, 1], "texture": "#6"},
				"down": {"uv": [0, 0, 1, 1], "texture": "#6"}
			}
		},
		{
			"name": "octagon",
			"from": [6, 8.96447, -0.5],
			"to": [6.5, 11.03553, 0.5],
			"rotation": {"angle": 45, "axis": "z", "origin": [4, 10, 0]},
			"faces": {
				"north": {"uv": [0, 0, 1, 1], "texture": "#6"},
				"east": {"uv": [0, 0, 1, 1], "texture": "#6"},
				"south": {"uv": [0, 0, 1, 1], "texture": "#6"},
				"west": {"uv": [0, 0, 1, 1], "texture": "#6"},
				"up": {"uv": [0, 0, 1, 1], "texture": "#6"},
				"down": {"uv": [0, 0, 1, 1], "texture": "#6"}
			}
		},
		{
			"name": "octagon",
			"from": [6, 8.96447, -0.5],
			"to": [6.5, 11.03553, 0.5],
			"rotation": {"angle": 0, "axis": "y", "origin": [4, 10, 0]},
			"faces": {
				"north": {"uv": [0, 0, 1, 1], "texture": "#6"},
				"east": {"uv": [0, 0, 1, 1], "texture": "#6"},
				"south": {"uv": [0, 0, 1, 1], "texture": "#6"},
				"west": {"uv": [0, 0, 1, 1], "texture": "#6"},
				"up": {"uv": [0, 0, 1, 1], "texture": "#6"},
				"down": {"uv": [0, 0, 1, 1], "texture": "#6"}
			}
		},
		{
			"name": "octagon",
			"from": [10.96447, 7.5, -0.5],
			"to": [13.03553, 8, 0.5],
			"rotation": {"angle": 45, "axis": "z", "origin": [12, 10, 0]},
			"faces": {
				"north": {"uv": [0, 0, 1, 1], "texture": "#6"},
				"east": {"uv": [0, 0, 1, 1], "texture": "#6"},
				"south": {"uv": [0, 0, 1, 1], "texture": "#6"},
				"west": {"uv": [0, 0, 1, 1], "texture": "#6"},
				"up": {"uv": [0, 0, 1, 1], "texture": "#6"},
				"down": {"uv": [0, 0, 1, 1], "texture": "#6"}
			}
		},
		{
			"name": "octagon",
			"from": [10.96447, 7.5, -0.5],
			"to": [13.03553, 8, 0.5],
			"rotation": {"angle": 0, "axis": "y", "origin": [12, 10, 0]},
			"faces": {
				"north": {"uv": [0, 0, 1, 1], "texture": "#6"},
				"east": {"uv": [0, 0, 1, 1], "texture": "#6"},
				"south": {"uv": [0, 0, 1, 1], "texture": "#6"},
				"west": {"uv": [0, 0, 1, 1], "texture": "#6"},
				"up": {"uv": [0, 0, 1, 1], "texture": "#6"},
				"down": {"uv": [0, 0, 1, 1], "texture": "#6"}
			}
		},
		{
			"name": "octagon",
			"from": [10.96447, 12, -0.5],
			"to": [13.03553, 12.5, 0.5],
			"rotation": {"angle": 45, "axis": "z", "origin": [12, 10, 0]},
			"faces": {
				"north": {"uv": [0, 0, 1, 1], "texture": "#6"},
				"east": {"uv": [0, 0, 1, 1], "texture": "#6"},
				"south": {"uv": [0, 0, 1, 1], "texture": "#6"},
				"west": {"uv": [0, 0, 1, 1], "texture": "#6"},
				"up": {"uv": [0, 0, 1, 1], "texture": "#6"},
				"down": {"uv": [0, 0, 1, 1], "texture": "#6"}
			}
		},
		{
			"name": "octagon",
			"from": [10.96447, 12, -0.5],
			"to": [13.03553, 12.5, 0.5],
			"rotation": {"angle": 0, "axis": "y", "origin": [12, 10, 0]},
			"faces": {
				"north": {"uv": [0, 0, 1, 1], "texture": "#6"},
				"east": {"uv": [0, 0, 1, 1], "texture": "#6"},
				"south": {"uv": [0, 0, 1, 1], "texture": "#6"},
				"west": {"uv": [0, 0, 1, 1], "texture": "#6"},
				"up": {"uv": [0, 0, 1, 1], "texture": "#6"},
				"down": {"uv": [0, 0, 1, 1], "texture": "#6"}
			}
		},
		{
			"name": "octagon",
			"from": [9.5, 8.96447, -0.5],
			"to": [10, 11.03553, 0.5],
			"rotation": {"angle": 45, "axis": "z", "origin": [12, 10, 0]},
			"faces": {
				"north": {"uv": [0, 0, 1, 1], "texture": "#6"},
				"east": {"uv": [0, 0, 1, 1], "texture": "#6"},
				"south": {"uv": [0, 0, 1, 1], "texture": "#6"},
				"west": {"uv": [0, 0, 1, 1], "texture": "#6"},
				"up": {"uv": [0, 0, 1, 1], "texture": "#6"},
				"down": {"uv": [0, 0, 1, 1], "texture": "#6"}
			}
		},
		{
			"name": "octagon",
			"from": [9.5, 8.96447, -0.5],
			"to": [10, 11.03553, 0.5],
			"rotation": {"angle": 0, "axis": "y", "origin": [12, 10, 0]},
			"faces": {
				"north": {"uv": [0, 0, 1, 1], "texture": "#6"},
				"east": {"uv": [0, 0, 1, 1], "texture": "#6"},
				"south": {"uv": [0, 0, 1, 1], "texture": "#6"},
				"west": {"uv": [0, 0, 1, 1], "texture": "#6"},
				"up": {"uv": [0, 0, 1, 1], "texture": "#6"},
				"down": {"uv": [0, 0, 1, 1], "texture": "#6"}
			}
		},
		{
			"name": "octagon",
			"from": [14, 8.96447, -0.5],
			"to": [14.5, 11.03553, 0.5],
			"rotation": {"angle": 45, "axis": "z", "origin": [12, 10, 0]},
			"faces": {
				"north": {"uv": [0, 0, 1, 1], "texture": "#6"},
				"east": {"uv": [0, 0, 1, 1], "texture": "#6"},
				"south": {"uv": [0, 0, 1, 1], "texture": "#6"},
				"west": {"uv": [0, 0, 1, 1], "texture": "#6"},
				"up": {"uv": [0, 0, 1, 1], "texture": "#6"},
				"down": {"uv": [0, 0, 1, 1], "texture": "#6"}
			}
		},
		{
			"name": "octagon",
			"from": [14, 8.96447, -0.5],
			"to": [14.5, 11.03553, 0.5],
			"rotation": {"angle": 0, "axis": "y", "origin": [12, 10, 0]},
			"faces": {
				"north": {"uv": [0, 0, 1, 1], "texture": "#6"},
				"east": {"uv": [0, 0, 1, 1], "texture": "#6"},
				"south": {"uv": [0, 0, 1, 1], "texture": "#6"},
				"west": {"uv": [0, 0, 1, 1], "texture": "#6"},
				"up": {"uv": [0, 0, 1, 1], "texture": "#6"},
				"down": {"uv": [0, 0, 1, 1], "texture": "#6"}
			}
		}
	],
	"display": {
		"thirdperson_righthand": {
			"scale": [0.4, 0.4, 0.4]
		},
		"thirdperson_lefthand": {
			"scale": [0.4, 0.4, 0.4]
		},
		"firstperson_righthand": {
			"scale": [0.4, 0.4, 0.4]
		},
		"firstperson_lefthand": {
			"scale": [0.4, 0.4, 0.4]
		},
		"ground": {
			"scale": [0.4, 0.4, 0.4]
		},
		"gui": {
			"rotation": [0, 145, 0],
			"scale": [0.4, 0.4, 0.4]
		}
	}
}