{
	"texture_size": [32, 32],
	"textures": {
		"1": "custom_item/screamer_head"
	},
	"elements": [
		{
			"name": "head",
			"from": [4, -2.16709, 3.07135],
			"to": [12, 10.98097, 10.44298],
			"rotation": {"angle": 0, "axis": "y", "origin": [8, 8.02844, 8.53052]},
			"faces": {
				"north": {"uv": [0, 0, 4, 6.5], "texture": "#1"},
				"east": {"uv": [0, 6.5, 3.5, 13], "texture": "#1"},
				"south": {"uv": [4, 4, 8, 10.5], "texture": "#1"},
				"west": {"uv": [8, 8, 11.5, 14.5], "texture": "#1"},
				"up": {"uv": [12, 7.5, 8, 4], "texture": "#1"},
				"down": {"uv": [7.5, 10.5, 3.5, 14], "texture": "#1"}
			}
		},
		{
			"name": "head",
			"from": [4.1, 3.2065, 5.48245],
			"to": [11.9, 11.2065, 12.48245],
			"rotation": {"angle": -22.5, "axis": "x", "origin": [8, 5.033, 4.84381]},
			"faces": {
				"north": {"uv": [4, 0, 8, 4], "texture": "#1"},
				"east": {"uv": [11.5, 11.5, 15, 15.5], "texture": "#1"},
				"south": {"uv": [8, 0, 12, 4], "texture": "#1"},
				"west": {"uv": [11.5, 7.5, 15, 11.5], "texture": "#1"},
				"up": {"uv": [16, 3.5, 12, 0], "texture": "#1"},
				"down": {"uv": [16, 3.5, 12, 7], "texture": "#1"}
			}
		}
	],
	"display": {
		"head": {
			"translation": [0, -0.25, 1.75],
			"scale": [2, 2, 2]
		}
	}
}