{"textures":{"1":"mgs:gun/metal","3":"mgs:gun/metal_dark","2":"mgs:gun/copper","particle":"mgs:gun/metal_dark"},"gui_light":"front","elements":[{"to":[11.83916,27.899,10.551],"from":[11.23916,15.8,5.449],"faces":{"west":{"rotation":90,"uv":[7,10.5,10,11],"texture":"#3"},"east":{"rotation":90,"uv":[0,15,3,16],"texture":"#3"},"up":{"rotation":90,"uv":[8,15.5,11,16],"texture":"#3"}}},{"to":[10.83916,15.8,10.55],"rotation":{"origin":[-1.66084,15.8,5.75],"angle":22.5,"axis":"z"},"from":[-1.66084,-0.6,5.45],"faces":{"west":{"rotation":90,"uv":[5.75,11.75,8.75,12.75],"texture":"#3"},"east":{"rotation":90,"uv":[4.5,15,7.5,16],"texture":"#3"},"north":{"rotation":270,"uv":[6.75,12.5,9.25,15.5],"texture":"#3"},"south":{"rotation":270,"uv":[4.5,12.5,7,15.5],"texture":"#3"}}},{"to":[18.12416,0.67,10.551],"rotation":{"origin":[4.63916,0.65,5.375],"angle":45,"axis":"z"},"from":[4.62416,-15.73,5.449],"faces":{"down":{"rotation":270,"uv":[5.25,11.75,6.25,13],"texture":"#3"},"west":{"rotation":90,"uv":[6.5,11.75,9.5,12.75],"texture":"#3"},"east":{"rotation":90,"uv":[11.25,15,14.25,16],"texture":"#3"},"north":{"rotation":270,"uv":[0,12.5,2.5,15.5],"texture":"#3"},"south":{"rotation":270,"uv":[0,12.5,2.5,15.5],"texture":"#3"}}},{"to":[5.03916,29.5,5.651],"rotation":{"origin":[0.93916,27.9,5.449],"angle":22.5,"axis":"x"},"from":[-1.66084,27.9,5.449],"faces":{"west":{"rotation":270,"uv":[6.5,11.5,9.5,12],"texture":"#3"},"east":{"rotation":270,"uv":[6.5,11.5,9.5,12],"texture":"#3"},"north":{"uv":[7.75,15,9,15.5],"texture":"#3"},"up":{"rotation":180,"uv":[8,15.5,11,16],"texture":"#3"},"south":{"rotation":90,"uv":[7,10.5,10,11],"texture":"#3"}}},{"to":[5.03916,29.5,10.551],"rotation":{"origin":[0.93916,27.9,10.551],"angle":-22.5,"axis":"x"},"from":[-1.66084,27.9,10.349],"faces":{"west":{"rotation":270,"uv":[6.5,11.5,9.5,12],"texture":"#3"},"east":{"rotation":90,"uv":[6.5,11.5,9.5,12],"texture":"#3"},"north":{"rotation":90,"uv":[7,10.5,10,11],"texture":"#3"},"up":{"rotation":180,"uv":[8,15.5,11,16],"texture":"#3"},"south":{"uv":[7.75,15,9,15.5],"texture":"#3"}}},{"to":[11.83916,27.9,5.651],"from":[-1.66084,15.8,5.449],"faces":{"north":{"rotation":270,"uv":[4.5,12.5,7,15.5],"texture":"#3"},"up":{"rotation":180,"uv":[8,15.5,11,16],"texture":"#3"},"south":{"rotation":90,"uv":[7,10.5,10,11],"texture":"#3"}}},{"to":[11.83916,27.9,10.551],"from":[-1.66084,15.8,10.349],"faces":{"north":{"rotation":90,"uv":[7,10.5,10,11],"texture":"#3"},"up":{"rotation":180,"uv":[8,15.5,11,16],"texture":"#3"},"south":{"rotation":270,"uv":[12.5,12.5,15,15.5],"texture":"#3"}}},{"to":[-1.36084,27.9,10.551],"from":[-1.66084,15.8,5.449],"faces":{"west":{"rotation":90,"uv":[4,11.75,5.5,12.75],"texture":"#3"},"east":{"rotation":90,"uv":[7,10.5,10,11],"texture":"#3"},"up":{"rotation":90,"uv":[8,15.5,11,16],"texture":"#3"}}},{"to":[-1.36084,25.2,9.5],"from":[-3.16084,24.3,6.5],"faces":{"down":{"uv":[10,10,10.75,10.5],"texture":"#3"},"west":{"uv":[6.25,7.25,8,7.75],"texture":"#3"},"north":{"uv":[15.25,7.25,16,7.75],"texture":"#3"},"up":{"rotation":270,"uv":[7.25,5,9,5.75],"texture":"#3"},"south":{"uv":[15.25,7.25,16,7.75],"texture":"#3"}}},{"to":[6.275,29.35,9.33492],"rotation":{"origin":[6.85538,8,8],"angle":0,"axis":"y"},"from":[-1,27.25,8.46508],"faces":{"down":{"uv":[6.25,7.75,6.75,8.5],"texture":"#1"},"east":{"uv":[9.5,7.25,10.25,8.25],"texture":"#1"},"up":{"rotation":180,"uv":[1.25,3.75,1.75,4.5],"texture":"#1"}}},{"to":[-0.95,29.55,9.14865],"rotation":{"origin":[6.85538,8,8],"angle":0,"axis":"y"},"from":[-1.2001,27.05,8.65135],"faces":{"down":{"rotation":180,"uv":[6.25,8,6.75,8.25],"texture":"#1"},"west":{"uv":[8.25,4,8.75,6],"texture":"#1"},"east":{"uv":[12.5,7.5,13,8],"texture":"#1"},"up":{"rotation":180,"uv":[3.5,3.75,4,4.25],"texture":"#1"}}},{"to":[5.8,28.34917,1.31166],"rotation":{"origin":[6.85538,8,8],"angle":22.5,"axis":"x"},"from":[-0.7,25.84917,0.81438],"faces":{"down":{"rotation":180,"uv":[3,9,7,9.5],"texture":"#1"},"west":{"uv":[12.5,7.5,13,8],"texture":"#1"},"east":{"uv":[9.5,7.25,10.25,8.25],"texture":"#1"},"up":{"uv":[2,3.75,6,4.25],"texture":"#1"}}},{"to":[5.8,27.66034,16.84861],"rotation":{"origin":[6.85538,8,8],"angle":-22.5,"axis":"x"},"from":[-0.7,25.16034,16.35133],"faces":{"down":{"rotation":180,"uv":[3.5,8,7.5,8.5],"texture":"#1"},"west":{"uv":[12.5,7.5,13,8],"texture":"#1"},"east":{"uv":[9.5,7.25,10.25,8.25],"texture":"#1"},"up":{"uv":[0,3.25,4,3.75],"texture":"#1"}}},{"to":[5.8,24.24066,-5.46923],"rotation":{"origin":[6.85538,8,8],"angle":45,"axis":"x"},"from":[-0.7,21.74066,-5.96651],"faces":{"down":{"rotation":180,"uv":[5.75,5.5,9.75,6],"texture":"#1"},"west":{"uv":[12.5,7.5,13,8],"texture":"#1"},"east":{"uv":[9.5,7.25,10.25,8.25],"texture":"#1"},"up":{"uv":[5.25,4.25,9.25,4.75],"texture":"#1"}}},{"to":[5.8,22.96787,23.2393],"rotation":{"origin":[6.85538,8,8],"angle":-45,"axis":"x"},"from":[-0.7,20.46787,22.74202],"faces":{"down":{"uv":[4.5,5.5,8.5,6],"texture":"#1"},"west":{"uv":[12.5,7.5,13,8],"texture":"#1"},"east":{"uv":[9.5,7.25,10.25,8.25],"texture":"#1"},"up":{"rotation":180,"uv":[1.25,4.25,5.25,4.75],"texture":"#1"}}},{"to":[5.8,26.65898,17.84997],"rotation":{"origin":[6.85538,8,8],"angle":-22.5,"axis":"x"},"from":[-0.7,26.1617,15.34997],"faces":{"west":{"rotation":90,"uv":[12.5,7.5,13,8],"texture":"#1"},"east":{"uv":[9.5,7.25,10.25,7.75],"texture":"#1"},"north":{"uv":[6.25,5,10.25,5.5],"texture":"#1"},"south":{"uv":[5.25,4.75,9.25,5.25],"texture":"#1"}}},{"to":[5.8,27.34781,2.31302],"rotation":{"origin":[6.85538,8,8],"angle":22.5,"axis":"x"},"from":[-0.7,26.85053,-0.18698],"faces":{"west":{"rotation":270,"uv":[12.5,7.5,13,8],"texture":"#1"},"east":{"uv":[9.5,7.25,10.25,7.75],"texture":"#1"},"north":{"uv":[5.25,4.75,9.25,5.25],"texture":"#1"},"south":{"uv":[6.25,5,10.25,5.5],"texture":"#1"}}},{"to":[5.8,28.54864,10.15],"rotation":{"origin":[6.85538,8,8],"angle":0,"axis":"y"},"from":[-0.7,28.05136,7.65],"faces":{"west":{"uv":[12.5,7.5,13,8],"texture":"#1"},"north":{"uv":[3,12.25,7,12.75],"texture":"#1"},"south":{"uv":[0,12,4,12.5],"texture":"#1"}}},{"to":[-1.11649,27.50573,9.14864],"rotation":{"origin":[6.85538,8,8],"angle":-22.5,"axis":"z"},"from":[-2.36649,26.50573,8.65136],"faces":{"north":{"rotation":180,"uv":[10.5,2.75,11,3.25],"texture":"#1"},"up":{"uv":[2,3.25,2.75,3.75],"texture":"#1"},"south":{"rotation":180,"uv":[10.5,2.75,11,3.25],"texture":"#1"}}},{"to":[14.42046,27.00378,9.14864],"rotation":{"origin":[6.85538,8,8],"angle":22.5,"axis":"z"},"from":[13.17046,26.00378,8.65136],"faces":{"down":{"rotation":180,"uv":[5.5,7.75,6.25,8.25],"texture":"#1"},"north":{"rotation":180,"uv":[7.5,8,7.75,8.25],"texture":"#1"},"south":{"rotation":180,"uv":[7.5,8,7.75,8.25],"texture":"#1"}}},{"to":[6.30757,28.54864,9.58246],"rotation":{"origin":[6.85538,8,8],"angle":22.5,"axis":"y"},"from":[5.05757,28.05136,8.58246],"faces":{"down":{"rotation":180,"uv":[4.5,12,5,12.5],"texture":"#1"},"up":{"rotation":180,"uv":[4.5,12,5,12.5],"texture":"#1"},"south":{"uv":[0,12,0.75,12.5],"texture":"#1"}}},{"to":[6.9964,28.54864,9.08052],"rotation":{"origin":[6.85538,8,8],"angle":-22.5,"axis":"y"},"from":[5.7464,28.05136,8.08052],"faces":{"down":{"rotation":180,"uv":[4.5,12,5,12.5],"texture":"#1"},"north":{"uv":[0,12,0.75,12.5],"texture":"#1"},"up":{"rotation":180,"uv":[4.5,12,5,12.5],"texture":"#1"}}},{"to":[5.8,29.55,9.14866],"rotation":{"origin":[6.85538,8,8],"angle":0,"axis":"y"},"from":[-0.7,27.05,8.65136],"faces":{"down":{"rotation":180,"uv":[5.5,7.75,9.5,8.25],"texture":"#1"},"west":{"uv":[12.5,7.5,13,8],"texture":"#1"},"up":{"uv":[2,3.25,6,3.75],"texture":"#1"}}},{"to":[6.275,22.76787,23.42558],"rotation":{"origin":[6.85538,8,8],"angle":-45,"axis":"x"},"from":[-1,20.66787,22.55574],"faces":{"down":{"rotation":180,"uv":[2,5.75,2.5,6.5],"texture":"#1"},"east":{"uv":[9.5,7.25,10.25,8.25],"texture":"#1"},"up":{"rotation":180,"uv":[1.25,4.25,1.75,5],"texture":"#1"}}},{"to":[6.275,24.04066,-5.28295],"rotation":{"origin":[6.85538,8,8],"angle":45,"axis":"x"},"from":[-1,21.94066,-6.15279],"faces":{"down":{"uv":[2,5.75,2.5,6.5],"texture":"#1"},"east":{"uv":[9.5,7.25,10.25,8.25],"texture":"#1"},"up":{"uv":[1.25,4.25,1.75,5],"texture":"#1"}}},{"to":[6.275,28.73492,9.95],"rotation":{"origin":[6.85538,8,8],"angle":0,"axis":"y"},"from":[-1,27.86508,7.85],"faces":{"east":{"uv":[9.5,7.25,10.25,8.25],"texture":"#1"},"north":{"uv":[3,4.75,3.5,5.5],"texture":"#1"},"south":{"uv":[3,4.75,3.5,5.5],"texture":"#1"}}},{"to":[7.975,29.175,9.07405],"rotation":{"origin":[6.85538,8,8],"angle":0,"axis":"y"},"from":[5.975,27.425,8.72595],"faces":{"down":{"rotation":180,"uv":[7.25,8,8.25,8.25],"texture":"#1"},"east":{"uv":[5.25,10.5,5.75,11],"texture":"#1"},"up":{"rotation":180,"uv":[3.5,4,4.5,4.25],"texture":"#1"}}},{"to":[7.975,27.97417,1.23707],"rotation":{"origin":[6.85538,8,8],"angle":22.5,"axis":"x"},"from":[5.975,26.22417,0.88897],"faces":{"down":{"rotation":180,"uv":[5.25,7.75,6.25,8],"texture":"#1"},"east":{"uv":[5.25,10.5,5.75,11],"texture":"#1"},"up":{"rotation":180,"uv":[5.25,4.25,6.25,4.5],"texture":"#1"}}},{"to":[7.975,27.28534,16.77402],"rotation":{"origin":[6.85538,8,8],"angle":-22.5,"axis":"x"},"from":[5.975,25.53534,16.42592],"faces":{"down":{"rotation":180,"uv":[2.5,8.25,3.5,8.5],"texture":"#1"},"east":{"uv":[5.25,10.5,5.75,11],"texture":"#1"},"up":{"rotation":180,"uv":[4.75,4.25,5.75,4.5],"texture":"#1"}}},{"to":[7.975,23.86566,-5.54382],"rotation":{"origin":[6.85538,8,8],"angle":45,"axis":"x"},"from":[5.975,22.11566,-5.89192],"faces":{"down":{"rotation":180,"uv":[4.75,5.5,5.75,5.75],"texture":"#1"},"east":{"uv":[5.25,10.5,5.75,11],"texture":"#1"},"up":{"rotation":180,"uv":[6.75,4.5,7.75,4.75],"texture":"#1"}}},{"to":[7.975,22.59287,23.16471],"rotation":{"origin":[6.85538,8,8],"angle":-45,"axis":"x"},"from":[5.975,20.84287,22.81661],"faces":{"down":{"rotation":180,"uv":[4.25,5.75,5.25,6],"texture":"#1"},"east":{"uv":[5.25,10.5,5.75,11],"texture":"#1"},"up":{"rotation":180,"uv":[1.25,4.25,2.25,4.5],"texture":"#1"}}},{"to":[7.975,26.58439,17.47497],"rotation":{"origin":[6.85538,8,8],"angle":-22.5,"axis":"x"},"from":[5.975,26.23629,15.72497],"faces":{"east":{"uv":[5.25,10.5,5.75,11],"texture":"#1"},"north":{"rotation":180,"uv":[3,5.25,4,5.5],"texture":"#1"},"south":{"rotation":180,"uv":[6.75,4.75,7.75,5],"texture":"#1"}}},{"to":[7.975,27.27322,1.93802],"rotation":{"origin":[6.85538,8,8],"angle":22.5,"axis":"x"},"from":[5.975,26.92512,0.18802],"faces":{"east":{"uv":[5.25,10.5,5.75,11],"texture":"#1"},"north":{"rotation":180,"uv":[1.5,4.75,2.5,5],"texture":"#1"},"south":{"rotation":180,"uv":[8,5.25,9,5.5],"texture":"#1"}}},{"to":[7.975,28.47405,9.775],"rotation":{"origin":[6.85538,8,8],"angle":0,"axis":"y"},"from":[5.975,28.12595,8.025],"faces":{"east":{"uv":[5.25,10.5,5.75,11],"texture":"#1"},"north":{"rotation":180,"uv":[2,5,3,5.25],"texture":"#1"},"south":{"rotation":180,"uv":[5,5,6,5.25],"texture":"#1"}}},{"to":[-0.9499,28.34917,1.31167],"rotation":{"origin":[6.85538,8,8],"angle":22.5,"axis":"x"},"from":[-1.2,25.84917,0.81437],"faces":{"down":{"rotation":180,"uv":[6.25,8,6.75,8.25],"texture":"#1"},"west":{"uv":[7.25,4,7.75,6],"texture":"#1"},"east":{"uv":[12.5,7.5,13,8],"texture":"#1"},"up":{"uv":[3.5,4.25,4,4.75],"texture":"#1"}}},{"to":[-0.9499,27.66034,16.84862],"rotation":{"origin":[6.85538,8,8],"angle":-22.5,"axis":"x"},"from":[-1.2,25.16034,16.35132],"faces":{"down":{"rotation":180,"uv":[6.25,8,6.75,8.25],"texture":"#1"},"west":{"uv":[7.25,4,7.75,6],"texture":"#1"},"east":{"uv":[12.5,7.5,13,8],"texture":"#1"},"up":{"rotation":180,"uv":[3.5,4.25,4,4.75],"texture":"#1"}}},{"to":[-0.95,24.24066,-5.46922],"rotation":{"origin":[6.85538,8,8],"angle":45,"axis":"x"},"from":[-1.2001,21.74066,-5.96652],"faces":{"down":{"rotation":180,"uv":[6.25,8,6.75,8.25],"texture":"#1"},"west":{"uv":[10.75,4.5,11.25,6.5],"texture":"#1"},"east":{"uv":[12.5,7.5,13,8],"texture":"#1"},"up":{"uv":[3.75,4.75,4.25,5.25],"texture":"#1"}}},{"to":[-0.95,22.96787,23.23931],"rotation":{"origin":[6.85538,8,8],"angle":-45,"axis":"x"},"from":[-1.2001,20.46787,22.74201],"faces":{"down":{"rotation":180,"uv":[6.25,8,6.75,8.25],"texture":"#1"},"west":{"uv":[6.75,4.5,7.25,6.5],"texture":"#1"},"east":{"uv":[12.5,7.5,13,8],"texture":"#1"},"up":{"rotation":180,"uv":[7.75,4.75,8.25,5.25],"texture":"#1"}}},{"to":[-0.9499,26.65899,17.84997],"rotation":{"origin":[6.85538,8,8],"angle":-22.5,"axis":"x"},"from":[-1.2,26.16169,15.34997],"faces":{"west":{"rotation":90,"uv":[0.5,4.75,1,6.75],"texture":"#1"},"east":{"rotation":270,"uv":[12.5,7.5,13,8],"texture":"#1"},"north":{"rotation":180,"uv":[6.75,8,7.25,8.5],"texture":"#1"},"south":{"uv":[5.25,5.5,5.75,6],"texture":"#1"}}},{"to":[-0.9499,27.34782,2.31302],"rotation":{"origin":[6.85538,8,8],"angle":22.5,"axis":"x"},"from":[-1.2,26.85052,-0.18698],"faces":{"west":{"rotation":270,"uv":[0.75,4.75,1.25,6.75],"texture":"#1"},"east":{"rotation":90,"uv":[12.5,7.5,13,8],"texture":"#1"},"north":{"uv":[6.75,5.5,7.25,6],"texture":"#1"},"south":{"rotation":180,"uv":[6,8,6.5,8.5],"texture":"#1"}}},{"to":[-0.95,28.54865,10.15],"rotation":{"origin":[6.85538,8,8],"angle":0,"axis":"y"},"from":[-1.2001,28.05135,7.65],"faces":{"west":{"rotation":90,"uv":[7.25,9.5,7.75,11.5],"texture":"#1"},"east":{"uv":[12.5,7.5,13,8],"texture":"#1"},"north":{"rotation":180,"uv":[4.25,8.25,4.75,8.75],"texture":"#1"},"south":{"rotation":180,"uv":[6.25,8.25,6.75,8.75],"texture":"#1"}}},{"to":[11.1795,28.5,7.41853],"rotation":{"origin":[6.85538,8,8],"angle":-22.5,"axis":"y"},"from":[10.1295,28.1,6.96853],"faces":{"down":{"rotation":180,"uv":[9,10.25,9.5,10.75],"texture":"#2"},"east":{"uv":[7.5,2,8,2.5],"texture":"#2"},"north":{"rotation":180,"uv":[4.75,11.25,5.25,11.75],"texture":"#2"},"up":{"rotation":180,"uv":[6.5,4.75,7,5.25],"texture":"#2"}}},{"to":[10.49067,28.5,10.69445],"rotation":{"origin":[6.85538,8,8],"angle":22.5,"axis":"y"},"from":[9.44067,28.1,10.24445],"faces":{"down":{"rotation":180,"uv":[9,10.25,9.5,10.75],"texture":"#2"},"east":{"uv":[7.5,2,8,2.5],"texture":"#2"},"up":{"uv":[6.5,4.75,7,5.25],"texture":"#2"},"south":{"rotation":180,"uv":[4.75,11.25,5.25,11.75],"texture":"#2"}}},{"to":[18.60356,25.29179,9.1],"rotation":{"origin":[6.85538,8,8],"angle":22.5,"axis":"z"},"from":[17.55356,24.89179,8.7],"faces":{"down":{"rotation":180,"uv":[15,8,15.5,8.5],"texture":"#2"},"east":{"uv":[7.5,2,8,2.5],"texture":"#2"},"north":{"rotation":180,"uv":[5,8,5.5,8.5],"texture":"#2"},"south":{"rotation":180,"uv":[5,8,5.5,8.5],"texture":"#2"}}},{"to":[3.0666,28.61772,9.1],"rotation":{"origin":[6.85538,8,8],"angle":-22.5,"axis":"z"},"from":[2.0166,28.21772,8.7],"faces":{"east":{"uv":[7.5,2,8,2.5],"texture":"#2"},"north":{"uv":[6,4.5,6.5,5],"texture":"#2"},"up":{"uv":[4,4,4.5,4.5],"texture":"#2"},"south":{"uv":[5.75,4.5,6.25,5],"texture":"#2"}}},{"to":[10.275,28.42929,9.55],"rotation":{"origin":[6.85538,8,8],"angle":0,"axis":"y"},"from":[10.025,28.17071,8.25],"faces":{"east":{"uv":[11,7.5,11.5,8],"texture":"#2"},"north":{"rotation":180,"uv":[6.25,11,6.75,11.25],"texture":"#2"},"south":{"rotation":180,"uv":[5.75,10.5,6.25,10.75],"texture":"#2"}}},{"to":[10.275,27.22846,1.71302],"rotation":{"origin":[6.85538,8,8],"angle":22.5,"axis":"x"},"from":[10.025,26.96988,0.41302],"faces":{"east":{"rotation":90,"uv":[11,7.5,11.5,8],"texture":"#2"},"north":{"rotation":180,"uv":[7,11.5,7.5,11.75],"texture":"#2"},"south":{"rotation":180,"uv":[1.25,10,1.75,10.25],"texture":"#2"}}},{"to":[10.275,26.53963,17.24997],"rotation":{"origin":[6.85538,8,8],"angle":-22.5,"axis":"x"},"from":[10.025,26.28105,15.94997],"faces":{"east":{"rotation":270,"uv":[11,7.5,11.5,8],"texture":"#2"},"north":{"rotation":180,"uv":[2.5,10,3,10.5],"texture":"#2"},"south":{"rotation":180,"uv":[7.5,11.5,8,11.75],"texture":"#2"}}},{"to":[10.275,22.36787,23.11995],"rotation":{"origin":[6.85538,8,8],"angle":-45,"axis":"x"},"from":[10.025,21.06787,22.86137],"faces":{"down":{"rotation":180,"uv":[2.75,9.25,3.25,9.5],"texture":"#2"},"east":{"uv":[11.75,7.5,12.25,8],"texture":"#2"},"up":{"rotation":180,"uv":[8,4.75,8.5,5],"texture":"#2"}}},{"to":[10.275,23.64066,-5.58858],"rotation":{"origin":[6.85538,8,8],"angle":45,"axis":"x"},"from":[10.025,22.34066,-5.84716],"faces":{"down":{"rotation":180,"uv":[2.75,9.25,3.25,9.75],"texture":"#2"},"east":{"uv":[12.25,7.5,12.75,8],"texture":"#2"},"up":{"uv":[6.5,4.75,7,5],"texture":"#2"}}},{"to":[10.275,27.06034,16.72926],"rotation":{"origin":[6.85538,8,8],"angle":-22.5,"axis":"x"},"from":[10.025,25.76034,16.47068],"faces":{"down":{"rotation":180,"uv":[4.25,8,4.75,8.25],"texture":"#2"},"east":{"uv":[12.5,7.5,13,8],"texture":"#2"},"up":{"uv":[11,3,11.5,3.25],"texture":"#2"}}},{"to":[10.275,27.74917,1.19231],"rotation":{"origin":[6.85538,8,8],"angle":22.5,"axis":"x"},"from":[10.025,26.44917,0.93373],"faces":{"down":{"uv":[4.25,8,4.75,8.25],"texture":"#2"},"east":{"uv":[13.25,7.5,13.75,8],"texture":"#2"},"up":{"uv":[11.25,3.25,11.75,3.5],"texture":"#2"}}},{"to":[10.275,28.95,9.02929],"rotation":{"origin":[6.85538,8,8],"angle":0,"axis":"y"},"from":[10.025,27.65,8.77071],"faces":{"down":{"rotation":180,"uv":[7.75,8,8.25,8.25],"texture":"#2"},"east":{"uv":[14,7.5,14.5,8],"texture":"#2"},"up":{"uv":[3.25,4,3.75,4.25],"texture":"#2"}}},{"to":[10.025,28.43924,9.6],"rotation":{"origin":[6.85538,8,8],"angle":0,"axis":"y"},"from":[9.575,28.16076,8.2],"faces":{"east":{"uv":[11,7.5,11.5,8],"texture":"#2"},"north":{"rotation":180,"uv":[4.75,11,5.25,11.25],"texture":"#2"},"south":{"rotation":180,"uv":[6.5,11,7,11.25],"texture":"#2"}}},{"to":[10.025,26.54958,17.29997],"rotation":{"origin":[6.85538,8,8],"angle":-22.5,"axis":"x"},"from":[9.575,26.2711,15.89997],"faces":{"east":{"rotation":270,"uv":[11,7.5,11.5,8],"texture":"#2"},"north":{"rotation":180,"uv":[2.5,10,3,10.5],"texture":"#2"},"south":{"rotation":180,"uv":[6.25,11.5,6.75,11.75],"texture":"#2"}}},{"to":[10.025,23.69066,-5.57863],"rotation":{"origin":[6.85538,8,8],"angle":45,"axis":"x"},"from":[9.575,22.29066,-5.85711],"faces":{"down":{"rotation":180,"uv":[2.75,9.25,3.25,9.75],"texture":"#2"},"east":{"uv":[11,7.5,11.5,8],"texture":"#2"},"up":{"uv":[9,4.75,9.5,5],"texture":"#2"}}},{"to":[10.025,27.23841,1.76302],"rotation":{"origin":[6.85538,8,8],"angle":22.5,"axis":"x"},"from":[9.575,26.95993,0.36302],"faces":{"east":{"rotation":90,"uv":[11,7.5,11.5,8],"texture":"#2"},"north":{"rotation":180,"uv":[6.75,11.5,7.25,11.75],"texture":"#2"},"south":{"rotation":180,"uv":[1,10,1.5,10.25],"texture":"#2"}}},{"to":[10.025,22.41787,23.1299],"rotation":{"origin":[6.85538,8,8],"angle":-45,"axis":"x"},"from":[9.575,21.01787,22.85142],"faces":{"down":{"rotation":180,"uv":[2.75,9.25,3.25,9.5],"texture":"#2"},"east":{"uv":[11,7.5,11.5,8],"texture":"#2"},"up":{"rotation":180,"uv":[7.5,4.75,8,5],"texture":"#2"}}},{"to":[10.025,27.79917,1.20226],"rotation":{"origin":[6.85538,8,8],"angle":22.5,"axis":"x"},"from":[9.575,26.39917,0.92378],"faces":{"down":{"uv":[4.25,8,4.75,8.25],"texture":"#2"},"east":{"uv":[11,7.5,11.5,8],"texture":"#2"},"up":{"uv":[10.5,2.75,11,3],"texture":"#2"}}},{"to":[10.025,27.11034,16.73921],"rotation":{"origin":[6.85538,8,8],"angle":-22.5,"axis":"x"},"from":[9.575,25.71034,16.46073],"faces":{"down":{"rotation":180,"uv":[4.25,8,4.75,8.25],"texture":"#2"},"east":{"uv":[11,7.5,11.5,8],"texture":"#2"},"up":{"uv":[8.75,4.25,9.25,4.5],"texture":"#2"}}},{"to":[10.025,29,9.03924],"rotation":{"origin":[6.85538,8,8],"angle":0,"axis":"y"},"from":[9.575,27.6,8.76076],"faces":{"down":{"rotation":180,"uv":[7.75,8,8.25,8.25],"texture":"#2"},"east":{"uv":[11,7.5,11.5,8],"texture":"#2"},"up":{"uv":[3.25,4,3.75,4.25],"texture":"#2"}}},{"to":[9.575,28.44918,9.65],"rotation":{"origin":[6.85538,8,8],"angle":0,"axis":"y"},"from":[8.875,28.15082,8.15],"faces":{"east":{"uv":[11,7.5,11.5,8],"texture":"#2"},"north":{"rotation":180,"uv":[6.5,11,7,11.25],"texture":"#2"},"south":{"rotation":180,"uv":[4.75,11,5.25,11.25],"texture":"#2"}}},{"to":[9.575,27.24835,1.81302],"rotation":{"origin":[6.85538,8,8],"angle":22.5,"axis":"x"},"from":[8.875,26.94999,0.31302],"faces":{"east":{"rotation":90,"uv":[11,7.5,11.5,8],"texture":"#2"},"north":{"rotation":180,"uv":[4.75,11.5,5.25,11.75],"texture":"#2"},"south":{"rotation":180,"uv":[1.25,9.75,1.75,10],"texture":"#2"}}},{"to":[9.575,26.55952,17.34997],"rotation":{"origin":[6.85538,8,8],"angle":-22.5,"axis":"x"},"from":[8.875,26.26116,15.84997],"faces":{"east":{"rotation":270,"uv":[11,7.5,11.5,8],"texture":"#2"},"north":{"rotation":180,"uv":[2.5,10,3,10.5],"texture":"#2"},"south":{"rotation":180,"uv":[6.25,11.5,6.75,11.75],"texture":"#2"}}},{"to":[9.575,22.46787,23.13984],"rotation":{"origin":[6.85538,8,8],"angle":-45,"axis":"x"},"from":[8.875,20.96787,22.84148],"faces":{"down":{"rotation":180,"uv":[2.75,9.25,3.25,9.5],"texture":"#2"},"east":{"uv":[11,7.5,11.5,8],"texture":"#2"},"up":{"rotation":180,"uv":[5.75,4.75,6.25,5],"texture":"#2"}}},{"to":[9.575,23.74066,-5.56869],"rotation":{"origin":[6.85538,8,8],"angle":45,"axis":"x"},"from":[8.875,22.24066,-5.86705],"faces":{"down":{"rotation":180,"uv":[2.75,9.25,3.25,9.75],"texture":"#2"},"east":{"uv":[11,7.5,11.5,8],"texture":"#2"},"up":{"uv":[9.25,4.75,9.75,5],"texture":"#2"}}},{"to":[9.575,27.16034,16.74915],"rotation":{"origin":[6.85538,8,8],"angle":-22.5,"axis":"x"},"from":[8.875,25.66034,16.45079],"faces":{"down":{"rotation":180,"uv":[4.25,8,4.75,8.25],"texture":"#2"},"east":{"uv":[11,7.5,11.5,8],"texture":"#2"},"up":{"uv":[8.5,4.25,9,4.5],"texture":"#2"}}},{"to":[9.575,27.84917,1.2122],"rotation":{"origin":[6.85538,8,8],"angle":22.5,"axis":"x"},"from":[8.875,26.34917,0.91384],"faces":{"down":{"uv":[4.25,8,4.75,8.25],"texture":"#2"},"east":{"uv":[11,7.5,11.5,8],"texture":"#2"},"up":{"uv":[12.75,2.25,13.25,2.5],"texture":"#2"}}},{"to":[9.575,29.05,9.04918],"rotation":{"origin":[6.85538,8,8],"angle":0,"axis":"y"},"from":[8.875,27.55,8.75082],"faces":{"down":{"rotation":180,"uv":[7.75,8,8.25,8.25],"texture":"#2"},"east":{"uv":[11,7.5,11.5,8],"texture":"#2"},"up":{"uv":[3.25,4,3.75,4.25],"texture":"#2"}}},{"to":[8.875,28.45913,9.7],"rotation":{"origin":[6.85538,8,8],"angle":0,"axis":"y"},"from":[7.875,28.14087,8.1],"faces":{"east":{"uv":[11,7.5,11.5,8],"texture":"#2"},"north":{"rotation":180,"uv":[5.5,11,6,11.25],"texture":"#2"},"south":{"rotation":180,"uv":[5.5,11,6,11.25],"texture":"#2"}}},{"to":[8.875,26.56947,17.39997],"rotation":{"origin":[6.85538,8,8],"angle":-22.5,"axis":"x"},"from":[7.875,26.25121,15.79997],"faces":{"east":{"rotation":270,"uv":[11,7.5,11.5,8],"texture":"#2"},"north":{"rotation":180,"uv":[2.5,10,3,10.5],"texture":"#2"},"south":{"rotation":180,"uv":[5.5,11.5,6,11.75],"texture":"#2"}}},{"to":[8.875,27.2583,1.86302],"rotation":{"origin":[6.85538,8,8],"angle":22.5,"axis":"x"},"from":[7.875,26.94004,0.26302],"faces":{"east":{"rotation":90,"uv":[11,7.5,11.5,8],"texture":"#2"},"north":{"rotation":180,"uv":[5.5,11.5,6,11.75],"texture":"#2"},"south":{"rotation":180,"uv":[1.25,9.75,1.75,10],"texture":"#2"}}},{"to":[8.875,23.79066,-5.55874],"rotation":{"origin":[6.85538,8,8],"angle":45,"axis":"x"},"from":[7.875,22.19066,-5.877],"faces":{"down":{"rotation":180,"uv":[2.75,9.25,3.25,9.75],"texture":"#2"},"east":{"uv":[11,7.5,11.5,8],"texture":"#2"},"up":{"uv":[8.5,4.75,9,5],"texture":"#2"}}},{"to":[8.875,22.51787,23.14979],"rotation":{"origin":[6.85538,8,8],"angle":-45,"axis":"x"},"from":[7.875,20.91787,22.83153],"faces":{"down":{"rotation":180,"uv":[2.75,9.25,3.25,9.5],"texture":"#2"},"east":{"uv":[11,7.5,11.5,8],"texture":"#2"},"up":{"rotation":180,"uv":[6.5,4.75,7,5],"texture":"#2"}}},{"to":[8.875,27.89917,1.22215],"rotation":{"origin":[6.85538,8,8],"angle":22.5,"axis":"x"},"from":[7.875,26.29917,0.90389],"faces":{"down":{"uv":[4.25,8,4.75,8.25],"texture":"#2"},"east":{"uv":[11,7.5,11.5,8],"texture":"#2"},"up":{"uv":[5.5,4.25,6,4.5],"texture":"#2"}}},{"to":[8.875,27.21034,16.7591],"rotation":{"origin":[6.85538,8,8],"angle":-22.5,"axis":"x"},"from":[7.875,25.61034,16.44084],"faces":{"down":{"rotation":180,"uv":[4.25,8,4.75,8.25],"texture":"#2"},"east":{"uv":[11,7.5,11.5,8],"texture":"#2"},"up":{"uv":[7.5,4.25,8,4.5],"texture":"#2"}}},{"to":[8.875,29.1,9.05913],"rotation":{"origin":[6.85538,8,8],"angle":0,"axis":"y"},"from":[7.875,27.5,8.74087],"faces":{"down":{"rotation":180,"uv":[7.75,8,8.25,8.25],"texture":"#2"},"east":{"uv":[11,7.5,11.5,8],"texture":"#2"},"up":{"uv":[3.25,4,3.75,4.25],"texture":"#2"}}},{"to":[-1.1999,28.925,9.02432],"rotation":{"origin":[6.85538,8,8],"angle":0,"axis":"y"},"from":[-1.2999,27.675,8.77568],"faces":{"down":{"uv":[9.5,8,9.75,8.25],"texture":"#2"},"west":{"uv":[6.25,4.5,6.75,5.25],"texture":"#2"},"up":{"uv":[3.25,4,3.5,4.5],"texture":"#2"}}},{"to":[-1.2,27.72417,1.18734],"rotation":{"origin":[6.85538,8,8],"angle":22.5,"axis":"x"},"from":[-1.3,26.47417,0.9387],"faces":{"down":{"uv":[9,8,9.25,8.5],"texture":"#2"},"west":{"uv":[5.25,4.5,5.75,5.25],"texture":"#2"},"up":{"uv":[3.25,4,3.5,4.5],"texture":"#2"}}},{"to":[-1.2,27.03534,16.72429],"rotation":{"origin":[6.85538,8,8],"angle":-22.5,"axis":"x"},"from":[-1.3,25.78534,16.47565],"faces":{"down":{"rotation":180,"uv":[9,8,9.25,8.5],"texture":"#2"},"west":{"uv":[5.25,4.5,5.75,5.25],"texture":"#2"},"up":{"rotation":180,"uv":[7.25,4.25,7.5,4.75],"texture":"#2"}}},{"to":[-1.1999,21.84219,23.61566],"rotation":{"origin":[6.85538,8,8],"angle":-45,"axis":"x"},"from":[-1.2999,21.59355,22.36566],"faces":{"west":{"rotation":90,"uv":[6.25,4.5,6.75,5.25],"texture":"#2"},"north":{"uv":[6,5.5,6.25,6],"texture":"#2"},"south":{"uv":[3.75,4,4,4.5],"texture":"#2"}}},{"to":[-1.1999,23.11498,-5.09287],"rotation":{"origin":[6.85538,8,8],"angle":45,"axis":"x"},"from":[-1.2999,22.86634,-6.34287],"faces":{"west":{"rotation":270,"uv":[6.25,4.5,6.75,5.25],"texture":"#2"},"north":{"uv":[8.25,4.5,8.5,5],"texture":"#2"},"south":{"uv":[6,5.5,6.25,6],"texture":"#2"}}},{"to":[-1.2,26.53466,17.22497],"rotation":{"origin":[6.85538,8,8],"angle":-22.5,"axis":"x"},"from":[-1.3,26.28602,15.97497],"faces":{"west":{"rotation":90,"uv":[9,4.5,9.5,5.25],"texture":"#2"},"north":{"uv":[6.25,5,6.5,5.5],"texture":"#2"},"south":{"uv":[7.25,4.25,7.5,4.75],"texture":"#2"}}},{"to":[-1.2,27.22349,1.68802],"rotation":{"origin":[6.85538,8,8],"angle":22.5,"axis":"x"},"from":[-1.3,26.97485,0.43802],"faces":{"west":{"rotation":270,"uv":[9.25,4.5,9.75,5.25],"texture":"#2"},"north":{"uv":[7.25,4.25,7.5,4.75],"texture":"#2"},"south":{"uv":[6.25,5,6.5,5.5],"texture":"#2"}}},{"to":[-1.1999,28.42432,9.525],"rotation":{"origin":[6.85538,8,8],"angle":0,"axis":"y"},"from":[-1.2999,28.17568,8.275],"faces":{"west":{"uv":[6.25,4.5,6.75,5],"texture":"#2"},"north":{"uv":[6.25,4.5,6.5,5],"texture":"#2"},"south":{"uv":[6.25,4.5,6.5,5],"texture":"#2"}}},{"to":[6.275,27.85,7.33492],"rotation":{"origin":[6.85538,8,8],"angle":0,"axis":"y"},"from":[-1,25.75,6.46508],"faces":{"down":{"uv":[6.25,7.75,6.75,8.5],"texture":"#1"},"east":{"uv":[9.5,7.25,10.25,8.25],"texture":"#1"},"up":{"rotation":180,"uv":[1.25,3.75,1.75,4.5],"texture":"#1"}}},{"to":[-0.95,28.05,7.14865],"rotation":{"origin":[6.85538,8,8],"angle":0,"axis":"y"},"from":[-1.2001,25.55,6.65135],"faces":{"down":{"rotation":180,"uv":[6.25,8,6.75,8.25],"texture":"#1"},"west":{"uv":[8.25,4,8.75,6],"texture":"#1"},"east":{"uv":[12.5,7.5,13,8],"texture":"#1"},"up":{"rotation":180,"uv":[3.5,3.75,4,4.25],"texture":"#1"}}},{"to":[5.8,26.19798,0.03792],"rotation":{"origin":[6.85538,8,8],"angle":22.5,"axis":"x"},"from":[-0.7,23.69798,-0.45936],"faces":{"down":{"rotation":180,"uv":[3,9,7,9.5],"texture":"#1"},"west":{"uv":[12.5,7.5,13,8],"texture":"#1"},"east":{"uv":[9.5,7.25,10.25,8.25],"texture":"#1"},"up":{"uv":[2,3.75,6,4.25],"texture":"#1"}}},{"to":[5.8,27.03989,14.42682],"rotation":{"origin":[6.85538,8,8],"angle":-22.5,"axis":"x"},"from":[-0.7,24.53989,13.92954],"faces":{"down":{"rotation":180,"uv":[3.5,8,7.5,8.5],"texture":"#1"},"west":{"uv":[12.5,7.5,13,8],"texture":"#1"},"east":{"uv":[9.5,7.25,10.25,8.25],"texture":"#1"},"up":{"uv":[0,3.25,4,3.75],"texture":"#1"}}},{"to":[5.8,21.76579,-5.82278],"rotation":{"origin":[6.85538,8,8],"angle":45,"axis":"x"},"from":[-0.7,19.26579,-6.32006],"faces":{"down":{"rotation":180,"uv":[5.75,5.5,9.75,6],"texture":"#1"},"west":{"uv":[12.5,7.5,13,8],"texture":"#1"},"east":{"uv":[9.5,7.25,10.25,8.25],"texture":"#1"},"up":{"uv":[5.25,4.25,9.25,4.75],"texture":"#1"}}},{"to":[5.8,23.32142,20.76443],"rotation":{"origin":[6.85538,8,8],"angle":-45,"axis":"x"},"from":[-0.7,20.82142,20.26715],"faces":{"down":{"uv":[4.5,5.5,8.5,6],"texture":"#1"},"west":{"uv":[12.5,7.5,13,8],"texture":"#1"},"east":{"uv":[9.5,7.25,10.25,8.25],"texture":"#1"},"up":{"rotation":180,"uv":[1.25,4.25,5.25,4.75],"texture":"#1"}}},{"to":[5.8,26.03853,15.42818],"rotation":{"origin":[6.85538,8,8],"angle":-22.5,"axis":"x"},"from":[-0.7,25.54125,12.92818],"faces":{"west":{"rotation":90,"uv":[12.5,7.5,13,8],"texture":"#1"},"east":{"uv":[9.5,7.25,10.25,7.75],"texture":"#1"},"north":{"uv":[6.25,5,10.25,5.5],"texture":"#1"},"south":{"uv":[5.25,4.75,9.25,5.25],"texture":"#1"}}},{"to":[5.8,25.19662,1.03928],"rotation":{"origin":[6.85538,8,8],"angle":22.5,"axis":"x"},"from":[-0.7,24.69934,-1.46072],"faces":{"west":{"rotation":270,"uv":[12.5,7.5,13,8],"texture":"#1"},"east":{"uv":[9.5,7.25,10.25,7.75],"texture":"#1"},"north":{"uv":[5.25,4.75,9.25,5.25],"texture":"#1"},"south":{"uv":[6.25,5,10.25,5.5],"texture":"#1"}}},{"to":[5.8,27.04864,8.15],"rotation":{"origin":[6.85538,8,8],"angle":0,"axis":"y"},"from":[-0.7,26.55136,5.65],"faces":{"west":{"uv":[12.5,7.5,13,8],"texture":"#1"},"north":{"uv":[3,12.25,7,12.75],"texture":"#1"},"south":{"uv":[0,12,4,12.5],"texture":"#1"}}},{"to":[-0.54246,26.11991,7.14864],"rotation":{"origin":[6.85538,8,8],"angle":-22.5,"axis":"z"},"from":[-1.79246,25.11991,6.65136],"faces":{"north":{"rotation":180,"uv":[10.5,2.75,11,3.25],"texture":"#1"},"up":{"uv":[2,3.25,2.75,3.75],"texture":"#1"},"south":{"rotation":180,"uv":[10.5,2.75,11,3.25],"texture":"#1"}}},{"to":[13.84644,25.61796,7.14864],"rotation":{"origin":[6.85538,8,8],"angle":22.5,"axis":"z"},"from":[12.59644,24.61796,6.65136],"faces":{"down":{"rotation":180,"uv":[5.5,7.75,6.25,8.25],"texture":"#1"},"north":{"rotation":180,"uv":[7.5,8,7.75,8.25],"texture":"#1"},"south":{"rotation":180,"uv":[7.5,8,7.75,8.25],"texture":"#1"}}},{"to":[7.07294,27.04864,7.7347],"rotation":{"origin":[6.85538,8,8],"angle":22.5,"axis":"y"},"from":[5.82294,26.55136,6.7347],"faces":{"down":{"rotation":180,"uv":[4.5,12,5,12.5],"texture":"#1"},"up":{"rotation":180,"uv":[4.5,12,5,12.5],"texture":"#1"},"south":{"uv":[0,12,0.75,12.5],"texture":"#1"}}},{"to":[6.23103,27.04864,7.23276],"rotation":{"origin":[6.85538,8,8],"angle":-22.5,"axis":"y"},"from":[4.98103,26.55136,6.23276],"faces":{"down":{"rotation":180,"uv":[4.5,12,5,12.5],"texture":"#1"},"north":{"uv":[0,12,0.75,12.5],"texture":"#1"},"up":{"rotation":180,"uv":[4.5,12,5,12.5],"texture":"#1"}}},{"to":[5.8,28.05,7.14866],"rotation":{"origin":[6.85538,8,8],"angle":0,"axis":"y"},"from":[-0.7,25.55,6.65136],"faces":{"down":{"rotation":180,"uv":[5.5,7.75,9.5,8.25],"texture":"#1"},"west":{"uv":[12.5,7.5,13,8],"texture":"#1"},"up":{"uv":[2,3.25,6,3.75],"texture":"#1"}}},{"to":[6.275,23.12142,20.95071],"rotation":{"origin":[6.85538,8,8],"angle":-45,"axis":"x"},"from":[-1,21.02142,20.08087],"faces":{"down":{"rotation":180,"uv":[2,5.75,2.5,6.5],"texture":"#1"},"east":{"uv":[9.5,7.25,10.25,8.25],"texture":"#1"},"up":{"rotation":180,"uv":[1.25,4.25,1.75,5],"texture":"#1"}}},{"to":[6.275,21.56579,-5.6365],"rotation":{"origin":[6.85538,8,8],"angle":45,"axis":"x"},"from":[-1,19.46579,-6.50634],"faces":{"down":{"uv":[2,5.75,2.5,6.5],"texture":"#1"},"east":{"uv":[9.5,7.25,10.25,8.25],"texture":"#1"},"up":{"uv":[1.25,4.25,1.75,5],"texture":"#1"}}},{"to":[6.275,27.23492,7.95],"rotation":{"origin":[6.85538,8,8],"angle":0,"axis":"y"},"from":[-1,26.36508,5.85],"faces":{"east":{"uv":[9.5,7.25,10.25,8.25],"texture":"#1"},"north":{"uv":[3,4.75,3.5,5.5],"texture":"#1"},"south":{"uv":[3,4.75,3.5,5.5],"texture":"#1"}}},{"to":[7.975,27.675,7.07405],"rotation":{"origin":[6.85538,8,8],"angle":0,"axis":"y"},"from":[5.975,25.925,6.72595],"faces":{"down":{"rotation":180,"uv":[7.25,8,8.25,8.25],"texture":"#1"},"east":{"uv":[5.25,10.5,5.75,11],"texture":"#1"},"up":{"rotation":180,"uv":[3.5,4,4.5,4.25],"texture":"#1"}}},{"to":[7.975,25.82298,-0.03667],"rotation":{"origin":[6.85538,8,8],"angle":22.5,"axis":"x"},"from":[5.975,24.07298,-0.38477],"faces":{"down":{"rotation":180,"uv":[5.25,7.75,6.25,8],"texture":"#1"},"east":{"uv":[5.25,10.5,5.75,11],"texture":"#1"},"up":{"rotation":180,"uv":[5.25,4.25,6.25,4.5],"texture":"#1"}}},{"to":[7.975,26.66489,14.35223],"rotation":{"origin":[6.85538,8,8],"angle":-22.5,"axis":"x"},"from":[5.975,24.91489,14.00413],"faces":{"down":{"rotation":180,"uv":[2.5,8.25,3.5,8.5],"texture":"#1"},"east":{"uv":[5.25,10.5,5.75,11],"texture":"#1"},"up":{"rotation":180,"uv":[4.75,4.25,5.75,4.5],"texture":"#1"}}},{"to":[7.975,21.39079,-5.89737],"rotation":{"origin":[6.85538,8,8],"angle":45,"axis":"x"},"from":[5.975,19.64079,-6.24547],"faces":{"down":{"rotation":180,"uv":[4.75,5.5,5.75,5.75],"texture":"#1"},"east":{"uv":[5.25,10.5,5.75,11],"texture":"#1"},"up":{"rotation":180,"uv":[6.75,4.5,7.75,4.75],"texture":"#1"}}},{"to":[7.975,22.94642,20.68984],"rotation":{"origin":[6.85538,8,8],"angle":-45,"axis":"x"},"from":[5.975,21.19642,20.34174],"faces":{"down":{"rotation":180,"uv":[4.25,5.75,5.25,6],"texture":"#1"},"east":{"uv":[5.25,10.5,5.75,11],"texture":"#1"},"up":{"rotation":180,"uv":[1.25,4.25,2.25,4.5],"texture":"#1"}}},{"to":[7.975,25.96394,15.05318],"rotation":{"origin":[6.85538,8,8],"angle":-22.5,"axis":"x"},"from":[5.975,25.61584,13.30318],"faces":{"east":{"uv":[5.25,10.5,5.75,11],"texture":"#1"},"north":{"rotation":180,"uv":[3,5.25,4,5.5],"texture":"#1"},"south":{"rotation":180,"uv":[6.75,4.75,7.75,5],"texture":"#1"}}},{"to":[7.975,25.12203,0.66428],"rotation":{"origin":[6.85538,8,8],"angle":22.5,"axis":"x"},"from":[5.975,24.77393,-1.08572],"faces":{"east":{"uv":[5.25,10.5,5.75,11],"texture":"#1"},"north":{"rotation":180,"uv":[1.5,4.75,2.5,5],"texture":"#1"},"south":{"rotation":180,"uv":[8,5.25,9,5.5],"texture":"#1"}}},{"to":[7.975,26.97405,7.775],"rotation":{"origin":[6.85538,8,8],"angle":0,"axis":"y"},"from":[5.975,26.62595,6.025],"faces":{"east":{"uv":[5.25,10.5,5.75,11],"texture":"#1"},"north":{"rotation":180,"uv":[2,5,3,5.25],"texture":"#1"},"south":{"rotation":180,"uv":[5,5,6,5.25],"texture":"#1"}}},{"to":[-0.9499,26.19798,0.03793],"rotation":{"origin":[6.85538,8,8],"angle":22.5,"axis":"x"},"from":[-1.2,23.69798,-0.45937],"faces":{"down":{"rotation":180,"uv":[6.25,8,6.75,8.25],"texture":"#1"},"west":{"uv":[7.25,4,7.75,6],"texture":"#1"},"east":{"uv":[12.5,7.5,13,8],"texture":"#1"},"up":{"uv":[3.5,4.25,4,4.75],"texture":"#1"}}},{"to":[-0.9499,27.03989,14.42683],"rotation":{"origin":[6.85538,8,8],"angle":-22.5,"axis":"x"},"from":[-1.2,24.53989,13.92953],"faces":{"down":{"rotation":180,"uv":[6.25,8,6.75,8.25],"texture":"#1"},"west":{"uv":[7.25,4,7.75,6],"texture":"#1"},"east":{"uv":[12.5,7.5,13,8],"texture":"#1"},"up":{"rotation":180,"uv":[3.5,4.25,4,4.75],"texture":"#1"}}},{"to":[-0.95,21.76579,-5.82277],"rotation":{"origin":[6.85538,8,8],"angle":45,"axis":"x"},"from":[-1.2001,19.26579,-6.32007],"faces":{"down":{"rotation":180,"uv":[6.25,8,6.75,8.25],"texture":"#1"},"west":{"uv":[10.75,4.5,11.25,6.5],"texture":"#1"},"east":{"uv":[12.5,7.5,13,8],"texture":"#1"},"up":{"uv":[3.75,4.75,4.25,5.25],"texture":"#1"}}},{"to":[-0.95,23.32142,20.76444],"rotation":{"origin":[6.85538,8,8],"angle":-45,"axis":"x"},"from":[-1.2001,20.82142,20.26714],"faces":{"down":{"rotation":180,"uv":[6.25,8,6.75,8.25],"texture":"#1"},"west":{"uv":[6.75,4.5,7.25,6.5],"texture":"#1"},"east":{"uv":[12.5,7.5,13,8],"texture":"#1"},"up":{"rotation":180,"uv":[7.75,4.75,8.25,5.25],"texture":"#1"}}},{"to":[-0.9499,26.03854,15.42818],"rotation":{"origin":[6.85538,8,8],"angle":-22.5,"axis":"x"},"from":[-1.2,25.54124,12.92818],"faces":{"west":{"rotation":90,"uv":[0.5,4.75,1,6.75],"texture":"#1"},"east":{"rotation":270,"uv":[12.5,7.5,13,8],"texture":"#1"},"north":{"rotation":180,"uv":[6.75,8,7.25,8.5],"texture":"#1"},"south":{"uv":[5.25,5.5,5.75,6],"texture":"#1"}}},{"to":[-0.9499,25.19663,1.03928],"rotation":{"origin":[6.85538,8,8],"angle":22.5,"axis":"x"},"from":[-1.2,24.69933,-1.46072],"faces":{"west":{"rotation":270,"uv":[0.75,4.75,1.25,6.75],"texture":"#1"},"east":{"rotation":90,"uv":[12.5,7.5,13,8],"texture":"#1"},"north":{"uv":[6.75,5.5,7.25,6],"texture":"#1"},"south":{"rotation":180,"uv":[6,8,6.5,8.5],"texture":"#1"}}},{"to":[-0.95,27.04865,8.15],"rotation":{"origin":[6.85538,8,8],"angle":0,"axis":"y"},"from":[-1.2001,26.55135,5.65],"faces":{"west":{"rotation":90,"uv":[7.25,9.5,7.75,11.5],"texture":"#1"},"east":{"uv":[12.5,7.5,13,8],"texture":"#1"},"north":{"rotation":180,"uv":[4.25,8.25,4.75,8.75],"texture":"#1"},"south":{"rotation":180,"uv":[6.25,8.25,6.75,8.75],"texture":"#1"}}},{"to":[10.41413,27,5.57077],"rotation":{"origin":[6.85538,8,8],"angle":-22.5,"axis":"y"},"from":[9.36413,26.6,5.12077],"faces":{"down":{"rotation":180,"uv":[9,10.25,9.5,10.75],"texture":"#2"},"east":{"uv":[7.5,2,8,2.5],"texture":"#2"},"north":{"rotation":180,"uv":[4.75,11.25,5.25,11.75],"texture":"#2"},"up":{"rotation":180,"uv":[6.5,4.75,7,5.25],"texture":"#2"}}},{"to":[11.25604,27,8.84669],"rotation":{"origin":[6.85538,8,8],"angle":22.5,"axis":"y"},"from":[10.20604,26.6,8.39669],"faces":{"down":{"rotation":180,"uv":[9,10.25,9.5,10.75],"texture":"#2"},"east":{"uv":[7.5,2,8,2.5],"texture":"#2"},"up":{"uv":[6.5,4.75,7,5.25],"texture":"#2"},"south":{"rotation":180,"uv":[4.75,11.25,5.25,11.75],"texture":"#2"}}},{"to":[18.02954,23.90597,7.1],"rotation":{"origin":[6.85538,8,8],"angle":22.5,"axis":"z"},"from":[16.97954,23.50597,6.7],"faces":{"down":{"rotation":180,"uv":[15,8,15.5,8.5],"texture":"#2"},"east":{"uv":[7.5,2,8,2.5],"texture":"#2"},"north":{"rotation":180,"uv":[5,8,5.5,8.5],"texture":"#2"},"south":{"rotation":180,"uv":[5,8,5.5,8.5],"texture":"#2"}}},{"to":[3.64063,27.2319,7.1],"rotation":{"origin":[6.85538,8,8],"angle":-22.5,"axis":"z"},"from":[2.59063,26.8319,6.7],"faces":{"east":{"uv":[7.5,2,8,2.5],"texture":"#2"},"north":{"uv":[6,4.5,6.5,5],"texture":"#2"},"up":{"uv":[4,4,4.5,4.5],"texture":"#2"},"south":{"uv":[5.75,4.5,6.25,5],"texture":"#2"}}},{"to":[10.275,26.92929,7.55],"rotation":{"origin":[6.85538,8,8],"angle":0,"axis":"y"},"from":[10.025,26.67071,6.25],"faces":{"east":{"uv":[11,7.5,11.5,8],"texture":"#2"},"north":{"rotation":180,"uv":[6.25,11,6.75,11.25],"texture":"#2"},"south":{"rotation":180,"uv":[5.75,10.5,6.25,10.75],"texture":"#2"}}},{"to":[10.275,25.07727,0.43928],"rotation":{"origin":[6.85538,8,8],"angle":22.5,"axis":"x"},"from":[10.025,24.81869,-0.86072],"faces":{"east":{"rotation":90,"uv":[11,7.5,11.5,8],"texture":"#2"},"north":{"rotation":180,"uv":[7,11.5,7.5,11.75],"texture":"#2"},"south":{"rotation":180,"uv":[1.25,10,1.75,10.25],"texture":"#2"}}},{"to":[10.275,25.91918,14.82818],"rotation":{"origin":[6.85538,8,8],"angle":-22.5,"axis":"x"},"from":[10.025,25.6606,13.52818],"faces":{"east":{"rotation":270,"uv":[11,7.5,11.5,8],"texture":"#2"},"north":{"rotation":180,"uv":[2.5,10,3,10.5],"texture":"#2"},"south":{"rotation":180,"uv":[7.5,11.5,8,11.75],"texture":"#2"}}},{"to":[10.275,22.72142,20.64508],"rotation":{"origin":[6.85538,8,8],"angle":-45,"axis":"x"},"from":[10.025,21.42142,20.3865],"faces":{"down":{"rotation":180,"uv":[2.75,9.25,3.25,9.5],"texture":"#2"},"east":{"uv":[11.75,7.5,12.25,8],"texture":"#2"},"up":{"rotation":180,"uv":[8,4.75,8.5,5],"texture":"#2"}}},{"to":[10.275,21.16579,-5.94213],"rotation":{"origin":[6.85538,8,8],"angle":45,"axis":"x"},"from":[10.025,19.86579,-6.20071],"faces":{"down":{"rotation":180,"uv":[2.75,9.25,3.25,9.75],"texture":"#2"},"east":{"uv":[12.25,7.5,12.75,8],"texture":"#2"},"up":{"uv":[6.5,4.75,7,5],"texture":"#2"}}},{"to":[10.275,26.43989,14.30747],"rotation":{"origin":[6.85538,8,8],"angle":-22.5,"axis":"x"},"from":[10.025,25.13989,14.04889],"faces":{"down":{"rotation":180,"uv":[4.25,8,4.75,8.25],"texture":"#2"},"east":{"uv":[12.5,7.5,13,8],"texture":"#2"},"up":{"uv":[11,3,11.5,3.25],"texture":"#2"}}},{"to":[10.275,25.59798,-0.08143],"rotation":{"origin":[6.85538,8,8],"angle":22.5,"axis":"x"},"from":[10.025,24.29798,-0.34001],"faces":{"down":{"uv":[4.25,8,4.75,8.25],"texture":"#2"},"east":{"uv":[13.25,7.5,13.75,8],"texture":"#2"},"up":{"uv":[11.25,3.25,11.75,3.5],"texture":"#2"}}},{"to":[10.275,27.45,7.02929],"rotation":{"origin":[6.85538,8,8],"angle":0,"axis":"y"},"from":[10.025,26.15,6.77071],"faces":{"down":{"rotation":180,"uv":[7.75,8,8.25,8.25],"texture":"#2"},"east":{"uv":[14,7.5,14.5,8],"texture":"#2"},"up":{"uv":[3.25,4,3.75,4.25],"texture":"#2"}}},{"to":[10.025,26.93924,7.6],"rotation":{"origin":[6.85538,8,8],"angle":0,"axis":"y"},"from":[9.575,26.66076,6.2],"faces":{"east":{"uv":[11,7.5,11.5,8],"texture":"#2"},"north":{"rotation":180,"uv":[4.75,11,5.25,11.25],"texture":"#2"},"south":{"rotation":180,"uv":[6.5,11,7,11.25],"texture":"#2"}}},{"to":[10.025,25.92913,14.87818],"rotation":{"origin":[6.85538,8,8],"angle":-22.5,"axis":"x"},"from":[9.575,25.65065,13.47818],"faces":{"east":{"rotation":270,"uv":[11,7.5,11.5,8],"texture":"#2"},"north":{"rotation":180,"uv":[2.5,10,3,10.5],"texture":"#2"},"south":{"rotation":180,"uv":[6.25,11.5,6.75,11.75],"texture":"#2"}}},{"to":[10.025,21.21579,-5.93218],"rotation":{"origin":[6.85538,8,8],"angle":45,"axis":"x"},"from":[9.575,19.81579,-6.21066],"faces":{"down":{"rotation":180,"uv":[2.75,9.25,3.25,9.75],"texture":"#2"},"east":{"uv":[11,7.5,11.5,8],"texture":"#2"},"up":{"uv":[9,4.75,9.5,5],"texture":"#2"}}},{"to":[10.025,25.08722,0.48928],"rotation":{"origin":[6.85538,8,8],"angle":22.5,"axis":"x"},"from":[9.575,24.80874,-0.91072],"faces":{"east":{"rotation":90,"uv":[11,7.5,11.5,8],"texture":"#2"},"north":{"rotation":180,"uv":[6.75,11.5,7.25,11.75],"texture":"#2"},"south":{"rotation":180,"uv":[1,10,1.5,10.25],"texture":"#2"}}},{"to":[10.025,22.77142,20.65503],"rotation":{"origin":[6.85538,8,8],"angle":-45,"axis":"x"},"from":[9.575,21.37142,20.37655],"faces":{"down":{"rotation":180,"uv":[2.75,9.25,3.25,9.5],"texture":"#2"},"east":{"uv":[11,7.5,11.5,8],"texture":"#2"},"up":{"rotation":180,"uv":[7.5,4.75,8,5],"texture":"#2"}}},{"to":[10.025,25.64798,-0.07148],"rotation":{"origin":[6.85538,8,8],"angle":22.5,"axis":"x"},"from":[9.575,24.24798,-0.34996],"faces":{"down":{"uv":[4.25,8,4.75,8.25],"texture":"#2"},"east":{"uv":[11,7.5,11.5,8],"texture":"#2"},"up":{"uv":[10.5,2.75,11,3],"texture":"#2"}}},{"to":[10.025,26.48989,14.31742],"rotation":{"origin":[6.85538,8,8],"angle":-22.5,"axis":"x"},"from":[9.575,25.08989,14.03894],"faces":{"down":{"rotation":180,"uv":[4.25,8,4.75,8.25],"texture":"#2"},"east":{"uv":[11,7.5,11.5,8],"texture":"#2"},"up":{"uv":[8.75,4.25,9.25,4.5],"texture":"#2"}}},{"to":[10.025,27.5,7.03924],"rotation":{"origin":[6.85538,8,8],"angle":0,"axis":"y"},"from":[9.575,26.1,6.76076],"faces":{"down":{"rotation":180,"uv":[7.75,8,8.25,8.25],"texture":"#2"},"east":{"uv":[11,7.5,11.5,8],"texture":"#2"},"up":{"uv":[3.25,4,3.75,4.25],"texture":"#2"}}},{"to":[9.575,26.94918,7.65],"rotation":{"origin":[6.85538,8,8],"angle":0,"axis":"y"},"from":[8.875,26.65082,6.15],"faces":{"east":{"uv":[11,7.5,11.5,8],"texture":"#2"},"north":{"rotation":180,"uv":[6.5,11,7,11.25],"texture":"#2"},"south":{"rotation":180,"uv":[4.75,11,5.25,11.25],"texture":"#2"}}},{"to":[9.575,25.09716,0.53928],"rotation":{"origin":[6.85538,8,8],"angle":22.5,"axis":"x"},"from":[8.875,24.7988,-0.96072],"faces":{"east":{"rotation":90,"uv":[11,7.5,11.5,8],"texture":"#2"},"north":{"rotation":180,"uv":[4.75,11.5,5.25,11.75],"texture":"#2"},"south":{"rotation":180,"uv":[1.25,9.75,1.75,10],"texture":"#2"}}},{"to":[9.575,25.93907,14.92818],"rotation":{"origin":[6.85538,8,8],"angle":-22.5,"axis":"x"},"from":[8.875,25.64071,13.42818],"faces":{"east":{"rotation":270,"uv":[11,7.5,11.5,8],"texture":"#2"},"north":{"rotation":180,"uv":[2.5,10,3,10.5],"texture":"#2"},"south":{"rotation":180,"uv":[6.25,11.5,6.75,11.75],"texture":"#2"}}},{"to":[9.575,22.82142,20.66497],"rotation":{"origin":[6.85538,8,8],"angle":-45,"axis":"x"},"from":[8.875,21.32142,20.36661],"faces":{"down":{"rotation":180,"uv":[2.75,9.25,3.25,9.5],"texture":"#2"},"east":{"uv":[11,7.5,11.5,8],"texture":"#2"},"up":{"rotation":180,"uv":[5.75,4.75,6.25,5],"texture":"#2"}}},{"to":[9.575,21.26579,-5.92224],"rotation":{"origin":[6.85538,8,8],"angle":45,"axis":"x"},"from":[8.875,19.76579,-6.2206],"faces":{"down":{"rotation":180,"uv":[2.75,9.25,3.25,9.75],"texture":"#2"},"east":{"uv":[11,7.5,11.5,8],"texture":"#2"},"up":{"uv":[9.25,4.75,9.75,5],"texture":"#2"}}},{"to":[9.575,26.53989,14.32736],"rotation":{"origin":[6.85538,8,8],"angle":-22.5,"axis":"x"},"from":[8.875,25.03989,14.029],"faces":{"down":{"rotation":180,"uv":[4.25,8,4.75,8.25],"texture":"#2"},"east":{"uv":[11,7.5,11.5,8],"texture":"#2"},"up":{"uv":[8.5,4.25,9,4.5],"texture":"#2"}}},{"to":[9.575,25.69798,-0.06154],"rotation":{"origin":[6.85538,8,8],"angle":22.5,"axis":"x"},"from":[8.875,24.19798,-0.3599],"faces":{"down":{"uv":[4.25,8,4.75,8.25],"texture":"#2"},"east":{"uv":[11,7.5,11.5,8],"texture":"#2"},"up":{"uv":[12.75,2.25,13.25,2.5],"texture":"#2"}}},{"to":[9.575,27.55,7.04918],"rotation":{"origin":[6.85538,8,8],"angle":0,"axis":"y"},"from":[8.875,26.05,6.75082],"faces":{"down":{"rotation":180,"uv":[7.75,8,8.25,8.25],"texture":"#2"},"east":{"uv":[11,7.5,11.5,8],"texture":"#2"},"up":{"uv":[3.25,4,3.75,4.25],"texture":"#2"}}},{"to":[8.875,26.95913,7.7],"rotation":{"origin":[6.85538,8,8],"angle":0,"axis":"y"},"from":[7.875,26.64087,6.1],"faces":{"east":{"uv":[11,7.5,11.5,8],"texture":"#2"},"north":{"rotation":180,"uv":[5.5,11,6,11.25],"texture":"#2"},"south":{"rotation":180,"uv":[5.5,11,6,11.25],"texture":"#2"}}},{"to":[8.875,25.94902,14.97818],"rotation":{"origin":[6.85538,8,8],"angle":-22.5,"axis":"x"},"from":[7.875,25.63076,13.37818],"faces":{"east":{"rotation":270,"uv":[11,7.5,11.5,8],"texture":"#2"},"north":{"rotation":180,"uv":[2.5,10,3,10.5],"texture":"#2"},"south":{"rotation":180,"uv":[5.5,11.5,6,11.75],"texture":"#2"}}},{"to":[8.875,25.10711,0.58928],"rotation":{"origin":[6.85538,8,8],"angle":22.5,"axis":"x"},"from":[7.875,24.78885,-1.01072],"faces":{"east":{"rotation":90,"uv":[11,7.5,11.5,8],"texture":"#2"},"north":{"rotation":180,"uv":[5.5,11.5,6,11.75],"texture":"#2"},"south":{"rotation":180,"uv":[1.25,9.75,1.75,10],"texture":"#2"}}},{"to":[8.875,21.31579,-5.91229],"rotation":{"origin":[6.85538,8,8],"angle":45,"axis":"x"},"from":[7.875,19.71579,-6.23055],"faces":{"down":{"rotation":180,"uv":[2.75,9.25,3.25,9.75],"texture":"#2"},"east":{"uv":[11,7.5,11.5,8],"texture":"#2"},"up":{"uv":[8.5,4.75,9,5],"texture":"#2"}}},{"to":[8.875,22.87142,20.67492],"rotation":{"origin":[6.85538,8,8],"angle":-45,"axis":"x"},"from":[7.875,21.27142,20.35666],"faces":{"down":{"rotation":180,"uv":[2.75,9.25,3.25,9.5],"texture":"#2"},"east":{"uv":[11,7.5,11.5,8],"texture":"#2"},"up":{"rotation":180,"uv":[6.5,4.75,7,5],"texture":"#2"}}},{"to":[8.875,25.74798,-0.05159],"rotation":{"origin":[6.85538,8,8],"angle":22.5,"axis":"x"},"from":[7.875,24.14798,-0.36985],"faces":{"down":{"uv":[4.25,8,4.75,8.25],"texture":"#2"},"east":{"uv":[11,7.5,11.5,8],"texture":"#2"},"up":{"uv":[5.5,4.25,6,4.5],"texture":"#2"}}},{"to":[8.875,26.58989,14.33731],"rotation":{"origin":[6.85538,8,8],"angle":-22.5,"axis":"x"},"from":[7.875,24.98989,14.01905],"faces":{"down":{"rotation":180,"uv":[4.25,8,4.75,8.25],"texture":"#2"},"east":{"uv":[11,7.5,11.5,8],"texture":"#2"},"up":{"uv":[7.5,4.25,8,4.5],"texture":"#2"}}},{"to":[8.875,27.6,7.05913],"rotation":{"origin":[6.85538,8,8],"angle":0,"axis":"y"},"from":[7.875,26,6.74087],"faces":{"down":{"rotation":180,"uv":[7.75,8,8.25,8.25],"texture":"#2"},"east":{"uv":[11,7.5,11.5,8],"texture":"#2"},"up":{"uv":[3.25,4,3.75,4.25],"texture":"#2"}}},{"to":[-1.1999,27.425,7.02432],"rotation":{"origin":[6.85538,8,8],"angle":0,"axis":"y"},"from":[-1.2999,26.175,6.77568],"faces":{"down":{"uv":[9.5,8,9.75,8.25],"texture":"#2"},"west":{"uv":[6.25,4.5,6.75,5.25],"texture":"#2"},"up":{"uv":[3.25,4,3.5,4.5],"texture":"#2"}}},{"to":[-1.2,25.57298,-0.0864],"rotation":{"origin":[6.85538,8,8],"angle":22.5,"axis":"x"},"from":[-1.3,24.32298,-0.33504],"faces":{"down":{"uv":[9,8,9.25,8.5],"texture":"#2"},"west":{"uv":[5.25,4.5,5.75,5.25],"texture":"#2"},"up":{"uv":[3.25,4,3.5,4.5],"texture":"#2"}}},{"to":[-1.2,26.41489,14.3025],"rotation":{"origin":[6.85538,8,8],"angle":-22.5,"axis":"x"},"from":[-1.3,25.16489,14.05386],"faces":{"down":{"rotation":180,"uv":[9,8,9.25,8.5],"texture":"#2"},"west":{"uv":[5.25,4.5,5.75,5.25],"texture":"#2"},"up":{"rotation":180,"uv":[7.25,4.25,7.5,4.75],"texture":"#2"}}},{"to":[-1.1999,22.19574,21.14079],"rotation":{"origin":[6.85538,8,8],"angle":-45,"axis":"x"},"from":[-1.2999,21.9471,19.89079],"faces":{"west":{"rotation":90,"uv":[6.25,4.5,6.75,5.25],"texture":"#2"},"north":{"uv":[6,5.5,6.25,6],"texture":"#2"},"south":{"uv":[3.75,4,4,4.5],"texture":"#2"}}},{"to":[-1.1999,20.64011,-5.44642],"rotation":{"origin":[6.85538,8,8],"angle":45,"axis":"x"},"from":[-1.2999,20.39147,-6.69642],"faces":{"west":{"rotation":270,"uv":[6.25,4.5,6.75,5.25],"texture":"#2"},"north":{"uv":[8.25,4.5,8.5,5],"texture":"#2"},"south":{"uv":[6,5.5,6.25,6],"texture":"#2"}}},{"to":[-1.2,25.91421,14.80318],"rotation":{"origin":[6.85538,8,8],"angle":-22.5,"axis":"x"},"from":[-1.3,25.66557,13.55318],"faces":{"west":{"rotation":90,"uv":[9,4.5,9.5,5.25],"texture":"#2"},"north":{"uv":[6.25,5,6.5,5.5],"texture":"#2"},"south":{"uv":[7.25,4.25,7.5,4.75],"texture":"#2"}}},{"to":[-1.2,25.0723,0.41428],"rotation":{"origin":[6.85538,8,8],"angle":22.5,"axis":"x"},"from":[-1.3,24.82366,-0.83572],"faces":{"west":{"rotation":270,"uv":[9.25,4.5,9.75,5.25],"texture":"#2"},"north":{"uv":[7.25,4.25,7.5,4.75],"texture":"#2"},"south":{"uv":[6.25,5,6.5,5.5],"texture":"#2"}}},{"to":[-1.1999,26.92432,7.525],"rotation":{"origin":[6.85538,8,8],"angle":0,"axis":"y"},"from":[-1.2999,26.67568,6.275],"faces":{"west":{"uv":[6.25,4.5,6.75,5],"texture":"#2"},"north":{"uv":[6.25,4.5,6.5,5],"texture":"#2"},"south":{"uv":[6.25,4.5,6.5,5],"texture":"#2"}}},{"to":[4.93916,25.599,10.251],"from":[-1.16084,16,7.849],"faces":{"up":{"uv":[3.5,15,6.01,16],"texture":"#1"}}},{"to":[4.93916,25.474,8.151],"from":[-1.16084,15.875,5.749],"faces":{"up":{"uv":[3.5,15,6.01,16],"texture":"#1"}}},{"to":[7.83916,25.599,9.951],"from":[4.73916,16,8.149],"faces":{"up":{"uv":[3.5,15,6.01,16],"texture":"#1"}}},{"to":[7.83916,25.474,7.851],"from":[4.73916,15.875,6.049],"faces":{"up":{"uv":[3.5,15,6.01,16],"texture":"#1"}}},{"to":[9.63916,25.599,9.751],"from":[7.83916,16,8.349],"faces":{"up":{"rotation":180,"uv":[10.5,3.75,11.51,5.01],"texture":"#2"}}},{"to":[9.63916,25.474,7.651],"from":[7.83916,15.875,6.249],"faces":{"up":{"rotation":180,"uv":[10.5,3.75,11.51,5.01],"texture":"#2"}}},{"to":[10.36845,25.473,8.08029],"rotation":{"origin":[10.53916,20.7995,7.05],"angle":-45,"axis":"y"},"from":[9.26845,15.875,7.07829],"faces":{"up":{"rotation":180,"uv":[10.5,3.75,11.51,5.01],"texture":"#2"}}},{"to":[10.93916,25.472,7.251],"from":[9.13916,15.875,6.449],"faces":{"up":{"rotation":180,"uv":[10.5,3.75,11.51,5.01],"texture":"#2"}}},{"to":[11.85337,25.598,9.56521],"rotation":{"origin":[10.53916,20.7995,7.05],"angle":-45,"axis":"y"},"from":[10.75337,16,8.56321],"faces":{"up":{"rotation":180,"uv":[10.5,3.75,11.51,5.01],"texture":"#2"}}},{"to":[10.93916,25.597,9.351],"from":[9.13916,16,8.549],"faces":{"up":{"rotation":180,"uv":[10.5,3.75,11.51,5.01],"texture":"#2"}}},{"to":[11.63916,25.399,10.451],"from":[-1.56084,15.8,5.549],"faces":{"up":{"rotation":90,"uv":[6.25,8.5,9.25,9],"texture":"#3"}}}],"display":{"thirdperson_righthand":{"rotation":[0,100,0],"scale":[0.125,0.125,0.125],"translation":[-1,-2,-0.5]},"head":{"scale":[0.25,0.25,0.25]},"thirdperson_lefthand":{"rotation":[0,-77,0],"scale":[0.125,0.125,0.125],"translation":[-1,-2,-0.5]},"gui":{"rotation":[0,180,10],"scale":[0.5,0.5,0.5],"translation":[1,-1.5,0]},"firstperson_lefthand":{"rotation":[-77,-99,-74],"scale":[0.25,0.25,0.25],"translation":[2,-2,0.5]},"firstperson_righthand":{"rotation":[34,96,-37],"scale":[0.25,0.25,0.25],"translation":[1,-1.5,0.5]},"fixed":{"translation":[0,0,-2],"scale":[-0.25,0.25,-0.25]},"ground":{"translation":[0,2,0],"scale":[0.125,0.125,0.125]}},"credit":"thebradqq's guns"}