{"textures":{"1":"mgs:gun/metal_bright","0":"mgs:gun/famasmag","3":"mgs:gun/metal_dark","2":"mgs:gun/metal","5":"mgs:gun/copper","4":"mgs:gun/brass"},"gui_light":"front","elements":[{"to":[14.21947,0.39153,11.0467],"rotation":{"origin":[6.445,-2.82875,8.39051],"angle":22.5,"axis":"z"},"from":[-1.32947,-6.04902,4.9533],"faces":{"down":{"rotation":180,"uv":[0.75,8.25,4.25,9.5],"texture":"#2"},"north":{"uv":[15,11,1,16],"texture":"#0"},"south":{"uv":[1,11,15,16],"texture":"#0"}}},{"to":[0.4947,-2.82875,11.0434],"rotation":{"origin":[5.80447,-5.55877,8.39381],"angle":0,"axis":"y"},"from":[-2.3,-8.77911,4.9566],"faces":{"down":{"rotation":180,"uv":[0.75,8.25,1.25,9.5],"texture":"#2"},"west":{"rotation":270,"uv":[14.75,11.75,16,13],"texture":"#2"},"north":{"uv":[3,11,5,16],"texture":"#0"},"south":{"uv":[3,11,5,16],"texture":"#0"}}},{"to":[14.86,13.67125,11.05],"rotation":{"origin":[10.11823,27.62781,7.72721],"angle":0,"axis":"y"},"from":[-2.3,-2.82875,4.95],"faces":{"west":{"rotation":270,"uv":[11,11.75,14.25,13],"texture":"#2"},"east":{"rotation":90,"uv":[3.5,11.75,6.75,13],"texture":"#3"},"north":{"uv":[15,3,1,16],"texture":"#0"},"south":{"uv":[1,3,15,16],"texture":"#0"}}},{"to":[14.86,30.17125,5.35],"rotation":{"origin":[10.09264,27.62788,7.72721],"angle":0,"axis":"y"},"from":[-2.3,13.67125,4.95],"faces":{"north":{"uv":[15,3,1,16],"texture":"#0"},"up":{"uv":[11.5,1.5,15,1.75],"texture":"#3"},"south":{"rotation":180,"uv":[3,9.5,6,12.5],"texture":"#3"}}},{"to":[-1.9,30.17125,11.05],"rotation":{"origin":[10.09264,27.62788,7.72721],"angle":0,"axis":"y"},"from":[-2.3,13.67125,4.95],"faces":{"west":{"rotation":270,"uv":[11,11.75,14.25,13],"texture":"#2"},"east":{"rotation":180,"uv":[6.5,9.25,7.75,12.5],"texture":"#3"},"up":{"uv":[13,1.75,13.25,3],"texture":"#3"}}},{"to":[14.86,30.17125,11.05],"rotation":{"origin":[26.85264,27.62788,7.72721],"angle":0,"axis":"y"},"from":[14.46,13.67125,4.95],"faces":{"west":{"rotation":180,"uv":[6.5,9.25,7.75,12.5],"texture":"#3"},"east":{"rotation":90,"uv":[3.5,11.75,6.75,13],"texture":"#3"},"up":{"uv":[13,1.75,13.25,3],"texture":"#3"}}},{"to":[14.86,30.17125,11.05],"rotation":{"origin":[10.09264,27.62788,7.72721],"angle":0,"axis":"y"},"from":[-2.3,13.67125,10.65],"faces":{"north":{"rotation":180,"uv":[3,9.5,6,12.5],"texture":"#3"},"up":{"uv":[8.75,3.25,12.25,3.5],"texture":"#3"},"south":{"uv":[1,3,15,16],"texture":"#0"}}},{"to":[5.06,32,10.72081],"rotation":{"origin":[1.38,30.92621,10.52081],"angle":-22.5,"axis":"x"},"from":[-2.3,30.02621,10.32081],"faces":{"west":{"rotation":180,"uv":[11.25,4.25,11.5,4.75],"texture":"#3"},"east":{"rotation":180,"uv":[11.25,4.5,11.5,5],"texture":"#3"},"north":{"rotation":180,"uv":[3,12,4.5,12.5],"texture":"#3"},"up":{"uv":[8.75,3.25,12.25,3.5],"texture":"#3"},"south":{"uv":[1,1,7,3],"texture":"#0"}}},{"to":[5.06,32,5.67919],"rotation":{"origin":[1.38,30.92621,5.47919],"angle":22.5,"axis":"x"},"from":[-2.3,30.02621,5.27919],"faces":{"west":{"rotation":180,"uv":[11.75,4.75,11.5,5.25],"texture":"#3"},"east":{"rotation":180,"uv":[11.5,4.5,11.25,5],"texture":"#3"},"north":{"uv":[7,1,1,3],"texture":"#0"},"up":{"uv":[8.75,3.5,12.25,3.25],"texture":"#3"},"south":{"rotation":180,"uv":[4.5,12,3,12.5],"texture":"#3"}}},{"to":[14.851,25.275,9.45],"rotation":{"origin":[0,-15.625,10],"angle":0,"axis":"y"},"from":[9.649,24.025,6.55],"faces":{"east":{"uv":[7.5,8.25,9,7.75],"texture":"#3"}}},{"to":[14.86,29.6,10.95],"rotation":{"origin":[0,0,-0.05],"angle":0,"axis":"y"},"from":[-2.3,28.9,5.05],"faces":{"up":{"uv":[13,8,16,6.75],"texture":"#2"}}},{"to":[8.35,30.5,8.1],"from":[-1.95,29.3,5.5],"faces":{"west":{"rotation":180,"uv":[5.25,5,6,4.25],"texture":"#3"},"east":{"rotation":180,"uv":[5.25,5,6,4.25],"texture":"#3"},"north":{"rotation":180,"uv":[5.25,5.5,6,4.75],"texture":"#3"},"up":{"uv":[4.75,5,7.75,4.25],"texture":"#3"},"south":{"rotation":180,"uv":[5.25,5,6,4.25],"texture":"#3"}}},{"to":[3.45,24.5,10.601],"from":[0.55,22.75,5.399],"faces":{"north":{"rotation":180,"uv":[0,12.75,1.5,11.5],"texture":"#3"},"south":{"rotation":180,"uv":[0,12.75,1.5,11.5],"texture":"#3"}}}],"display":{"thirdperson_righthand":{"rotation":[20,117,0],"scale":[0.11,0.11,0.11],"translation":[-0.5,0,0]},"head":{"scale":[0.22,0.22,0.22]},"thirdperson_lefthand":{"rotation":[22,-72,0],"scale":[0.11,0.11,0.11],"translation":[-0.5,0,0]},"gui":{"rotation":[0,-180,30],"scale":[0.4,0.4,0.4],"translation":[-2.25,-1,0]},"firstperson_lefthand":{"rotation":[180,-66,168],"scale":[0.175,0.175,0.175],"translation":[2.5,0,0]},"firstperson_righthand":{"rotation":[-71,66,80],"scale":[0.175,0.175,0.175],"translation":[2.5,0,0]},"fixed":{"rotation":[0,180,0],"scale":[0.22,0.22,0.22],"translation":[0,0,-1]},"ground":{"translation":[0,3,0],"scale":[0.11,0.11,0.11]}},"credit":"thebradqq's guns"}