{"textures":{"a":"mgs:gun/mk4details","c":"mgs:misc/reticles_1024","b":"mgs:misc/reticles","1":"mgs:gun/olive_polymer","0":"mgs:gun/g3details","3":"mgs:gun/metal_brighter","2":"mgs:gun/olive_polymer_dark","5":"mgs:gun/metal","4":"mgs:gun/metal_bright","7":"mgs:gun/holodetails","6":"mgs:gun/metal_dark","9":"mgs:gun/acogdetails","8":"mgs:gun/kobradetails"},"gui_light":"front","elements":[{"to":[2.4115,10.04977,8.3015],"rotation":{"origin":[7.52156,5.73259,8],"angle":0,"axis":"y"},"from":[1.9291,9.97185,7.6985],"faces":{"west":{"uv":[9.25,5,10.75,5.5],"texture":"#6"},"east":{"uv":[15.75,15.75,16,16],"texture":"#6"},"north":{"rotation":90,"uv":[2,4.5,2.5,7.5],"texture":"#6"},"up":{"rotation":90,"uv":[7,10.75,8.25,12.25],"texture":"#6"},"south":{"rotation":270,"uv":[5.5,4.5,6,7.5],"texture":"#6"}}},{"to":[2.2891,10.04988,8.045],"rotation":{"origin":[7.52156,5.36051,8.1665],"angle":0,"axis":"y"},"from":[2.0191,9.95988,7.775],"faces":{"up":{"rotation":90,"uv":[4,10,6.5,12.5],"texture":"#0"}}},{"to":[6.4,7.025,8.436],"rotation":{"origin":[8,10.5,8.065],"angle":0,"axis":"y"},"from":[6.225,6.85,7.564],"faces":{"north":{"uv":[14,14,15,15],"texture":"#0"},"south":{"rotation":90,"uv":[14,14,15,15],"texture":"#0"}}},{"to":[6.3,7.475,8.536],"rotation":{"origin":[8,10.475,8.065],"angle":0,"axis":"y"},"from":[6.025,7.2,7.439],"faces":{"north":{"uv":[14,13.5,15.5,15],"texture":"#0"},"west":{"uv":[14.5,13,16,14.5],"texture":"#0"},"up":{"rotation":90,"uv":[13.5,13,15,14.5],"texture":"#0"},"down":{"uv":[14.5,14.5,16,16],"texture":"#0"},"east":{"rotation":90,"uv":[14,13,15.5,14.5],"texture":"#0"},"south":{"rotation":90,"uv":[14,13.5,15.5,15],"texture":"#0"}}},{"to":[6.9,7.55,7.586],"rotation":{"origin":[8,10.5,8.065],"angle":0,"axis":"y"},"from":[5.975,7.15,7.464],"faces":{"down":{"rotation":180,"uv":[15.75,15.75,16,16],"texture":"#5"},"west":{"uv":[0,7.25,0.25,8.25],"texture":"#5"},"north":{"uv":[0,7.25,2.25,8.25],"texture":"#5"},"up":{"uv":[13.75,7.25,16,7.75],"texture":"#5"}}},{"to":[1.713,9.91916,8.35432],"rotation":{"origin":[8.065,5.28266,5.98068],"angle":0,"axis":"y"},"from":[0.375,9.44266,7.64568],"faces":{"east":{"uv":[7.5,4.5,8,5.25],"texture":"#5"},"up":{"rotation":180,"uv":[10,3.75,12.5,5],"texture":"#6"}}},{"to":[0.75181,9.47019,8.35428],"rotation":{"origin":[0.88636,9.62081,8],"angle":-45,"axis":"z"},"from":[0.31381,8.954,7.64568],"faces":{"west":{"uv":[10.75,3.75,12,5],"texture":"#5"},"north":{"rotation":90,"uv":[14.75,7,16,8.25],"texture":"#5"},"south":{"rotation":270,"uv":[14.75,7,16,8.25],"texture":"#5"}}},{"to":[0.85181,8.954,8.354],"rotation":{"origin":[0.88636,9.62081,8.00032],"angle":-45,"axis":"z"},"from":[0.31381,7.679,7.646],"faces":{"west":{"uv":[9.75,3.25,11,5.25],"texture":"#1"},"north":{"rotation":90,"uv":[12.5,4.25,14.5,5.25],"texture":"#1"},"south":{"rotation":270,"uv":[9,4.25,11,5.25],"texture":"#1"}}},{"to":[0.1979,9.55416,8.35425],"rotation":{"origin":[1.85253,9.57094,8.00007],"angle":0,"axis":"z"},"from":[0.0099,9.30916,7.64575],"faces":{"north":{"uv":[15.5,7,16,7.5],"texture":"#5"},"south":{"uv":[15.5,7,16,7.5],"texture":"#5"}}},{"to":[10.5,9.36,8.13327],"rotation":{"origin":[8,5.36,8],"angle":0,"axis":"y"},"from":[0.81,8.02,7.86673],"faces":{"down":{"rotation":180,"uv":[15.75,15.75,16,16],"texture":"#5"},"east":{"rotation":180,"uv":[9.5,10.25,9.75,10.5],"texture":"#5"}}},{"to":[19.6005,8.4265,8.12661],"rotation":{"origin":[8.15,5.5265,8],"angle":0,"axis":"y"},"from":[10.5,8.0535,7.87339],"faces":{"down":{"rotation":180,"uv":[0,10.25,13.25,10.75],"texture":"#2"},"east":{"rotation":180,"uv":[8.25,7,8.75,8.5],"texture":"#2"}}},{"to":[15.95,8.225,8.15],"rotation":{"origin":[8.15,5.5265,7.97661],"angle":0,"axis":"y"},"from":[15.65,8.025,7.85],"faces":{"down":{"rotation":180,"uv":[0,10.25,0.5,10.75],"texture":"#2"},"west":{"rotation":180,"uv":[2.5,7.75,3,8.25],"texture":"#2"},"east":{"rotation":180,"uv":[2.5,7.75,3,8.25],"texture":"#2"},"north":{"rotation":180,"uv":[13.5,2.25,14,2.75],"texture":"#2"},"south":{"rotation":180,"uv":[13.5,2.25,14,2.75],"texture":"#2"}}},{"to":[11.85,8.225,8.15],"rotation":{"origin":[8.15,5.5265,7.97661],"angle":0,"axis":"y"},"from":[11.55,8.025,7.85],"faces":{"down":{"rotation":180,"uv":[0,10.25,0.5,10.75],"texture":"#2"},"west":{"rotation":180,"uv":[2.5,7.75,3,8.25],"texture":"#2"},"east":{"rotation":180,"uv":[2.5,7.75,3,8.25],"texture":"#2"},"north":{"rotation":180,"uv":[13.5,2.25,14,2.75],"texture":"#2"},"south":{"rotation":180,"uv":[13.5,2.25,14,2.75],"texture":"#2"}}},{"to":[10.5,8.16,8.13327],"rotation":{"origin":[5.9125,8.69,8],"angle":-22.5,"axis":"x"},"from":[0.81,8.02,7.86673],"faces":{"down":{"rotation":180,"uv":[15.75,15.75,16,16],"texture":"#5"},"east":{"rotation":180,"uv":[9.5,10.25,9.75,10.5],"texture":"#5"}}},{"to":[19.6,8.4115,8.12661],"rotation":{"origin":[6.16688,8.69,8],"angle":-22.5,"axis":"x"},"from":[10.5,8.0535,7.87339],"faces":{"down":{"uv":[2.75,5,16,5.5],"texture":"#2"},"east":{"rotation":180,"uv":[8.25,7,8.75,8.5],"texture":"#2"},"south":{"uv":[1.75,3.25,15,3.5],"texture":"#1"}}},{"to":[18.70093,9.896,8.06664],"rotation":{"origin":[8,5.36,8],"angle":0,"axis":"y"},"from":[1.67593,9.226,7.93336],"faces":{"east":{"rotation":180,"uv":[9.5,4.5,9.75,4.75],"texture":"#5"},"up":{"rotation":180,"uv":[0,3,16,3.5],"texture":"#5"}}},{"to":[23.545,8.5475,8.04665],"rotation":{"origin":[8,5.36,8],"angle":0,"axis":"y"},"from":[8.315,8.4555,7.95335],"faces":{"down":{"rotation":180,"uv":[15.75,15.75,16,16],"texture":"#6"},"east":{"rotation":180,"uv":[0.5,7.75,0.75,8.25],"texture":"#5"},"up":{"rotation":180,"uv":[10.25,7.5,10.5,8],"texture":"#6"}}},{"to":[20.07383,9.37675,8.2005],"rotation":{"origin":[8,5.36,8.1],"angle":0,"axis":"y"},"from":[19.6049,8.77375,7.7995],"faces":{"west":{"rotation":90,"uv":[15.75,15.75,16,16],"texture":"#5"},"east":{"uv":[1.25,7.75,2.25,10.75],"texture":"#5"},"north":{"uv":[1.25,7.75,2.25,10.75],"texture":"#5"},"south":{"uv":[1.25,7.75,2.25,10.75],"texture":"#5"}}},{"to":[6.5385,8.355,8.4355],"rotation":{"origin":[8,5.36,8],"angle":0,"axis":"y"},"from":[2.616,6.68,7.5645],"faces":{"down":{"rotation":180,"uv":[6.25,8,9,8.25],"texture":"#5"},"west":{"rotation":180,"uv":[6.25,8,6.5,10.75],"texture":"#5"},"north":{"rotation":180,"uv":[6.25,8,9,10.75],"texture":"#5"},"south":{"rotation":180,"uv":[6.25,8,9,10.75],"texture":"#5"}}},{"to":[5.165,5.675,8.26825],"rotation":{"origin":[8,5.36,7.99975],"angle":0,"axis":"y"},"from":[4.093,5.541,7.73175],"faces":{"down":{"rotation":270,"uv":[6.75,10,7.75,12.75],"texture":"#6"},"north":{"uv":[7.75,4.5,10.5,5],"texture":"#5"},"up":{"rotation":270,"uv":[12.75,0.5,13.75,3.25],"texture":"#5"},"south":{"uv":[7.75,4.5,10.5,5],"texture":"#5"}}},{"to":[3.22157,6.11281,8.335],"rotation":{"origin":[5.655,5.025,4.65],"angle":-22.5,"axis":"z"},"from":[1.68057,2.53781,7.665],"faces":{"down":{"uv":[8,5.5,11.25,6.25],"texture":"#1"},"west":{"rotation":90,"uv":[7.75,3.75,14.25,5],"texture":"#1"},"east":{"rotation":90,"uv":[1.5,5.25,8,6.5],"texture":"#1"},"north":{"rotation":90,"uv":[0,3.25,6.5,5.75],"texture":"#1"},"south":{"rotation":270,"uv":[8,3.25,14.5,5.75],"texture":"#1"}}},{"to":[3.02157,5.113,8.435],"rotation":{"origin":[5.655,5.025,4.65],"angle":-22.5,"axis":"z"},"from":[1.88057,2.538,7.565],"faces":{"north":{"rotation":90,"uv":[8.5,3.5,11.75,5.25],"texture":"#1"},"west":{"rotation":90,"uv":[8.5,3.5,11.75,4],"texture":"#1"},"up":{"rotation":90,"uv":[11.25,2,11.75,3.75],"texture":"#1"},"down":{"uv":[7.75,5.25,10,6.5],"texture":"#1"},"east":{"rotation":90,"uv":[0,5,6.5,5.5],"texture":"#1"},"south":{"rotation":270,"uv":[11.25,3.5,14.5,5.25],"texture":"#1"}}},{"to":[6.3925,8.18843,5.30484],"rotation":{"origin":[7.1625,4.69,8],"angle":45,"axis":"x"},"from":[0.81,8.02093,4.8383],"faces":{"east":{"rotation":270,"uv":[8.75,4.25,9,5.25],"texture":"#5"},"up":{"uv":[0,11.25,5.5,12.25],"texture":"#5"}}},{"to":[10.5,8.18843,11.1617],"rotation":{"origin":[7.1625,4.69,8],"angle":-45,"axis":"x"},"from":[0.81,8.04843,10.69516],"faces":{"east":{"rotation":180,"uv":[9.5,10.25,9.75,10.5],"texture":"#5"},"up":{"rotation":180,"uv":[0,11.25,10,12.25],"texture":"#5"}}},{"to":[10.5,6.98843,10.9617],"rotation":{"origin":[7.1625,4.69,8],"angle":-45,"axis":"x"},"from":[0.81,6.84843,10.69516],"faces":{"down":{"rotation":180,"uv":[0,8,10,8.75],"texture":"#5"},"east":{"rotation":180,"uv":[9.5,10.25,9.75,10.5],"texture":"#5"}}},{"to":[10.5,8.51879,10.20073],"rotation":{"origin":[7.1625,4.69,8],"angle":-22.5,"axis":"x"},"from":[0.81,8.25225,8.86073],"faces":{"down":{"rotation":180,"uv":[6,8,16,8.5],"texture":"#5"},"east":{"rotation":180,"uv":[9.5,10.25,9.75,10.5],"texture":"#5"},"north":{"rotation":180,"uv":[6,8.25,16,9],"texture":"#5"},"up":{"rotation":180,"uv":[6,4.5,16,5],"texture":"#5"},"south":{"uv":[6,4.75,16,5.5],"texture":"#5"}}},{"to":[19.6,8.52735,9.19069],"rotation":{"origin":[7.35437,4.89,8],"angle":-22.5,"axis":"x"},"from":[18.6,8.27414,8.81769],"faces":{"west":{"rotation":180,"uv":[0.75,5.25,2,5.75],"texture":"#2"},"east":{"rotation":90,"uv":[8.25,7,8.75,8.5],"texture":"#2"},"north":{"uv":[0,4.5,1.5,5],"texture":"#2"}}},{"to":[19.6,8.52735,7.18231],"rotation":{"origin":[7.35437,4.89,8],"angle":22.5,"axis":"x"},"from":[18.6,8.27414,6.80931],"faces":{"west":{"rotation":180,"uv":[0.75,5.25,2,5.75],"texture":"#2"},"east":{"rotation":270,"uv":[8.25,7,8.75,8.5],"texture":"#2"},"south":{"uv":[1,4.5,2.5,5],"texture":"#2"}}},{"to":[10.9,8.52735,9.1907],"rotation":{"origin":[8.64563,4.89,8.00001],"angle":-22.5,"axis":"x"},"from":[10.5,8.27414,8.8177],"faces":{"east":{"rotation":180,"uv":[0.75,5.25,2,5.75],"texture":"#2"},"north":{"uv":[0,4.5,0.5,5],"texture":"#2"}}},{"to":[10.9,8.52735,7.1823],"rotation":{"origin":[8.64563,4.89,7.99999],"angle":22.5,"axis":"x"},"from":[10.5,8.27414,6.8093],"faces":{"east":{"rotation":180,"uv":[0.75,5.25,2,5.75],"texture":"#2"},"south":{"uv":[0.5,4.5,1,5],"texture":"#2"}}},{"to":[18.625,8.47735,9.2907],"rotation":{"origin":[8.64563,4.89,8.00001],"angle":-22.5,"axis":"x"},"from":[18.375,8.04914,8.9427],"faces":{"west":{"rotation":180,"uv":[2.75,4.25,3,5],"texture":"#2"},"north":{"uv":[8.5,11,9,13],"texture":"#2"}}},{"to":[18.625,8.47735,7.0573],"rotation":{"origin":[8.64563,4.89,7.99999],"angle":22.5,"axis":"x"},"from":[18.375,8.04914,6.7093],"faces":{"west":{"rotation":180,"uv":[2.75,4.25,3,5],"texture":"#2"},"south":{"uv":[8.5,11,8.75,13],"texture":"#2"}}},{"to":[19,8.86559,6.33454],"rotation":{"origin":[8.27063,5.05324,8.19385],"angle":22.5,"axis":"x"},"from":[18.375,8.21238,5.98654],"faces":{"west":{"rotation":180,"uv":[3,4,3.25,4.75],"texture":"#1"},"east":{"rotation":90,"uv":[12.25,4.5,13.25,5.25],"texture":"#1"},"north":{"uv":[12.25,3.5,13.25,5],"texture":"#1"},"up":{"uv":[10.5,4.75,11.5,5.75],"texture":"#1"}}},{"to":[19,8.86559,10.01346],"rotation":{"origin":[8.27063,5.05324,7.80615],"angle":-22.5,"axis":"x"},"from":[18.375,8.21238,9.66546],"faces":{"west":{"rotation":180,"uv":[3,4,3.25,4.75],"texture":"#1"},"east":{"rotation":270,"uv":[12.25,4.5,13.25,5.25],"texture":"#1"},"up":{"rotation":180,"uv":[10.5,4.75,11.5,5.75],"texture":"#1"},"south":{"uv":[13,3.5,14,5],"texture":"#1"}}},{"to":[17.925,8.37414,9.2907],"rotation":{"origin":[8.64563,4.89,8.00001],"angle":-22.5,"axis":"x"},"from":[17.675,8.14914,8.9427],"faces":{"west":{"rotation":180,"uv":[2.75,4.25,3,5],"texture":"#2"},"east":{"rotation":180,"uv":[2.75,4.25,3,5],"texture":"#2"},"north":{"rotation":180,"uv":[8.25,4.25,8.75,4.75],"texture":"#2"}}},{"to":[17.925,8.37414,7.0573],"rotation":{"origin":[8.64563,4.89,7.99999],"angle":22.5,"axis":"x"},"from":[17.675,8.14914,6.7093],"faces":{"west":{"rotation":180,"uv":[2.75,4.25,3,5],"texture":"#2"},"east":{"rotation":180,"uv":[2.75,4.25,3,5],"texture":"#2"},"south":{"rotation":180,"uv":[6.5,4.25,7,4.75],"texture":"#2"}}},{"to":[17.925,8.53738,6.33454],"rotation":{"origin":[8.27063,5.05324,8.19385],"angle":22.5,"axis":"x"},"from":[17.675,8.31238,5.98654],"faces":{"west":{"rotation":180,"uv":[3,4,3.25,4.75],"texture":"#1"},"east":{"rotation":180,"uv":[3,4,3.25,4.75],"texture":"#1"},"north":{"uv":[10.5,4.25,11,4.75],"texture":"#1"}}},{"to":[17.925,8.53738,10.01346],"rotation":{"origin":[8.27063,5.05324,7.80615],"angle":-22.5,"axis":"x"},"from":[17.675,8.31238,9.66546],"faces":{"west":{"rotation":180,"uv":[3,4,3.25,4.75],"texture":"#1"},"east":{"rotation":180,"uv":[3,4,3.25,4.75],"texture":"#1"},"south":{"uv":[1,4.25,1.5,4.75],"texture":"#1"}}},{"to":[17.225,8.37414,9.2907],"rotation":{"origin":[8.64563,4.89,8.00001],"angle":-22.5,"axis":"x"},"from":[16.975,8.14914,8.9427],"faces":{"west":{"rotation":180,"uv":[2.75,4.25,3,5],"texture":"#2"},"east":{"rotation":180,"uv":[2.75,4.25,3,5],"texture":"#2"},"north":{"rotation":180,"uv":[10.25,4.25,10.75,4.75],"texture":"#2"}}},{"to":[17.225,8.37414,7.0573],"rotation":{"origin":[8.64563,4.89,7.99999],"angle":22.5,"axis":"x"},"from":[16.975,8.14914,6.7093],"faces":{"west":{"rotation":180,"uv":[2.75,4.25,3,5],"texture":"#2"},"east":{"rotation":180,"uv":[2.75,4.25,3,5],"texture":"#2"},"south":{"rotation":180,"uv":[9.25,4.25,9.75,4.75],"texture":"#2"}}},{"to":[17.225,8.53738,6.33454],"rotation":{"origin":[8.27063,5.05324,8.19385],"angle":22.5,"axis":"x"},"from":[16.975,8.31238,5.98654],"faces":{"west":{"rotation":180,"uv":[3,4,3.25,4.75],"texture":"#1"},"east":{"rotation":180,"uv":[3,4,3.25,4.75],"texture":"#1"},"north":{"uv":[9.25,4.25,9.75,4.75],"texture":"#1"}}},{"to":[17.225,8.53738,10.01346],"rotation":{"origin":[8.27063,5.05324,7.80615],"angle":-22.5,"axis":"x"},"from":[16.975,8.31238,9.66546],"faces":{"west":{"rotation":180,"uv":[3,4,3.25,4.75],"texture":"#1"},"east":{"rotation":180,"uv":[3,4,3.25,4.75],"texture":"#1"},"south":{"uv":[3,4.25,3.5,4.75],"texture":"#1"}}},{"to":[12.625,8.37414,9.2907],"rotation":{"origin":[8.64563,4.89,8.00001],"angle":-22.5,"axis":"x"},"from":[12.275,8.14914,8.9427],"faces":{"west":{"rotation":180,"uv":[2.75,4.25,3,5],"texture":"#2"},"east":{"rotation":180,"uv":[2.75,4.25,3,5],"texture":"#2"},"north":{"rotation":180,"uv":[6,4.25,6.5,4.75],"texture":"#2"}}},{"to":[12.425,8.37414,7.0573],"rotation":{"origin":[8.64563,4.89,7.99999],"angle":22.5,"axis":"x"},"from":[12.175,8.14914,6.7093],"faces":{"west":{"rotation":180,"uv":[2.75,4.25,3,5],"texture":"#2"},"east":{"rotation":180,"uv":[2.75,4.25,3,5],"texture":"#2"},"south":{"rotation":180,"uv":[5,4.25,5.5,4.75],"texture":"#2"}}},{"to":[12.625,8.53738,6.33454],"rotation":{"origin":[8.27063,5.05324,8.19385],"angle":22.5,"axis":"x"},"from":[12.275,8.31238,5.98654],"faces":{"west":{"rotation":180,"uv":[3,4,3.25,4.75],"texture":"#1"},"east":{"rotation":180,"uv":[3,4,3.25,4.75],"texture":"#1"},"north":{"uv":[7.25,4.25,7.75,4.75],"texture":"#1"}}},{"to":[12.425,8.53738,10.01346],"rotation":{"origin":[8.27063,5.05324,7.80615],"angle":-22.5,"axis":"x"},"from":[12.175,8.31238,9.66546],"faces":{"west":{"rotation":180,"uv":[3,4,3.25,4.75],"texture":"#1"},"east":{"rotation":180,"uv":[3,4,3.25,4.75],"texture":"#1"},"south":{"uv":[7.25,4.25,7.75,4.75],"texture":"#1"}}},{"to":[16.525,8.37414,9.2907],"rotation":{"origin":[8.64563,4.89,8.00001],"angle":-22.5,"axis":"x"},"from":[13.075,8.14914,8.9427],"faces":{"west":{"rotation":180,"uv":[2.75,4.25,3,5],"texture":"#2"},"east":{"rotation":180,"uv":[2.75,4.25,3,5],"texture":"#2"},"north":{"rotation":180,"uv":[8.25,4.25,13,4.75],"texture":"#2"}}},{"to":[16.525,8.37414,7.0573],"rotation":{"origin":[8.64563,4.89,7.99999],"angle":22.5,"axis":"x"},"from":[12.875,8.14914,6.7093],"faces":{"west":{"rotation":180,"uv":[2.75,4.25,3,5],"texture":"#2"},"east":{"rotation":180,"uv":[2.75,4.25,3,5],"texture":"#2"},"south":{"rotation":180,"uv":[8.25,4.25,13,4.75],"texture":"#2"}}},{"to":[16.525,8.53738,6.33454],"rotation":{"origin":[8.27063,5.05324,8.19385],"angle":22.5,"axis":"x"},"from":[13.075,8.31238,5.98654],"faces":{"west":{"rotation":180,"uv":[3,4,3.25,4.75],"texture":"#1"},"east":{"rotation":180,"uv":[3,4,3.25,4.75],"texture":"#1"},"north":{"uv":[8.75,4.25,13.5,4.75],"texture":"#1"}}},{"to":[16.525,8.53738,10.01346],"rotation":{"origin":[8.27063,5.05324,7.80615],"angle":-22.5,"axis":"x"},"from":[12.875,8.31238,9.66546],"faces":{"west":{"rotation":180,"uv":[3,4,3.25,4.75],"texture":"#1"},"east":{"rotation":180,"uv":[3,4,3.25,4.75],"texture":"#1"},"south":{"uv":[11.25,4.25,16,4.75],"texture":"#1"}}},{"to":[18.525,8.37414,9.3407],"rotation":{"origin":[8.64563,4.89,8.00001],"angle":-22.5,"axis":"x"},"from":[10.875,8.14914,8.9927],"faces":{"north":{"rotation":180,"uv":[2.75,4.25,14.75,5],"texture":"#2"}}},{"to":[18.525,8.37414,7.0073],"rotation":{"origin":[8.64563,4.89,7.99999],"angle":22.5,"axis":"x"},"from":[10.875,8.14914,6.6593],"faces":{"south":{"rotation":180,"uv":[2.75,4.25,14.75,5],"texture":"#2"}}},{"to":[18.375,8.47914,9.2907],"rotation":{"origin":[8.64563,4.89,8.00001],"angle":-22.5,"axis":"x"},"from":[11.025,8.37414,8.9427],"faces":{"down":{"uv":[0,8.25,13.25,8.5],"texture":"#2"},"north":{"rotation":180,"uv":[2.5,7.5,12.5,8],"texture":"#1"}}},{"to":[18.375,8.47914,7.0573],"rotation":{"origin":[8.64563,4.89,7.99999],"angle":22.5,"axis":"x"},"from":[11.025,8.37414,6.7093],"faces":{"down":{"uv":[0,8.25,13.25,8.5],"texture":"#2"},"south":{"rotation":180,"uv":[2.5,7.5,12.5,8],"texture":"#1"}}},{"to":[18.375,8.86558,6.33454],"rotation":{"origin":[8.27063,5.05324,8.19385],"angle":22.5,"axis":"x"},"from":[11.025,8.53738,5.98654],"faces":{"down":{"rotation":180,"uv":[2.75,5,14.75,5.25],"texture":"#1"},"north":{"uv":[6,3.75,16,4.5],"texture":"#1"},"up":{"uv":[1,4.75,11,5.75],"texture":"#1"}}},{"to":[18.375,8.86558,10.01346],"rotation":{"origin":[8.27063,5.05324,7.80615],"angle":-22.5,"axis":"x"},"from":[11.025,8.53738,9.66546],"faces":{"down":{"rotation":180,"uv":[2.75,5,14.75,5.25],"texture":"#1"},"up":{"rotation":180,"uv":[1,4.75,11,5.75],"texture":"#1"},"south":{"uv":[5,3.75,15,4.5],"texture":"#1"}}},{"to":[18.375,8.14914,9.2907],"rotation":{"origin":[8.64563,4.89,8.00001],"angle":-22.5,"axis":"x"},"from":[11.025,8.04914,8.9427],"faces":{"north":{"uv":[2.75,4.75,12.75,5.25],"texture":"#1"},"up":{"uv":[1.75,3.25,15,3.5],"texture":"#1"}}},{"to":[18.375,8.14914,7.0573],"rotation":{"origin":[8.64563,4.89,7.99999],"angle":22.5,"axis":"x"},"from":[11.025,8.04914,6.7093],"faces":{"up":{"uv":[1.75,3.25,15,3.5],"texture":"#1"},"south":{"uv":[2.75,4.75,12.75,5.25],"texture":"#1"}}},{"to":[18.375,8.31238,6.33454],"rotation":{"origin":[8.27063,5.05324,8.19385],"angle":22.5,"axis":"x"},"from":[11.025,8.21238,5.98654],"faces":{"north":{"uv":[4.75,4.75,14.75,5],"texture":"#1"},"up":{"rotation":180,"uv":[2.75,4,14.75,4.25],"texture":"#1"}}},{"to":[18.375,8.31238,10.01346],"rotation":{"origin":[8.27063,5.05324,7.80615],"angle":-22.5,"axis":"x"},"from":[11.025,8.21238,9.66546],"faces":{"up":{"rotation":180,"uv":[2.75,4,14.75,4.25],"texture":"#1"},"south":{"uv":[0,4.75,10,5],"texture":"#1"}}},{"to":[11.825,8.37414,9.2907],"rotation":{"origin":[8.64563,4.89,8.00001],"angle":-22.5,"axis":"x"},"from":[11.475,8.14914,8.9427],"faces":{"west":{"rotation":180,"uv":[2.75,4.25,3,5],"texture":"#2"},"east":{"rotation":180,"uv":[2.75,4.25,3,5],"texture":"#2"},"north":{"rotation":180,"uv":[6.5,4.25,7,4.75],"texture":"#2"}}},{"to":[11.725,8.37414,7.0573],"rotation":{"origin":[8.64563,4.89,7.99999],"angle":22.5,"axis":"x"},"from":[11.475,8.14914,6.7093],"faces":{"west":{"rotation":180,"uv":[2.75,4.25,3,5],"texture":"#2"},"east":{"rotation":180,"uv":[2.75,4.25,3,5],"texture":"#2"},"south":{"rotation":180,"uv":[2.5,4.25,3,4.75],"texture":"#2"}}},{"to":[11.825,8.53738,6.33454],"rotation":{"origin":[8.27063,5.05324,8.19385],"angle":22.5,"axis":"x"},"from":[11.475,8.31238,5.98654],"faces":{"west":{"rotation":180,"uv":[3,4,3.25,4.75],"texture":"#1"},"east":{"rotation":180,"uv":[3,4,3.25,4.75],"texture":"#1"},"north":{"uv":[13,4.25,13.5,4.75],"texture":"#1"}}},{"to":[11.725,8.53738,10.01346],"rotation":{"origin":[8.27063,5.05324,7.80615],"angle":-22.5,"axis":"x"},"from":[11.475,8.31238,9.66546],"faces":{"west":{"rotation":180,"uv":[3,4,3.25,4.75],"texture":"#1"},"east":{"rotation":180,"uv":[3,4,3.25,4.75],"texture":"#1"},"south":{"uv":[6,4.25,6.5,4.75],"texture":"#1"}}},{"to":[11.025,8.47735,9.2907],"rotation":{"origin":[8.64563,4.89,8.00001],"angle":-22.5,"axis":"x"},"from":[10.875,8.04914,8.9427],"faces":{"east":{"rotation":180,"uv":[2.75,4.25,3,5],"texture":"#2"},"north":{"uv":[8.5,11,8.75,13],"texture":"#2"}}},{"to":[11.025,8.47735,7.0573],"rotation":{"origin":[8.64563,4.89,7.99999],"angle":22.5,"axis":"x"},"from":[10.875,8.04914,6.7093],"faces":{"east":{"rotation":180,"uv":[2.75,4.25,3,5],"texture":"#2"},"south":{"uv":[8.5,11,8.75,13],"texture":"#2"}}},{"to":[11.025,8.86559,6.33454],"rotation":{"origin":[8.27063,5.05324,8.19385],"angle":22.5,"axis":"x"},"from":[10.5,8.21238,5.98654],"faces":{"west":{"uv":[10,4.5,10.75,6],"texture":"#1"},"east":{"rotation":180,"uv":[3,4,3.25,4.75],"texture":"#1"},"north":{"uv":[9,3.5,9.75,5],"texture":"#1"},"up":{"uv":[1,4.75,1.75,5.75],"texture":"#1"}}},{"to":[11.025,8.86559,10.01346],"rotation":{"origin":[8.27063,5.05324,7.80615],"angle":-22.5,"axis":"x"},"from":[10.5,8.21238,9.66546],"faces":{"west":{"uv":[10,4.5,10.75,6],"texture":"#1"},"east":{"rotation":180,"uv":[3,4,3.25,4.75],"texture":"#1"},"up":{"rotation":180,"uv":[1,4.75,1.75,5.75],"texture":"#1"},"south":{"uv":[9.75,3.5,10.5,5],"texture":"#1"}}},{"to":[10.5,8.51879,7.13927],"rotation":{"origin":[7.1625,4.69,8],"angle":22.5,"axis":"x"},"from":[0.81,8.25225,5.79927],"faces":{"down":{"rotation":180,"uv":[6,8,16,8.5],"texture":"#5"},"east":{"rotation":180,"uv":[9.5,10.25,9.75,10.5],"texture":"#5"},"north":{"uv":[6,4.75,16,5.5],"texture":"#5"},"up":{"uv":[6,4.5,16,5],"texture":"#5"},"south":{"rotation":180,"uv":[6,8.25,16,9],"texture":"#5"}}},{"to":[19,8.62735,6.18231],"rotation":{"origin":[7.35437,4.89,8],"angle":22.5,"axis":"x"},"from":[10.5,8.37414,5.95931],"faces":{"north":{"rotation":180,"uv":[3,4,15,4.75],"texture":"#1"}}},{"to":[19,8.62735,10.04069],"rotation":{"origin":[7.35437,4.89,8],"angle":-22.5,"axis":"x"},"from":[10.5,8.37414,9.81769],"faces":{"south":{"rotation":180,"uv":[3,4,15,4.75],"texture":"#1"}}},{"to":[18.701,9.59152,6.5359],"rotation":{"origin":[9.7085,5.561,8],"angle":22.5,"axis":"x"},"from":[1.676,8.92152,6.40263],"faces":{"east":{"rotation":180,"uv":[9.5,4.75,9.75,5],"texture":"#5"},"up":{"uv":[0,4.5,16,5],"texture":"#5"}}},{"to":[18.701,9.59152,9.59737],"rotation":{"origin":[9.7085,5.561,8],"angle":-22.5,"axis":"x"},"from":[1.676,8.92152,9.4641],"faces":{"east":{"rotation":180,"uv":[9.5,4.75,9.75,5],"texture":"#5"},"north":{"rotation":90,"uv":[5.25,12.25,5.5,12.5],"texture":"#5"},"up":{"rotation":180,"uv":[0,4.5,16,5],"texture":"#5"}}},{"to":[18.70107,8.72443,5.23821],"rotation":{"origin":[9.7085,5.561,8],"angle":45,"axis":"x"},"from":[1.67607,8.05443,5.10493],"faces":{"down":{"rotation":180,"uv":[9.5,10.25,9.75,10.5],"texture":"#5"},"east":{"uv":[9.5,5,9.75,6],"texture":"#5"},"up":{"uv":[0,4.5,16,5],"texture":"#6"}}},{"to":[6.39243,8.25543,10.89507],"rotation":{"origin":[9.7085,5.561,8],"angle":-45,"axis":"x"},"from":[1.67593,8.05443,10.76179],"faces":{"down":{"rotation":180,"uv":[9.5,10.25,9.75,10.5],"texture":"#5"},"east":{"rotation":90,"uv":[9.75,5.5,10,5.75],"texture":"#5"}}},{"to":[18.701,9.32316,9.86573],"rotation":{"origin":[9.7085,5.561,8],"angle":-22.5,"axis":"x"},"from":[1.676,9.18988,9.19573],"faces":{"down":{"rotation":90,"uv":[9.25,8,9.5,8.25],"texture":"#5"},"east":{"rotation":270,"uv":[9.25,5.25,9.5,5.75],"texture":"#5"},"north":{"rotation":180,"uv":[0,8,16,8.5],"texture":"#5"},"south":{"rotation":180,"uv":[0,11.5,16,12],"texture":"#5"}}},{"to":[6.39243,9.62764,8.335],"rotation":{"origin":[8,5.36,8],"angle":0,"axis":"y"},"from":[1.67593,9.49436,8.1005],"faces":{"east":{"rotation":90,"uv":[9.75,5.5,10,5.75],"texture":"#5"},"south":{"uv":[0,7.5,9.25,8],"texture":"#5"}}},{"to":[6.3925,9.32316,6.80427],"rotation":{"origin":[9.7085,5.561,8],"angle":22.5,"axis":"x"},"from":[1.676,9.18988,6.53627],"faces":{"east":{"rotation":90,"uv":[9.75,5.5,10,5.75],"texture":"#5"},"south":{"rotation":180,"uv":[0,8,9.25,8.5],"texture":"#5"}}},{"to":[1.956,8.345,8.4543],"rotation":{"origin":[8,5.36,7.9807],"angle":0,"axis":"y"},"from":[0.011,7.4,7.5457],"faces":{"down":{"uv":[0.5,9,3.5,10.25],"texture":"#6"},"north":{"uv":[0,5.75,3,7.25],"texture":"#5"},"south":{"uv":[0,5.75,3,7.25],"texture":"#5"}}},{"to":[0.011,8.645,8.4543],"rotation":{"origin":[8,5.36,7.9807],"angle":0,"axis":"y"},"from":[-3.289,7.4,7.5457],"faces":{"down":{"rotation":180,"uv":[0.5,9,4,10.25],"texture":"#1"},"north":{"uv":[16,3,11.75,4.75],"texture":"#2"},"south":{"uv":[16,3,11.75,4.75],"texture":"#2"}}},{"to":[-6.439,8.65,8.4543],"rotation":{"origin":[8,5.36,7.9807],"angle":0,"axis":"y"},"from":[-7.314,5.1,7.5457],"faces":{"down":{"rotation":180,"uv":[1.75,9,2.75,10.25],"texture":"#1"},"north":{"uv":[10.5,0,11.25,5.25],"texture":"#2"},"south":{"uv":[10.5,0,11.25,5.25],"texture":"#2"}}},{"to":[-4.589,8.65,8.4543],"rotation":{"origin":[8,5.36,8.9807],"angle":0,"axis":"y"},"from":[-6.439,6.45,7.5457],"faces":{"east":{"rotation":90,"uv":[9.75,4.75,10,7.5],"texture":"#2"},"north":{"rotation":90,"uv":[12.75,1.75,16,4.25],"texture":"#2"},"south":{"rotation":90,"uv":[12.75,1.75,16,4.25],"texture":"#2"}}},{"to":[-3.514,7.05,7.7465],"rotation":{"origin":[8,5.36,8.9807],"angle":0,"axis":"y"},"from":[-4.589,6.425,7.5465],"faces":{"north":{"uv":[13.75,3.75,12,4.75],"texture":"#2"}}},{"to":[-4.40072,7.05,7.43714],"rotation":{"origin":[-4.13822,6.9625,7.23714],"angle":45,"axis":"y"},"from":[-4.87572,6.875,7.13714],"faces":{"down":{"uv":[9.25,10.25,9.5,10.5],"texture":"#2"},"north":{"uv":[9.25,4.75,9.5,5.25],"texture":"#2"},"up":{"uv":[9.25,4.25,9.5,5],"texture":"#2"}}},{"to":[-4.40072,8.05,7.43714],"rotation":{"origin":[-4.13822,6.9625,7.23714],"angle":45,"axis":"y"},"from":[-4.87572,7.875,7.13714],"faces":{"down":{"uv":[9.25,10.25,9.5,10.5],"texture":"#2"},"north":{"uv":[9.25,4.75,9.5,5.25],"texture":"#2"},"up":{"uv":[9.25,4.25,9.5,5],"texture":"#2"}}},{"to":[-3.71955,7.0505,7.75205],"rotation":{"origin":[-4.25705,6.9625,7.45205],"angle":0,"axis":"y"},"from":[-4.39455,6.8755,7.35205],"faces":{"down":{"uv":[9.25,10.25,9.5,10.5],"texture":"#2"},"north":{"uv":[9.25,4.75,10.25,5.25],"texture":"#2"},"up":{"uv":[9.25,4.25,10.25,5],"texture":"#2"}}},{"to":[-3.71955,8.0505,7.75205],"rotation":{"origin":[-4.25705,6.9625,7.45205],"angle":0,"axis":"y"},"from":[-4.39455,7.8755,7.35205],"faces":{"down":{"uv":[9.25,10.25,9.5,10.5],"texture":"#2"},"north":{"uv":[5.25,4.75,6.25,5.25],"texture":"#2"},"up":{"uv":[9.25,4.25,10.25,5],"texture":"#2"}}},{"to":[-3.04,7.05,7.52917],"rotation":{"origin":[-4.2775,6.9625,7.22917],"angle":-22.5,"axis":"y"},"from":[-3.715,6.875,7.12917],"faces":{"down":{"uv":[9.25,10.25,9.5,10.5],"texture":"#2"},"north":{"uv":[11.5,4.75,12.5,5.25],"texture":"#2"},"up":{"uv":[7,4.25,8,5],"texture":"#2"}}},{"to":[-3.19459,7.875,8.22112],"rotation":{"origin":[-3.93209,6.8875,7.92112],"angle":22.5,"axis":"y"},"from":[-3.76959,7,7.82112],"faces":{"north":{"rotation":270,"uv":[3.75,4.25,2.5,5],"texture":"#2"}}},{"to":[-3.04,8.05,7.52917],"rotation":{"origin":[-4.2775,6.9625,7.22917],"angle":-22.5,"axis":"y"},"from":[-3.715,7.875,7.12917],"faces":{"down":{"uv":[9.25,10.25,9.5,10.5],"texture":"#2"},"north":{"uv":[10.5,4.75,11.5,5.25],"texture":"#2"},"up":{"uv":[7,4.25,8,5],"texture":"#2"}}},{"to":[-2.114,7.4,7.7465],"rotation":{"origin":[8,5.36,8.9807],"angle":0,"axis":"y"},"from":[-3.289,7,7.5465],"faces":{"north":{"uv":[0.5,4.25,2,4.75],"texture":"#2"}}},{"to":[-3.289,8.65,8.4543],"rotation":{"origin":[8,5.36,8.9807],"angle":0,"axis":"y"},"from":[-4.589,7.925,7.5457],"faces":{"north":{"uv":[9.25,4,10.5,4.75],"texture":"#2"},"south":{"rotation":270,"uv":[13.25,1.75,14.25,3.5],"texture":"#2"}}},{"to":[0.211,8.78466,7.98108],"rotation":{"origin":[-3.4015,8.58716,7.77678],"angle":45,"axis":"x"},"from":[-7.314,8.46466,7.57248],"faces":{"north":{"uv":[8,4.5,16,5.25],"texture":"#1"}}},{"to":[0.211,8.87127,8.22803],"rotation":{"origin":[-3.4015,16.35843,14.54876],"angle":0,"axis":"x"},"from":[-7.314,8.77127,7.77197],"faces":{"up":{"uv":[8,3.25,16,4.5],"texture":"#1"}}},{"to":[0.211,8.78466,8.42752],"rotation":{"origin":[-3.4015,8.58716,8.22322],"angle":-45,"axis":"x"},"from":[-7.314,8.46466,8.01892],"faces":{"south":{"uv":[8,4.5,16,5.25],"texture":"#1"}}},{"to":[-4.58131,9.26516,7.754],"rotation":{"origin":[0.21493,7.38335,8.0003],"angle":22.5,"axis":"z"},"from":[-6.80631,7.82016,7.546],"faces":{"down":{"rotation":180,"uv":[3,9.5,5.75,9.75],"texture":"#1"},"north":{"uv":[10.75,3.25,13.75,5.25],"texture":"#2"}}},{"to":[-0.78131,9.14016,8.454],"rotation":{"origin":[0.21493,7.38335,8.0003],"angle":22.5,"axis":"z"},"from":[-6.80631,7.82016,7.746],"faces":{"down":{"rotation":180,"uv":[0.25,9.25,7.75,10.25],"texture":"#1"},"north":{"uv":[12,12,13.25,12.75],"texture":"#2"},"south":{"uv":[15.5,3.25,6.25,5.25],"texture":"#2"}}},{"to":[-3.28131,7.94016,8.455],"rotation":{"origin":[0.21493,7.38335,8.0003],"angle":0,"axis":"z"},"from":[-4.60631,7.27016,7.747],"faces":{"north":{"uv":[7.75,11.75,9,12.5],"texture":"#2"},"south":{"rotation":270,"uv":[14.25,0.75,15.25,2.5],"texture":"#2"}}},{"to":[-0.78131,8.36516,7.754],"rotation":{"origin":[0.21493,7.38335,8.0003],"angle":22.5,"axis":"z"},"from":[-4.58131,7.82016,7.546],"faces":{"down":{"rotation":180,"uv":[0,9.25,5.25,9.5],"texture":"#1"},"north":{"uv":[8.75,4.5,13.5,5.25],"texture":"#2"}}},{"to":[1.949,8.25543,5.47685],"rotation":{"origin":[3.8125,4.69,8],"angle":45,"axis":"x"},"from":[0.01,6.78143,4.86629],"faces":{"down":{"uv":[7.5,8,10,9],"texture":"#5"},"west":{"rotation":180,"uv":[9.5,10.25,9.75,10.5],"texture":"#5"},"east":{"rotation":180,"uv":[9.5,10.25,9.75,10.5],"texture":"#5"},"up":{"uv":[7.25,4.75,9.75,5.5],"texture":"#5"}}},{"to":[1.95,8.99528,8.737],"rotation":{"origin":[8,5.36,8],"angle":0,"axis":"y"},"from":[0.011,8.38472,7.263],"faces":{"east":{"rotation":180,"uv":[9,5.5,11.25,6.75],"texture":"#5"},"north":{"rotation":180,"uv":[9,5.5,11.5,6.75],"texture":"#5"},"south":{"rotation":180,"uv":[9,5.5,11.5,6.75],"texture":"#5"}}},{"to":[0.34407,8.99528,7.58426],"rotation":{"origin":[0.12049,8.69,7.68868],"angle":45,"axis":"y"},"from":[-0.26093,8.38472,7.31026],"faces":{"down":{"uv":[7.25,10.25,7.5,10.5],"texture":"#1"},"north":{"uv":[10.5,4.25,11.25,5],"texture":"#1"},"up":{"uv":[4.75,4.5,5,5],"texture":"#1"}}},{"to":[0.34407,8.99528,8.68974],"rotation":{"origin":[0.12049,8.69,8.31132],"angle":-45,"axis":"y"},"from":[-0.26093,8.38472,8.41574],"faces":{"down":{"uv":[7.25,10.25,7.5,10.5],"texture":"#1"},"up":{"rotation":180,"uv":[4.75,4.5,5,5],"texture":"#1"},"south":{"uv":[12.5,4.25,13.25,5],"texture":"#1"}}},{"to":[1.949,8.25543,11.13371],"rotation":{"origin":[3.8125,4.69,8],"angle":-45,"axis":"x"},"from":[0.01,6.78143,10.52315],"faces":{"down":{"rotation":180,"uv":[7.5,8,10,9],"texture":"#5"},"west":{"rotation":180,"uv":[9.5,10.25,9.75,10.5],"texture":"#5"},"east":{"rotation":180,"uv":[9.5,10.25,9.75,10.5],"texture":"#5"},"up":{"rotation":180,"uv":[7.25,4.75,9.75,5.5],"texture":"#5"}}},{"to":[1.713,9.69022,10.26484],"rotation":{"origin":[3.4775,5.00226,8.73411],"angle":-22.5,"axis":"x"},"from":[0.375,8.69022,9.79584],"faces":{"west":{"uv":[7.5,4.5,8,6],"texture":"#5"},"east":{"uv":[7.5,4.5,8,6],"texture":"#5"},"south":{"uv":[7.5,4.75,9,6.25],"texture":"#5"}}},{"to":[1.713,9.69022,6.20416],"rotation":{"origin":[3.4775,5.00226,7.26589],"angle":22.5,"axis":"x"},"from":[0.375,8.69022,5.73516],"faces":{"west":{"uv":[7.5,4.5,8,6],"texture":"#5"},"east":{"uv":[7.5,4.5,8,6],"texture":"#5"},"north":{"rotation":180,"uv":[6.25,10.25,7.75,11.75],"texture":"#5"}}},{"to":[3.82457,5.65331,8.268],"rotation":{"origin":[7.33,1.608,8.067],"angle":-22.5,"axis":"z"},"from":[3.69057,4.41381,7.732],"faces":{"west":{"rotation":180,"uv":[9.5,2.5,10.5,5.75],"texture":"#5"},"east":{"uv":[7.5,2.25,8.5,5.5],"texture":"#6"},"north":{"rotation":90,"uv":[11.5,4.5,14.75,5],"texture":"#5"},"south":{"rotation":270,"uv":[2.75,4.5,6,5],"texture":"#5"}}},{"to":[23.545,8.24302,6.51591],"rotation":{"origin":[14.365,4.69,8],"angle":22.5,"axis":"x"},"from":[8.315,8.15102,6.42262],"faces":{"down":{"rotation":180,"uv":[15.75,15.75,16,16],"texture":"#6"},"east":{"rotation":180,"uv":[0.5,7.75,0.75,8.25],"texture":"#5"},"up":{"rotation":180,"uv":[10.25,7.5,10.5,8],"texture":"#6"}}},{"to":[23.545,7.37593,5.21822],"rotation":{"origin":[14.365,4.69,8],"angle":45,"axis":"x"},"from":[8.315,7.28393,5.12493],"faces":{"down":{"rotation":180,"uv":[0,8,16,8.25],"texture":"#6"},"east":{"rotation":180,"uv":[0.5,7.75,0.75,8.25],"texture":"#5"},"up":{"rotation":180,"uv":[10.25,7.75,10.5,8.25],"texture":"#6"}}},{"to":[23.545,8.24302,9.57738],"rotation":{"origin":[14.365,4.69,8],"angle":-22.5,"axis":"x"},"from":[8.315,8.15102,9.48409],"faces":{"down":{"rotation":180,"uv":[15.75,15.75,16,16],"texture":"#6"},"east":{"rotation":180,"uv":[0.5,7.75,0.75,8.25],"texture":"#5"},"up":{"rotation":180,"uv":[10.25,7.5,10.5,8],"texture":"#6"}}},{"to":[23.545,7.37593,10.87507],"rotation":{"origin":[14.365,4.69,8],"angle":-45,"axis":"x"},"from":[8.315,7.28393,10.78178],"faces":{"down":{"rotation":180,"uv":[0,8,16,8.25],"texture":"#6"},"east":{"rotation":180,"uv":[0.5,7.75,0.75,8.25],"texture":"#5"},"up":{"rotation":180,"uv":[10.25,7.75,10.5,8.25],"texture":"#6"}}},{"to":[23.545,8.43216,6.32677],"rotation":{"origin":[14.365,4.69,8],"angle":22.5,"axis":"x"},"from":[8.315,8.33887,6.23477],"faces":{"east":{"rotation":90,"uv":[9,7.5,9.25,8],"texture":"#5"},"north":{"uv":[0,5,16,5.5],"texture":"#6"},"south":{"rotation":180,"uv":[15.75,15.75,16,16],"texture":"#6"}}},{"to":[23.545,8.73665,7.8575],"rotation":{"origin":[8,5.36,8],"angle":0,"axis":"y"},"from":[8.315,8.64335,7.7655],"faces":{"east":{"rotation":90,"uv":[0.5,7.75,0.75,8.25],"texture":"#5"},"north":{"uv":[0,5.5,16,6],"texture":"#6"},"south":{"rotation":180,"uv":[15.75,15.75,16,16],"texture":"#6"}}},{"to":[23.545,8.43216,9.38823],"rotation":{"origin":[14.365,4.69,8],"angle":-22.5,"axis":"x"},"from":[8.315,8.33887,9.29623],"faces":{"east":{"rotation":90,"uv":[0.5,7.75,0.75,8.25],"texture":"#5"},"north":{"rotation":180,"uv":[0,8,16,8.5],"texture":"#6"},"south":{"rotation":180,"uv":[10.25,7.75,10.5,8.25],"texture":"#6"}}},{"to":[-6.952,8.087,8.4555],"rotation":{"origin":[8,5.36,7.9465],"angle":0,"axis":"y"},"from":[-7.555,5.9465,7.5445],"faces":{"west":{"uv":[13,5,11.75,1.75],"texture":"#2"},"north":{"rotation":90,"uv":[9.25,15.25,12.5,16],"texture":"#1"},"south":{"rotation":90,"uv":[9.5,15.25,12.75,16],"texture":"#1"}}},{"to":[-7.87231,3.97322,8.456],"rotation":{"origin":[-2.452,2.6465,7.879],"angle":-22.5,"axis":"z"},"from":[-8.47531,3.00172,7.544],"faces":{"down":{"rotation":180,"uv":[8.25,9.25,9.25,10.5],"texture":"#1"},"west":{"uv":[11,5.25,9.75,4],"texture":"#1"},"east":{"uv":[10.25,5,11,6],"texture":"#1"},"north":{"uv":[10.75,4.5,11.5,5.75],"texture":"#1"},"south":{"uv":[10.75,4.5,11.5,5.75],"texture":"#1"}}},{"to":[-8.63768,11.15052,8.456],"rotation":{"origin":[-2.452,13.3535,7.879],"angle":22.5,"axis":"z"},"from":[-9.24068,10.17902,7.544],"faces":{"west":{"uv":[14.5,12.75,13.25,11.5],"texture":"#1"},"east":{"rotation":180,"uv":[14.25,5.5,13.5,4.5],"texture":"#1"},"north":{"rotation":180,"uv":[14.25,5,13.5,3.75],"texture":"#1"},"up":{"rotation":180,"uv":[12,2.5,11.25,4],"texture":"#1"},"south":{"rotation":180,"uv":[14.25,5,13.5,3.75],"texture":"#1"}}},{"to":[6.2665,9.6615,8.3685],"rotation":{"origin":[8,5.36,8],"angle":0,"axis":"y"},"from":[1.799,9.4605,7.6315],"faces":{"north":{"rotation":180,"uv":[15.5,6.75,0,7.5],"texture":"#5"},"west":{"rotation":180,"uv":[0,6.75,0.25,7.5],"texture":"#5"},"up":{"rotation":180,"uv":[16,3.25,0.5,4],"texture":"#5"},"down":{"rotation":90,"uv":[9.25,8,9.5,8.25],"texture":"#5"},"east":{"rotation":180,"uv":[0,6.75,0.25,7.5],"texture":"#5"},"south":{"rotation":180,"uv":[15.5,6.75,0,7.5],"texture":"#5"}}},{"to":[9.895,9.6615,8.3685],"rotation":{"origin":[8,5.36,8],"angle":0,"axis":"y"},"from":[8.89,9.4605,7.6315],"faces":{"north":{"rotation":180,"uv":[15.75,6.75,12.25,7.5],"texture":"#5"},"west":{"rotation":180,"uv":[0,6.75,0.25,7.5],"texture":"#5"},"up":{"rotation":180,"uv":[6.75,3.5,3.25,4.25],"texture":"#5"},"down":{"rotation":90,"uv":[9.25,8,9.5,8.25],"texture":"#5"},"east":{"rotation":180,"uv":[0,6.75,0.25,7.5],"texture":"#5"},"south":{"rotation":180,"uv":[15.75,6.75,12.25,7.5],"texture":"#5"}}},{"to":[8.89,9.6615,7.7655],"rotation":{"origin":[8,5.36,8],"angle":0,"axis":"y"},"from":[6.2665,9.4605,7.6315],"faces":{"down":{"rotation":90,"uv":[9.25,8,9.5,8.25],"texture":"#5"},"north":{"rotation":180,"uv":[6.5,6.75,16,7.5],"texture":"#5"},"up":{"rotation":180,"uv":[6.5,2.75,16,3.5],"texture":"#5"}}},{"to":[19.6468,9.61697,8.2814],"rotation":{"origin":[15.0734,9.561,8],"angle":-22.5,"axis":"x"},"from":[8.6,9.50502,7.7186],"faces":{"north":{"rotation":180,"uv":[0,5.25,16,5.5],"texture":"#5"},"south":{"uv":[0,4.25,16,4.5],"texture":"#5"}}},{"to":[19.6468,9.61698,8.2814],"rotation":{"origin":[15.0734,9.561,8],"angle":0,"axis":"y"},"from":[6.2,9.50502,7.7186],"faces":{"north":{"rotation":180,"uv":[0,5,16,5.25],"texture":"#5"},"south":{"uv":[0,4.5,16,4.75],"texture":"#5"}}},{"to":[8.739,9.46435,8.2595],"rotation":{"origin":[8,5.36,8],"angle":0,"axis":"y"},"from":[6.2,9.26435,7.7905],"faces":{"south":{"rotation":180,"uv":[5.75,4.25,9.75,4.75],"texture":"#5"}}},{"to":[19.6468,9.61697,8.2814],"rotation":{"origin":[15.0734,9.561,8],"angle":22.5,"axis":"x"},"from":[6.2,9.50502,7.7186],"faces":{"north":{"rotation":180,"uv":[0,4.75,16,5],"texture":"#5"},"south":{"uv":[0,4.75,16,5],"texture":"#5"}}},{"to":[19.6468,9.8424,8.05597],"rotation":{"origin":[15.0734,9.561,8],"angle":-45,"axis":"x"},"from":[6.2,9.2796,7.94402],"faces":{"down":{"uv":[0,5,16,5.25],"texture":"#5"},"up":{"rotation":180,"uv":[0,4.5,16,4.75],"texture":"#5"}}},{"to":[19.6468,9.8424,8.05598],"rotation":{"origin":[15.0734,9.561,8],"angle":-22.5,"axis":"x"},"from":[8.6,9.2796,7.94403],"faces":{"down":{"rotation":180,"uv":[0,5.75,16,6],"texture":"#5"},"up":{"rotation":180,"uv":[0,4.25,16,4.5],"texture":"#5"}}},{"to":[19.6468,9.8424,8.05598],"rotation":{"origin":[15.0734,9.561,8],"angle":0,"axis":"y"},"from":[8.6,9.2796,7.94402],"faces":{"down":{"rotation":180,"uv":[0,5.75,16,6],"texture":"#5"},"up":{"uv":[0,4,16,4.25],"texture":"#5"}}},{"to":[19.6468,9.8424,8.05597],"rotation":{"origin":[15.0734,9.561,8],"angle":22.5,"axis":"x"},"from":[8.6,9.2796,7.94402],"faces":{"down":{"rotation":180,"uv":[0,5.75,16,6],"texture":"#5"},"up":{"uv":[0,3.75,16,4],"texture":"#5"}}},{"to":[19.6468,9.8424,8.05598],"rotation":{"origin":[15.0734,9.561,8],"angle":45,"axis":"x"},"from":[8.6,9.2796,7.94403],"faces":{"down":{"rotation":180,"uv":[0,5.5,16,5.75],"texture":"#5"},"up":{"uv":[0,4,16,4.25],"texture":"#5"}}},{"to":[20.1412,9.62764,8.335],"rotation":{"origin":[8,5.36,8],"angle":0,"axis":"y"},"from":[19.6052,9.49436,7.665],"faces":{"west":{"rotation":90,"uv":[9.25,5.5,9.5,5.75],"texture":"#5"},"east":{"rotation":90,"uv":[7.5,0.75,8.188,2.25],"texture":"#6"},"north":{"rotation":180,"uv":[4,11,5,11.5],"texture":"#5"},"south":{"rotation":180,"uv":[4,11,5,11.5],"texture":"#5"}}},{"to":[20.141,9.59152,6.5359],"rotation":{"origin":[9.7085,5.561,8],"angle":22.5,"axis":"x"},"from":[19.605,8.92152,6.40263],"faces":{"down":{"uv":[15.75,15.75,16,16],"texture":"#5"},"west":{"uv":[9.5,5,9.75,6],"texture":"#5"},"east":{"rotation":180,"uv":[7.5,0.75,8.188,2.25],"texture":"#6"},"up":{"rotation":180,"uv":[0,5.25,1,5.75],"texture":"#5"}}},{"to":[20.1411,8.72443,5.23821],"rotation":{"origin":[9.7085,5.561,8],"angle":45,"axis":"x"},"from":[19.6051,8.05443,5.10493],"faces":{"down":{"uv":[7.75,8,8.75,8.25],"texture":"#5"},"west":{"rotation":90,"uv":[9.25,5.25,9.5,5.5],"texture":"#5"},"east":{"rotation":180,"uv":[7.5,0.75,8.188,2.25],"texture":"#6"},"up":{"uv":[0,4.75,1,5.25],"texture":"#6"}}},{"to":[20.141,9.32316,9.86573],"rotation":{"origin":[9.7085,5.561,8],"angle":-22.5,"axis":"x"},"from":[19.605,9.18988,9.19573],"faces":{"west":{"rotation":90,"uv":[9.25,5.5,9.5,5.75],"texture":"#5"},"east":{"rotation":90,"uv":[7.5,0.75,8.188,2.25],"texture":"#6"},"north":{"rotation":180,"uv":[2.5,8,3.5,8.5],"texture":"#5"},"south":{"rotation":180,"uv":[9,11.25,10,11.75],"texture":"#5"}}},{"to":[20.141,9.32316,6.80427],"rotation":{"origin":[9.7085,5.561,8],"angle":22.5,"axis":"x"},"from":[19.605,9.18988,6.13427],"faces":{"west":{"rotation":90,"uv":[9.25,5.5,9.5,5.75],"texture":"#5"},"east":{"rotation":90,"uv":[7.5,0.75,8.188,2.25],"texture":"#6"},"north":{"rotation":180,"uv":[9,11.25,10,11.75],"texture":"#5"},"south":{"rotation":180,"uv":[2.5,8,3.5,8.5],"texture":"#5"}}},{"to":[20.1411,8.72443,10.89507],"rotation":{"origin":[9.7085,5.561,8],"angle":-45,"axis":"x"},"from":[19.6051,8.05443,10.76179],"faces":{"down":{"uv":[7.75,8,8.75,8.25],"texture":"#5"},"west":{"rotation":90,"uv":[9.25,5.25,9.5,5.5],"texture":"#5"},"east":{"rotation":180,"uv":[7.5,0.75,8.188,2.25],"texture":"#6"},"up":{"rotation":180,"uv":[0,4.75,1,5.25],"texture":"#6"}}},{"to":[20.141,9.59152,9.59737],"rotation":{"origin":[9.7085,5.561,8],"angle":-22.5,"axis":"x"},"from":[19.605,8.92152,9.4641],"faces":{"down":{"uv":[15.75,15.75,16,16],"texture":"#5"},"west":{"uv":[9.5,5,9.75,6],"texture":"#5"},"east":{"rotation":180,"uv":[7.5,0.75,8.188,2.25],"texture":"#6"},"up":{"uv":[0,5.25,1,5.75],"texture":"#5"}}},{"to":[20.1413,9.896,8.06664],"rotation":{"origin":[8,5.36,8],"angle":0,"axis":"y"},"from":[19.6053,9.226,7.93336],"faces":{"down":{"uv":[15.75,15.75,16,16],"texture":"#5"},"east":{"rotation":180,"uv":[7.5,0.75,8.188,2.25],"texture":"#6"},"up":{"uv":[7.5,8,8.5,8.25],"texture":"#5"}}},{"to":[20.1209,8.76331,8.3685],"rotation":{"origin":[19.86295,8.69,8],"angle":22.5,"axis":"x"},"from":[19.58,8.6167,7.6315],"faces":{"west":{"rotation":90,"uv":[15.75,15.75,16,16],"texture":"#5"},"east":{"rotation":180,"uv":[9.25,5.5,9.5,5.75],"texture":"#5"},"north":{"rotation":180,"uv":[8.25,11.25,9.25,11.75],"texture":"#5"},"south":{"rotation":180,"uv":[2.5,8,3.5,8.5],"texture":"#5"}}},{"to":[25.1209,8.76331,8.3685],"rotation":{"origin":[19.86295,8.69,8],"angle":22.5,"axis":"x"},"from":[23.1049,8.6167,8.2315],"faces":{"down":{"rotation":180,"uv":[15.75,15.75,16,16],"texture":"#6"},"west":{"rotation":270,"uv":[7.75,8,8,8.75],"texture":"#5"},"east":{"rotation":90,"uv":[7.75,8,8,8.75],"texture":"#5"},"north":{"rotation":180,"uv":[8.5,11.75,8.75,12],"texture":"#6"},"south":{"rotation":180,"uv":[6,8,9.25,8.5],"texture":"#6"}}},{"to":[24.0209,8.7633,7.7685],"rotation":{"origin":[19.86295,8.69,8],"angle":22.5,"axis":"x"},"from":[23.105,8.61669,7.6315],"faces":{"west":{"rotation":270,"uv":[9.5,5.25,9.75,6],"texture":"#5"},"east":{"rotation":90,"uv":[9.5,5.25,9.75,6],"texture":"#5"},"north":{"uv":[5.75,5.25,7.25,5.75],"texture":"#6"},"south":{"rotation":180,"uv":[8.75,8.75,9,9],"texture":"#6"}}},{"to":[25.121,8.7633,7.7685],"rotation":{"origin":[19.86295,8.69,8],"angle":22.5,"axis":"x"},"from":[24.905,8.61669,7.6315],"faces":{"west":{"rotation":270,"uv":[9.5,5.25,9.75,6],"texture":"#5"},"east":{"rotation":90,"uv":[9.5,5.25,9.75,6],"texture":"#5"},"north":{"uv":[5.75,5.25,6.25,5.75],"texture":"#6"},"south":{"rotation":180,"uv":[8.75,8.75,9,9],"texture":"#6"}}},{"to":[20.3742,8.45216,6.80427],"rotation":{"origin":[9.7085,4.69,8],"angle":22.5,"axis":"x"},"from":[20.105,8.31888,6.13427],"faces":{"east":{"rotation":90,"uv":[9.25,5.25,9.5,5.75],"texture":"#5"},"north":{"rotation":180,"uv":[8.25,11.25,9.25,11.75],"texture":"#5"},"south":{"rotation":180,"uv":[2.5,8,3.5,8.5],"texture":"#5"}}},{"to":[20.1209,8.7633,8.3685],"rotation":{"origin":[19.86295,8.69,8],"angle":0,"axis":"y"},"from":[19.58,8.6167,7.6315],"faces":{"east":{"rotation":180,"uv":[9.25,5.5,9.5,5.75],"texture":"#5"},"north":{"rotation":180,"uv":[4,11,5,11.5],"texture":"#5"},"south":{"rotation":180,"uv":[4,11,5,11.5],"texture":"#5"}}},{"to":[25.1209,8.7633,7.7685],"rotation":{"origin":[19.86295,8.69,8],"angle":0,"axis":"y"},"from":[23.105,8.6167,7.6315],"faces":{"west":{"rotation":90,"uv":[7.75,8,8,8.75],"texture":"#5"},"east":{"rotation":270,"uv":[7.75,8,8,8.75],"texture":"#5"},"north":{"uv":[6.75,5.75,10,6.25],"texture":"#6"},"up":{"uv":[6.25,7.25,9.5,7.75],"texture":"#6"},"south":{"rotation":180,"uv":[8.25,11.5,8.5,11.75],"texture":"#6"}}},{"to":[25.1209,8.7633,8.3685],"rotation":{"origin":[19.86295,8.69,8],"angle":0,"axis":"x"},"from":[23.105,8.6167,8.2315],"faces":{"west":{"rotation":270,"uv":[7.75,8,8,8.75],"texture":"#5"},"east":{"rotation":90,"uv":[7.75,8,8,8.75],"texture":"#5"},"north":{"rotation":180,"uv":[8.25,11.5,8.5,11.75],"texture":"#6"},"up":{"rotation":180,"uv":[6.25,7.25,9.5,7.75],"texture":"#6"},"south":{"uv":[6.75,5.75,10,6.25],"texture":"#6"}}},{"to":[20.374,8.75664,8.335],"rotation":{"origin":[8,5.36,8],"angle":0,"axis":"y"},"from":[20.105,8.62336,7.665],"faces":{"east":{"rotation":180,"uv":[9.25,5.5,9.5,5.75],"texture":"#5"},"north":{"rotation":180,"uv":[4,11,5,11.5],"texture":"#5"},"south":{"rotation":180,"uv":[4,11,5,11.5],"texture":"#5"}}},{"to":[20.1209,8.76331,8.3685],"rotation":{"origin":[19.86295,8.69,8],"angle":-22.5,"axis":"x"},"from":[19.58,8.6167,7.6315],"faces":{"west":{"rotation":90,"uv":[15.75,15.75,16,16],"texture":"#5"},"east":{"rotation":180,"uv":[9.25,5.5,9.5,5.75],"texture":"#5"},"north":{"rotation":180,"uv":[2.5,8,3.5,8.5],"texture":"#5"},"south":{"rotation":180,"uv":[11.25,11.25,12.25,11.75],"texture":"#5"}}},{"to":[25.1209,8.76331,7.7685],"rotation":{"origin":[19.86295,8.69,8],"angle":-22.5,"axis":"x"},"from":[23.1049,8.6167,7.6315],"faces":{"down":{"rotation":180,"uv":[15.75,15.75,16,16],"texture":"#6"},"west":{"rotation":90,"uv":[7.75,8,8,8.75],"texture":"#5"},"east":{"rotation":270,"uv":[7.75,8,8,8.75],"texture":"#5"},"north":{"rotation":180,"uv":[6,8,9.25,8.5],"texture":"#6"},"south":{"rotation":180,"uv":[8.5,11.75,8.75,12],"texture":"#6"}}},{"to":[24.0209,8.7633,8.3685],"rotation":{"origin":[19.86295,8.69,8],"angle":-22.5,"axis":"x"},"from":[23.105,8.61669,8.2315],"faces":{"west":{"rotation":90,"uv":[9.5,5.25,9.75,6],"texture":"#5"},"east":{"rotation":270,"uv":[9.5,5.25,9.75,6],"texture":"#5"},"north":{"rotation":180,"uv":[8.75,8.75,9,9],"texture":"#6"},"south":{"uv":[5.75,5.25,7.25,5.75],"texture":"#6"}}},{"to":[25.121,8.7633,8.3685],"rotation":{"origin":[19.86295,8.69,8],"angle":-22.5,"axis":"x"},"from":[24.905,8.61669,8.2315],"faces":{"west":{"rotation":90,"uv":[9.5,5.25,9.75,6],"texture":"#5"},"east":{"rotation":270,"uv":[9.5,5.25,9.75,6],"texture":"#5"},"north":{"rotation":180,"uv":[8.75,8.75,9,9],"texture":"#6"},"south":{"uv":[5.75,5.25,6.25,5.75],"texture":"#6"}}},{"to":[20.3742,8.45216,9.86573],"rotation":{"origin":[9.7085,4.69,8],"angle":-22.5,"axis":"x"},"from":[20.105,8.31888,9.19573],"faces":{"east":{"rotation":270,"uv":[9.25,5.25,9.5,5.75],"texture":"#5"},"north":{"rotation":180,"uv":[2.5,8,3.5,8.5],"texture":"#5"},"south":{"rotation":180,"uv":[11.25,11.25,12.25,11.75],"texture":"#5"}}},{"to":[20.1209,9.0585,8.0733],"rotation":{"origin":[19.86295,8.69,8],"angle":45,"axis":"x"},"from":[19.58,8.3215,7.92669],"faces":{"down":{"uv":[7.75,8,8.75,8.25],"texture":"#5"},"west":{"rotation":90,"uv":[15.75,15.75,16,16],"texture":"#5"},"east":{"rotation":180,"uv":[9.25,5.5,9.5,5.75],"texture":"#5"},"up":{"uv":[3.75,4.75,4.75,5.25],"texture":"#6"}}},{"to":[24.0209,8.4585,8.0733],"rotation":{"origin":[19.86295,8.69,8],"angle":45,"axis":"x"},"from":[23.105,8.3215,7.92669],"faces":{"down":{"rotation":180,"uv":[6,8,7.5,8.25],"texture":"#6"},"west":{"uv":[7.75,8,8,8.75],"texture":"#5"},"east":{"uv":[7.75,8,8,8.75],"texture":"#5"},"up":{"rotation":180,"uv":[8.5,12,8.75,12.25],"texture":"#6"}}},{"to":[25.1209,8.4585,8.0733],"rotation":{"origin":[19.86295,8.69,8],"angle":45,"axis":"x"},"from":[24.905,8.3215,7.92669],"faces":{"down":{"rotation":180,"uv":[6,8,6.5,8.25],"texture":"#6"},"west":{"uv":[7.75,8,8,8.75],"texture":"#5"},"east":{"uv":[7.75,8,8,8.75],"texture":"#5"},"up":{"rotation":180,"uv":[8.5,12,8.75,12.25],"texture":"#6"}}},{"to":[25.1208,9.0585,8.07331],"rotation":{"origin":[19.86295,8.69,8],"angle":45,"axis":"x"},"from":[23.1049,8.9215,7.9267],"faces":{"down":{"rotation":180,"uv":[8.75,8.5,9,8.75],"texture":"#6"},"west":{"uv":[9.5,5,9.75,5.75],"texture":"#5"},"east":{"uv":[9.5,5,9.75,5.75],"texture":"#5"},"up":{"uv":[6.75,4.75,10,5.25],"texture":"#6"},"south":{"uv":[6.25,7.75,9.5,8.25],"texture":"#6"}}},{"to":[20.374,7.85343,5.23821],"rotation":{"origin":[9.7085,4.69,8],"angle":45,"axis":"x"},"from":[20.105,7.18343,5.10493],"faces":{"down":{"uv":[7.75,8,8.75,8.25],"texture":"#5"},"east":{"uv":[9.5,5,9.75,6],"texture":"#5"},"up":{"uv":[3.75,4.75,4.75,5.25],"texture":"#6"}}},{"to":[20.1209,9.0585,8.0733],"rotation":{"origin":[19.86295,8.69,8],"angle":22.5,"axis":"x"},"from":[19.58,8.3215,7.9267],"faces":{"down":{"uv":[15.75,15.75,16,16],"texture":"#5"},"west":{"rotation":90,"uv":[15.75,15.75,16,16],"texture":"#5"},"east":{"uv":[9.5,5,9.75,6],"texture":"#5"},"up":{"uv":[0,7.5,1.25,8],"texture":"#5"}}},{"to":[25.1209,8.4585,8.0733],"rotation":{"origin":[19.86295,8.69,8],"angle":22.5,"axis":"x"},"from":[23.105,8.3215,7.9267],"faces":{"down":{"rotation":180,"uv":[15.75,15.75,16,16],"texture":"#6"},"west":{"uv":[7.75,8,8,8.75],"texture":"#5"},"east":{"uv":[7.75,8,8,8.75],"texture":"#5"},"north":{"uv":[6,8,9.25,8.5],"texture":"#6"},"up":{"rotation":180,"uv":[8,4.75,8.25,5],"texture":"#6"}}},{"to":[25.1209,9.0585,8.0733],"rotation":{"origin":[19.86295,8.69,8],"angle":22.5,"axis":"x"},"from":[23.105,8.9215,7.9267],"faces":{"down":{"rotation":180,"uv":[15.75,15.75,16,16],"texture":"#6"},"west":{"uv":[9.5,4.75,9.75,5.5],"texture":"#5"},"east":{"uv":[9.5,4.75,9.75,5.5],"texture":"#5"},"north":{"uv":[1.25,1.75,4.5,2.25],"texture":"#6"},"up":{"uv":[4.75,4.25,8,4.75],"texture":"#6"}}},{"to":[20.3742,8.72052,6.5359],"rotation":{"origin":[9.7085,4.69,8],"angle":22.5,"axis":"x"},"from":[20.105,8.05052,6.40263],"faces":{"down":{"uv":[15.75,15.75,16,16],"texture":"#5"},"east":{"uv":[9.5,4.75,9.75,5.75],"texture":"#5"},"up":{"uv":[2.25,4.75,3.25,5.25],"texture":"#5"}}},{"to":[20.1209,9.0585,8.07331],"rotation":{"origin":[19.86295,8.69,8],"angle":-45,"axis":"x"},"from":[19.58,8.3215,7.9267],"faces":{"down":{"uv":[7.75,8,8.75,8.25],"texture":"#5"},"west":{"rotation":90,"uv":[15.75,15.75,16,16],"texture":"#5"},"east":{"rotation":180,"uv":[9.25,5.5,9.5,5.75],"texture":"#5"},"up":{"rotation":180,"uv":[4.5,4.75,5.5,5.25],"texture":"#6"}}},{"to":[24.0209,8.4585,8.07331],"rotation":{"origin":[19.86295,8.69,8],"angle":-45,"axis":"x"},"from":[23.105,8.3215,7.9267],"faces":{"down":{"rotation":180,"uv":[6,8,7.5,8.25],"texture":"#6"},"west":{"uv":[7.75,8,8,8.75],"texture":"#5"},"east":{"uv":[7.75,8,8,8.75],"texture":"#5"},"up":{"rotation":180,"uv":[8.5,12,8.75,12.25],"texture":"#6"}}},{"to":[25.1209,8.4585,8.07331],"rotation":{"origin":[19.86295,8.69,8],"angle":-45,"axis":"x"},"from":[24.905,8.3215,7.9267],"faces":{"down":{"rotation":180,"uv":[6,8,6.5,8.25],"texture":"#6"},"west":{"uv":[7.75,8,8,8.75],"texture":"#5"},"east":{"uv":[7.75,8,8,8.75],"texture":"#5"},"up":{"rotation":180,"uv":[8.5,12,8.75,12.25],"texture":"#6"}}},{"to":[25.1208,8.7633,7.7685],"rotation":{"origin":[19.86295,8.69,8],"angle":45,"axis":"x"},"from":[23.1049,8.61669,7.6315],"faces":{"down":{"rotation":180,"uv":[6.25,7.75,9.5,8.25],"texture":"#6"},"west":{"rotation":270,"uv":[9.5,5,9.75,5.75],"texture":"#5"},"east":{"rotation":90,"uv":[9.5,5,9.75,5.75],"texture":"#5"},"north":{"uv":[6.75,4.75,10,5.25],"texture":"#6"},"south":{"rotation":180,"uv":[8.75,8.5,9,8.75],"texture":"#6"}}},{"to":[20.374,7.85343,10.89507],"rotation":{"origin":[9.7085,4.69,8],"angle":-45,"axis":"x"},"from":[20.105,7.18343,10.76179],"faces":{"down":{"uv":[7.75,8,8.75,8.25],"texture":"#5"},"east":{"uv":[9.5,5,9.75,6],"texture":"#5"},"up":{"rotation":180,"uv":[4.5,4.75,5.5,5.25],"texture":"#6"}}},{"to":[20.1209,9.0585,8.0733],"rotation":{"origin":[19.86295,8.69,8],"angle":-22.5,"axis":"x"},"from":[19.58,8.3215,7.9267],"faces":{"down":{"uv":[15.75,15.75,16,16],"texture":"#5"},"west":{"rotation":90,"uv":[15.75,15.75,16,16],"texture":"#5"},"east":{"uv":[9.5,5,9.75,6],"texture":"#5"},"up":{"rotation":180,"uv":[0,7.5,1.25,8],"texture":"#5"}}},{"to":[25.1209,8.4585,8.0733],"rotation":{"origin":[19.86295,8.69,8],"angle":-22.5,"axis":"x"},"from":[23.105,8.3215,7.9267],"faces":{"down":{"rotation":180,"uv":[15.75,15.75,16,16],"texture":"#6"},"west":{"uv":[7.75,8,8,8.75],"texture":"#5"},"east":{"uv":[7.75,8,8,8.75],"texture":"#5"},"up":{"rotation":180,"uv":[8,4.75,8.25,5],"texture":"#6"},"south":{"uv":[6,8,9.25,8.5],"texture":"#6"}}},{"to":[25.1209,9.0585,8.0733],"rotation":{"origin":[19.86295,8.69,8],"angle":-22.5,"axis":"x"},"from":[23.105,8.9215,7.9267],"faces":{"down":{"rotation":180,"uv":[15.75,15.75,16,16],"texture":"#6"},"west":{"uv":[9.5,4.75,9.75,5.5],"texture":"#5"},"east":{"uv":[9.5,4.75,9.75,5.5],"texture":"#5"},"up":{"rotation":180,"uv":[0,4.25,3.25,4.75],"texture":"#6"},"south":{"uv":[1.25,1.75,4.5,2.25],"texture":"#6"}}},{"to":[20.3742,8.72052,9.59737],"rotation":{"origin":[9.7085,4.69,8],"angle":-22.5,"axis":"x"},"from":[20.105,8.05052,9.4641],"faces":{"down":{"uv":[15.75,15.75,16,16],"texture":"#5"},"east":{"uv":[9.5,4.75,9.75,5.75],"texture":"#5"},"up":{"rotation":180,"uv":[2.25,4.75,3.25,5.25],"texture":"#5"}}},{"to":[20.1209,9.0585,8.0733],"rotation":{"origin":[19.86295,8.69,8],"angle":0,"axis":"y"},"from":[19.58,8.3215,7.9267],"faces":{"down":{"uv":[15.75,15.75,16,16],"texture":"#5"},"west":{"rotation":90,"uv":[15.75,15.75,16,16],"texture":"#5"},"east":{"uv":[9.5,5,9.75,6],"texture":"#5"},"up":{"uv":[0,7,1.25,7.5],"texture":"#5"}}},{"to":[25.1209,8.4585,8.0733],"rotation":{"origin":[19.86295,8.69,8],"angle":0,"axis":"y"},"from":[23.105,8.3215,7.9267],"faces":{"down":{"rotation":180,"uv":[15.75,15.75,16,16],"texture":"#6"},"west":{"uv":[7.75,8,8,8.75],"texture":"#5"},"east":{"uv":[7.75,8,8,8.75],"texture":"#5"},"up":{"rotation":180,"uv":[8,4.75,8.25,5],"texture":"#6"}}},{"to":[24.0208,9.0585,8.0733],"rotation":{"origin":[19.86295,8.69,8],"angle":0,"axis":"x"},"from":[23.1049,8.9215,7.9267],"faces":{"down":{"rotation":180,"uv":[15.75,15.75,16,16],"texture":"#6"},"west":{"uv":[9.5,4.5,9.75,5.25],"texture":"#5"},"east":{"uv":[9.5,4.5,9.75,5.25],"texture":"#5"},"up":{"rotation":180,"uv":[0,3.25,1.5,3.75],"texture":"#6"}}},{"to":[25.121,9.0585,8.0733],"rotation":{"origin":[19.86295,8.69,8],"angle":0,"axis":"x"},"from":[24.9051,8.9215,7.9267],"faces":{"down":{"rotation":180,"uv":[15.75,15.75,16,16],"texture":"#6"},"west":{"uv":[9.5,4.5,9.75,5.25],"texture":"#5"},"east":{"uv":[9.5,4.5,9.75,5.25],"texture":"#5"},"up":{"rotation":180,"uv":[0,3.25,0.5,3.75],"texture":"#6"}}},{"to":[20.374,9.025,8.06664],"rotation":{"origin":[8,5.36,8],"angle":0,"axis":"y"},"from":[20.105,8.355,7.93336],"faces":{"down":{"uv":[15.75,15.75,16,16],"texture":"#5"},"east":{"uv":[9.5,4.5,9.75,6],"texture":"#5"},"up":{"uv":[12.75,1,13.75,1.5],"texture":"#6"}}},{"to":[20.007,10.19416,6.20977],"rotation":{"origin":[9.7085,6.432,8],"angle":22.5,"axis":"x"},"from":[19.605,10.06088,6.13427],"faces":{"west":{"rotation":270,"uv":[10.5,4.5,11.5,5],"texture":"#6"},"east":{"rotation":90,"uv":[10.5,4.5,11.5,5],"texture":"#6"},"north":{"uv":[0,4.75,1,5.25],"texture":"#6"},"south":{"rotation":180,"uv":[10.5,5,11.5,5.5],"texture":"#6"}}},{"to":[20.0071,10.49864,7.7405],"rotation":{"origin":[8,5.36,8],"angle":0,"axis":"y"},"from":[19.6051,10.36536,7.665],"faces":{"west":{"rotation":270,"uv":[0,7,1,7.5],"texture":"#6"},"east":{"rotation":270,"uv":[0,7,1,7.5],"texture":"#6"},"north":{"rotation":180,"uv":[9,11.25,10,11.75],"texture":"#5"},"south":{"rotation":180,"uv":[10.5,4.5,11.5,5],"texture":"#6"}}},{"to":[20.007,10.19416,9.27123],"rotation":{"origin":[9.7085,6.432,8],"angle":-22.5,"axis":"x"},"from":[19.605,10.06088,9.19573],"faces":{"west":{"rotation":90,"uv":[10.25,4.75,11.25,5.25],"texture":"#6"},"east":{"rotation":270,"uv":[10.25,4.75,11.25,5.25],"texture":"#6"},"north":{"rotation":180,"uv":[4,11,5,11.5],"texture":"#5"},"south":{"rotation":180,"uv":[11,4,12,4.5],"texture":"#6"}}},{"to":[20.0071,9.00093,5.23821],"rotation":{"origin":[9.7085,6.432,8],"angle":45,"axis":"x"},"from":[19.6051,8.92543,5.10493],"faces":{"down":{"uv":[2.5,8,3.5,8.5],"texture":"#5"},"west":{"uv":[10.25,5,11.25,5.5],"texture":"#6"},"east":{"uv":[10.25,5,11.25,5.5],"texture":"#6"},"up":{"rotation":180,"uv":[11,4.25,12,4.75],"texture":"#5"}}},{"to":[20.007,9.86802,6.5609],"rotation":{"origin":[9.7085,6.432,8],"angle":22.5,"axis":"x"},"from":[19.605,9.79252,6.40263],"faces":{"down":{"uv":[7.75,8,8.75,8.25],"texture":"#5"},"west":{"uv":[10.25,5,11.25,5.5],"texture":"#6"},"east":{"uv":[10.25,5,11.25,5.5],"texture":"#6"},"up":{"uv":[15,7.25,16,7.75],"texture":"#5"}}},{"to":[20.0071,9.00093,10.89507],"rotation":{"origin":[9.7085,6.432,8],"angle":-45,"axis":"x"},"from":[19.6051,8.92543,10.76179],"faces":{"down":{"rotation":180,"uv":[2.5,8,3.5,8.5],"texture":"#5"},"west":{"uv":[10.25,5,11.25,5.5],"texture":"#6"},"east":{"uv":[10.25,5,11.25,5.5],"texture":"#6"},"up":{"uv":[11,4.25,12,4.75],"texture":"#5"}}},{"to":[20.007,9.86802,9.59737],"rotation":{"origin":[9.7085,6.432,8],"angle":-22.5,"axis":"x"},"from":[19.605,9.79252,9.4391],"faces":{"down":{"uv":[7.75,8,8.75,8.25],"texture":"#5"},"west":{"uv":[10.25,5,11.25,5.5],"texture":"#6"},"east":{"uv":[10.25,5,11.25,5.5],"texture":"#6"},"up":{"rotation":180,"uv":[15,7.25,16,7.75],"texture":"#5"}}},{"to":[20.0065,10.432,8.04164],"rotation":{"origin":[8,5.36,8.025],"angle":0,"axis":"y"},"from":[19.6045,10.097,7.95836],"faces":{"west":{"rotation":180,"uv":[6.75,10.75,7.5,12.5],"texture":"#6"},"east":{"uv":[6.75,10.75,7.5,12.5],"texture":"#6"},"north":{"rotation":180,"uv":[6.75,10,8,11.75],"texture":"#6"},"up":{"rotation":180,"uv":[12.5,7.25,13.5,7.75],"texture":"#5"},"south":{"rotation":180,"uv":[6.75,10,8,11.75],"texture":"#6"}}},{"to":[20.007,10.19416,9.86573],"rotation":{"origin":[9.7085,6.432,8],"angle":-22.5,"axis":"x"},"from":[19.605,10.06088,9.79023],"faces":{"west":{"rotation":90,"uv":[10.5,4.5,11.5,5],"texture":"#6"},"east":{"rotation":270,"uv":[10.5,4.5,11.5,5],"texture":"#6"},"north":{"rotation":180,"uv":[10.5,5,11.5,5.5],"texture":"#6"},"south":{"uv":[0,4.75,1,5.25],"texture":"#6"}}},{"to":[20.0071,10.49864,8.335],"rotation":{"origin":[8,5.36,8],"angle":0,"axis":"y"},"from":[19.6051,10.36536,8.2595],"faces":{"west":{"rotation":270,"uv":[0,7,1,7.5],"texture":"#6"},"east":{"rotation":270,"uv":[0,7,1,7.5],"texture":"#6"},"north":{"rotation":180,"uv":[10.5,4.5,11.5,5],"texture":"#6"},"south":{"rotation":180,"uv":[9,11.25,10,11.75],"texture":"#5"}}},{"to":[20.007,10.19416,6.80427],"rotation":{"origin":[9.7085,6.432,8],"angle":22.5,"axis":"x"},"from":[19.605,10.06088,6.72877],"faces":{"west":{"rotation":270,"uv":[10.25,4.75,11.25,5.25],"texture":"#6"},"east":{"rotation":90,"uv":[10.25,4.75,11.25,5.25],"texture":"#6"},"north":{"rotation":180,"uv":[11,4,12,4.5],"texture":"#6"},"south":{"rotation":180,"uv":[4,11,5,11.5],"texture":"#5"}}},{"to":[20.0071,9.59543,5.23821],"rotation":{"origin":[9.7085,6.432,8],"angle":45,"axis":"x"},"from":[19.6051,9.51993,5.10493],"faces":{"down":{"rotation":180,"uv":[10.5,8.25,11.5,8.75],"texture":"#6"},"west":{"uv":[11.25,4.25,12.25,4.75],"texture":"#6"},"east":{"uv":[11.25,4.25,12.25,4.75],"texture":"#6"},"up":{"uv":[5,4.25,6,4.75],"texture":"#6"}}},{"to":[20.007,10.46252,6.5359],"rotation":{"origin":[9.7085,6.432,8],"angle":22.5,"axis":"x"},"from":[19.605,10.38702,6.40263],"faces":{"down":{"rotation":180,"uv":[10.25,8,11.25,8.5],"texture":"#6"},"west":{"uv":[13.25,4.25,14.25,4.75],"texture":"#6"},"east":{"uv":[13.25,4.25,14.25,4.75],"texture":"#6"},"up":{"uv":[14.75,4.25,15.75,4.75],"texture":"#5"}}},{"to":[20.0071,10.767,8.06664],"rotation":{"origin":[8,5.36,8],"angle":0,"axis":"y"},"from":[19.6051,10.6915,7.93336],"faces":{"down":{"rotation":180,"uv":[15.75,15.75,16,16],"texture":"#6"},"west":{"uv":[14.5,4,15.5,4.5],"texture":"#6"},"east":{"uv":[14.5,4,15.5,4.5],"texture":"#6"},"up":{"rotation":180,"uv":[13.5,2.5,14.5,3],"texture":"#5"}}},{"to":[20.007,10.46252,9.59737],"rotation":{"origin":[9.7085,6.432,8],"angle":-22.5,"axis":"x"},"from":[19.605,10.38702,9.4641],"faces":{"down":{"uv":[10.25,8,11.25,8.5],"texture":"#6"},"west":{"uv":[13.25,4.25,14.25,4.75],"texture":"#6"},"east":{"uv":[13.25,4.25,14.25,4.75],"texture":"#6"},"up":{"rotation":180,"uv":[6.5,4.25,7.5,4.75],"texture":"#5"}}},{"to":[20.0071,9.59543,10.89507],"rotation":{"origin":[9.7085,6.432,8],"angle":-45,"axis":"x"},"from":[19.6051,9.51993,10.76179],"faces":{"down":{"uv":[10.5,8.25,11.5,8.75],"texture":"#6"},"west":{"uv":[11.25,4.25,12.25,4.75],"texture":"#6"},"east":{"uv":[11.25,4.25,12.25,4.75],"texture":"#6"},"up":{"rotation":180,"uv":[4,4.25,5,4.75],"texture":"#6"}}},{"to":[20.007,10.13875,8.1505],"rotation":{"origin":[8,5.36,8.05],"angle":0,"axis":"y"},"from":[19.605,9.44375,7.8495],"faces":{"west":{"rotation":90,"uv":[6,11.25,9,12],"texture":"#6"},"north":{"rotation":90,"uv":[7,11.5,10,12.25],"texture":"#6"},"south":{"rotation":270,"uv":[7,11.5,10,12.25],"texture":"#6"}}},{"to":[21.24086,8.40881,8.1505],"rotation":{"origin":[16.107,6.18075,8.05],"angle":22.5,"axis":"z"},"from":[21.10686,8.04881,7.8495],"faces":{"east":{"uv":[11,4,11.75,5.25],"texture":"#6"},"north":{"rotation":90,"uv":[7,12.25,9,12.5],"texture":"#6"},"south":{"rotation":90,"uv":[7,12.25,9,12.5],"texture":"#6"}}},{"to":[18.701,9.62764,8.335],"rotation":{"origin":[8,5.36,8],"angle":0,"axis":"y"},"from":[8.739,9.49436,8.1675],"faces":{"west":{"rotation":90,"uv":[9.75,5.5,10,5.75],"texture":"#5"},"east":{"rotation":180,"uv":[9.25,5.5,9.5,5.75],"texture":"#5"},"south":{"uv":[0,7.5,9.25,8],"texture":"#5"}}},{"to":[18.701,9.32316,6.80427],"rotation":{"origin":[9.7085,5.561,8],"angle":22.5,"axis":"x"},"from":[8.739,9.18988,6.63677],"faces":{"west":{"rotation":90,"uv":[9.75,5.5,10,5.75],"texture":"#5"},"east":{"rotation":90,"uv":[9.25,5.25,9.5,5.75],"texture":"#5"},"south":{"rotation":180,"uv":[0,8,9.25,8.5],"texture":"#5"}}},{"to":[18.70093,9.62764,7.8995],"rotation":{"origin":[8,5.36,8],"angle":0,"axis":"y"},"from":[1.67593,9.49436,7.665],"faces":{"east":{"rotation":180,"uv":[9.25,5.5,9.5,5.75],"texture":"#5"},"north":{"uv":[0,7.5,16,8],"texture":"#5"},"up":{"rotation":180,"uv":[0,3.25,16,3.5],"texture":"#5"}}},{"to":[18.701,9.32316,6.40227],"rotation":{"origin":[9.7085,5.561,8],"angle":22.5,"axis":"x"},"from":[15.026,9.18988,6.13427],"faces":{"east":{"rotation":90,"uv":[9.25,5.25,9.5,5.75],"texture":"#5"},"north":{"rotation":180,"uv":[9,11.75,12.5,12.25],"texture":"#5"}}},{"to":[18.701,8.72443,10.89507],"rotation":{"origin":[9.7085,5.561,8],"angle":-45,"axis":"x"},"from":[11.816,8.55693,10.76179],"faces":{"west":{"rotation":90,"uv":[1,11.5,1.25,12],"texture":"#5"},"east":{"rotation":180,"uv":[9.5,5,9.75,5.25],"texture":"#5"},"north":{"rotation":90,"uv":[5,11.5,5.25,11.75],"texture":"#5"},"up":{"rotation":180,"uv":[0,4.5,6.5,5],"texture":"#6"}}},{"to":[18.701,8.25543,10.89507],"rotation":{"origin":[9.7085,5.561,8],"angle":-45,"axis":"x"},"from":[8.739,8.05443,10.76179],"faces":{"down":{"rotation":180,"uv":[9.5,10.25,9.75,10.5],"texture":"#5"},"west":{"rotation":90,"uv":[9.75,5.5,10,5.75],"texture":"#5"},"east":{"rotation":180,"uv":[9,5.75,9.25,6],"texture":"#5"}}},{"to":[9.015,8.82327,8.5695],"rotation":{"origin":[8,5.36,8],"angle":0,"axis":"y"},"from":[0.81,8.55673,7.4305],"faces":{"north":{"rotation":180,"uv":[6,5,16,5.5],"texture":"#5"},"south":{"rotation":180,"uv":[6,5,16,5.5],"texture":"#5"}}},{"to":[10.5,8.82327,8.67],"rotation":{"origin":[8,5.36,8],"angle":0,"axis":"y"},"from":[8.86,8.55673,7.33],"faces":{"west":{"rotation":180,"uv":[6,4.75,6.25,5.25],"texture":"#5"},"east":{"rotation":180,"uv":[9.5,10.25,9.75,10.5],"texture":"#5"},"north":{"uv":[6.25,5.25,8,6],"texture":"#5"},"south":{"uv":[6.25,5.25,8,6],"texture":"#5"}}},{"to":[19.6,8.81661,8.6365],"rotation":{"origin":[8.15,5.5265,8],"angle":0,"axis":"y"},"from":[10.5,8.56339,7.3635],"faces":{"down":{"uv":[0,7.5,13.25,11.75],"texture":"#2"},"east":{"rotation":90,"uv":[8.25,7,8.75,12.25],"texture":"#2"},"north":{"uv":[0,4.25,13.25,4.75],"texture":"#2"},"up":{"uv":[0,4.75,13.25,7.25],"texture":"#1"},"south":{"uv":[2.75,4.25,16,4.75],"texture":"#2"}}},{"to":[19.55,9.41661,8.3865],"rotation":{"origin":[8.15,5.5265,7.95],"angle":0,"axis":"y"},"from":[19,8.81339,7.6135],"faces":{"west":{"uv":[9.75,4,10,5],"texture":"#2"},"east":{"uv":[2.75,4.25,3.75,5.25],"texture":"#1"},"north":{"uv":[9.75,4,10.75,5],"texture":"#2"},"up":{"uv":[10.5,2,11.5,3],"texture":"#1"},"south":{"uv":[9.75,4,10.75,5],"texture":"#2"}}},{"to":[10.5,7.01593,5.30484],"rotation":{"origin":[7.1625,4.69,8],"angle":45,"axis":"x"},"from":[0.81,6.84843,5.0383],"faces":{"down":{"uv":[0,8,10,8.75],"texture":"#5"},"east":{"rotation":180,"uv":[9.5,10.25,9.75,10.5],"texture":"#5"}}},{"to":[19.6005,7.29963,5.4396],"rotation":{"origin":[7.35437,4.89,8],"angle":45,"axis":"x"},"from":[18.6,6.94051,5.18638],"faces":{"down":{"uv":[8.75,11.75,10.25,12.25],"texture":"#2"},"west":{"rotation":90,"uv":[2,5,3.25,5.5],"texture":"#2"},"east":{"rotation":180,"uv":[8.25,7,8.75,8.5],"texture":"#2"}}},{"to":[19.6005,7.29963,10.81362],"rotation":{"origin":[7.35437,4.89,8],"angle":-45,"axis":"x"},"from":[18.6,6.94051,10.5604],"faces":{"down":{"rotation":180,"uv":[10.25,11.75,11.75,12.25],"texture":"#2"},"west":{"rotation":270,"uv":[2,5,3.25,5.5],"texture":"#2"},"east":{"rotation":180,"uv":[8.25,7,8.75,8.5],"texture":"#2"}}},{"to":[10.9,7.29962,5.4396],"rotation":{"origin":[8.64563,4.88999,8],"angle":45,"axis":"x"},"from":[10.5,6.9405,5.18638],"faces":{"down":{"uv":[10.25,11.75,10.75,12.25],"texture":"#2"},"east":{"rotation":270,"uv":[2,5,3.25,5.5],"texture":"#2"}}},{"to":[10.9,7.29962,10.81362],"rotation":{"origin":[8.64563,4.88999,8],"angle":-45,"axis":"x"},"from":[10.5,6.9405,10.5604],"faces":{"down":{"rotation":180,"uv":[11.75,11.75,12.25,12.25],"texture":"#2"},"east":{"rotation":90,"uv":[2,5,3.25,5.5],"texture":"#2"}}},{"to":[10.5,7.88302,6.60254],"rotation":{"origin":[7.1625,4.69,8],"angle":22.5,"axis":"x"},"from":[0.81,7.71552,6.336],"faces":{"down":{"rotation":180,"uv":[15.75,15.75,16,16],"texture":"#5"},"east":{"rotation":180,"uv":[9.5,10.25,9.75,10.5],"texture":"#5"}}},{"to":[19.6,8.12337,6.67241],"rotation":{"origin":[7.35437,4.89,8],"angle":22.5,"axis":"x"},"from":[10.5,7.76424,6.4192],"faces":{"down":{"rotation":180,"uv":[0,5,13.25,5.5],"texture":"#2"},"east":{"rotation":180,"uv":[8.25,7,8.75,8.5],"texture":"#2"},"north":{"uv":[1.75,3.25,15,3.5],"texture":"#1"}}},{"to":[10.499,8.18843,5.30484],"rotation":{"origin":[12.9915,4.69,8],"angle":45,"axis":"x"},"from":[8.739,8.02093,4.8383],"faces":{"west":{"rotation":90,"uv":[9.75,4.25,10,5.25],"texture":"#5"},"east":{"rotation":180,"uv":[9.5,10.25,9.75,10.5],"texture":"#5"},"up":{"uv":[6.25,11.25,8,12.25],"texture":"#5"}}},{"to":[8.739,8.13219,5.91095],"rotation":{"origin":[8.6365,5.32412,8.23688],"angle":45,"axis":"x"},"from":[6.3675,8.0389,5.24095],"faces":{"up":{"uv":[3.5,4,7.5,5],"texture":"#5"}}},{"to":[19.554,9.62764,8.335],"rotation":{"origin":[8,5.36,8],"angle":0,"axis":"y"},"from":[18.977,8.69436,7.665],"faces":{"west":{"rotation":180,"uv":[9.25,5.5,9.5,5.75],"texture":"#5"},"east":{"rotation":180,"uv":[5.75,8,6.75,10.75],"texture":"#6"},"north":{"uv":[1.25,7.75,2.25,10.75],"texture":"#5"},"south":{"uv":[0,7.5,1,10.25],"texture":"#5"}}},{"to":[19.554,8.72443,5.23821],"rotation":{"origin":[9.1055,5.561,8],"angle":45,"axis":"x"},"from":[18.977,8.55443,5.10493],"faces":{"west":{"rotation":180,"uv":[9.25,5.25,9.5,5.5],"texture":"#5"},"east":{"rotation":90,"uv":[9.25,5.25,9.5,5.5],"texture":"#5"},"up":{"uv":[0,4.5,1,5],"texture":"#6"}}},{"to":[19.554,9.32316,6.33527],"rotation":{"origin":[9.1055,5.561,8],"angle":22.5,"axis":"x"},"from":[18.977,9.18988,6.13427],"faces":{"west":{"rotation":180,"uv":[9.25,5.5,9.5,5.75],"texture":"#5"},"east":{"rotation":90,"uv":[9.25,5.5,9.5,5.75],"texture":"#5"},"north":{"rotation":180,"uv":[9,11.75,10,12.25],"texture":"#5"}}},{"to":[19.554,8.72443,10.89507],"rotation":{"origin":[9.1055,5.561,8],"angle":-45,"axis":"x"},"from":[18.977,8.55443,10.76179],"faces":{"west":{"rotation":180,"uv":[9.25,5.25,9.5,5.5],"texture":"#5"},"east":{"rotation":90,"uv":[9.25,5.25,9.5,5.5],"texture":"#5"},"up":{"rotation":180,"uv":[0,4.5,1,5],"texture":"#6"}}},{"to":[19.554,9.59152,9.59737],"rotation":{"origin":[9.1055,5.561,8],"angle":-22.5,"axis":"x"},"from":[18.977,9.42152,9.4641],"faces":{"west":{"rotation":180,"uv":[9.25,5,9.5,5.25],"texture":"#5"},"east":{"uv":[9.5,5,9.75,6],"texture":"#5"},"up":{"rotation":180,"uv":[0,4.5,1,5],"texture":"#5"}}},{"to":[19.554,9.896,8.06664],"rotation":{"origin":[8,5.36,8],"angle":0,"axis":"y"},"from":[18.977,9.726,7.93336],"faces":{"west":{"rotation":180,"uv":[9.25,4.75,9.5,5],"texture":"#5"},"east":{"uv":[9.5,5,9.75,6],"texture":"#5"},"up":{"rotation":180,"uv":[0,3,1,3.5],"texture":"#5"}}},{"to":[19.554,9.59152,6.5359],"rotation":{"origin":[9.1055,5.561,8],"angle":22.5,"axis":"x"},"from":[18.977,9.42152,6.40263],"faces":{"west":{"rotation":180,"uv":[9.25,5,9.5,5.25],"texture":"#5"},"east":{"uv":[9.5,5,9.75,6],"texture":"#5"},"up":{"uv":[0,4.5,1,5],"texture":"#5"}}},{"to":[11.231,9.32316,6.40227],"rotation":{"origin":[9.7085,5.561,8],"angle":22.5,"axis":"x"},"from":[1.676,9.18988,6.13427],"faces":{"east":{"uv":[1,12,1.25,12.5],"texture":"#5"},"north":{"rotation":180,"uv":[0,11.75,9.25,12.25],"texture":"#5"}}},{"to":[11.23093,8.72443,10.89507],"rotation":{"origin":[9.7085,5.561,8],"angle":-45,"axis":"x"},"from":[1.67593,8.55693,10.76179],"faces":{"east":{"rotation":270,"uv":[1,11.5,1.25,12],"texture":"#5"},"up":{"rotation":180,"uv":[0,4.5,9.25,5],"texture":"#6"}}},{"to":[16.36823,9.87444,7.63],"rotation":{"origin":[10.747,4.69,8],"angle":0,"axis":"y"},"from":[15.43123,9.43809,7.161],"faces":{"north":{"rotation":180,"uv":[6,11,8.25,12],"texture":"#6"},"west":{"uv":[12.5,1.5,14.5,3.5],"texture":"#0"},"up":{"rotation":180,"uv":[6,4.25,8.25,5.25],"texture":"#6"},"down":{"uv":[4.75,8,7,9],"texture":"#6"},"east":{"rotation":270,"uv":[12.5,1.5,14.5,3.5],"texture":"#0"},"south":{"uv":[5.75,7.5,8,8.5],"texture":"#6"}}},{"to":[15.05103,9.76016,7.85435],"rotation":{"origin":[14.64225,9.65073,7.78153],"angle":-22.5,"axis":"y"},"from":[14.62453,9.61631,7.48535],"faces":{"down":{"rotation":270,"uv":[4.5,7,5.25,7.75],"texture":"#5"},"west":{"uv":[2.75,4.5,3.5,5],"texture":"#5"},"up":{"rotation":180,"uv":[4.75,3.5,5.5,4.25],"texture":"#5"}}},{"to":[15.62477,9.76085,7.92149],"rotation":{"origin":[14.62437,9.65073,7.82853],"angle":22.5,"axis":"y"},"from":[14.85577,9.617,7.56999],"faces":{"down":{"rotation":180,"uv":[4.5,7,6,7.75],"texture":"#5"},"north":{"uv":[2.5,4.5,4,5],"texture":"#5"},"up":{"rotation":180,"uv":[3,3.75,4.5,4.5],"texture":"#5"},"south":{"uv":[3,5,4.5,5.5],"texture":"#5"}}},{"to":[10.33442,8.52865,8.53512],"rotation":{"origin":[8.30789,4.33542,7.4648],"angle":22.5,"axis":"z"},"from":[7.57042,7.17865,7.4648],"faces":{"down":{"rotation":270,"uv":[9.5,8,10.75,9.5],"texture":"#5"},"west":{"rotation":180,"uv":[9.75,8.75,10,9],"texture":"#5"},"north":{"rotation":180,"uv":[9.25,7.75,13,10.5],"texture":"#5"},"south":{"rotation":180,"uv":[9.25,7.75,13,10.5],"texture":"#5"}}},{"to":[6.73442,8.22865,8.53575],"rotation":{"origin":[8.30789,4.33542,10.46425],"angle":0,"axis":"z"},"from":[6.47042,6.87865,7.46425],"faces":{"north":{"rotation":270,"uv":[7,8,9.25,8.5],"texture":"#5"},"south":{"rotation":90,"uv":[7,8,9.25,8.5],"texture":"#5"}}},{"to":[8.96088,8.37724,8.5355],"rotation":{"origin":[8.25935,4.38401,7.4645],"angle":0,"axis":"z"},"from":[6.02188,7.92724,7.4645],"faces":{"west":{"uv":[9.75,8,10,8.5],"texture":"#5"},"north":{"uv":[3.5,2,14,3.5],"texture":"#0"},"south":{"rotation":180,"uv":[3.5,2,14,3.5],"texture":"#0"}}},{"to":[9.0921,8.39674,8.535],"rotation":{"origin":[5.61258,5.66091,7.465],"angle":0,"axis":"z"},"from":[8.7281,7.73774,7.465],"faces":{"east":{"uv":[7.25,10,9.5,11.75],"texture":"#6"},"north":{"rotation":270,"uv":[10,2.5,12.5,3.5],"texture":"#0"},"south":{"rotation":270,"uv":[10,2.5,12.5,3.5],"texture":"#0"}}},{"to":[2.75257,4.41381,8.268],"rotation":{"origin":[6.593,1.541,8.067],"angle":-22.5,"axis":"z"},"from":[1.84807,4.27981,7.732],"faces":{"down":{"rotation":270,"uv":[7.25,8.5,8.25,11.25],"texture":"#6"},"north":{"uv":[4.5,4.5,6.5,5],"texture":"#5"},"up":{"rotation":90,"uv":[12.75,2.5,13.75,5.25],"texture":"#5"},"south":{"uv":[4.5,4.5,6.5,5],"texture":"#5"}}},{"to":[4.44008,6.05673,8.1675],"rotation":{"origin":[7.33,1.34,9.5075],"angle":-22.5,"axis":"z"},"from":[4.37308,5.42023,7.8325],"faces":{"down":{"rotation":270,"uv":[9.5,7.75,10.5,8.25],"texture":"#5"},"west":{"rotation":180,"uv":[11.25,3.25,12.25,5.25],"texture":"#5"},"east":{"uv":[9.5,11,10.5,13],"texture":"#6"},"north":{"rotation":90,"uv":[11.25,4.75,13.25,5.25],"texture":"#5"},"south":{"rotation":270,"uv":[11.25,4.75,13.25,5.25],"texture":"#5"}}},{"to":[2.616,8.221,8.4355],"rotation":{"origin":[8,5.36,8],"angle":0,"axis":"y"},"from":[1.48,7.45,7.5645],"faces":{"down":{"rotation":180,"uv":[15.75,15.75,16,16],"texture":"#5"},"north":{"uv":[7,9.75,9,11],"texture":"#5"},"south":{"rotation":180,"uv":[8.25,10,10.25,11.25],"texture":"#5"}}},{"to":[4.25599,7.82721,8.33475],"rotation":{"origin":[3.98,2.82012,8.10075],"angle":22.5,"axis":"z"},"from":[3.82149,7.33898,7.66525],"faces":{"west":{"rotation":270,"uv":[8.25,5.25,8.75,6.5],"texture":"#1"},"north":{"rotation":270,"uv":[10,4.25,10.5,5],"texture":"#1"},"south":{"rotation":90,"uv":[10,4.25,10.5,5],"texture":"#1"}}},{"to":[2.15,7.07,8.3345],"rotation":{"origin":[2.08352,7.0701,8.10071],"angle":0,"axis":"z"},"from":[2.06,6.71,7.6655],"faces":{"west":{"rotation":90,"uv":[8.25,1.75,9,3],"texture":"#2"},"north":{"rotation":270,"uv":[10,4.5,10.5,4.75],"texture":"#1"},"south":{"rotation":270,"uv":[10,4.5,10.5,4.75],"texture":"#1"}}},{"to":[5.91723,7.52529,8.33501],"rotation":{"origin":[3.98,2.82012,8.10051],"angle":45,"axis":"z"},"from":[5.68273,7.32805,7.66501],"faces":{"west":{"rotation":270,"uv":[7.25,7.5,7.75,8.75],"texture":"#2"},"north":{"rotation":270,"uv":[10,4.5,10.5,5],"texture":"#1"},"up":{"uv":[15.75,15.75,16,16],"texture":"#2"},"south":{"rotation":90,"uv":[10,4.5,10.5,5],"texture":"#1"}}},{"to":[4.294,6.68,8.16775],"rotation":{"origin":[8,5.36,7.99975],"angle":0,"axis":"y"},"from":[4.093,6.345,7.83225],"faces":{"east":{"rotation":90,"uv":[13.5,15,12.5,16],"texture":"#0"},"north":{"rotation":90,"uv":[15,12,14,13],"texture":"#0"},"south":{"uv":[15,12,14,13],"texture":"#0"}}},{"to":[6.01503,7.39923,8.1675],"rotation":{"origin":[6.593,2.345,8.1005],"angle":22.5,"axis":"z"},"from":[5.81403,6.39423,7.8325],"faces":{"down":{"rotation":90,"uv":[12,15,11,16],"texture":"#0"},"west":{"rotation":90,"uv":[16,15,15,16],"texture":"#0"},"east":{"rotation":90,"uv":[15,14.5,13,15.5],"texture":"#0"},"north":{"rotation":90,"uv":[15,12,13,13],"texture":"#0"},"south":{"rotation":270,"uv":[13,12,15,13],"texture":"#0"}}},{"to":[3.90385,7.74541,8.5695],"rotation":{"origin":[3.66935,7.51091,8],"angle":45,"axis":"z"},"from":[3.43485,7.27641,7.4305],"faces":{"north":{"rotation":270,"uv":[13,1.5,15,3.5],"texture":"#0"},"west":{"rotation":180,"uv":[9.25,5.5,9.75,6],"texture":"#5"},"up":{"rotation":90,"uv":[10.75,4,11,5],"texture":"#5"},"down":{"rotation":180,"uv":[9.25,5.5,9.75,6],"texture":"#5"},"east":{"uv":[10.75,4.25,11,5.25],"texture":"#5"},"south":{"uv":[12.5,1.5,15,4],"texture":"#0"}}},{"to":[3.62407,7.60747,7.5645],"rotation":{"origin":[3.6693,7.5109,7.6985],"angle":45,"axis":"z"},"from":[2.82107,7.40647,7.2295],"faces":{"down":{"rotation":180,"uv":[9.25,5,11,5.75],"texture":"#5"},"west":{"uv":[9.25,5,9.5,5.5],"texture":"#5"},"east":{"uv":[9.25,4.25,9.5,4.75],"texture":"#5"},"north":{"uv":[9.25,4.5,11,5],"texture":"#5"},"up":{"uv":[9.25,4.25,11,5],"texture":"#5"}}},{"to":[2.9542,9.97185,8.3015],"rotation":{"origin":[7.5,5.724,8],"angle":0,"axis":"y"},"from":[1.9291,9.6402,7.6985],"faces":{"west":{"rotation":180,"uv":[7,11.25,8,12],"texture":"#6"},"east":{"rotation":180,"uv":[7,11.25,8,12],"texture":"#6"},"north":{"rotation":180,"uv":[7,11.25,9,12],"texture":"#6"},"up":{"uv":[9.25,4.5,12,7.5],"texture":"#6"},"south":{"rotation":180,"uv":[7,11.25,9,12],"texture":"#6"}}},{"to":[2.3512,10.3341,8.05998],"rotation":{"origin":[7.5,5.724,8],"angle":0,"axis":"y"},"from":[2.32105,9.99435,7.94002],"faces":{"west":{"uv":[1.5,5.5,0,9.4],"texture":"#0"},"east":{"uv":[4,15.75,4.25,16],"texture":"#6"},"up":{"rotation":90,"uv":[3,1,2.5,1.4],"texture":"#0"}}},{"to":[2.3512,10.3701,7.97602],"rotation":{"origin":[7.5,5.65875,8],"angle":0,"axis":"y"},"from":[2.32105,10.3341,7.94002],"faces":{"west":{"uv":[3.5,4.5,3,4.9],"texture":"#0"},"east":{"uv":[4,15.75,4.25,16],"texture":"#6"},"up":{"rotation":90,"uv":[3,1,2.5,1.4],"texture":"#0"},"south":{"rotation":90,"uv":[15.5,0,16,0.4],"texture":"#0"}}},{"to":[2.3512,10.3701,8.05998],"rotation":{"origin":[7.5,5.20875,8.08395],"angle":0,"axis":"y"},"from":[2.32105,10.3341,8.02398],"faces":{"west":{"uv":[3.5,4.5,3,4.9],"texture":"#0"},"east":{"uv":[4,15.75,4.25,16],"texture":"#6"},"north":{"rotation":90,"uv":[15.5,0,16,0.4],"texture":"#0"},"up":{"rotation":90,"uv":[3,1,2.5,1.4],"texture":"#0"}}},{"to":[2.53199,10.4241,7.1511],"rotation":{"origin":[4.99755,6.52298,8],"angle":22.5,"axis":"y"},"from":[2.50184,9.97185,7.03115],"faces":{"west":{"uv":[3,4.5,1.5,9.4],"texture":"#0"},"east":{"uv":[4,15.75,4.25,16],"texture":"#6"},"north":{"rotation":90,"uv":[15.5,0,16,0.4],"texture":"#0"},"up":{"rotation":90,"uv":[11.5,1,13,1.4],"texture":"#0"},"south":{"rotation":90,"uv":[15.5,0,16,0.4],"texture":"#0"}}},{"to":[2.53199,10.4241,8.96885],"rotation":{"origin":[4.99755,6.52298,8],"angle":-22.5,"axis":"y"},"from":[2.50184,9.97185,8.8489],"faces":{"west":{"uv":[3,4.5,1.5,9.4],"texture":"#0"},"east":{"uv":[4,15.75,4.25,16],"texture":"#6"},"north":{"rotation":90,"uv":[15.5,0,16,0.4],"texture":"#0"},"up":{"rotation":270,"uv":[11.5,1,13,1.4],"texture":"#0"},"south":{"rotation":90,"uv":[15.5,0,16,0.4],"texture":"#0"}}},{"to":[3.04682,10.4016,9.73936],"rotation":{"origin":[4.99755,6.52298,8],"angle":-45,"axis":"y"},"from":[3.01667,9.97185,9.61941],"faces":{"west":{"uv":[4,4.5,2.5,9.4],"texture":"#0"},"east":{"uv":[4,15.75,4.25,16],"texture":"#6"},"up":{"rotation":90,"uv":[3,1,2.5,1.4],"texture":"#0"}}},{"to":[2.86331,10.4016,6.81978],"rotation":{"origin":[4.99755,6.52298,8],"angle":22.5,"axis":"y"},"from":[2.74336,9.97185,6.78963],"faces":{"east":{"rotation":90,"uv":[15.5,0,16,0.4],"texture":"#0"},"north":{"uv":[16,4.5,14.5,9.4],"texture":"#0"},"up":{"rotation":90,"uv":[3,1,2.5,1.4],"texture":"#0"},"south":{"uv":[4,15.75,4.25,16],"texture":"#6"}}},{"to":[3.04682,10.4016,6.38059],"rotation":{"origin":[4.99755,6.52298,8],"angle":45,"axis":"y"},"from":[3.01667,9.97185,6.26064],"faces":{"west":{"uv":[3.5,4.5,2,9.4],"texture":"#0"},"east":{"uv":[4,15.75,4.25,16],"texture":"#6"},"up":{"rotation":90,"uv":[3,1,2.5,1.4],"texture":"#0"}}},{"to":[2.68253,10.3791,7.72865],"rotation":{"origin":[7.5,5.724,8],"angle":0,"axis":"y"},"from":[2.56257,9.97185,7.6985],"faces":{"north":{"uv":[13.5,4.5,15,9.4],"texture":"#0"},"up":{"rotation":90,"uv":[3,1,2.5,1.4],"texture":"#0"},"south":{"uv":[6.25,12.25,6.5,12.5],"texture":"#6"}}},{"to":[2.86331,10.3791,8.63752],"rotation":{"origin":[4.99755,6.52298,8],"angle":-22.5,"axis":"y"},"from":[2.74336,9.97185,8.60737],"faces":{"east":{"rotation":90,"uv":[15.5,0,16,0.4],"texture":"#0"},"north":{"uv":[13.5,4.5,12,9.4],"texture":"#0"},"up":{"rotation":90,"uv":[3,1,2.5,1.4],"texture":"#0"},"south":{"uv":[6.25,11.75,6.5,12],"texture":"#6"}}},{"to":[2.86331,10.4016,9.21037],"rotation":{"origin":[4.99755,6.52298,8],"angle":-22.5,"axis":"y"},"from":[2.74336,9.97185,9.18022],"faces":{"east":{"rotation":90,"uv":[15.5,0,16,0.4],"texture":"#0"},"north":{"uv":[4,15.75,4.25,16],"texture":"#6"},"up":{"rotation":90,"uv":[3,1,2.5,1.4],"texture":"#0"},"south":{"uv":[2.5,4.5,4,9.4],"texture":"#0"}}},{"to":[2.68253,10.3791,8.3015],"rotation":{"origin":[7.5,5.724,8],"angle":0,"axis":"y"},"from":[2.56257,9.97185,8.27135],"faces":{"north":{"uv":[6.25,12.25,6.5,12.5],"texture":"#6"},"up":{"rotation":90,"uv":[3,1,2.5,1.4],"texture":"#0"},"south":{"uv":[4.5,4.5,6,9.4],"texture":"#0"}}},{"to":[2.86331,10.3791,7.39263],"rotation":{"origin":[4.99755,6.52298,8],"angle":22.5,"axis":"y"},"from":[2.74336,9.97185,7.36248],"faces":{"east":{"rotation":90,"uv":[15.5,0,16,0.4],"texture":"#0"},"north":{"uv":[6.25,11.75,6.5,12],"texture":"#6"},"up":{"rotation":90,"uv":[3,1,2.5,1.4],"texture":"#0"},"south":{"uv":[6,4.5,7.5,9.4],"texture":"#0"}}},{"to":[3.61967,10.3566,6.38059],"rotation":{"origin":[4.99755,6.52298,8],"angle":45,"axis":"y"},"from":[3.58952,9.97185,6.26064],"faces":{"west":{"uv":[6.25,11.5,6.5,11.75],"texture":"#6"},"east":{"uv":[12.5,4.5,11,9.4],"texture":"#0"},"up":{"rotation":90,"uv":[3,1,2.5,1.4],"texture":"#0"}}},{"to":[3.10484,10.3566,7.1511],"rotation":{"origin":[4.99755,6.52298,8],"angle":22.5,"axis":"y"},"from":[3.07469,9.97185,7.03115],"faces":{"west":{"uv":[5.75,8.5,6,8.75],"texture":"#6"},"east":{"uv":[12,4.5,10.5,9.4],"texture":"#0"},"up":{"rotation":90,"uv":[12.5,0.5,14,0.9],"texture":"#0"},"south":{"rotation":90,"uv":[15.5,0,16,0.4],"texture":"#0"}}},{"to":[2.92405,10.3341,8.05998],"rotation":{"origin":[7.5,5.724,8],"angle":0,"axis":"y"},"from":[2.8939,9.97185,7.94002],"faces":{"west":{"uv":[6,8,6.25,8.25],"texture":"#6"},"east":{"uv":[9,4.5,10.5,9.4],"texture":"#0"},"up":{"rotation":90,"uv":[0,0.5,1.5,0.9],"texture":"#0"}}},{"to":[3.10484,10.3566,8.96885],"rotation":{"origin":[4.99755,6.52298,8],"angle":-22.5,"axis":"y"},"from":[3.07469,9.97185,8.8489],"faces":{"west":{"uv":[5.75,8.5,6,8.75],"texture":"#6"},"east":{"uv":[8,4.5,9.5,9.4],"texture":"#0"},"north":{"rotation":90,"uv":[15.5,0,16,0.4],"texture":"#0"},"up":{"rotation":90,"uv":[12.5,0.5,14,0.9],"texture":"#0"}}},{"to":[3.61967,10.3566,9.73936],"rotation":{"origin":[4.99755,6.52298,8],"angle":-45,"axis":"y"},"from":[3.58952,9.97185,9.61941],"faces":{"west":{"uv":[6.25,11.5,6.5,11.75],"texture":"#6"},"east":{"uv":[6.5,4.5,8,9.4],"texture":"#0"},"up":{"rotation":90,"uv":[3,1,2.5,1.4],"texture":"#0"}}},{"to":[0.97917,8.868,8.3015],"rotation":{"origin":[4.7262,6.38081,8],"angle":-22.5,"axis":"z"},"from":[0.73797,8.70008,8.2412],"faces":{"west":{"rotation":90,"uv":[0,1,1.5,2.5],"texture":"#0"},"north":{"uv":[10.25,9.75,10.75,10.25],"texture":"#6"},"south":{"rotation":270,"uv":[7.5,4.5,8,6],"texture":"#6"}}},{"to":[5.66576,11.01727,8.3015],"rotation":{"origin":[4.7262,6.38081,8],"angle":45,"axis":"z"},"from":[5.49784,10.68562,8.2412],"faces":{"north":{"uv":[10.25,9.75,10.75,10.25],"texture":"#6"},"up":{"rotation":180,"uv":[9,1,10.5,2.5],"texture":"#0"},"south":{"uv":[8,4.5,8.5,6.5],"texture":"#6"}}},{"to":[3.98787,11.02389,8.3015],"rotation":{"origin":[4.7262,6.38081,8],"angle":22.5,"axis":"z"},"from":[3.81994,10.72239,8.2412],"faces":{"north":{"uv":[10.25,9.75,10.75,10.25],"texture":"#6"},"up":{"rotation":180,"uv":[14.5,1,13,2.5],"texture":"#0"},"south":{"uv":[7,4.5,7.5,6.25],"texture":"#6"}}},{"to":[2.43516,10.38791,8.30156],"rotation":{"origin":[7.52156,5.73259,8],"angle":0,"axis":"y"},"from":[2.26724,9.96536,8.2412],"faces":{"east":{"rotation":180,"uv":[8.5,9.75,8.75,12],"texture":"#6"},"north":{"uv":[10.25,9.75,10.75,10.25],"texture":"#6"},"up":{"rotation":180,"uv":[15.5,1,14,2.5],"texture":"#0"},"south":{"uv":[8.5,4.5,9,6.75],"texture":"#6"}}},{"to":[23.545,8.43216,9.76523],"rotation":{"origin":[14.365,4.69,8],"angle":-22.5,"axis":"x"},"from":[8.315,8.33887,9.67323],"faces":{"east":{"rotation":270,"uv":[9,7.5,9.25,8],"texture":"#5"},"north":{"rotation":180,"uv":[15.75,15.75,16,16],"texture":"#6"},"south":{"uv":[0,5,16,5.5],"texture":"#6"}}},{"to":[23.545,8.73665,8.2345],"rotation":{"origin":[8,5.36,8],"angle":0,"axis":"y"},"from":[8.315,8.64335,8.1425],"faces":{"east":{"rotation":270,"uv":[0.5,7.75,0.75,8.25],"texture":"#5"},"north":{"rotation":180,"uv":[15.75,15.75,16,16],"texture":"#6"},"south":{"uv":[0,5.5,16,6],"texture":"#6"}}},{"to":[23.545,8.43216,6.70377],"rotation":{"origin":[14.365,4.69,8],"angle":22.5,"axis":"x"},"from":[8.315,8.33887,6.61177],"faces":{"east":{"rotation":270,"uv":[0.5,7.75,0.75,8.25],"texture":"#5"},"north":{"uv":[10.25,7.75,10.5,8.25],"texture":"#6"},"south":{"rotation":180,"uv":[0,8,16,8.5],"texture":"#6"}}},{"to":[23.545,7.75293,5.21822],"rotation":{"origin":[14.365,4.69,8],"angle":45,"axis":"x"},"from":[8.315,7.66093,5.12493],"faces":{"down":{"rotation":180,"uv":[15.75,15.75,16,16],"texture":"#6"},"east":{"uv":[9,7.5,9.25,8],"texture":"#5"},"up":{"uv":[0,4.5,16,5],"texture":"#6"}}},{"to":[23.545,8.62002,6.51591],"rotation":{"origin":[14.365,4.69,8],"angle":22.5,"axis":"x"},"from":[8.315,8.52802,6.42262],"faces":{"down":{"rotation":180,"uv":[15.75,15.75,16,16],"texture":"#6"},"east":{"uv":[9,7.5,9.25,8],"texture":"#5"},"up":{"uv":[0,4.5,16,5],"texture":"#5"}}},{"to":[23.545,8.9245,8.04665],"rotation":{"origin":[8,5.36,8],"angle":0,"axis":"y"},"from":[8.315,8.8325,7.95335],"faces":{"down":{"rotation":180,"uv":[15.75,15.75,16,16],"texture":"#6"},"east":{"uv":[9,7.5,9.25,8],"texture":"#5"},"up":{"rotation":180,"uv":[0,3.25,16,3.75],"texture":"#5"}}},{"to":[23.545,8.62002,9.57738],"rotation":{"origin":[14.365,4.69,8],"angle":-22.5,"axis":"x"},"from":[8.315,8.52802,9.48409],"faces":{"down":{"rotation":180,"uv":[15.75,15.75,16,16],"texture":"#6"},"east":{"uv":[9,7.5,9.25,8],"texture":"#5"},"up":{"rotation":180,"uv":[0,4.5,16,5],"texture":"#5"}}},{"to":[23.545,7.75293,10.87507],"rotation":{"origin":[14.365,4.69,8],"angle":-45,"axis":"x"},"from":[8.315,7.66093,10.78178],"faces":{"down":{"rotation":180,"uv":[15.75,15.75,16,16],"texture":"#6"},"east":{"uv":[9,7.5,9.25,8],"texture":"#5"},"up":{"rotation":180,"uv":[0,4.5,16,5],"texture":"#6"}}},{"to":[19.554,9.32316,9.86573],"rotation":{"origin":[9.1055,5.561,8],"angle":-22.5,"axis":"x"},"from":[18.977,9.18988,9.66473],"faces":{"west":{"rotation":180,"uv":[9.25,5.5,9.5,5.75],"texture":"#5"},"east":{"rotation":90,"uv":[9.25,5.5,9.5,5.75],"texture":"#5"},"south":{"rotation":180,"uv":[0,11.5,1,12],"texture":"#5"}}},{"to":[1.854,7.944,8.45475],"rotation":{"origin":[7.975,5.385,8.48092],"angle":0,"axis":"y"},"from":[1.386,7.476,7.54525],"faces":{"north":{"uv":[0,9.5,3,12.5],"texture":"#0"},"south":{"uv":[3,13,0,16],"texture":"#0"}}},{"to":[19.454,9.294,8.45475],"rotation":{"origin":[8,5.36,8.48092],"angle":0,"axis":"y"},"from":[19.111,8.951,7.54525],"faces":{"north":{"uv":[4,13.5,6,15.5],"texture":"#0"},"west":{"uv":[7.25,4.5,9.25,5.5],"texture":"#6"},"up":{"rotation":90,"uv":[7.75,3.75,9.75,4.75],"texture":"#6"},"down":{"uv":[6.25,8,8.25,9],"texture":"#6"},"east":{"uv":[7,4.25,9,5.25],"texture":"#6"},"south":{"uv":[4,13.5,6,15.5],"texture":"#0"}}},{"to":[1.104,7.944,8.45475],"rotation":{"origin":[7.95,5.385,8.48092],"angle":0,"axis":"y"},"from":[0.636,7.476,7.54525],"faces":{"north":{"uv":[0,13,3,16],"texture":"#0"},"south":{"uv":[3,9.5,0,12.5],"texture":"#0"}}},{"to":[-6.046,7.919,8.45475],"rotation":{"origin":[8,5.36,8.48092],"angle":0,"axis":"y"},"from":[-6.514,7.451,7.54525],"faces":{"north":{"uv":[3.5,13,6.5,16],"texture":"#0"},"south":{"uv":[3.5,13,6.5,16],"texture":"#0"}}},{"to":[-4.085,7.95,7.57025],"rotation":{"origin":[8,5.36,8.48092],"angle":0,"axis":"y"},"from":[-4.21,6.95,7.44525],"faces":{"west":{"rotation":270,"uv":[3.25,4.75,4.5,5.25],"texture":"#5"},"east":{"rotation":90,"uv":[3,4.5,4.25,5],"texture":"#5"},"north":{"rotation":270,"uv":[3.25,4.25,4.5,4.75],"texture":"#5"},"south":{"rotation":270,"uv":[4.75,5.5,6,6.25],"texture":"#5"}}},{"to":[-6.046,6.519,8.45475],"rotation":{"origin":[8,5.36,8.48092],"angle":0,"axis":"y"},"from":[-6.514,6.051,7.54525],"faces":{"north":{"uv":[7,13,10,16],"texture":"#0"},"south":{"uv":[7,13,10,16],"texture":"#0"}}},{"to":[3.74456,10.73747,8.3021],"rotation":{"origin":[4.56686,6.39589,8],"angle":22.5,"axis":"z"},"from":[3.62396,10.61687,7.6979],"faces":{"north":{"uv":[12.25,4.25,12.75,4.75],"texture":"#6"},"south":{"rotation":90,"uv":[8.5,11,9.5,12],"texture":"#0"}}},{"to":[0.97917,8.868,7.7588],"rotation":{"origin":[4.7262,6.38081,8],"angle":-22.5,"axis":"z"},"from":[0.73797,8.70008,7.6985],"faces":{"west":{"rotation":90,"uv":[0,2.5,1.5,1],"texture":"#0"},"north":{"rotation":90,"uv":[10.25,4.5,10.75,6],"texture":"#6"},"south":{"uv":[10.25,9.75,10.75,10.25],"texture":"#6"}}},{"to":[5.66576,11.01727,7.7588],"rotation":{"origin":[4.7262,6.38081,8],"angle":45,"axis":"z"},"from":[5.49784,10.68562,7.6985],"faces":{"north":{"uv":[9.25,4.5,9.75,6.5],"texture":"#6"},"up":{"rotation":180,"uv":[9,2.5,10.5,1],"texture":"#0"},"south":{"uv":[10.25,9.75,10.75,10.25],"texture":"#6"}}},{"to":[3.98787,11.02389,7.7588],"rotation":{"origin":[4.7262,6.38081,8],"angle":22.5,"axis":"z"},"from":[3.81994,10.72239,7.6985],"faces":{"north":{"uv":[9,4.5,9.5,6.25],"texture":"#6"},"up":{"rotation":180,"uv":[14.5,2.5,13,1],"texture":"#0"},"south":{"uv":[10.25,9.75,10.75,10.25],"texture":"#6"}}},{"to":[2.43516,10.38791,7.7588],"rotation":{"origin":[7.52156,5.73259,8],"angle":0,"axis":"y"},"from":[2.26724,9.96536,7.69844],"faces":{"east":{"rotation":180,"uv":[8.5,9.75,8.75,12],"texture":"#6"},"north":{"uv":[8.5,4.5,9,6.75],"texture":"#6"},"up":{"rotation":180,"uv":[15.5,2.5,14,1],"texture":"#0"},"south":{"uv":[10.25,9.75,10.75,10.25],"texture":"#6"}}},{"to":[6.32718,6.30989,8.53446],"rotation":{"origin":[10.278,3.55712,7.90096],"angle":-45,"axis":"z"},"from":[5.84168,5.78766,7.46546],"faces":{"east":{"uv":[7.25,8,9.5,9],"texture":"#6"},"north":{"rotation":270,"uv":[6.5,9.75,7.75,10.5],"texture":"#5"},"south":{"rotation":270,"uv":[6.5,9.75,7.75,10.5],"texture":"#5"}}},{"to":[19.704,10.1065,8.025],"rotation":{"origin":[8,5.36,8.04164],"angle":0,"axis":"y"},"from":[19.604,10.0565,7.975],"faces":{"west":{"uv":[8.25,2.25,8.75,2.75],"texture":"#5"}}},{"to":[8.18372,7.41424,8.45625],"rotation":{"origin":[7.98417,8.91058,8],"angle":22.5,"axis":"z"},"from":[7.73372,7.21924,7.54375],"faces":{"down":{"rotation":180,"uv":[2.75,8,4,8.25],"texture":"#5"},"west":{"rotation":180,"uv":[2.75,10.5,4,11],"texture":"#5"},"east":{"rotation":180,"uv":[3,11.25,4.25,11.75],"texture":"#5"},"north":{"rotation":180,"uv":[3,8,4.25,8.5],"texture":"#5"},"south":{"rotation":90,"uv":[3,11.75,6.5,8.75],"texture":"#5"}}},{"to":[7.33372,7.41424,8.45625],"rotation":{"origin":[7.98417,8.91058,8],"angle":22.5,"axis":"z"},"from":[6.88372,7.21924,7.54375],"faces":{"down":{"rotation":180,"uv":[2.75,8,4,8.25],"texture":"#5"},"west":{"rotation":180,"uv":[2.75,10.5,4,11],"texture":"#5"},"east":{"rotation":180,"uv":[3,11.25,4.25,11.75],"texture":"#5"},"north":{"rotation":180,"uv":[3,8,4.25,8.5],"texture":"#5"},"south":{"rotation":90,"uv":[3,11.75,6.5,8.75],"texture":"#5"}}},{"to":[6.48372,7.41424,8.45625],"rotation":{"origin":[7.98417,8.91058,8],"angle":22.5,"axis":"z"},"from":[6.03372,7.21924,7.54375],"faces":{"down":{"rotation":180,"uv":[2.75,8,4,8.25],"texture":"#5"},"west":{"rotation":180,"uv":[2.75,10.5,4,11],"texture":"#5"},"east":{"rotation":180,"uv":[3,11.25,4.25,11.75],"texture":"#5"},"north":{"rotation":180,"uv":[3,8,4.25,8.5],"texture":"#5"},"south":{"rotation":90,"uv":[3,11.75,6.5,8.75],"texture":"#5"}}},{"to":[8.15253,6.97158,8.38125],"rotation":{"origin":[8.38033,5.03834,7.61875],"angle":0,"axis":"z"},"from":[6.58948,3.33882,7.61875],"faces":{"down":{"rotation":90,"uv":[5.75,9.5,7.25,11.5],"texture":"#5"},"west":{"rotation":90,"uv":[2.75,9.5,12.5,11],"texture":"#5"},"east":{"rotation":90,"uv":[5.75,7,6.25,7.5],"texture":"#5"},"north":{"rotation":90,"uv":[3.75,7.75,13.5,9.75],"texture":"#5"},"south":{"rotation":270,"uv":[3.75,7.75,13.5,9.75],"texture":"#5"}}},{"to":[9.01361,8.3001,8.41405],"rotation":{"origin":[8.38033,5.03834,7.61875],"angle":0,"axis":"z"},"from":[6.55668,6.58629,7.58595],"faces":{"down":{"rotation":90,"uv":[15.75,15.75,16,16],"texture":"#5"},"west":{"rotation":90,"uv":[2.75,9.5,5.25,11],"texture":"#5"},"east":{"rotation":90,"uv":[5.25,9.75,7.5,11.25],"texture":"#4"},"north":{"rotation":90,"uv":[3.75,8.75,5.75,12],"texture":"#5"},"south":{"rotation":90,"uv":[3.75,12,5.75,8.75],"texture":"#5"}}},{"to":[8.97752,6.97158,8.38125],"rotation":{"origin":[8.38033,5.03834,7.61875],"angle":0,"axis":"z"},"from":[8.50516,3.33882,7.61875],"faces":{"down":{"rotation":270,"uv":[11.25,11,12.75,11.75],"texture":"#5"},"west":{"rotation":90,"uv":[15.75,15.75,16,16],"texture":"#5"},"east":{"rotation":90,"uv":[2,11.5,11.75,13],"texture":"#5"},"north":{"rotation":90,"uv":[3.75,11.25,13.5,12],"texture":"#5"},"south":{"rotation":270,"uv":[3.75,11.25,13.5,12],"texture":"#5"}}},{"to":[8.54451,6.96518,8.33083],"rotation":{"origin":[8.38033,5.03834,7.56834],"angle":0,"axis":"z"},"from":[8.05042,3.5845,7.66917],"faces":{"north":{"rotation":270,"uv":[3.5,8,13.25,8.5],"texture":"#5"},"south":{"rotation":90,"uv":[3.5,8,13.25,8.5],"texture":"#5"}}},{"to":[8.50516,3.61173,8.38125],"rotation":{"origin":[8.38033,5.03834,7.61875],"angle":0,"axis":"z"},"from":[8.15253,3.33947,7.61875],"faces":{"down":{"rotation":90,"uv":[8.75,10.25,10.25,10.75],"texture":"#5"},"north":{"rotation":90,"uv":[4.5,9.75,5,10.25],"texture":"#5"},"up":{"rotation":270,"uv":[8,4.5,8.5,5],"texture":"#5"},"south":{"rotation":90,"uv":[4.5,9.75,5,10.25],"texture":"#5"}}}],"display":{"thirdperson_righthand":{"rotation":[0,100,0],"scale":[0.9,0.9,0.9],"translation":[-0.5,1,-2.75]},"head":{"scale":[1.8,1.8,1.8]},"thirdperson_lefthand":{"rotation":[0,-90,-170],"scale":[0.9,0.9,0.9],"translation":[-2,-4.5,7]},"gui":{"rotation":[0,0,45],"scale":[0.8,0.8,0.8],"translation":[-1.2,0,0]},"firstperson_lefthand":{"translation":[2,3,-2],"scale":[0,0,0]},"firstperson_righthand":{"rotation":[0,90,0],"scale":[1.8,1.8,1.8],"translation":[-3,0.25,-7]},"fixed":{"translation":[0,2,-2.25],"scale":[-1.8,1.8,-1.8]},"ground":{"translation":[0,4.25,0],"scale":[0.9,0.9,0.9]}},"credit":"thebradqq's guns"}