{"textures":{"1":"mgs:gun/brass","0":"mgs:gun/metal_bright","2":"mgs:gun/copper","particle":"mgs:gun/metal_bright"},"gui_light":"front","elements":[{"to":[10.45,12.75,9.15],"from":[5.05,-3.75,6.85],"faces":{"down":{"rotation":270,"uv":[6.5,10,8,10.5],"texture":"#0"},"west":{"rotation":90,"uv":[8.5,4,13.25,5],"texture":"#0"},"east":{"rotation":270,"uv":[8.5,4,13.25,5],"texture":"#0"},"north":{"rotation":90,"uv":[10.5,1.75,15.25,3],"texture":"#0"},"south":{"rotation":90,"uv":[9.5,2.5,14.25,3.75],"texture":"#0"}}},{"to":[10.45,13.85,7.05],"from":[5.05,12.75,6.85],"faces":{"west":{"rotation":90,"uv":[5.75,4.75,6.75,5],"texture":"#0"},"east":{"rotation":90,"uv":[5.75,4.75,6.75,5],"texture":"#0"},"north":{"rotation":90,"uv":[12.25,1.25,12.75,2.5],"texture":"#0"},"up":{"rotation":180,"uv":[9.75,3.5,12.25,3.75],"texture":"#0"},"south":{"rotation":180,"uv":[6,11.25,7.25,12],"texture":"#0"}}},{"to":[9.05,14.45,7.05],"rotation":{"origin":[7.9,13.85,6.85],"angle":45,"axis":"x"},"from":[5.05,13.85,6.85],"faces":{"west":{"rotation":90,"uv":[5.75,4.75,6.75,5],"texture":"#0"},"east":{"rotation":90,"uv":[5.75,4.75,6.75,5],"texture":"#0"},"north":{"rotation":90,"uv":[12.25,1.25,12.5,2],"texture":"#0"},"up":{"rotation":180,"uv":[9.75,3.5,12.25,3.75],"texture":"#0"},"south":{"rotation":180,"uv":[6.25,10,7.5,10.75],"texture":"#0"}}},{"to":[9.05,14.45,9.15],"rotation":{"origin":[7.9,13.85,9.15],"angle":-45,"axis":"x"},"from":[5.05,13.85,8.95],"faces":{"west":{"rotation":90,"uv":[12.5,3,13.5,3.25],"texture":"#0"},"east":{"rotation":90,"uv":[12.5,3,13.5,3.25],"texture":"#0"},"north":{"rotation":180,"uv":[6.25,10,7.5,10.75],"texture":"#0"},"up":{"rotation":180,"uv":[9.75,3.5,12.25,3.75],"texture":"#0"},"south":{"rotation":90,"uv":[12.25,1.25,12.5,2],"texture":"#0"}}},{"to":[10.45,13.85,9.15],"from":[5.05,12.75,8.95],"faces":{"west":{"rotation":90,"uv":[12.5,3,13.5,3.25],"texture":"#0"},"east":{"rotation":90,"uv":[12.5,3,13.5,3.25],"texture":"#0"},"north":{"rotation":180,"uv":[6,11.25,7.25,12],"texture":"#0"},"up":{"rotation":180,"uv":[9.75,3.5,12.25,3.75],"texture":"#0"},"south":{"rotation":90,"uv":[12.25,1.25,12.75,2.5],"texture":"#0"}}},{"to":[10.45,12.75,9.15],"from":[10.35,-3.75,6.85],"faces":{"west":{"rotation":270,"uv":[5.25,10,5.75,10.5],"texture":"#0"},"up":{"rotation":90,"uv":[3.75,12.25,4.75,12.5],"texture":"#0"}}},{"to":[5.15,12.75,9.15],"from":[5.05,-3.75,6.85],"faces":{"east":{"rotation":270,"uv":[5.25,10,5.75,10.5],"texture":"#0"},"up":{"rotation":90,"uv":[3.75,12.25,4.75,12.5],"texture":"#0"}}},{"to":[10.45,12.75,7.05],"from":[5.05,-3.75,6.85],"faces":{"south":{"rotation":270,"uv":[5.25,10,5.75,10.5],"texture":"#0"}}},{"to":[10.45,12.75,9.15],"from":[5.05,-3.75,8.95],"faces":{"north":{"rotation":270,"uv":[5.25,10,5.75,10.5],"texture":"#0"}}},{"to":[11.65,-3.55,8.95],"from":[5.25,-3.85,7.05],"faces":{"north":{"uv":[5.75,7.5,7.75,7.75],"texture":"#0"},"west":{"rotation":270,"uv":[5,9.75,6.5,10.25],"texture":"#0"},"up":{"rotation":180,"uv":[2.75,4,4.75,5],"texture":"#0"},"down":{"rotation":270,"uv":[6.5,10,8,10.5],"texture":"#0"},"east":{"rotation":270,"uv":[9.25,4.25,9.5,5.25],"texture":"#0"},"south":{"uv":[5.75,7.5,7.75,7.75],"texture":"#0"}}},{"to":[6.95,6.75,9.151],"from":[6.35,6.15,6.849],"faces":{"north":{"uv":[0.75,9.5,1.25,10],"texture":"#0"},"south":{"uv":[0.75,9.5,1.25,10],"texture":"#0"}}},{"to":[6.95,2.25,9.151],"from":[6.35,1.65,6.849],"faces":{"north":{"uv":[0.75,9.5,1.25,10],"texture":"#0"},"south":{"uv":[0.75,9.5,1.25,10],"texture":"#0"}}},{"to":[9.15,4.75,9.151],"from":[8.55,4.15,6.849],"faces":{"north":{"uv":[0.75,9.5,1.25,10],"texture":"#0"},"south":{"uv":[0.75,9.5,1.25,10],"texture":"#0"}}},{"to":[10.35,13.75,8.95],"from":[5.15,12.25,7.05],"faces":{"west":{"uv":[7.5,4.25,9,5.5],"texture":"#0"},"east":{"uv":[7.5,4.25,9,5.5],"texture":"#0"},"up":{"uv":[3.75,11.75,4.75,12.75],"texture":"#0"}}},{"to":[6.95,11.25,9.151],"from":[6.35,10.65,6.849],"faces":{"north":{"uv":[0.75,9.5,1.25,10],"texture":"#0"},"south":{"uv":[0.75,9.5,1.25,10],"texture":"#0"}}},{"to":[9.15,9.25,9.151],"from":[8.55,8.65,6.849],"faces":{"north":{"uv":[0.75,9.5,1.25,10],"texture":"#0"},"south":{"uv":[0.75,9.5,1.25,10],"texture":"#0"}}}],"display":{"thirdperson_righthand":{"rotation":[25,111,-23],"scale":[0.25,0.25,0.25],"translation":[-1,0,0]},"head":{"scale":[0.5,0.5,0.5]},"thirdperson_lefthand":{"rotation":[69,-71,65],"scale":[0.25,0.25,0.25],"translation":[-1,0,0]},"gui":{"rotation":[0,180,32],"scale":[0.85,0.85,0.85],"translation":[1,2,0]},"firstperson_lefthand":{"rotation":[-40,-110,-41],"scale":[0.5,0.5,0.5],"translation":[3,0,0]},"firstperson_righthand":{"rotation":[-87,65,68],"scale":[0.5,0.5,0.5],"translation":[3,0,0]},"fixed":{"rotation":[0,180,0],"scale":[0.5,0.5,0.5],"translation":[0,0,-1]},"ground":{"translation":[0,2.5,0],"scale":[0.25,0.25,0.25]}},"credit":"thebradqq's guns"}