{"textures":{"1":"mgs:gun/brass","0":"mgs:gun/metal_bright","2":"mgs:gun/copper"},"elements":[{"to":[1.78243,8.14297,8.71875],"rotation":{"origin":[13.43743,8,8],"angle":0,"axis":"y"},"from":[1.65013,7.85703,7.28125],"faces":{"west":{"uv":[6.25,4.5,6.75,5],"texture":"#0"},"north":{"uv":[6.25,4.5,6.5,5],"texture":"#0"},"south":{"uv":[6.25,4.5,6.5,5],"texture":"#0"}}},{"to":[1.7823,8.14297,8.71875],"rotation":{"origin":[13.43743,8,8],"angle":22.5,"axis":"x"},"from":[1.65,7.85703,7.28125],"faces":{"west":{"rotation":270,"uv":[9.25,4.5,9.75,5.25],"texture":"#0"},"north":{"uv":[7.25,4.25,7.5,4.75],"texture":"#0"},"south":{"uv":[6.25,5,6.5,5.5],"texture":"#0"}}},{"to":[1.7823,8.14297,8.71875],"rotation":{"origin":[13.43743,8,8],"angle":-22.5,"axis":"x"},"from":[1.65,7.85703,7.28125],"faces":{"west":{"rotation":90,"uv":[9,4.5,9.5,5.25],"texture":"#0"},"north":{"uv":[6.25,5,6.5,5.5],"texture":"#0"},"south":{"uv":[7.25,4.25,7.5,4.75],"texture":"#0"}}},{"to":[1.78243,8.14297,8.71875],"rotation":{"origin":[13.43743,8,8],"angle":45,"axis":"x"},"from":[1.65013,7.85703,7.28125],"faces":{"west":{"rotation":270,"uv":[6.25,4.5,6.75,5.25],"texture":"#0"},"north":{"uv":[8.25,4.5,8.5,5],"texture":"#0"},"south":{"uv":[6,5.5,6.25,6],"texture":"#0"}}},{"to":[1.78243,8.14297,8.71875],"rotation":{"origin":[13.43743,8,8],"angle":-45,"axis":"x"},"from":[1.65013,7.85703,7.28125],"faces":{"west":{"rotation":90,"uv":[6.25,4.5,6.75,5.25],"texture":"#0"},"north":{"uv":[6,5.5,6.25,6],"texture":"#0"},"south":{"uv":[3.75,4,4,4.5],"texture":"#0"}}},{"to":[1.7823,8.71875,8.14297],"rotation":{"origin":[13.43743,8,8],"angle":-22.5,"axis":"x"},"from":[1.65,7.28125,7.85703],"faces":{"down":{"rotation":180,"uv":[9,8,9.25,8.5],"texture":"#0"},"west":{"uv":[5.25,4.5,5.75,5.25],"texture":"#0"},"up":{"rotation":180,"uv":[7.25,4.25,7.5,4.75],"texture":"#0"}}},{"to":[1.7823,8.71875,8.14297],"rotation":{"origin":[13.43743,8,8],"angle":22.5,"axis":"x"},"from":[1.65,7.28125,7.85703],"faces":{"down":{"uv":[9,8,9.25,8.5],"texture":"#0"},"west":{"uv":[5.25,4.5,5.75,5.25],"texture":"#0"},"up":{"uv":[3.25,4,3.5,4.5],"texture":"#0"}}},{"to":[1.78243,8.71875,8.14297],"rotation":{"origin":[13.43743,8,8],"angle":0,"axis":"y"},"from":[1.65013,7.28125,7.85703],"faces":{"down":{"uv":[9.5,8,9.75,8.25],"texture":"#0"},"west":{"uv":[6.25,4.5,6.75,5.25],"texture":"#0"},"up":{"uv":[3.25,4,3.5,4.5],"texture":"#0"}}},{"to":[14.15235,9.4375,8.28594],"rotation":{"origin":[13.43743,8,8],"angle":22.5,"axis":"x"},"from":[2.64225,6.5625,7.71406],"faces":{"down":{"rotation":180,"uv":[3,9,7,9.5],"texture":"#1"},"west":{"uv":[12.5,7.5,13,8],"texture":"#1"},"east":{"uv":[9.5,7.25,10.25,8.25],"texture":"#1"},"up":{"uv":[2,3.75,6,4.25],"texture":"#1"}}},{"to":[14.15235,9.4375,8.28594],"rotation":{"origin":[13.43743,8,8],"angle":-22.5,"axis":"x"},"from":[2.64225,6.5625,7.71406],"faces":{"down":{"rotation":180,"uv":[3.5,8,7.5,8.5],"texture":"#1"},"west":{"uv":[12.5,7.5,13,8],"texture":"#1"},"east":{"uv":[9.5,7.25,10.25,8.25],"texture":"#1"},"up":{"uv":[0,3.25,4,3.75],"texture":"#1"}}},{"to":[14.15235,9.4375,8.28594],"rotation":{"origin":[13.43743,8,8],"angle":45,"axis":"x"},"from":[2.64225,6.5625,7.71406],"faces":{"down":{"rotation":180,"uv":[5.75,5.5,9.75,6],"texture":"#1"},"west":{"uv":[12.5,7.5,13,8],"texture":"#1"},"east":{"uv":[9.5,7.25,10.25,8.25],"texture":"#1"},"up":{"uv":[5.25,4.25,9.25,4.75],"texture":"#1"}}},{"to":[14.15235,9.4375,8.28594],"rotation":{"origin":[13.43743,8,8],"angle":-45,"axis":"x"},"from":[2.64225,6.5625,7.71406],"faces":{"down":{"uv":[4.5,5.5,8.5,6],"texture":"#1"},"west":{"uv":[12.5,7.5,13,8],"texture":"#1"},"east":{"uv":[9.5,7.25,10.25,8.25],"texture":"#1"},"up":{"rotation":180,"uv":[1.25,4.25,5.25,4.75],"texture":"#1"}}},{"to":[14.15235,8.28594,9.4375],"rotation":{"origin":[13.43743,8,8],"angle":-22.5,"axis":"x"},"from":[2.64225,7.71406,6.5625],"faces":{"west":{"rotation":90,"uv":[12.5,7.5,13,8],"texture":"#1"},"east":{"uv":[9.5,7.25,10.25,7.75],"texture":"#1"},"north":{"uv":[6.25,5,10.25,5.5],"texture":"#1"},"south":{"uv":[5.25,4.75,9.25,5.25],"texture":"#1"}}},{"to":[14.15235,8.28594,9.4375],"rotation":{"origin":[13.43743,8,8],"angle":22.5,"axis":"x"},"from":[2.64225,7.71406,6.5625],"faces":{"west":{"rotation":270,"uv":[12.5,7.5,13,8],"texture":"#1"},"east":{"uv":[9.5,7.25,10.25,7.75],"texture":"#1"},"north":{"uv":[5.25,4.75,9.25,5.25],"texture":"#1"},"south":{"uv":[6.25,5,10.25,5.5],"texture":"#1"}}},{"to":[14.15235,8.28594,9.4375],"rotation":{"origin":[13.43743,8,8],"angle":0,"axis":"y"},"from":[2.64225,7.71406,6.5625],"faces":{"west":{"uv":[12.5,7.5,13,8],"texture":"#1"},"north":{"uv":[3,12.25,7,12.75],"texture":"#1"},"south":{"uv":[0,12,4,12.5],"texture":"#1"}}},{"to":[14.15235,9.4375,8.28596],"rotation":{"origin":[13.43743,8,8],"angle":0,"axis":"y"},"from":[2.64225,6.5625,7.71406],"faces":{"down":{"rotation":180,"uv":[5.5,7.75,9.5,8.25],"texture":"#1"},"west":{"uv":[12.5,7.5,13,8],"texture":"#1"},"up":{"uv":[2,3.25,6,3.75],"texture":"#1"}}},{"to":[2.11305,9.4375,8.28595],"rotation":{"origin":[13.43743,8,8],"angle":0,"axis":"y"},"from":[1.78217,6.5625,7.71405],"faces":{"down":{"rotation":180,"uv":[6.25,8,6.75,8.25],"texture":"#1"},"west":{"uv":[8.25,4,8.75,6],"texture":"#1"},"east":{"uv":[12.5,7.5,13,8],"texture":"#1"},"up":{"rotation":180,"uv":[3.5,3.75,4,4.25],"texture":"#1"}}},{"to":[2.11318,9.4375,8.28595],"rotation":{"origin":[13.43743,8,8],"angle":22.5,"axis":"x"},"from":[1.7823,6.5625,7.71405],"faces":{"down":{"rotation":180,"uv":[6.25,8,6.75,8.25],"texture":"#1"},"west":{"uv":[7.25,4,7.75,6],"texture":"#1"},"east":{"uv":[12.5,7.5,13,8],"texture":"#1"},"up":{"uv":[3.5,4.25,4,4.75],"texture":"#1"}}},{"to":[2.11318,9.4375,8.28595],"rotation":{"origin":[13.43743,8,8],"angle":-22.5,"axis":"x"},"from":[1.7823,6.5625,7.71405],"faces":{"down":{"rotation":180,"uv":[6.25,8,6.75,8.25],"texture":"#1"},"west":{"uv":[7.25,4,7.75,6],"texture":"#1"},"east":{"uv":[12.5,7.5,13,8],"texture":"#1"},"up":{"rotation":180,"uv":[3.5,4.25,4,4.75],"texture":"#1"}}},{"to":[2.11305,9.4375,8.28595],"rotation":{"origin":[13.43743,8,8],"angle":45,"axis":"x"},"from":[1.78217,6.5625,7.71405],"faces":{"down":{"rotation":180,"uv":[6.25,8,6.75,8.25],"texture":"#1"},"west":{"uv":[10.75,4.5,11.25,6.5],"texture":"#1"},"east":{"uv":[12.5,7.5,13,8],"texture":"#1"},"up":{"uv":[3.75,4.75,4.25,5.25],"texture":"#1"}}},{"to":[2.11305,9.4375,8.28595],"rotation":{"origin":[13.43743,8,8],"angle":-45,"axis":"x"},"from":[1.78217,6.5625,7.71405],"faces":{"down":{"rotation":180,"uv":[6.25,8,6.75,8.25],"texture":"#1"},"west":{"uv":[6.75,4.5,7.25,6.5],"texture":"#1"},"east":{"uv":[12.5,7.5,13,8],"texture":"#1"},"up":{"rotation":180,"uv":[7.75,4.75,8.25,5.25],"texture":"#1"}}},{"to":[2.11318,8.28595,9.4375],"rotation":{"origin":[13.43743,8,8],"angle":-22.5,"axis":"x"},"from":[1.7823,7.71405,6.5625],"faces":{"west":{"rotation":90,"uv":[0.5,4.75,1,6.75],"texture":"#1"},"east":{"rotation":270,"uv":[12.5,7.5,13,8],"texture":"#1"},"north":{"rotation":180,"uv":[6.75,8,7.25,8.5],"texture":"#1"},"south":{"uv":[5.25,5.5,5.75,6],"texture":"#1"}}},{"to":[2.11318,8.28595,9.4375],"rotation":{"origin":[13.43743,8,8],"angle":22.5,"axis":"x"},"from":[1.7823,7.71405,6.5625],"faces":{"west":{"rotation":270,"uv":[0.75,4.75,1.25,6.75],"texture":"#1"},"east":{"rotation":90,"uv":[12.5,7.5,13,8],"texture":"#1"},"north":{"uv":[6.75,5.5,7.25,6],"texture":"#1"},"south":{"rotation":180,"uv":[6,8,6.5,8.5],"texture":"#1"}}},{"to":[2.11305,8.28595,9.4375],"rotation":{"origin":[13.43743,8,8],"angle":0,"axis":"y"},"from":[1.78217,7.71405,6.5625],"faces":{"west":{"rotation":90,"uv":[7.25,9.5,7.75,11.5],"texture":"#1"},"east":{"uv":[12.5,7.5,13,8],"texture":"#1"},"north":{"rotation":180,"uv":[4.25,8.25,4.75,8.75],"texture":"#1"},"south":{"rotation":180,"uv":[6.25,8.25,6.75,8.75],"texture":"#1"}}},{"to":[2.64225,9.265,8.25162],"rotation":{"origin":[13.43743,8,8],"angle":0,"axis":"y"},"from":[2.11292,6.735,7.74838],"faces":{"down":{"uv":[5.75,8,6.25,8.25],"texture":"#1"},"up":{"rotation":180,"uv":[10,2.75,10.5,3.25],"texture":"#1"}}},{"to":[2.64225,9.265,8.25162],"rotation":{"origin":[13.43743,8,8],"angle":22.5,"axis":"x"},"from":[2.11292,6.735,7.74838],"faces":{"down":{"uv":[5.75,8,6.25,8.25],"texture":"#1"},"up":{"rotation":180,"uv":[11,2.5,11.5,3],"texture":"#1"}}},{"to":[2.64225,9.265,8.25162],"rotation":{"origin":[13.43743,8,8],"angle":-22.5,"axis":"x"},"from":[2.11292,6.735,7.74838],"faces":{"down":{"uv":[5.75,8,6.25,8.25],"texture":"#1"},"up":{"rotation":180,"uv":[8.5,4,9,4.5],"texture":"#1"}}},{"to":[2.64225,9.265,8.25162],"rotation":{"origin":[13.43743,8,8],"angle":45,"axis":"x"},"from":[2.11292,6.735,7.74838],"faces":{"down":{"uv":[5.75,8,6.25,8.25],"texture":"#1"},"up":{"uv":[3.25,4.25,3.75,4.75],"texture":"#1"}}},{"to":[2.64225,8.25162,9.265],"rotation":{"origin":[13.43743,8,8],"angle":-22.5,"axis":"x"},"from":[2.11292,7.74838,6.735],"faces":{"north":{"rotation":180,"uv":[3,8,3.5,8.5],"texture":"#1"},"south":{"uv":[3.25,4.75,3.75,5.25],"texture":"#1"}}},{"to":[2.64225,9.265,8.25162],"rotation":{"origin":[13.43743,8,8],"angle":-45,"axis":"x"},"from":[2.11292,6.735,7.74838],"faces":{"down":{"uv":[5.75,8,6.25,8.25],"texture":"#1"},"up":{"rotation":180,"uv":[3.25,4.25,3.75,4.75],"texture":"#1"}}},{"to":[2.64225,8.25162,9.265],"rotation":{"origin":[13.43743,8,8],"angle":22.5,"axis":"x"},"from":[2.11292,7.74838,6.735],"faces":{"north":{"uv":[3.25,4.75,3.75,5.25],"texture":"#1"},"south":{"rotation":180,"uv":[3,8,3.5,8.5],"texture":"#1"}}},{"to":[2.64225,8.25162,9.265],"rotation":{"origin":[13.43743,8,8],"angle":0,"axis":"y"},"from":[2.11292,7.74838,6.735],"faces":{"north":{"uv":[3.25,5.25,3.75,5.75],"texture":"#1"},"south":{"uv":[3.25,5.25,3.75,5.75],"texture":"#1"}}},{"to":[14.6511,9.2075,8.50016],"rotation":{"origin":[13.58495,8,8],"angle":0,"axis":"y"},"from":[14.15235,6.7925,7.49984],"faces":{"down":{"uv":[6.25,7.75,6.75,8.5],"texture":"#1"},"east":{"uv":[9.5,7.25,10.25,8.25],"texture":"#1"},"up":{"rotation":180,"uv":[1.25,3.75,1.75,4.5],"texture":"#1"}}},{"to":[14.83731,9.56469,8.28594],"rotation":{"origin":[13.50288,7.99879,8],"angle":-22.5,"axis":"z"},"from":[13.52481,8.41469,7.71406],"faces":{"north":{"rotation":180,"uv":[10.5,2.75,11,3.25],"texture":"#1"},"up":{"uv":[2,3.25,2.75,3.75],"texture":"#1"},"south":{"rotation":180,"uv":[10.5,2.75,11,3.25],"texture":"#1"}}},{"to":[14.83732,7.58531,8.28596],"rotation":{"origin":[13.50287,8.00119,8.00002],"angle":22.5,"axis":"z"},"from":[13.52482,6.43531,7.71409],"faces":{"down":{"rotation":180,"uv":[5.5,7.75,6.25,8.25],"texture":"#1"},"north":{"rotation":180,"uv":[7.5,8,7.75,8.25],"texture":"#1"},"south":{"rotation":180,"uv":[7.5,8,7.75,8.25],"texture":"#1"}}},{"to":[14.83731,8.28594,9.56469],"rotation":{"origin":[13.50288,8,7.99879],"angle":22.5,"axis":"y"},"from":[13.52481,7.71406,8.41469],"faces":{"down":{"rotation":180,"uv":[4.5,12,5,12.5],"texture":"#1"},"up":{"rotation":180,"uv":[4.5,12,5,12.5],"texture":"#1"},"south":{"uv":[0,12,0.75,12.5],"texture":"#1"}}},{"to":[14.83731,8.28594,7.58531],"rotation":{"origin":[13.50288,8,8.00121],"angle":-22.5,"axis":"y"},"from":[13.52481,7.71406,6.43531],"faces":{"down":{"rotation":180,"uv":[4.5,12,5,12.5],"texture":"#1"},"north":{"uv":[0,12,0.75,12.5],"texture":"#1"},"up":{"rotation":180,"uv":[4.5,12,5,12.5],"texture":"#1"}}},{"to":[14.6511,9.2075,8.50016],"rotation":{"origin":[13.58495,8,8],"angle":-45,"axis":"x"},"from":[14.15235,6.7925,7.49984],"faces":{"down":{"rotation":180,"uv":[2,5.75,2.5,6.5],"texture":"#1"},"east":{"uv":[9.5,7.25,10.25,8.25],"texture":"#1"},"up":{"rotation":180,"uv":[1.25,4.25,1.75,5],"texture":"#1"}}},{"to":[14.6511,9.2075,8.50016],"rotation":{"origin":[13.58495,8,8],"angle":45,"axis":"x"},"from":[14.15235,6.7925,7.49984],"faces":{"down":{"uv":[2,5.75,2.5,6.5],"texture":"#1"},"east":{"uv":[9.5,7.25,10.25,8.25],"texture":"#1"},"up":{"uv":[1.25,4.25,1.75,5],"texture":"#1"}}},{"to":[14.6511,8.50016,9.2075],"rotation":{"origin":[13.58495,8,8],"angle":0,"axis":"y"},"from":[14.15235,7.49984,6.7925],"faces":{"east":{"uv":[9.5,7.25,10.25,8.25],"texture":"#1"},"north":{"uv":[3,4.75,3.5,5.5],"texture":"#1"},"south":{"uv":[3,4.75,3.5,5.5],"texture":"#1"}}},{"to":[16.8225,8.9625,8.19146],"rotation":{"origin":[13.72558,8,8],"angle":0,"axis":"y"},"from":[14.6225,7.0375,7.80855],"faces":{"down":{"rotation":180,"uv":[7.25,8,8.25,8.25],"texture":"#1"},"east":{"uv":[5.25,10.5,5.75,11],"texture":"#1"},"up":{"rotation":180,"uv":[3.5,4,4.5,4.25],"texture":"#1"}}},{"to":[16.8225,8.9625,8.19146],"rotation":{"origin":[13.72558,8,8],"angle":22.5,"axis":"x"},"from":[14.6225,7.0375,7.80855],"faces":{"down":{"rotation":180,"uv":[5.25,7.75,6.25,8],"texture":"#1"},"east":{"uv":[5.25,10.5,5.75,11],"texture":"#1"},"up":{"rotation":180,"uv":[5.25,4.25,6.25,4.5],"texture":"#1"}}},{"to":[16.8225,8.9625,8.19146],"rotation":{"origin":[13.72558,8,8],"angle":-22.5,"axis":"x"},"from":[14.6225,7.0375,7.80855],"faces":{"down":{"rotation":180,"uv":[2.5,8.25,3.5,8.5],"texture":"#1"},"east":{"uv":[5.25,10.5,5.75,11],"texture":"#1"},"up":{"rotation":180,"uv":[4.75,4.25,5.75,4.5],"texture":"#1"}}},{"to":[16.8225,8.9625,8.19146],"rotation":{"origin":[13.72558,8,8],"angle":45,"axis":"x"},"from":[14.6225,7.0375,7.80855],"faces":{"down":{"rotation":180,"uv":[4.75,5.5,5.75,5.75],"texture":"#1"},"east":{"uv":[5.25,10.5,5.75,11],"texture":"#1"},"up":{"rotation":180,"uv":[6.75,4.5,7.75,4.75],"texture":"#1"}}},{"to":[16.8225,8.9625,8.19146],"rotation":{"origin":[13.72558,8,8],"angle":-45,"axis":"x"},"from":[14.6225,7.0375,7.80855],"faces":{"down":{"rotation":180,"uv":[4.25,5.75,5.25,6],"texture":"#1"},"east":{"uv":[5.25,10.5,5.75,11],"texture":"#1"},"up":{"rotation":180,"uv":[1.25,4.25,2.25,4.5],"texture":"#1"}}},{"to":[16.8225,8.19146,8.9625],"rotation":{"origin":[13.72558,8,8],"angle":-22.5,"axis":"x"},"from":[14.6225,7.80855,7.0375],"faces":{"east":{"uv":[5.25,10.5,5.75,11],"texture":"#1"},"north":{"rotation":180,"uv":[3,5.25,4,5.5],"texture":"#1"},"south":{"rotation":180,"uv":[6.75,4.75,7.75,5],"texture":"#1"}}},{"to":[16.8225,8.19146,8.9625],"rotation":{"origin":[13.72558,8,8],"angle":22.5,"axis":"x"},"from":[14.6225,7.80855,7.0375],"faces":{"east":{"uv":[5.25,10.5,5.75,11],"texture":"#1"},"north":{"rotation":180,"uv":[1.5,4.75,2.5,5],"texture":"#1"},"south":{"rotation":180,"uv":[8,5.25,9,5.5],"texture":"#1"}}},{"to":[16.8225,8.19146,8.9625],"rotation":{"origin":[13.72558,8,8],"angle":0,"axis":"y"},"from":[14.6225,7.80855,7.0375],"faces":{"east":{"uv":[5.25,10.5,5.75,11],"texture":"#1"},"north":{"rotation":180,"uv":[2,5,3,5.25],"texture":"#1"},"south":{"rotation":180,"uv":[5,5,6,5.25],"texture":"#1"}}},{"to":[18.1425,8.88,8.17504],"rotation":{"origin":[13.72558,8,8],"angle":0,"axis":"y"},"from":[16.8225,7.12,7.82496],"faces":{"down":{"rotation":180,"uv":[7.75,8,8.25,8.25],"texture":"#2"},"east":{"uv":[11,7.5,11.5,8],"texture":"#2"},"up":{"uv":[3.25,4,3.75,4.25],"texture":"#2"}}},{"to":[18.1425,8.88,8.17504],"rotation":{"origin":[13.72558,8,8],"angle":-22.5,"axis":"x"},"from":[16.8225,7.12,7.82496],"faces":{"down":{"rotation":180,"uv":[4.25,8,4.75,8.25],"texture":"#2"},"east":{"uv":[11,7.5,11.5,8],"texture":"#2"},"up":{"uv":[7.5,4.25,8,4.5],"texture":"#2"}}},{"to":[18.1425,8.88,8.17504],"rotation":{"origin":[13.72558,8,8],"angle":22.5,"axis":"x"},"from":[16.8225,7.12,7.82496],"faces":{"down":{"uv":[4.25,8,4.75,8.25],"texture":"#2"},"east":{"uv":[11,7.5,11.5,8],"texture":"#2"},"up":{"uv":[5.5,4.25,6,4.5],"texture":"#2"}}},{"to":[18.1425,8.88,8.17504],"rotation":{"origin":[13.72558,8,8],"angle":-45,"axis":"x"},"from":[16.8225,7.12,7.82496],"faces":{"down":{"rotation":180,"uv":[2.75,9.25,3.25,9.5],"texture":"#2"},"east":{"uv":[11,7.5,11.5,8],"texture":"#2"},"up":{"rotation":180,"uv":[6.5,4.75,7,5],"texture":"#2"}}},{"to":[18.1425,8.88,8.17504],"rotation":{"origin":[13.72558,8,8],"angle":45,"axis":"x"},"from":[16.8225,7.12,7.82496],"faces":{"down":{"rotation":180,"uv":[2.75,9.25,3.25,9.75],"texture":"#2"},"east":{"uv":[11,7.5,11.5,8],"texture":"#2"},"up":{"uv":[8.5,4.75,9,5],"texture":"#2"}}},{"to":[18.1425,8.17504,8.88],"rotation":{"origin":[13.72558,8,8],"angle":22.5,"axis":"x"},"from":[16.8225,7.82496,7.12],"faces":{"east":{"rotation":90,"uv":[11,7.5,11.5,8],"texture":"#2"},"north":{"rotation":180,"uv":[5.5,11.5,6,11.75],"texture":"#2"},"south":{"rotation":180,"uv":[1.25,9.75,1.75,10],"texture":"#2"}}},{"to":[18.1425,8.17504,8.88],"rotation":{"origin":[13.72558,8,8],"angle":-22.5,"axis":"x"},"from":[16.8225,7.82496,7.12],"faces":{"east":{"rotation":270,"uv":[11,7.5,11.5,8],"texture":"#2"},"north":{"rotation":180,"uv":[2.5,10,3,10.5],"texture":"#2"},"south":{"rotation":180,"uv":[5.5,11.5,6,11.75],"texture":"#2"}}},{"to":[18.1425,8.17504,8.88],"rotation":{"origin":[13.72558,8,8],"angle":0,"axis":"y"},"from":[16.8225,7.82496,7.12],"faces":{"east":{"uv":[11,7.5,11.5,8],"texture":"#2"},"north":{"rotation":180,"uv":[5.5,11,6,11.25],"texture":"#2"},"south":{"rotation":180,"uv":[5.5,11,6,11.25],"texture":"#2"}}},{"to":[18.9125,8.825,8.1641],"rotation":{"origin":[13.72558,8,8],"angle":0,"axis":"y"},"from":[18.1425,7.175,7.8359],"faces":{"down":{"rotation":180,"uv":[7.75,8,8.25,8.25],"texture":"#2"},"east":{"uv":[11,7.5,11.5,8],"texture":"#2"},"up":{"uv":[3.25,4,3.75,4.25],"texture":"#2"}}},{"to":[18.9125,8.825,8.1641],"rotation":{"origin":[13.72558,8,8],"angle":22.5,"axis":"x"},"from":[18.1425,7.175,7.8359],"faces":{"down":{"uv":[4.25,8,4.75,8.25],"texture":"#2"},"east":{"uv":[11,7.5,11.5,8],"texture":"#2"},"up":{"uv":[12.75,2.25,13.25,2.5],"texture":"#2"}}},{"to":[18.9125,8.825,8.1641],"rotation":{"origin":[13.72558,8,8],"angle":-22.5,"axis":"x"},"from":[18.1425,7.175,7.8359],"faces":{"down":{"rotation":180,"uv":[4.25,8,4.75,8.25],"texture":"#2"},"east":{"uv":[11,7.5,11.5,8],"texture":"#2"},"up":{"uv":[8.5,4.25,9,4.5],"texture":"#2"}}},{"to":[18.9125,8.825,8.1641],"rotation":{"origin":[13.72558,8,8],"angle":45,"axis":"x"},"from":[18.1425,7.175,7.8359],"faces":{"down":{"rotation":180,"uv":[2.75,9.25,3.25,9.75],"texture":"#2"},"east":{"uv":[11,7.5,11.5,8],"texture":"#2"},"up":{"uv":[9.25,4.75,9.75,5],"texture":"#2"}}},{"to":[18.9125,8.825,8.1641],"rotation":{"origin":[13.72558,8,8],"angle":-45,"axis":"x"},"from":[18.1425,7.175,7.8359],"faces":{"down":{"rotation":180,"uv":[2.75,9.25,3.25,9.5],"texture":"#2"},"east":{"uv":[11,7.5,11.5,8],"texture":"#2"},"up":{"rotation":180,"uv":[5.75,4.75,6.25,5],"texture":"#2"}}},{"to":[18.9125,8.1641,8.825],"rotation":{"origin":[13.72558,8,8],"angle":-22.5,"axis":"x"},"from":[18.1425,7.8359,7.175],"faces":{"east":{"rotation":270,"uv":[11,7.5,11.5,8],"texture":"#2"},"north":{"rotation":180,"uv":[2.5,10,3,10.5],"texture":"#2"},"south":{"rotation":180,"uv":[6.25,11.5,6.75,11.75],"texture":"#2"}}},{"to":[18.9125,8.1641,8.825],"rotation":{"origin":[13.72558,8,8],"angle":22.5,"axis":"x"},"from":[18.1425,7.8359,7.175],"faces":{"east":{"rotation":90,"uv":[11,7.5,11.5,8],"texture":"#2"},"north":{"rotation":180,"uv":[4.75,11.5,5.25,11.75],"texture":"#2"},"south":{"rotation":180,"uv":[1.25,9.75,1.75,10],"texture":"#2"}}},{"to":[18.9125,8.1641,8.825],"rotation":{"origin":[13.72558,8,8],"angle":0,"axis":"y"},"from":[18.1425,7.8359,7.175],"faces":{"east":{"uv":[11,7.5,11.5,8],"texture":"#2"},"north":{"rotation":180,"uv":[6.5,11,7,11.25],"texture":"#2"},"south":{"rotation":180,"uv":[5.5,11,6,11.25],"texture":"#2"}}},{"to":[19.5075,8.77,8.15316],"rotation":{"origin":[13.82558,8,8],"angle":0,"axis":"y"},"from":[18.9125,7.23,7.84684],"faces":{"down":{"rotation":180,"uv":[7.75,8,8.25,8.25],"texture":"#2"},"east":{"uv":[11,7.5,11.5,8],"texture":"#2"},"up":{"uv":[3.25,4,3.75,4.25],"texture":"#2"}}},{"to":[19.5075,8.77,8.15316],"rotation":{"origin":[13.82558,8,8],"angle":-22.5,"axis":"x"},"from":[18.9125,7.23,7.84684],"faces":{"down":{"rotation":180,"uv":[4.25,8,4.75,8.25],"texture":"#2"},"east":{"uv":[11,7.5,11.5,8],"texture":"#2"},"up":{"uv":[8.75,4.25,9.25,4.5],"texture":"#2"}}},{"to":[19.5075,8.77,8.15316],"rotation":{"origin":[13.82558,8,8],"angle":22.5,"axis":"x"},"from":[18.9125,7.23,7.84684],"faces":{"down":{"uv":[4.25,8,4.75,8.25],"texture":"#2"},"east":{"uv":[11,7.5,11.5,8],"texture":"#2"},"up":{"uv":[10.5,2.75,11,3],"texture":"#2"}}},{"to":[19.5075,8.77,8.15316],"rotation":{"origin":[13.82558,8,8],"angle":-45,"axis":"x"},"from":[18.9125,7.23,7.84684],"faces":{"down":{"rotation":180,"uv":[2.75,9.25,3.25,9.5],"texture":"#2"},"east":{"uv":[11,7.5,11.5,8],"texture":"#2"},"up":{"rotation":180,"uv":[7.5,4.75,8,5],"texture":"#2"}}},{"to":[19.5075,8.15316,8.77],"rotation":{"origin":[13.82558,8,8],"angle":22.5,"axis":"x"},"from":[18.9125,7.84684,7.23],"faces":{"east":{"rotation":90,"uv":[11,7.5,11.5,8],"texture":"#2"},"north":{"rotation":180,"uv":[6.75,11.5,7.25,11.75],"texture":"#2"},"south":{"rotation":180,"uv":[1.25,9.75,1.75,10],"texture":"#2"}}},{"to":[19.5075,8.77,8.15316],"rotation":{"origin":[13.82558,8,8],"angle":45,"axis":"x"},"from":[18.9125,7.23,7.84684],"faces":{"down":{"rotation":180,"uv":[2.75,9.25,3.25,9.75],"texture":"#2"},"east":{"uv":[11,7.5,11.5,8],"texture":"#2"},"up":{"uv":[9,4.75,9.5,5],"texture":"#2"}}},{"to":[19.5075,8.15316,8.77],"rotation":{"origin":[13.82558,8,8],"angle":-22.5,"axis":"x"},"from":[18.9125,7.84684,7.23],"faces":{"east":{"rotation":270,"uv":[11,7.5,11.5,8],"texture":"#2"},"north":{"rotation":180,"uv":[2.5,10,3,10.5],"texture":"#2"},"south":{"rotation":180,"uv":[6.25,11.5,6.75,11.75],"texture":"#2"}}},{"to":[19.5075,8.15316,8.77],"rotation":{"origin":[13.82558,8,8],"angle":0,"axis":"y"},"from":[18.9125,7.84684,7.23],"faces":{"east":{"uv":[11,7.5,11.5,8],"texture":"#2"},"north":{"rotation":180,"uv":[4.75,11,5.25,11.25],"texture":"#2"},"south":{"rotation":180,"uv":[5.5,11,6,11.25],"texture":"#2"}}},{"to":[19.9925,8.715,8.14222],"rotation":{"origin":[13.92558,8,8],"angle":0,"axis":"y"},"from":[19.5075,7.285,7.85778],"faces":{"down":{"rotation":180,"uv":[7.75,8,8.25,8.25],"texture":"#2"},"east":{"uv":[11,7.5,11.5,8],"texture":"#2"},"up":{"uv":[3.25,4,3.75,4.25],"texture":"#2"}}},{"to":[19.9925,8.715,8.14222],"rotation":{"origin":[13.92558,8,8],"angle":22.5,"axis":"x"},"from":[19.5075,7.285,7.85778],"faces":{"down":{"uv":[4.25,8,4.75,8.25],"texture":"#2"},"east":{"uv":[11,7.5,11.5,8],"texture":"#2"},"up":{"uv":[11.25,3.25,11.75,3.5],"texture":"#2"}}},{"to":[19.9925,8.715,8.14222],"rotation":{"origin":[13.92558,8,8],"angle":-22.5,"axis":"x"},"from":[19.5075,7.285,7.85778],"faces":{"down":{"rotation":180,"uv":[4.25,8,4.75,8.25],"texture":"#2"},"east":{"uv":[11,7.5,11.5,8],"texture":"#2"},"up":{"uv":[11,3,11.5,3.25],"texture":"#2"}}},{"to":[19.9925,8.715,8.14222],"rotation":{"origin":[13.92558,8,8],"angle":45,"axis":"x"},"from":[19.5075,7.285,7.85778],"faces":{"down":{"rotation":180,"uv":[2.75,9.25,3.25,9.75],"texture":"#2"},"east":{"uv":[11,7.5,11.5,8],"texture":"#2"},"up":{"uv":[6.5,4.75,7,5],"texture":"#2"}}},{"to":[19.9925,8.715,8.14222],"rotation":{"origin":[13.92558,8,8],"angle":-45,"axis":"x"},"from":[19.5075,7.285,7.85778],"faces":{"down":{"rotation":180,"uv":[2.75,9.25,3.25,9.5],"texture":"#2"},"east":{"uv":[11,7.5,11.5,8],"texture":"#2"},"up":{"rotation":180,"uv":[8,4.75,8.5,5],"texture":"#2"}}},{"to":[19.9925,8.14222,8.715],"rotation":{"origin":[13.92558,8,8],"angle":-22.5,"axis":"x"},"from":[19.5075,7.85778,7.285],"faces":{"east":{"rotation":270,"uv":[11,7.5,11.5,8],"texture":"#2"},"north":{"rotation":180,"uv":[2.5,10,3,10.5],"texture":"#2"},"south":{"rotation":180,"uv":[7.5,11.5,8,11.75],"texture":"#2"}}},{"to":[19.9925,8.14222,8.715],"rotation":{"origin":[13.92558,8,8],"angle":22.5,"axis":"x"},"from":[19.5075,7.85778,7.285],"faces":{"east":{"rotation":90,"uv":[11,7.5,11.5,8],"texture":"#2"},"north":{"rotation":180,"uv":[7,11.5,7.5,11.75],"texture":"#2"},"south":{"rotation":180,"uv":[1.25,9.75,1.75,10],"texture":"#2"}}},{"to":[19.9925,8.14222,8.715],"rotation":{"origin":[13.92558,8,8],"angle":0,"axis":"y"},"from":[19.5075,7.85778,7.285],"faces":{"east":{"uv":[11,7.5,11.5,8],"texture":"#2"},"north":{"rotation":180,"uv":[6.25,11,6.75,11.25],"texture":"#2"},"south":{"rotation":180,"uv":[5.5,11,6,11.25],"texture":"#2"}}},{"to":[20.43311,10.93148,8.22],"rotation":{"origin":[13.92558,8,8],"angle":-22.5,"axis":"z"},"from":[19.27811,10.49148,7.78],"faces":{"east":{"uv":[7.5,2,8,2.5],"texture":"#2"},"north":{"uv":[6,4.5,6.5,5],"texture":"#2"},"up":{"uv":[4,4,4.5,4.5],"texture":"#2"},"south":{"uv":[5.75,4.5,6.25,5],"texture":"#2"}}},{"to":[20.43312,5.50853,8.22],"rotation":{"origin":[13.92558,8,8],"angle":22.5,"axis":"z"},"from":[19.27812,5.06853,7.78],"faces":{"down":{"rotation":180,"uv":[15,8,15.5,8.5],"texture":"#2"},"east":{"uv":[7.5,2,8,2.5],"texture":"#2"},"north":{"rotation":180,"uv":[5,8,5.5,8.5],"texture":"#2"},"south":{"rotation":180,"uv":[5,8,5.5,8.5],"texture":"#2"}}},{"to":[20.43312,8.22,10.93148],"rotation":{"origin":[13.92558,8,8],"angle":22.5,"axis":"y"},"from":[19.27812,7.78,10.43648],"faces":{"down":{"rotation":180,"uv":[9,10.25,9.5,10.75],"texture":"#2"},"east":{"uv":[7.5,2,8,2.5],"texture":"#2"},"up":{"uv":[6.5,4.75,7,5.25],"texture":"#2"},"south":{"rotation":180,"uv":[4.75,11.25,5.25,11.75],"texture":"#2"}}},{"to":[20.43312,8.22,5.56352],"rotation":{"origin":[13.92558,8,8],"angle":-22.5,"axis":"y"},"from":[19.27812,7.78,5.06852],"faces":{"down":{"rotation":180,"uv":[9,10.25,9.5,10.75],"texture":"#2"},"east":{"uv":[7.5,2,8,2.5],"texture":"#2"},"north":{"rotation":180,"uv":[4.75,11.25,5.25,11.75],"texture":"#2"},"up":{"rotation":180,"uv":[6.5,4.75,7,5.25],"texture":"#2"}}}],"gui_light":"front","credit":"thebradqq's guns","display":{"thirdperson_righthand":{"rotation":[69,50,20],"scale":[0.15,0.15,0.15]},"head":{"scale":[0.3,0.3,0.3]},"thirdperson_lefthand":{"rotation":[69,-117,-58],"scale":[0.15,0.15,0.15]},"gui":{"rotation":[0,1,45],"scale":[1.5,1.5,1.5],"translation":[-3.25,-3,0]},"firstperson_righthand":{"rotation":[-53,105,86],"scale":[0.3,0.3,0.3],"translation":[4.25,0,0]},"firstperson_lefthand":{"rotation":[-46,-107,-87],"scale":[0.3,0.3,0.3],"translation":[2.5,0,0]},"fixed":{"rotation":[0,-99,90],"scale":[0.3,0.3,0.3],"translation":[0,0,-1]},"ground":{"scale":[0.15,0.15,0.15]}}}