{"textures":{"a":"mgs:misc/reticles_1024","particle":"mgs:gun/metal_dark","1":"mgs:gun/metal_brighter","0":"mgs:gun/m24details","3":"mgs:gun/metal","2":"mgs:gun/metal_bright","5":"mgs:gun/holodetails","4":"mgs:gun/metal_dark","7":"mgs:gun/acogdetails","6":"mgs:gun/kobradetails","9":"mgs:misc/reticles","8":"mgs:gun/mk4details"},"gui_light":"front","elements":[{"to":[28.1,7.825,8.08951],"rotation":{"origin":[16.3,8,8],"angle":0,"axis":"y"},"from":[4.5,7.55,7.91049],"faces":{"down":{"uv":[15.75,15.75,16,16],"texture":"#4"},"east":{"uv":[0.25,7.25,0.75,8],"texture":"#4"},"up":{"rotation":180,"uv":[1.25,12.5,1.5,13],"texture":"#4"}}},{"to":[28.1,8.45,8.08951],"rotation":{"origin":[16.3,8,8],"angle":0,"axis":"y"},"from":[4.5,8.175,7.91049],"faces":{"down":{"rotation":270,"uv":[15.75,15.75,16,16],"texture":"#3"},"east":{"uv":[15.5,7.25,16,8],"texture":"#3"},"up":{"rotation":180,"uv":[0,7.25,16,7.75],"texture":"#1"}}},{"to":[0.38889,8.4,8.07956],"rotation":{"origin":[1.3,8,8],"angle":0,"axis":"y"},"from":[-1.18889,7.6,7.92044],"faces":{"west":{"uv":[10,4.75,10.5,5.5],"texture":"#3"},"up":{"uv":[2.75,3.75,5.25,4.25],"texture":"#3"}}},{"to":[4.18978,8.325,8.06465],"rotation":{"origin":[-1.5,8,8],"angle":0,"axis":"y"},"from":[-1.888,7.675,7.93535],"faces":{"west":{"uv":[5.75,4.75,6,6.75],"texture":"#4"},"up":{"rotation":180,"uv":[3,3.25,11.75,3.75],"texture":"#3"}}},{"to":[4.18978,8.06465,8.325],"rotation":{"origin":[-1.5,8,8],"angle":0,"axis":"x"},"from":[-1.888,7.93535,7.675],"faces":{"west":{"rotation":90,"uv":[5.25,5,5.5,7],"texture":"#4"},"north":{"uv":[3.25,5.5,12,6],"texture":"#3"},"south":{"uv":[6,5.25,14.75,5.75],"texture":"#3"}}},{"to":[4.18978,8.325,8.06465],"rotation":{"origin":[-1.5,8,8],"angle":-45,"axis":"x"},"from":[-1.888,7.675,7.93535],"faces":{"down":{"rotation":180,"uv":[3.5,8,12.25,8.25],"texture":"#4"},"west":{"uv":[0,5,0.25,7],"texture":"#4"},"up":{"rotation":180,"uv":[4.25,4.75,13,5.25],"texture":"#3"}}},{"to":[4.18978,8.325,8.06465],"rotation":{"origin":[-1.5,8,8],"angle":45,"axis":"x"},"from":[-1.888,7.675,7.93535],"faces":{"down":{"rotation":180,"uv":[3.5,8,12.25,8.25],"texture":"#4"},"west":{"uv":[0,5,0.25,7],"texture":"#4"},"up":{"uv":[3.75,4.25,12.5,4.75],"texture":"#3"}}},{"to":[4.18889,8.325,8.06465],"rotation":{"origin":[-1.5,8,8],"angle":22.5,"axis":"x"},"from":[-1.88889,7.675,7.93535],"faces":{"west":{"uv":[5.75,4.75,6,6.75],"texture":"#4"},"up":{"rotation":180,"uv":[1.25,4,10,4.5],"texture":"#3"}}},{"to":[4.18889,8.06465,8.325],"rotation":{"origin":[-1.5,8,8],"angle":22.5,"axis":"x"},"from":[-1.88889,7.93535,7.675],"faces":{"west":{"rotation":270,"uv":[5.75,5,6,7],"texture":"#4"},"north":{"uv":[3.5,5.25,12.25,5.75],"texture":"#3"},"south":{"rotation":180,"uv":[3.5,8,12.25,8.25],"texture":"#3"}}},{"to":[4.18889,8.325,8.06465],"rotation":{"origin":[-1.5,8,8],"angle":-22.5,"axis":"x"},"from":[-1.88889,7.675,7.93535],"faces":{"west":{"uv":[5.75,4.75,6,6.75],"texture":"#4"},"up":{"rotation":180,"uv":[3.5,4.5,12.25,5],"texture":"#3"}}},{"to":[4.18889,8.06465,8.325],"rotation":{"origin":[-1.5,8,8],"angle":-22.5,"axis":"x"},"from":[-1.88889,7.93535,7.675],"faces":{"west":{"rotation":90,"uv":[5.75,5,6,7],"texture":"#4"},"north":{"rotation":180,"uv":[2.25,8,11,8.25],"texture":"#3"},"south":{"uv":[6,4.75,14.75,5.25],"texture":"#3"}}},{"to":[-0.423,8.2625,8.6],"rotation":{"origin":[-0.63611,7.5625,8.35],"angle":0,"axis":"x"},"from":[-0.874,7.4625,8.2],"faces":{"west":{"uv":[5.25,5.25,6,7],"texture":"#3"},"east":{"rotation":270,"uv":[2.75,4.75,4,5.5],"texture":"#3"},"up":{"rotation":180,"uv":[8,1.75,9,2.5],"texture":"#3"},"south":{"rotation":270,"uv":[4,12,5.25,12.75],"texture":"#3"}}},{"to":[-1.27778,8.1125,8.65],"rotation":{"origin":[-0.98889,7.5875,8.35],"angle":0,"axis":"x"},"from":[-1.47778,7.9125,8.4],"faces":{"north":{"uv":[15.75,15.75,16,16],"texture":"#4"},"west":{"uv":[7,13.5,8.5,14.25],"texture":"#4"},"up":{"rotation":270,"uv":[7,13.5,8.5,14.25],"texture":"#3"},"down":{"rotation":90,"uv":[7.5,7.5,9,9],"texture":"#4"},"east":{"uv":[7,13.5,8.5,14.25],"texture":"#4"},"south":{"uv":[8,2,8.75,2.75],"texture":"#4"}}},{"to":[-0.425,7.6564,7.87777],"rotation":{"origin":[-0.63611,9.5564,7.62777],"angle":-22.5,"axis":"x"},"from":[-0.875,6.4564,7.57777],"faces":{"west":{"rotation":90,"uv":[3.75,5,6,5.5],"texture":"#3"},"east":{"rotation":270,"uv":[3.75,4.75,6,5.25],"texture":"#3"},"north":{"rotation":90,"uv":[15.75,15.75,16,16],"texture":"#3"},"south":{"rotation":90,"uv":[3.5,4.5,5.75,5.25],"texture":"#3"}}},{"to":[-0.35,6.84587,9.28301],"rotation":{"origin":[-0.65,6.54587,9.08301],"angle":-45,"axis":"x"},"from":[-0.95,6.24587,8.90801],"faces":{"north":{"rotation":90,"uv":[7.25,9.75,8,10.5],"texture":"#3"},"west":{"rotation":90,"uv":[2.5,4.75,3.75,5.5],"texture":"#3"},"up":{"rotation":180,"uv":[2.5,4.75,3.75,5.5],"texture":"#3"},"down":{"uv":[1.5,5.25,2.75,6],"texture":"#3"},"east":{"rotation":270,"uv":[3.25,4.5,4.5,5.25],"texture":"#3"},"south":{"rotation":180,"uv":[0,2.5,1.25,3.75],"texture":"#3"}}},{"to":[-0.45,6.74587,9.33301],"rotation":{"origin":[-0.65,6.54587,9.08301],"angle":-45,"axis":"x"},"from":[-0.85,6.34587,8.85801],"faces":{"north":{"rotation":90,"uv":[7.25,9.75,8,10.5],"texture":"#4"},"west":{"rotation":90,"uv":[6.5,7.25,7.25,8],"texture":"#4"},"up":{"rotation":180,"uv":[6.5,7.25,7.25,8],"texture":"#4"},"down":{"uv":[6.5,7.25,7.25,8],"texture":"#4"},"east":{"rotation":270,"uv":[6.5,7.25,7.25,8],"texture":"#4"},"south":{"uv":[0,9,2,11],"texture":"#0"}}},{"to":[5.725,8.5625,8.11189],"rotation":{"origin":[5.4,8,8],"angle":0,"axis":"y"},"from":[4.075,7.4375,7.88811],"faces":{"west":{"rotation":180,"uv":[7.75,10,8.5,10.5],"texture":"#4"},"east":{"rotation":180,"uv":[9,3.25,9.5,3.75],"texture":"#4"},"up":{"uv":[4,10.5,6,11],"texture":"#2"}}},{"to":[5.625,8.7375,8.35],"rotation":{"origin":[5.4,8.1,7.76189],"angle":0,"axis":"y"},"from":[-0.425,8.6375,7.65],"faces":{"north":{"rotation":180,"uv":[6,10.25,8,10.5],"texture":"#4"},"west":{"rotation":180,"uv":[6,10.25,6.25,10.5],"texture":"#4"},"up":{"rotation":180,"uv":[5.75,12.75,16,14.25],"texture":"#4"},"down":{"rotation":180,"uv":[15.75,15.75,16,16],"texture":"#4"},"east":{"rotation":180,"uv":[6,10.25,6.25,10.5],"texture":"#4"},"south":{"rotation":180,"uv":[6,10.25,8,10.5],"texture":"#4"}}},{"to":[0.9245,8.6375,8.3],"rotation":{"origin":[5.4,8.1,7.76189],"angle":0,"axis":"y"},"from":[-0.4245,8.2375,7.7],"faces":{"west":{"rotation":180,"uv":[8.5,12,9.25,13.25],"texture":"#4"},"east":{"rotation":180,"uv":[7.75,10,8.5,10.5],"texture":"#4"},"north":{"rotation":180,"uv":[6.5,6.5,8.5,7.75],"texture":"#4"},"south":{"rotation":180,"uv":[6.5,6.5,8.5,7.75],"texture":"#4"}}},{"to":[5.625,8.6375,8.3],"rotation":{"origin":[9.9,8.1,7.76189],"angle":0,"axis":"y"},"from":[4.075,8.4875,7.7],"faces":{"west":{"rotation":180,"uv":[7.75,10,8.5,10.5],"texture":"#4"},"east":{"rotation":180,"uv":[6.5,7.25,7,7.75],"texture":"#4"},"north":{"rotation":180,"uv":[6.5,7.25,8.5,7.75],"texture":"#4"},"south":{"rotation":180,"uv":[6.5,7.25,8.5,7.75],"texture":"#4"}}},{"to":[-0.025,8.8375,8.35],"rotation":{"origin":[5.55,8.125,7.76189],"angle":0,"axis":"y"},"from":[-0.425,8.7375,7.65],"faces":{"west":{"uv":[7.75,4.75,9,5.25],"texture":"#4"},"east":{"uv":[0.75,5,2,5.5],"texture":"#4"},"north":{"uv":[10.25,7.25,10.75,7.75],"texture":"#4"},"up":{"rotation":180,"uv":[7.75,1.75,8.75,3],"texture":"#4"},"south":{"uv":[10.25,7.25,10.75,7.75],"texture":"#4"}}},{"to":[1.975,8.8375,8.35],"rotation":{"origin":[7.55,8.125,7.76189],"angle":0,"axis":"y"},"from":[1.725,8.7375,7.65],"faces":{"west":{"uv":[0.75,5,2,5.5],"texture":"#4"},"east":{"uv":[0.75,5,2,5.5],"texture":"#4"},"north":{"uv":[0,7.25,0.5,7.75],"texture":"#4"},"up":{"rotation":180,"uv":[1,1.75,1.5,3],"texture":"#4"},"south":{"uv":[6,7.25,6.5,7.75],"texture":"#4"}}},{"to":[3.475,8.8375,8.35],"rotation":{"origin":[9.05,8.125,7.76189],"angle":0,"axis":"y"},"from":[3.225,8.7375,7.65],"faces":{"west":{"uv":[0.75,5,2,5.5],"texture":"#4"},"east":{"uv":[0.75,5,2,5.5],"texture":"#4"},"north":{"uv":[15.5,7.25,16,7.75],"texture":"#4"},"up":{"rotation":180,"uv":[2,1.75,2.5,3],"texture":"#4"},"south":{"uv":[10.25,7.25,10.75,7.75],"texture":"#4"}}},{"to":[0.475,8.8375,8.35],"rotation":{"origin":[5.65,8.125,7.76189],"angle":0,"axis":"y"},"from":[0.225,8.7375,7.65],"faces":{"west":{"uv":[0.75,5,2,5.5],"texture":"#4"},"east":{"uv":[0.75,5,2,5.5],"texture":"#4"},"north":{"uv":[4.75,7.25,5.25,7.75],"texture":"#4"},"up":{"rotation":180,"uv":[1,1.75,1.5,3],"texture":"#4"},"south":{"uv":[4.75,7.25,5.25,7.75],"texture":"#4"}}},{"to":[2.475,8.8375,8.35],"rotation":{"origin":[7.65,8.125,7.76189],"angle":0,"axis":"y"},"from":[2.225,8.7375,7.65],"faces":{"west":{"uv":[0.75,5,2,5.5],"texture":"#4"},"east":{"uv":[0.75,5,2,5.5],"texture":"#4"},"north":{"uv":[4.75,7.25,5.25,7.75],"texture":"#4"},"up":{"rotation":180,"uv":[5.5,1.75,6,3],"texture":"#4"},"south":{"uv":[10.25,7.25,10.75,7.75],"texture":"#4"}}},{"to":[3.975,8.8375,8.35],"rotation":{"origin":[9.15,8.125,7.76189],"angle":0,"axis":"y"},"from":[3.725,8.7375,7.65],"faces":{"west":{"uv":[0.75,5,2,5.5],"texture":"#4"},"east":{"uv":[0.75,5,2,5.5],"texture":"#4"},"north":{"uv":[15.5,7.25,16,7.75],"texture":"#4"},"up":{"rotation":180,"uv":[4,1.75,4.5,3],"texture":"#4"},"south":{"uv":[12,7.25,12.5,7.75],"texture":"#4"}}},{"to":[5.625,8.8375,8.35],"rotation":{"origin":[10.65,8.125,7.76189],"angle":0,"axis":"y"},"from":[5.225,8.7375,7.65],"faces":{"west":{"uv":[0.75,5,2,5.5],"texture":"#4"},"east":{"uv":[0.75,4.5,2,5],"texture":"#4"},"north":{"uv":[10.25,7.25,10.75,7.75],"texture":"#4"},"up":{"uv":[7.75,1.75,8.75,3],"texture":"#4"},"south":{"uv":[10.25,7.25,10.75,7.75],"texture":"#4"}}},{"to":[0.975,8.8375,8.35],"rotation":{"origin":[5.775,8.125,7.76189],"angle":0,"axis":"y"},"from":[0.725,8.7375,7.65],"faces":{"west":{"uv":[0.75,5,2,5.5],"texture":"#4"},"east":{"uv":[0.75,5,2,5.5],"texture":"#4"},"north":{"uv":[0,7.25,0.5,7.75],"texture":"#4"},"up":{"rotation":180,"uv":[4,1.75,4.5,3],"texture":"#4"},"south":{"uv":[6,7.25,6.5,7.75],"texture":"#4"}}},{"to":[4.475,8.8375,8.35],"rotation":{"origin":[9.275,8.125,7.76189],"angle":0,"axis":"y"},"from":[4.225,8.7375,7.65],"faces":{"west":{"uv":[0.75,5,2,5.5],"texture":"#4"},"east":{"uv":[0.75,5,2,5.5],"texture":"#4"},"north":{"uv":[10.25,7.25,10.75,7.75],"texture":"#4"},"up":{"rotation":180,"uv":[2,1.75,2.5,3],"texture":"#4"},"south":{"uv":[6,7.25,6.5,7.75],"texture":"#4"}}},{"to":[1.475,8.8375,8.35],"rotation":{"origin":[5.9,8.125,7.76189],"angle":0,"axis":"y"},"from":[1.225,8.7375,7.65],"faces":{"west":{"uv":[0.75,5,2,5.5],"texture":"#4"},"east":{"uv":[0.75,5,2,5.5],"texture":"#4"},"north":{"uv":[15.5,7.25,16,7.75],"texture":"#4"},"up":{"rotation":180,"uv":[2,1.75,2.5,3],"texture":"#4"},"south":{"uv":[10.25,7.25,10.75,7.75],"texture":"#4"}}},{"to":[2.975,8.8375,8.35],"rotation":{"origin":[7.4,8.125,7.76189],"angle":0,"axis":"y"},"from":[2.725,8.7375,7.65],"faces":{"west":{"uv":[0.75,5,2,5.5],"texture":"#4"},"east":{"uv":[0.75,5,2,5.5],"texture":"#4"},"north":{"uv":[0,7.25,0.5,7.75],"texture":"#4"},"up":{"rotation":180,"uv":[1,1.75,1.5,3],"texture":"#4"},"south":{"uv":[6,7.25,6.5,7.75],"texture":"#4"}}},{"to":[4.975,8.8375,8.35],"rotation":{"origin":[9.4,8.125,7.76189],"angle":0,"axis":"y"},"from":[4.725,8.7375,7.65],"faces":{"west":{"uv":[0.75,5,2,5.5],"texture":"#4"},"east":{"uv":[0.75,5,2,5.5],"texture":"#4"},"north":{"uv":[4.75,7.25,5.25,7.75],"texture":"#4"},"up":{"rotation":180,"uv":[1,1.75,1.5,3],"texture":"#4"},"south":{"uv":[12,7.25,12.5,7.75],"texture":"#4"}}},{"to":[28.1,8.08951,7.825],"rotation":{"origin":[16.3,8,8],"angle":0,"axis":"x"},"from":[4.5,7.91049,7.55],"faces":{"east":{"rotation":270,"uv":[14.25,8.5,14.75,9.25],"texture":"#4"},"north":{"rotation":180,"uv":[0,10.75,16,11.25],"texture":"#4"},"south":{"rotation":180,"uv":[5.25,8,5.5,8.5],"texture":"#4"}}},{"to":[28.1,8.08951,8.45],"rotation":{"origin":[16.3,8,8],"angle":0,"axis":"x"},"from":[4.5,7.91049,8.175],"faces":{"east":{"rotation":270,"uv":[14.25,8.5,14.75,9.25],"texture":"#4"},"north":{"uv":[5.25,8,5.5,8.5],"texture":"#4"},"south":{"rotation":180,"uv":[0,11,16,11.5],"texture":"#4"}}},{"to":[0.38889,8.07956,8.4],"rotation":{"origin":[1.3,8,8],"angle":0,"axis":"x"},"from":[-1.18889,7.92044,7.6],"faces":{"west":{"rotation":90,"uv":[8.5,6,9,6.75],"texture":"#3"},"north":{"rotation":180,"uv":[4,8,6.5,8.5],"texture":"#4"},"south":{"rotation":180,"uv":[3.5,8,6,8.25],"texture":"#3"}}},{"to":[5.725,8.11189,8.5625],"rotation":{"origin":[5.4,8,8],"angle":0,"axis":"x"},"from":[4.075,7.88811,7.4375],"faces":{"west":{"rotation":180,"uv":[8,8,8.75,8.5],"texture":"#4"},"east":{"rotation":180,"uv":[7,8,7.5,8.5],"texture":"#4"},"north":{"rotation":180,"uv":[7,8,9,8.5],"texture":"#4"},"south":{"rotation":180,"uv":[7,8,9,8.5],"texture":"#4"}}},{"to":[4.075,8.11189,7.6625],"rotation":{"origin":[2.9,8,8],"angle":0,"axis":"x"},"from":[0.925,7.88811,7.4375],"faces":{"north":{"rotation":180,"uv":[7,8,9,8.5],"texture":"#4"}}},{"to":[0.925,8.11189,8.5625],"rotation":{"origin":[0.9,8,8],"angle":0,"axis":"x"},"from":[-0.425,7.88811,7.4375],"faces":{"east":{"rotation":180,"uv":[8,8,8.75,8.5],"texture":"#4"},"north":{"rotation":180,"uv":[7,8,9,8.5],"texture":"#4"},"south":{"rotation":180,"uv":[7,8,9,8.5],"texture":"#4"}}},{"to":[28.1,8.45,8.08951],"rotation":{"origin":[16.3,8,8],"angle":-45,"axis":"x"},"from":[4.5,8.175,7.91049],"faces":{"down":{"rotation":270,"uv":[15.75,15.75,16,16],"texture":"#3"},"east":{"uv":[13.75,7.5,14.25,8.25],"texture":"#3"},"up":{"rotation":180,"uv":[0,5,16,5.5],"texture":"#4"}}},{"to":[28.1,7.825,8.08951],"rotation":{"origin":[16.3,8,8],"angle":-45,"axis":"x"},"from":[4.5,7.55,7.91049],"faces":{"down":{"rotation":180,"uv":[0,8,16,8.5],"texture":"#4"},"east":{"uv":[6.75,7.25,7.25,8],"texture":"#4"},"up":{"rotation":180,"uv":[2.75,11.5,3,12],"texture":"#4"}}},{"to":[0.38889,8.4,8.07956],"rotation":{"origin":[1.3,8,8],"angle":-45,"axis":"x"},"from":[-1.18889,7.6,7.92044],"faces":{"west":{"rotation":180,"uv":[3.75,11.5,4.25,12.25],"texture":"#3"},"up":{"rotation":180,"uv":[0,5.25,2.5,5.75],"texture":"#3"}}},{"to":[5.725,8.5625,8.11189],"rotation":{"origin":[5.4,8,8],"angle":-45,"axis":"x"},"from":[4.075,7.4375,7.88811],"faces":{"west":{"rotation":180,"uv":[7.75,10,8.5,10.5],"texture":"#4"},"east":{"rotation":270,"uv":[9.75,4.5,10.25,5],"texture":"#4"},"up":{"rotation":180,"uv":[5.75,7.25,7.75,7.75],"texture":"#2"}}},{"to":[0.925,8.5625,8.11189],"rotation":{"origin":[0.9,8,8],"angle":-45,"axis":"x"},"from":[-0.425,7.4375,7.88811],"faces":{"west":{"rotation":270,"uv":[8.75,11.75,9.5,12.25],"texture":"#4"},"east":{"rotation":180,"uv":[7.75,10,8.5,10.5],"texture":"#4"},"up":{"rotation":180,"uv":[14,7.5,16,8],"texture":"#3"}}},{"to":[4.075,8.5625,8.01189],"rotation":{"origin":[0.9,8,8],"angle":-45,"axis":"x"},"from":[0.925,7.4375,7.88811],"faces":{"up":{"rotation":180,"uv":[1.25,4.75,5.5,5],"texture":"#4"},"south":{"uv":[4.25,7.25,13.5,11.5],"texture":"#4"}}},{"to":[28.1,8.08951,7.825],"rotation":{"origin":[16.3,8,8],"angle":-45,"axis":"x"},"from":[4.5,7.91049,7.55],"faces":{"east":{"rotation":270,"uv":[6.75,7.25,7.25,8],"texture":"#4"},"north":{"rotation":180,"uv":[0,8,16,8.5],"texture":"#4"},"south":{"rotation":180,"uv":[2.75,11.5,3,12],"texture":"#4"}}},{"to":[28.1,8.08951,8.45],"rotation":{"origin":[16.3,8,8],"angle":-45,"axis":"x"},"from":[4.5,7.91049,8.175],"faces":{"east":{"rotation":270,"uv":[13.75,7.5,14.25,8.25],"texture":"#3"},"north":{"rotation":270,"uv":[15.75,15.75,16,16],"texture":"#3"},"south":{"uv":[16,4.75,0,5.25],"texture":"#4"}}},{"to":[0.38889,8.07956,8.4],"rotation":{"origin":[1.3,8,8],"angle":-45,"axis":"x"},"from":[-1.18889,7.92044,7.6],"faces":{"west":{"rotation":270,"uv":[3.75,11.5,4.25,12.25],"texture":"#3"},"south":{"rotation":180,"uv":[2,11.5,4.5,12],"texture":"#3"}}},{"to":[5.725,8.11189,8.5625],"rotation":{"origin":[5.4,8,8],"angle":-45,"axis":"x"},"from":[4.075,7.88811,7.4375],"faces":{"west":{"rotation":180,"uv":[6,11.5,6.75,12],"texture":"#4"},"east":{"uv":[9.75,4.5,10.25,5],"texture":"#4"},"south":{"uv":[6.75,4.5,8.75,5],"texture":"#2"}}},{"to":[0.925,8.11189,8.5625],"rotation":{"origin":[0.9,8,8],"angle":-45,"axis":"x"},"from":[-0.425,7.88811,7.4375],"faces":{"west":{"rotation":180,"uv":[8.75,11.75,9.5,12.25],"texture":"#4"},"east":{"rotation":180,"uv":[6,11.5,6.75,12],"texture":"#4"},"south":{"uv":[6.5,4.75,8.5,5.25],"texture":"#2"}}},{"to":[28.101,7.825,8.08951],"rotation":{"origin":[16.3,8,8],"angle":22.5,"axis":"x"},"from":[4.5,7.55,7.91049],"faces":{"down":{"uv":[0,8,16,8.25],"texture":"#4"},"east":{"uv":[0.25,7.25,0.75,8],"texture":"#4"},"up":{"rotation":180,"uv":[4.25,11.75,4.5,12.25],"texture":"#4"}}},{"to":[28.101,8.45,8.08951],"rotation":{"origin":[16.3,8,8],"angle":22.5,"axis":"x"},"from":[4.5,8.175,7.91049],"faces":{"down":{"rotation":270,"uv":[15.75,15.75,16,16],"texture":"#3"},"east":{"uv":[0,7.25,0.5,8],"texture":"#3"},"up":{"uv":[0,4.5,16,5],"texture":"#3"}}},{"to":[0.38778,8.4,8.07956],"rotation":{"origin":[1.3,8,8],"angle":22.5,"axis":"x"},"from":[-1.19,7.6,7.92044],"faces":{"west":{"uv":[3.25,4.75,3.75,5.5],"texture":"#3"},"up":{"uv":[3.5,4.5,6,5],"texture":"#3"}}},{"to":[5.725,8.5625,8.11189],"rotation":{"origin":[5.4,8,8],"angle":22.5,"axis":"x"},"from":[4.075,7.4375,7.88811],"faces":{"west":{"rotation":270,"uv":[6,11.5,6.75,12],"texture":"#4"},"east":{"rotation":180,"uv":[8.75,4,9.25,4.5],"texture":"#4"},"up":{"uv":[9.25,6.5,11.25,7],"texture":"#2"}}},{"to":[0.925,8.5625,8.11189],"rotation":{"origin":[0.9,8,8],"angle":22.5,"axis":"x"},"from":[-0.425,7.4375,7.88811],"faces":{"west":{"rotation":90,"uv":[8.5,12.5,9.25,13],"texture":"#4"},"east":{"rotation":90,"uv":[6,11.5,6.75,12],"texture":"#4"},"up":{"uv":[9.25,6.5,11.25,7],"texture":"#2"}}},{"to":[28.101,8.08951,7.825],"rotation":{"origin":[16.3,8,8],"angle":22.5,"axis":"x"},"from":[4.5,7.91049,7.55],"faces":{"east":{"rotation":90,"uv":[7.25,7.5,7.75,8.25],"texture":"#3"},"north":{"rotation":180,"uv":[0,11.25,16,11.75],"texture":"#4"},"south":{"rotation":270,"uv":[8.25,9.75,8.5,10],"texture":"#4"}}},{"to":[28.101,8.08951,8.45],"rotation":{"origin":[16.3,8,8],"angle":22.5,"axis":"x"},"from":[4.5,7.91049,8.175],"faces":{"east":{"rotation":90,"uv":[7.25,7.5,7.75,8.25],"texture":"#4"},"north":{"uv":[2.75,11.5,3,12],"texture":"#4"},"south":{"rotation":180,"uv":[0,11.25,16,11.75],"texture":"#4"}}},{"to":[0.38778,8.07956,8.4],"rotation":{"origin":[1.3,8,8],"angle":22.5,"axis":"x"},"from":[-1.19,7.92044,7.6],"faces":{"west":{"rotation":270,"uv":[9,5.25,9.5,6],"texture":"#3"},"north":{"rotation":180,"uv":[2,8,4.5,8.5],"texture":"#3"}}},{"to":[5.725,8.11189,8.5625],"rotation":{"origin":[0.9,8,8],"angle":22.5,"axis":"x"},"from":[-0.425,7.88811,7.4375],"faces":{"west":{"rotation":270,"uv":[5,11,5.75,11.5],"texture":"#4"},"east":{"rotation":180,"uv":[6.5,11.5,7,12],"texture":"#4"},"north":{"uv":[6.25,7.5,13.5,8],"texture":"#4"},"up":{"rotation":180,"uv":[4,7.5,13.25,10.5],"texture":"#1"},"south":{"uv":[7.25,9.75,11.5,10.25],"texture":"#3"}}},{"to":[28.101,7.825,8.08951],"rotation":{"origin":[16.3,8,8],"angle":-22.5,"axis":"x"},"from":[4.5,7.55,7.91049],"faces":{"down":{"uv":[0,8,16,8.25],"texture":"#4"},"east":{"uv":[0.25,7.25,0.75,8],"texture":"#4"},"up":{"rotation":180,"uv":[4.25,11.75,4.5,12.25],"texture":"#4"}}},{"to":[28.101,8.45,8.08951],"rotation":{"origin":[16.3,8,8],"angle":-22.5,"axis":"x"},"from":[4.5,8.175,7.91049],"faces":{"down":{"rotation":270,"uv":[15.75,15.75,16,16],"texture":"#3"},"east":{"uv":[0,7.25,0.5,8],"texture":"#3"},"up":{"rotation":180,"uv":[0,4.75,16,5.25],"texture":"#3"}}},{"to":[0.38778,8.4,8.07956],"rotation":{"origin":[1.3,8,8],"angle":-22.5,"axis":"x"},"from":[-1.19,7.6,7.92044],"faces":{"west":{"uv":[3.25,4.75,3.75,5.5],"texture":"#3"},"up":{"rotation":180,"uv":[3,4.75,5.5,5.25],"texture":"#3"}}},{"to":[5.725,8.5625,8.11189],"rotation":{"origin":[5.4,8,8],"angle":-22.5,"axis":"x"},"from":[4.075,7.4375,7.88811],"faces":{"west":{"rotation":180,"uv":[7.75,10,8.5,10.5],"texture":"#4"},"east":{"rotation":180,"uv":[12,3.25,12.5,3.75],"texture":"#4"},"up":{"rotation":180,"uv":[9.25,6.5,11.25,7],"texture":"#2"}}},{"to":[0.925,8.5625,8.11189],"rotation":{"origin":[0.9,8,8],"angle":-22.5,"axis":"x"},"from":[-0.425,7.4375,7.88811],"faces":{"west":{"rotation":270,"uv":[8.5,12.5,9.25,13],"texture":"#4"},"east":{"rotation":180,"uv":[7.75,10,8.5,10.5],"texture":"#4"},"up":{"rotation":180,"uv":[9.25,6.25,11.25,6.75],"texture":"#2"}}},{"to":[28.101,8.08951,7.825],"rotation":{"origin":[16.3,8,8],"angle":-22.5,"axis":"x"},"from":[4.5,7.91049,7.55],"faces":{"east":{"rotation":270,"uv":[7.25,7.5,7.75,8.25],"texture":"#4"},"north":{"rotation":180,"uv":[0,10.5,16,11],"texture":"#4"},"south":{"rotation":180,"uv":[5,8.25,5.25,8.75],"texture":"#4"}}},{"to":[28.101,8.08951,8.45],"rotation":{"origin":[16.3,8,8],"angle":-22.5,"axis":"x"},"from":[4.5,7.91049,8.175],"faces":{"east":{"rotation":270,"uv":[7.25,7.5,7.75,8.25],"texture":"#3"},"north":{"rotation":270,"uv":[8.25,9.75,8.5,10],"texture":"#4"},"south":{"rotation":180,"uv":[0,11.5,16,12],"texture":"#4"}}},{"to":[0.38778,8.07956,8.4],"rotation":{"origin":[1.3,8,8],"angle":-22.5,"axis":"x"},"from":[-1.19,7.92044,7.6],"faces":{"west":{"rotation":90,"uv":[9,5.25,9.5,6],"texture":"#3"},"south":{"uv":[4.75,9,7.25,9.5],"texture":"#3"}}},{"to":[5.725,8.11189,8.5625],"rotation":{"origin":[5.4,8,8],"angle":-22.5,"axis":"x"},"from":[4.075,7.88811,7.4375],"faces":{"west":{"rotation":180,"uv":[7.75,8.25,8.5,8.75],"texture":"#4"},"east":{"rotation":180,"uv":[6.5,11.5,7,12],"texture":"#4"},"south":{"uv":[6.25,7.5,8.25,8],"texture":"#4"}}},{"to":[4.075,8.11189,7.6625],"rotation":{"origin":[2.9,8,8],"angle":-22.5,"axis":"x"},"from":[0.925,7.88811,7.4375],"faces":{"north":{"rotation":180,"uv":[7,8,9,8.25],"texture":"#4"}}},{"to":[0.925,8.11189,8.5625],"rotation":{"origin":[0.9,8,8],"angle":-22.5,"axis":"x"},"from":[-0.425,7.88811,7.4375],"faces":{"west":{"rotation":180,"uv":[7.75,8.25,8.5,8.75],"texture":"#4"},"east":{"rotation":180,"uv":[7.75,8.25,8.5,8.75],"texture":"#4"},"north":{"rotation":180,"uv":[7,8,9,8.25],"texture":"#4"},"south":{"uv":[6.25,7.5,8.25,8],"texture":"#4"}}},{"to":[27.325,8.6,8.15],"rotation":{"origin":[34.725,16.25,15.65],"angle":0,"axis":"y"},"from":[26.3,8.4,7.85],"faces":{"west":{"rotation":180,"uv":[4,11.25,4.5,11.75],"texture":"#4"},"east":{"rotation":180,"uv":[4,11.25,4.5,11.75],"texture":"#4"},"north":{"rotation":180,"uv":[3.75,7.5,4.75,8],"texture":"#4"},"south":{"rotation":180,"uv":[3.75,7.5,4.75,8],"texture":"#4"}}},{"to":[27.325,8.75,8.2],"rotation":{"origin":[34.725,16.65,15.6],"angle":0,"axis":"y"},"from":[26.3,8.6,7.8],"faces":{"north":{"rotation":180,"uv":[2,11.5,3,12],"texture":"#4"},"west":{"rotation":180,"uv":[2,11.5,2.5,12],"texture":"#4"},"up":{"rotation":180,"uv":[4.5,2,5.5,3],"texture":"#4"},"down":{"uv":[15.75,15.75,16,16],"texture":"#4"},"east":{"rotation":180,"uv":[2,11.5,2.5,12],"texture":"#4"},"south":{"rotation":180,"uv":[2,11.5,3,12],"texture":"#4"}}},{"to":[-0.425,7.8,8.15],"rotation":{"origin":[13.175,14.95,15.85],"angle":0,"axis":"y"},"from":[-0.875,6.75,7.25],"faces":{"north":{"uv":[11,6,12.5,11],"texture":"#0"},"up":{"uv":[11,6,12.5,6.5],"texture":"#0"}}},{"to":[5.3,7.8,8.75],"rotation":{"origin":[12.725,14.95,15.85],"angle":0,"axis":"y"},"from":[-0.425,6.75,7.25],"faces":{"west":{"rotation":180,"uv":[4,9.5,4.5,12],"texture":"#4"},"east":{"rotation":180,"uv":[10,11.5,10.5,12],"texture":"#4"},"north":{"rotation":180,"uv":[1.75,9.75,10,12.25],"texture":"#4"},"up":{"rotation":180,"uv":[4.5,4.5,12.75,7.5],"texture":"#4"},"south":{"rotation":180,"uv":[1.75,10,10,12.5],"texture":"#4"}}},{"to":[4.075,7.88415,8.72696],"rotation":{"origin":[2.475,7.78415,8.52696],"angle":22.5,"axis":"x"},"from":[0.925,7.68415,8.50196],"faces":{"up":{"uv":[11.75,11.75,16,12.25],"texture":"#3"}}},{"to":[0.924,8.05,8.75],"rotation":{"origin":[12.725,14.95,15.85],"angle":0,"axis":"y"},"from":[-0.425,7.8,8.55],"faces":{"west":{"uv":[8.25,2,8.75,2.5],"texture":"#4"},"east":{"rotation":270,"uv":[8.25,2,8.75,2.5],"texture":"#4"},"up":{"rotation":180,"uv":[9.25,4.5,11.25,5],"texture":"#3"},"south":{"uv":[11,4.5,13,5],"texture":"#4"}}},{"to":[-0.875,7.8,8.75],"rotation":{"origin":[10.925,14.95,15.85],"angle":0,"axis":"y"},"from":[-1.675,6.75,7.25],"faces":{"east":{"rotation":180,"uv":[4,9.5,4.5,12],"texture":"#4"},"north":{"uv":[12.5,6,14.5,11],"texture":"#0"},"up":{"rotation":270,"uv":[0,4,2.75,5],"texture":"#4"},"south":{"uv":[6.5,4.25,7.75,6.75],"texture":"#4"}}},{"to":[5.3,8.05,8.75],"rotation":{"origin":[12.725,14.95,15.85],"angle":0,"axis":"y"},"from":[4.076,7.8,8.55],"faces":{"west":{"uv":[8.25,2,8.75,2.5],"texture":"#4"},"east":{"rotation":180,"uv":[10.25,12.5,10.75,13],"texture":"#4"},"up":{"rotation":180,"uv":[9.25,4.5,11,5],"texture":"#3"},"south":{"rotation":180,"uv":[10.25,12.5,12,13],"texture":"#4"}}},{"to":[5.3,8.05,7.45],"rotation":{"origin":[12.725,14.95,15.35],"angle":0,"axis":"y"},"from":[1.276,7.8,7.25],"faces":{"west":{"rotation":270,"uv":[8.25,2,8.75,2.5],"texture":"#4"},"east":{"rotation":180,"uv":[10.25,12.5,10.75,13],"texture":"#4"},"north":{"rotation":180,"uv":[6.5,12.5,12.25,13],"texture":"#4"},"up":{"uv":[4.25,4.5,10,5],"texture":"#3"}}},{"to":[-1.26329,7.15586,8.5505],"rotation":{"origin":[-3.07579,6.50586,7.9995],"angle":22.5,"axis":"z"},"from":[-3.28829,5.58086,7.4495],"faces":{"down":{"uv":[8.25,8,9.25,8.75],"texture":"#4"},"north":{"uv":[10.25,2.75,12.75,5.5],"texture":"#4"},"up":{"uv":[16,14.5,10,11.5],"texture":"#0"},"south":{"uv":[10.25,2.75,12.75,5.5],"texture":"#4"}}},{"to":[-0.41211,7.19978,8.575],"rotation":{"origin":[-3.09961,6.52478,8],"angle":22.5,"axis":"z"},"from":[-2.11211,6.79978,7.425],"faces":{"west":{"uv":[8.25,9.75,8.5,11],"texture":"#3"},"north":{"uv":[0,7.5,2.5,8.25],"texture":"#4"},"up":{"rotation":90,"uv":[5.25,8.5,8,12.75],"texture":"#4"},"south":{"uv":[0,7.5,2.5,8.25],"texture":"#4"}}},{"to":[-0.425,8.17686,8.525],"rotation":{"origin":[-3.1625,7.55186,8],"angle":0,"axis":"z"},"from":[-0.875,7.72686,7.425],"faces":{"up":{"uv":[3,9,4.5,10.25],"texture":"#4"}}},{"to":[0.575,8.37686,7.525],"rotation":{"origin":[-3.1625,7.50186,8],"angle":0,"axis":"z"},"from":[-1.025,7.77686,7.325],"faces":{"west":{"rotation":180,"uv":[6.75,10,7.25,12],"texture":"#2"},"east":{"rotation":180,"uv":[7.25,10,6.75,12],"texture":"#2"},"north":{"rotation":180,"uv":[7.5,11,11,12.95],"texture":"#2"},"up":{"rotation":270,"uv":[10.5,1.5,10,5],"texture":"#2"},"south":{"rotation":180,"uv":[6.5,10,8.5,11.75],"texture":"#3"}}},{"to":[-0.725,8.07686,7.524],"rotation":{"origin":[-3.2625,7.40186,8],"angle":0,"axis":"z"},"from":[-0.925,7.87686,7.324],"faces":{"north":{"rotation":270,"uv":[0,7.5,1.5,9],"texture":"#0"}}},{"to":[-0.725,8.77686,7.526],"rotation":{"origin":[-3.1625,8.20186,8],"angle":0,"axis":"z"},"from":[-0.825,8.67686,7.324],"faces":{"north":{"rotation":270,"uv":[0,6.5,1,7.5],"texture":"#0"},"south":{"uv":[0,6.5,1,7.5],"texture":"#0"}}},{"to":[0.275,8.07686,7.524],"rotation":{"origin":[-2.2625,7.40186,8],"angle":0,"axis":"z"},"from":[0.075,7.87686,7.324],"faces":{"north":{"rotation":270,"uv":[0,7.5,1.5,9],"texture":"#0"}}},{"to":[-0.225,8.77686,7.526],"rotation":{"origin":[-2.6625,8.20186,8],"angle":0,"axis":"z"},"from":[-0.325,8.67686,7.324],"faces":{"north":{"rotation":270,"uv":[0,6.5,1,7.5],"texture":"#0"},"south":{"uv":[0,6.5,1,7.5],"texture":"#0"}}},{"to":[-0.125,8.85186,7.525],"rotation":{"origin":[-3.1625,7.50186,8],"angle":0,"axis":"z"},"from":[-1.025,8.37686,7.325],"faces":{"west":{"rotation":90,"uv":[9.5,11.75,7.75,12.25],"texture":"#2"},"east":{"rotation":90,"uv":[9.5,11.75,7.75,12.25],"texture":"#2"},"north":{"rotation":180,"uv":[11.5,12.25,13.5,14],"texture":"#2"},"up":{"rotation":270,"uv":[2.25,3,1.5,5],"texture":"#2"},"south":{"rotation":180,"uv":[10.25,10.5,12.25,12.25],"texture":"#2"}}},{"to":[-0.125,8.75186,7.524],"rotation":{"origin":[0.125,8.61436,7.425],"angle":45,"axis":"z"},"from":[-0.225,8.47686,7.326],"faces":{"east":{"rotation":180,"uv":[10.5,4.5,10,5],"texture":"#2"},"north":{"rotation":180,"uv":[11.75,12.25,12.25,12.75],"texture":"#2"},"south":{"rotation":180,"uv":[1.75,9.5,2,9.75],"texture":"#2"}}},{"to":[-1.25784,7.00279,8.7505],"rotation":{"origin":[-3.47034,6.35279,7.9995],"angle":22.5,"axis":"z"},"from":[-2.83284,5.95279,7.2495],"faces":{"north":{"uv":[6.5,4.5,9,6.75],"texture":"#4"},"up":{"rotation":90,"uv":[12.5,2.25,15.25,4.75],"texture":"#4"},"south":{"uv":[6.5,4.25,9,6.5],"texture":"#4"}}},{"to":[-2.7061,6.35808,8.55],"rotation":{"origin":[-3.9186,5.70808,8],"angle":45,"axis":"z"},"from":[-4.1311,4.80808,7.45],"faces":{"down":{"uv":[8.75,10.25,9.75,11],"texture":"#4"},"north":{"rotation":270,"uv":[10,6,16,10],"texture":"#0"},"up":{"rotation":270,"uv":[16,9,14.5,7],"texture":"#4"},"south":{"rotation":270,"uv":[10,10,16,6],"texture":"#0"}}},{"to":[-2.1982,6.24744,8.75025],"rotation":{"origin":[-3.8107,5.59744,7.99975],"angle":45,"axis":"z"},"from":[-3.9232,4.99744,7.24975],"faces":{"down":{"uv":[8.75,10.25,9.75,11],"texture":"#4"},"north":{"uv":[13.5,5.5,7.5,11],"texture":"#0"},"up":{"uv":[9.5,1,15,6],"texture":"#0"},"south":{"uv":[7.5,5.5,13.5,11],"texture":"#0"}}},{"to":[-3.17254,5.79248,8.5505],"rotation":{"origin":[-4.04754,5.47998,7.9995],"angle":-22.5,"axis":"z"},"from":[-4.69754,3.76748,7.4495],"faces":{"down":{"uv":[15.75,15.75,16,16],"texture":"#4"},"west":{"rotation":180,"uv":[5.25,8,6.25,10.75],"texture":"#4"},"east":{"uv":[8.75,10.25,9.75,13.25],"texture":"#4"},"north":{"rotation":270,"uv":[7.25,9.5,9.75,11.75],"texture":"#4"},"south":{"rotation":270,"uv":[7.5,11.75,10,9.5],"texture":"#4"}}},{"to":[-3.31894,5.75256,8.85],"rotation":{"origin":[-3.86894,5.44006,8],"angle":-22.5,"axis":"z"},"from":[-4.51894,3.62756,7.15],"faces":{"north":{"rotation":270,"uv":[16,10,10.5,6],"texture":"#0"},"west":{"rotation":90,"uv":[9.25,4.75,12,7.25],"texture":"#4"},"up":{"rotation":90,"uv":[14,5.5,14.5,1.5],"texture":"#0"},"down":{"uv":[15.75,15.75,16,16],"texture":"#4"},"east":{"uv":[6.25,10.25,8,13.25],"texture":"#4"},"south":{"rotation":90,"uv":[10.5,10,16,6],"texture":"#0"}}},{"to":[-9.975,7.25,8.55],"rotation":{"origin":[3.325,14.95,15.85],"angle":0,"axis":"y"},"from":[-11.4,3.15,7.45],"faces":{"down":{"uv":[15.75,15.75,16,16],"texture":"#4"},"north":{"rotation":270,"uv":[2,5,15,0.5],"texture":"#0"},"south":{"rotation":270,"uv":[2,0,15,4.5],"texture":"#0"}}},{"to":[-11.4,7.25,8.55],"rotation":{"origin":[3.125,14.95,15.85],"angle":0,"axis":"y"},"from":[-11.6,3.15,7.45],"faces":{"down":{"uv":[15.75,15.75,16,16],"texture":"#4"},"west":{"rotation":270,"uv":[0,2,13,4],"texture":"#0"},"north":{"rotation":270,"uv":[1,2,14,2.5],"texture":"#0"},"south":{"rotation":270,"uv":[1,2.5,14,3],"texture":"#0"}}},{"to":[-12.175,7.15,8.75],"rotation":{"origin":[3.325,14.95,15.85],"angle":0,"axis":"y"},"from":[-12.8,3.45,7.25],"faces":{"west":{"rotation":90,"uv":[5,9.25,11,11.75],"texture":"#4"},"east":{"rotation":90,"uv":[4.75,8,10.75,8.25],"texture":"#4"},"north":{"rotation":270,"uv":[5,11,11,12],"texture":"#4"},"south":{"rotation":90,"uv":[5,11,11,12],"texture":"#4"}}},{"to":[-12.175,7.55,8.35],"rotation":{"origin":[3.325,19.15,15.85],"angle":0,"axis":"y"},"from":[-12.8,7.15,7.65],"faces":{"west":{"rotation":180,"uv":[5,11,6,12],"texture":"#4"},"east":{"uv":[4.75,7.75,5.25,8.25],"texture":"#4"},"up":{"rotation":90,"uv":[6,11.75,7,12.75],"texture":"#4"}}},{"to":[-12.175,3.45,8.35],"rotation":{"origin":[3.325,-8.55,15.85],"angle":0,"axis":"y"},"from":[-12.8,3.05,7.65],"faces":{"down":{"rotation":90,"uv":[8.75,10,9.75,11],"texture":"#4"},"west":{"rotation":180,"uv":[5.5,8,6.5,9],"texture":"#4"},"east":{"rotation":90,"uv":[4.75,8,5,8.25],"texture":"#4"}}},{"to":[-11.6,6.35,8.14918],"rotation":{"origin":[-11.8875,5.6,8],"angle":0,"axis":"y"},"from":[-12.175,4.85,7.85082],"faces":{"down":{"rotation":270,"uv":[6.5,7.75,7.25,9],"texture":"#4"},"up":{"rotation":90,"uv":[6.5,12.25,7.25,13.5],"texture":"#3"}}},{"to":[-11.6,5.74918,8.75],"rotation":{"origin":[-11.8875,5.6,8],"angle":0,"axis":"x"},"from":[-12.175,5.45082,7.25],"faces":{"east":{"rotation":90,"uv":[5.5,0,6,3],"texture":"#4"},"north":{"rotation":270,"uv":[6.5,12.25,7.25,13.5],"texture":"#3"},"south":{"rotation":90,"uv":[6.5,12.25,7.25,13.5],"texture":"#3"}}},{"to":[-11.6,6.35,8.14918],"rotation":{"origin":[-11.8875,5.6,8],"angle":45,"axis":"x"},"from":[-12.175,4.85,7.85082],"faces":{"down":{"rotation":90,"uv":[0,12.25,0.75,13.5],"texture":"#4"},"east":{"rotation":180,"uv":[5.5,0,6,3],"texture":"#4"},"up":{"rotation":90,"uv":[15.25,12.25,16,13.5],"texture":"#2"}}},{"to":[-11.6,5.74918,8.75],"rotation":{"origin":[-11.8875,5.6,8],"angle":45,"axis":"x"},"from":[-12.175,5.45082,7.25],"faces":{"east":{"rotation":90,"uv":[5.5,0,6,3],"texture":"#4"},"north":{"rotation":270,"uv":[15.25,12.25,16,13.5],"texture":"#2"},"south":{"rotation":90,"uv":[0,12.25,0.75,13.5],"texture":"#4"}}},{"to":[-11.6,6.35,8.14918],"rotation":{"origin":[-11.8875,5.6,8],"angle":22.5,"axis":"x"},"from":[-12.175,4.85,7.85082],"faces":{"down":{"rotation":270,"uv":[6.5,7.75,7.25,9],"texture":"#3"},"up":{"rotation":90,"uv":[6.5,12.25,7.25,13.5],"texture":"#2"}}},{"to":[-11.7,6.3505,8.075],"rotation":{"origin":[-11.775,5.6,8],"angle":22.5,"axis":"x"},"from":[-11.85,4.8495,7.925],"faces":{"down":{"rotation":270,"uv":[6.5,7.75,7.25,9],"texture":"#3"},"up":{"rotation":90,"uv":[10.75,11.75,11,12],"texture":"#4"}}},{"to":[-11.6,5.74918,8.75],"rotation":{"origin":[-11.8875,5.6,8],"angle":22.5,"axis":"x"},"from":[-12.175,5.45082,7.25],"faces":{"east":{"rotation":90,"uv":[5.5,0,6,3],"texture":"#4"},"north":{"rotation":270,"uv":[6.5,12.25,7.25,13.5],"texture":"#2"},"south":{"rotation":90,"uv":[15.25,12.25,16,13.5],"texture":"#4"}}},{"to":[-11.7,5.675,8.7505],"rotation":{"origin":[-11.775,5.6,8],"angle":22.5,"axis":"x"},"from":[-11.85,5.525,7.2495],"faces":{"north":{"rotation":90,"uv":[10.75,11.75,11,12],"texture":"#4"},"south":{"rotation":90,"uv":[15.75,15.75,16,16],"texture":"#4"}}},{"to":[-11.6,5.74918,8.75],"rotation":{"origin":[-11.8875,5.6,8],"angle":-22.5,"axis":"x"},"from":[-12.175,5.45082,7.25],"faces":{"east":{"rotation":90,"uv":[5.5,0,6,3],"texture":"#4"},"north":{"rotation":270,"uv":[15.25,12.25,16,13.5],"texture":"#4"},"south":{"rotation":90,"uv":[6.5,12.25,7.25,13.5],"texture":"#2"}}},{"to":[-11.7,5.675,8.7505],"rotation":{"origin":[-11.775,5.6,8],"angle":-22.5,"axis":"x"},"from":[-11.85,5.525,7.2495],"faces":{"north":{"rotation":90,"uv":[15.75,15.75,16,16],"texture":"#4"},"south":{"rotation":90,"uv":[10.75,11.75,11,12],"texture":"#4"}}},{"to":[-11.6,6.35,8.14918],"rotation":{"origin":[-11.8875,5.6,8],"angle":-22.5,"axis":"x"},"from":[-12.175,4.85,7.85082],"faces":{"down":{"rotation":270,"uv":[6.5,7.75,7.25,9],"texture":"#3"},"up":{"rotation":90,"uv":[6.5,12.25,7.25,13.5],"texture":"#2"}}},{"to":[-11.7,6.35,8.0745],"rotation":{"origin":[-11.775,5.6,7.9995],"angle":-22.5,"axis":"x"},"from":[-11.85,4.849,7.9245],"faces":{"down":{"rotation":90,"uv":[15.75,15.75,16,16],"texture":"#4"},"up":{"rotation":90,"uv":[10.75,11.75,11,12],"texture":"#4"}}},{"to":[-11.375,6.95,8.2],"rotation":{"origin":[3.325,15.05,16.2],"angle":0,"axis":"y"},"from":[-12.5,6.55,7.8],"faces":{"down":{"uv":[4.25,9.75,5.5,10.75],"texture":"#4"},"north":{"uv":[4.25,7.25,5.5,8.25],"texture":"#4"},"up":{"rotation":180,"uv":[14.75,6.75,16,7.75],"texture":"#3"},"south":{"uv":[4.25,7.25,5.5,8.25],"texture":"#4"}}},{"to":[-11.375,4.65,8.2],"rotation":{"origin":[3.325,14.85,16.2],"angle":0,"axis":"y"},"from":[-12.5,4.25,7.8],"faces":{"down":{"uv":[15.75,15.75,16,16],"texture":"#4"},"north":{"uv":[4.25,7.25,5.5,8.25],"texture":"#4"},"up":{"uv":[2.25,11.75,3.5,12.75],"texture":"#4"},"south":{"uv":[4.25,7.25,5.5,8.25],"texture":"#4"}}},{"to":[-9.85,3.35,8.15],"rotation":{"origin":[4.825,13.55,16.25],"angle":0,"axis":"y"},"from":[-10.1,2.85,7.85],"faces":{"down":{"uv":[15.75,15.75,16,16],"texture":"#4"},"west":{"uv":[15.75,15.75,16,16],"texture":"#4"},"east":{"rotation":180,"uv":[9,4.25,9.75,5.5],"texture":"#4"},"north":{"rotation":180,"uv":[9,4.75,9.75,6],"texture":"#4"},"south":{"rotation":180,"uv":[9,4.75,9.75,6],"texture":"#4"}}},{"to":[12.95,6.55,8.15],"rotation":{"origin":[27.625,16.75,16.25],"angle":0,"axis":"y"},"from":[12.7,6.05,7.85],"faces":{"down":{"uv":[15.75,15.75,16,16],"texture":"#4"},"west":{"uv":[15.75,15.75,16,16],"texture":"#4"},"east":{"rotation":180,"uv":[9,4.25,9.75,5.5],"texture":"#4"},"north":{"rotation":180,"uv":[9,4.75,9.75,6],"texture":"#4"},"south":{"rotation":180,"uv":[9,4.75,9.75,6],"texture":"#4"}}},{"to":[-9.925,3.05,8.65],"rotation":{"origin":[4.9,13.55,16.25],"angle":0,"axis":"y"},"from":[-10.025,2.95,7.35],"faces":{"north":{"uv":[3.25,2,3.75,2.5],"texture":"#3"},"west":{"rotation":180,"uv":[2.5,2.25,4.25,2.75],"texture":"#4"},"up":{"rotation":270,"uv":[2.25,2.25,4,2.75],"texture":"#4"},"down":{"rotation":90,"uv":[5.5,11.75,7.25,12.25],"texture":"#4"},"east":{"rotation":180,"uv":[2.5,2.25,4.25,2.75],"texture":"#3"},"south":{"uv":[3.25,2,3.75,2.5],"texture":"#3"}}},{"to":[12.875,6.275,8.65],"rotation":{"origin":[2.275,21.1,16.25],"angle":0,"axis":"y"},"from":[12.775,6.175,7.35],"faces":{"north":{"rotation":90,"uv":[3.25,2,3.75,2.5],"texture":"#3"},"west":{"rotation":180,"uv":[2.25,2.25,4,2.75],"texture":"#4"},"up":{"rotation":90,"uv":[2.5,2.25,4.25,2.75],"texture":"#3"},"down":{"rotation":90,"uv":[2.5,2.25,4.25,2.75],"texture":"#4"},"east":{"uv":[5.5,11.75,7.25,12.25],"texture":"#4"},"south":{"rotation":270,"uv":[3.25,2,3.75,2.5],"texture":"#3"}}},{"to":[-10,3.05,7.35],"rotation":{"origin":[-10.325,3,7.65],"angle":0,"axis":"y"},"from":[-10.65,2.95,7.25],"faces":{"north":{"uv":[3.25,2,5,2.5],"texture":"#3"},"west":{"rotation":180,"uv":[2.5,2.25,3,2.75],"texture":"#3"},"up":{"uv":[3.5,1.75,5.25,2.25],"texture":"#4"},"down":{"rotation":180,"uv":[5.5,11.75,7.25,12.25],"texture":"#4"},"east":{"rotation":180,"uv":[2.5,2.25,3,2.75],"texture":"#3"},"south":{"uv":[3.25,2,5,2.5],"texture":"#4"}}},{"to":[12.875,6.2,7.35],"rotation":{"origin":[12.825,5.875,7.65],"angle":0,"axis":"y"},"from":[12.775,5.55,7.25],"faces":{"north":{"rotation":90,"uv":[3.25,2,5,2.5],"texture":"#3"},"west":{"rotation":270,"uv":[3.5,1.75,5.25,2.25],"texture":"#4"},"up":{"rotation":90,"uv":[2.5,2.25,3,2.75],"texture":"#3"},"down":{"rotation":90,"uv":[2.5,2.25,3,2.75],"texture":"#3"},"east":{"rotation":90,"uv":[5.5,11.75,7.25,12.25],"texture":"#4"},"south":{"rotation":270,"uv":[3.25,2,5,2.5],"texture":"#4"}}},{"to":[-10.625,3.05,8.65],"rotation":{"origin":[4.2,13.55,16.25],"angle":0,"axis":"y"},"from":[-10.725,2.95,7.35],"faces":{"north":{"uv":[3.25,2,3.75,2.5],"texture":"#3"},"west":{"rotation":180,"uv":[2.5,2.25,4.25,2.75],"texture":"#3"},"up":{"rotation":270,"uv":[2.25,2.25,4,2.75],"texture":"#4"},"down":{"rotation":90,"uv":[5.5,11.75,7.25,12.25],"texture":"#4"},"east":{"rotation":180,"uv":[2.5,2.25,4.25,2.75],"texture":"#4"},"south":{"uv":[3.25,2,3.75,2.5],"texture":"#3"}}},{"to":[12.875,5.575,8.65],"rotation":{"origin":[2.275,20.4,16.25],"angle":0,"axis":"y"},"from":[12.775,5.475,7.35],"faces":{"north":{"rotation":90,"uv":[3.25,2,3.75,2.5],"texture":"#3"},"west":{"rotation":180,"uv":[2.25,2.25,4,2.75],"texture":"#4"},"up":{"rotation":90,"uv":[2.5,2.25,4.25,2.75],"texture":"#4"},"down":{"rotation":90,"uv":[2.5,2.25,4.25,2.75],"texture":"#3"},"east":{"uv":[5.5,11.75,7.25,12.25],"texture":"#4"},"south":{"rotation":270,"uv":[3.25,2,3.75,2.5],"texture":"#3"}}},{"to":[-10,3.05,8.75],"rotation":{"origin":[-10.325,3,8.35],"angle":0,"axis":"y"},"from":[-10.65,2.95,8.65],"faces":{"north":{"uv":[3.25,2,5,2.5],"texture":"#4"},"west":{"rotation":180,"uv":[2.5,2.25,3,2.75],"texture":"#3"},"up":{"rotation":180,"uv":[3.5,1.75,5.25,2.25],"texture":"#4"},"down":{"rotation":180,"uv":[5.5,11.75,7.25,12.25],"texture":"#4"},"east":{"rotation":180,"uv":[2.5,2.25,3,2.75],"texture":"#3"},"south":{"uv":[3.25,2,5,2.5],"texture":"#3"}}},{"to":[12.875,6.2,8.75],"rotation":{"origin":[12.825,5.875,8.35],"angle":0,"axis":"y"},"from":[12.775,5.55,8.65],"faces":{"north":{"rotation":90,"uv":[3.25,2,5,2.5],"texture":"#4"},"west":{"rotation":90,"uv":[3.5,1.75,5.25,2.25],"texture":"#4"},"up":{"rotation":90,"uv":[2.5,2.25,3,2.75],"texture":"#3"},"down":{"rotation":90,"uv":[2.5,2.25,3,2.75],"texture":"#3"},"east":{"rotation":90,"uv":[5.5,11.75,7.25,12.25],"texture":"#4"},"south":{"rotation":270,"uv":[3.25,2,5,2.5],"texture":"#3"}}},{"to":[-4.9,7.45,8.35],"rotation":{"origin":[4.925,14.95,15.85],"angle":0,"axis":"y"},"from":[-11.4,4.55,7.65],"faces":{"down":{"uv":[15.75,15.75,16,16],"texture":"#4"},"up":{"uv":[3.25,6.75,13.5,7.75],"texture":"#1"}}},{"to":[-11.4,7.45,8.35],"rotation":{"origin":[4.725,14.95,15.85],"angle":0,"axis":"y"},"from":[-11.6,7.25,7.65],"faces":{"down":{"uv":[15.75,15.75,16,16],"texture":"#4"},"west":{"uv":[14,6.5,16,7.5],"texture":"#0"},"up":{"rotation":180,"uv":[3.75,3.25,4,4.25],"texture":"#3"}}},{"to":[-4.9,7.25,8.5505],"rotation":{"origin":[4.925,14.95,15.8495],"angle":0,"axis":"y"},"from":[-9.975,4.75,7.4495],"faces":{"north":{"rotation":180,"uv":[1.75,9,9.5,13],"texture":"#4"},"south":{"rotation":180,"uv":[1.75,9,9.5,13],"texture":"#4"}}},{"to":[-4.9,7.39393,8.48536],"rotation":{"origin":[-7.45,7.24393,8.34393],"angle":45,"axis":"x"},"from":[-11.4,7.09393,8.20251],"faces":{"east":{"rotation":270,"uv":[12,4.75,11.5,4.25],"texture":"#4"},"up":{"uv":[4,4.75,14.25,5.25],"texture":"#3"}}},{"to":[-11.399,7.39393,8.48536],"rotation":{"origin":[-7.65,7.24393,8.34393],"angle":45,"axis":"x"},"from":[-11.599,7.19393,8.20251],"faces":{"west":{"uv":[14.5,6.5,15.5,7.5],"texture":"#0"},"east":{"rotation":270,"uv":[12,4.75,11.5,4.25],"texture":"#4"},"up":{"rotation":180,"uv":[5.75,2.5,6,3],"texture":"#3"}}},{"to":[-12.174,7.49393,8.7682],"rotation":{"origin":[-8.65,7.34393,8.34393],"angle":45,"axis":"x"},"from":[-12.799,7.19393,8.20251],"faces":{"west":{"rotation":180,"uv":[5,10.75,5.75,11.75],"texture":"#4"},"east":{"uv":[4.75,7.75,5.25,8.25],"texture":"#4"},"up":{"rotation":90,"uv":[5.5,11.25,6.5,12.25],"texture":"#4"}}},{"to":[-12.174,3.40607,8.7682],"rotation":{"origin":[-8.65,3.25607,8.34393],"angle":-45,"axis":"x"},"from":[-12.799,3.10607,8.20251],"faces":{"down":{"rotation":90,"uv":[5.5,10.75,6.5,11.75],"texture":"#4"},"west":{"rotation":180,"uv":[5.5,8,6.25,9],"texture":"#4"},"east":{"rotation":90,"uv":[4.75,8,5,8.25],"texture":"#4"}}},{"to":[-4.9,4.90607,8.48536],"rotation":{"origin":[-7.45,4.75607,8.34393],"angle":-45,"axis":"x"},"from":[-6.7,4.60607,8.20251],"faces":{"down":{"uv":[15.75,15.75,16,16],"texture":"#4"}}},{"to":[-4.9,7.39393,7.79749],"rotation":{"origin":[-7.45,7.24393,7.65607],"angle":-45,"axis":"x"},"from":[-11.4,7.09393,7.51464],"faces":{"east":{"rotation":90,"uv":[12,4.75,11.5,4.25],"texture":"#4"},"up":{"rotation":180,"uv":[4,4.75,14.25,5.25],"texture":"#3"}}},{"to":[-11.399,7.39393,7.79749],"rotation":{"origin":[-7.65,7.24393,7.65607],"angle":-45,"axis":"x"},"from":[-11.599,7.19393,7.51464],"faces":{"west":{"uv":[15,6.5,16,7.5],"texture":"#0"},"east":{"rotation":90,"uv":[12,4.75,11.5,4.25],"texture":"#4"},"up":{"rotation":180,"uv":[6.75,4.5,7,5],"texture":"#3"}}},{"to":[-12.174,7.36464,7.85104],"rotation":{"origin":[-8.65,7.21464,7.52678],"angle":-45,"axis":"x"},"from":[-12.799,7.06464,7.28536],"faces":{"west":{"rotation":180,"uv":[5,10.75,5.75,11.75],"texture":"#4"},"east":{"uv":[4.75,7.75,5.25,8.25],"texture":"#4"},"up":{"rotation":90,"uv":[5.5,11.25,6.5,12.25],"texture":"#4"}}},{"to":[-12.174,3.53536,7.85104],"rotation":{"origin":[-8.65,3.38536,7.52678],"angle":45,"axis":"x"},"from":[-12.799,3.23536,7.28536],"faces":{"down":{"rotation":90,"uv":[5.5,10.75,6.5,11.75],"texture":"#4"},"west":{"rotation":180,"uv":[5.5,8,6.25,9],"texture":"#4"},"east":{"rotation":90,"uv":[4.75,8,5,8.25],"texture":"#4"}}},{"to":[-4.9,4.90607,7.79749],"rotation":{"origin":[-7.45,4.75607,7.65607],"angle":45,"axis":"x"},"from":[-6.7,4.60607,7.51464],"faces":{"down":{"uv":[15.75,15.75,16,16],"texture":"#4"}}},{"to":[-4.34634,7.21334,8.3505],"rotation":{"origin":[-4.90884,6.66334,7.9995],"angle":45,"axis":"z"},"from":[-5.47134,5.91334,7.6495],"faces":{"east":{"rotation":90,"uv":[0,14,3,12],"texture":"#0"},"north":{"rotation":180,"uv":[16,8.5,15,5.5],"texture":"#0"},"south":{"rotation":180,"uv":[16,8.5,15,5.5],"texture":"#0"}}},{"to":[-4.34634,7.01334,8.5495],"rotation":{"origin":[-4.90884,6.46334,8.0005],"angle":45,"axis":"z"},"from":[-5.87134,5.41334,7.4505],"faces":{"east":{"uv":[9.5,13,8,11],"texture":"#4"},"north":{"rotation":180,"uv":[12,9.5,7.5,5.5],"texture":"#0"},"south":{"rotation":180,"uv":[12.5,10,8,6],"texture":"#0"}}},{"to":[-3.45884,7.02584,8.35],"rotation":{"origin":[-4.10884,6.46334,8],"angle":0,"axis":"z"},"from":[-4.90884,6.50084,7.65],"faces":{"north":{"uv":[12.5,6,16,8],"texture":"#0"},"up":{"rotation":180,"uv":[16,14,12.5,12],"texture":"#0"},"south":{"uv":[12.5,6,16,8],"texture":"#0"}}},{"to":[-6.28947,5.56212,8.5495],"rotation":{"origin":[-7.95197,4.96212,8.0005],"angle":22.5,"axis":"z"},"from":[-10.51447,4.06212,7.4505],"faces":{"down":{"uv":[15.75,15.75,16,16],"texture":"#4"},"north":{"rotation":270,"uv":[3,0.5,7.5,5],"texture":"#0"},"south":{"rotation":270,"uv":[3,5,7.5,0.5],"texture":"#0"}}},{"to":[4.325,6.75,8.75],"rotation":{"origin":[14.725,14.55,15.85],"angle":0,"axis":"y"},"from":[-2.7,5.95,7.25],"faces":{"down":{"rotation":270,"uv":[8.75,7.5,11,12],"texture":"#4"},"north":{"uv":[13.25,10.75,6,12.25],"texture":"#4"},"south":{"uv":[13.25,10.75,6,12.25],"texture":"#4"}}},{"to":[-1.8125,5.6125,8.25],"rotation":{"origin":[-1.8375,5.35,7.95],"angle":0,"axis":"z"},"from":[-1.9375,5.1875,7.75],"faces":{"west":{"uv":[6.25,10.5,7,11.5],"texture":"#4"},"east":{"uv":[9.75,11.25,10.5,11.75],"texture":"#4"},"north":{"rotation":90,"uv":[8,10.25,8.25,10.5],"texture":"#4"},"south":{"rotation":90,"uv":[8,10.25,8.25,10.5],"texture":"#4"}}},{"to":[-1.55967,6.02815,8.2],"rotation":{"origin":[-1.44768,5.49063,8],"angle":-45,"axis":"z"},"from":[-1.68467,5.70315,7.8],"faces":{"west":{"uv":[15.75,15.75,16,16],"texture":"#4"},"east":{"rotation":270,"uv":[15.75,15.75,16,16],"texture":"#4"},"north":{"rotation":90,"uv":[8,10.25,8.25,10.5],"texture":"#4"},"south":{"rotation":90,"uv":[8,10.25,8.25,10.5],"texture":"#4"}}},{"to":[-1.4603,5.77766,8.2],"rotation":{"origin":[-1.44768,5.49063,8],"angle":-22.5,"axis":"z"},"from":[-1.5853,5.45266,7.8],"faces":{"west":{"uv":[15.75,15.75,16,16],"texture":"#4"},"east":{"rotation":270,"uv":[15.75,15.75,16,16],"texture":"#4"},"north":{"rotation":90,"uv":[8,10.25,8.25,10.5],"texture":"#4"},"south":{"rotation":90,"uv":[8,10.25,8.25,10.5],"texture":"#4"}}},{"to":[-1.46436,5.50822,8.2],"rotation":{"origin":[-1.44768,5.49063,8],"angle":0,"axis":"z"},"from":[-1.58936,5.18322,7.8],"faces":{"west":{"uv":[15.75,15.75,16,16],"texture":"#4"},"east":{"uv":[9.5,11.5,10.25,12],"texture":"#4"},"north":{"rotation":90,"uv":[9.75,11.25,10,11.75],"texture":"#4"},"south":{"rotation":270,"uv":[9.75,11.25,10,11.75],"texture":"#4"}}},{"to":[-1.57121,5.26083,8.2],"rotation":{"origin":[-1.44768,5.49063,8],"angle":22.5,"axis":"z"},"from":[-1.69621,5.03583,7.8],"faces":{"down":{"uv":[15.75,15.75,16,16],"texture":"#4"},"west":{"uv":[15.75,15.75,16,16],"texture":"#4"},"east":{"uv":[5.25,11.75,6,12.25],"texture":"#4"},"north":{"rotation":90,"uv":[6.5,11.5,6.75,12],"texture":"#4"},"south":{"rotation":270,"uv":[6.5,11.5,6.75,12],"texture":"#4"}}},{"to":[0.13604,5.6125,8.25],"rotation":{"origin":[0.03604,5.35,7.95],"angle":0,"axis":"z"},"from":[0.01104,5.1875,7.75],"faces":{"west":{"uv":[9.75,11.25,10.5,11.75],"texture":"#4"},"north":{"rotation":90,"uv":[8,10.25,8.25,10.5],"texture":"#4"},"south":{"rotation":90,"uv":[8,10.25,8.25,10.5],"texture":"#4"}}},{"to":[-0.36323,4.84029,8.25],"rotation":{"origin":[-1.12573,4.76529,7.95],"angle":0,"axis":"z"},"from":[-1.43823,4.71529,7.75],"faces":{"down":{"rotation":180,"uv":[9,10.5,9.25,10.75],"texture":"#4"},"north":{"rotation":180,"uv":[3,11.75,4.75,12.25],"texture":"#4"},"up":{"rotation":90,"uv":[10.75,3.25,11.5,5],"texture":"#4"},"south":{"rotation":180,"uv":[3,11.75,4.75,12.25],"texture":"#4"}}},{"to":[-1.87273,5.8097,8.25],"rotation":{"origin":[-1.89773,5.4472,7.95],"angle":-22.5,"axis":"z"},"from":[-1.99773,5.5847,7.75],"faces":{"east":{"uv":[10,8,10.75,8.5],"texture":"#4"},"north":{"rotation":90,"uv":[8,10.25,8.25,10.5],"texture":"#4"},"south":{"rotation":90,"uv":[8,9.75,8.5,10.5],"texture":"#4"}}},{"to":[-1.75227,5.8097,8.25],"rotation":{"origin":[-1.85227,5.4472,7.95],"angle":22.5,"axis":"z"},"from":[-1.87727,5.5847,7.75],"faces":{"west":{"uv":[15.75,15.75,16,16],"texture":"#4"},"north":{"rotation":90,"uv":[8,10.25,8.25,10.5],"texture":"#4"},"south":{"rotation":90,"uv":[8,10.25,8.25,10.5],"texture":"#4"}}},{"to":[0.32127,5.8097,8.25],"rotation":{"origin":[0.09627,5.4472,7.95],"angle":22.5,"axis":"z"},"from":[0.07127,5.4847,7.75],"faces":{"west":{"uv":[10,8,10.75,8.5],"texture":"#4"},"north":{"rotation":90,"uv":[8,10.25,8.25,10.5],"texture":"#4"},"south":{"rotation":90,"uv":[8,10.25,8.25,10.5],"texture":"#4"}}},{"to":[-1.87273,5.2153,8.25],"rotation":{"origin":[-1.89773,5.3528,7.95],"angle":22.5,"axis":"z"},"from":[-1.99773,4.9903,7.75],"faces":{"west":{"uv":[6.25,11.5,7,12],"texture":"#4"},"east":{"uv":[9.5,11.5,10.25,12],"texture":"#4"},"north":{"rotation":90,"uv":[9.75,11.25,10,11.75],"texture":"#4"},"south":{"rotation":270,"uv":[9.75,11.25,10,11.75],"texture":"#4"}}},{"to":[0.19627,6.1153,8.25],"rotation":{"origin":[0.09627,5.3528,7.95],"angle":-22.5,"axis":"z"},"from":[0.07127,4.9903,7.75],"faces":{"west":{"uv":[9.5,9.5,10.25,12],"texture":"#4"},"east":{"uv":[8.75,10.25,9.5,12.75],"texture":"#4"},"north":{"rotation":90,"uv":[8,10.25,8.25,10.5],"texture":"#4"},"south":{"rotation":90,"uv":[8,10.25,8.25,10.5],"texture":"#4"}}},{"to":[3.96023,5.9778,8.55],"rotation":{"origin":[0.69773,5.9528,7.95],"angle":0,"axis":"z"},"from":[0.33523,5.8528,7.45],"faces":{"down":{"uv":[6.5,7.5,9.5,8.75],"texture":"#4"},"west":{"uv":[0.25,11.25,1.5,11.75],"texture":"#4"},"east":{"uv":[0.25,11.25,1.5,11.75],"texture":"#4"},"north":{"uv":[0.25,11.25,4.5,11.75],"texture":"#4"},"south":{"uv":[0.25,11.25,4.5,11.75],"texture":"#4"}}},{"to":[-1.47209,6.01494,8.25],"rotation":{"origin":[-1.87209,5.65244,7.95],"angle":45,"axis":"z"},"from":[-1.89709,5.63994,7.75],"faces":{"down":{"rotation":270,"uv":[15.75,15.75,16,16],"texture":"#4"},"west":{"uv":[15.75,15.75,16,16],"texture":"#4"},"north":{"rotation":90,"uv":[8,10.25,8.25,10.5],"texture":"#4"},"south":{"rotation":90,"uv":[8,10.25,8.25,10.5],"texture":"#4"}}},{"to":[0.17645,6.01494,8.25],"rotation":{"origin":[0.07645,5.65244,7.95],"angle":45,"axis":"z"},"from":[0.05145,5.78994,7.75],"faces":{"west":{"rotation":270,"uv":[15.75,15.75,16,16],"texture":"#4"},"north":{"rotation":90,"uv":[8,10.25,8.25,10.5],"texture":"#4"},"south":{"rotation":90,"uv":[8,9.75,8.5,10.5],"texture":"#4"}}},{"to":[-1.85291,5.01006,8.25],"rotation":{"origin":[-1.87791,5.14756,7.95],"angle":45,"axis":"z"},"from":[-1.97791,4.78506,7.75],"faces":{"west":{"rotation":180,"uv":[5.5,11.75,6.25,12.25],"texture":"#4"},"east":{"uv":[5.25,11.75,6,12.25],"texture":"#4"},"north":{"rotation":90,"uv":[6.5,11.5,6.75,12],"texture":"#4"},"south":{"rotation":270,"uv":[6.5,11.5,6.75,12],"texture":"#4"}}},{"to":[0.17645,5.01006,8.25],"rotation":{"origin":[0.07645,5.14756,7.95],"angle":-45,"axis":"z"},"from":[0.05145,4.78506,7.75],"faces":{"west":{"uv":[8,11.75,8.75,12.25],"texture":"#4"},"east":{"rotation":180,"uv":[8.5,11.75,9.25,12.25],"texture":"#4"},"north":{"rotation":270,"uv":[6.5,11.5,6.75,12],"texture":"#4"},"south":{"rotation":90,"uv":[6.5,11.5,6.75,12],"texture":"#4"}}},{"to":[-1.2915,5.94979,8.25],"rotation":{"origin":[-1.754,5.89979,7.95],"angle":22.5,"axis":"z"},"from":[-1.6665,5.82479,7.75],"faces":{"down":{"rotation":270,"uv":[15.75,15.75,16,16],"texture":"#4"},"north":{"rotation":90,"uv":[8,10.25,8.25,10.5],"texture":"#4"},"south":{"rotation":90,"uv":[8,10.25,8.25,10.5],"texture":"#4"}}},{"to":[0.29004,6.12479,8.25],"rotation":{"origin":[-0.04746,5.89979,7.95],"angle":-22.5,"axis":"z"},"from":[-0.48496,5.82479,7.75],"faces":{"down":{"rotation":270,"uv":[15.75,15.75,16,16],"texture":"#4"},"north":{"rotation":90,"uv":[8,10.25,8.25,10.5],"texture":"#4"},"south":{"rotation":90,"uv":[8,10.25,8.25,10.5],"texture":"#4"}}},{"to":[-1.37237,4.9714,8.25],"rotation":{"origin":[-1.73487,4.9464,7.95],"angle":-22.5,"axis":"z"},"from":[-1.64737,4.8464,7.75],"faces":{"down":{"rotation":90,"uv":[6.75,11.25,7.5,11.75],"texture":"#4"},"north":{"rotation":180,"uv":[3,11.75,3.25,12.25],"texture":"#4"},"up":{"rotation":270,"uv":[6,12,6.75,12.5],"texture":"#4"},"south":{"rotation":180,"uv":[3,11.75,3.25,12.25],"texture":"#4"}}},{"to":[-0.15409,4.9714,8.25],"rotation":{"origin":[-0.06659,4.9464,7.95],"angle":22.5,"axis":"z"},"from":[-0.42909,4.8464,7.75],"faces":{"down":{"rotation":270,"uv":[6.75,11.25,7.5,11.75],"texture":"#4"},"north":{"rotation":180,"uv":[3,11.75,3.25,12.25],"texture":"#4"},"up":{"rotation":270,"uv":[6.5,4.5,7.25,5],"texture":"#4"},"south":{"rotation":180,"uv":[3,11.75,3.25,12.25],"texture":"#4"}}},{"to":[6.02009,8.03698,8.7495],"rotation":{"origin":[7.33259,7.73698,8.0005],"angle":22.5,"axis":"z"},"from":[3.87009,7.23698,7.2505],"faces":{"down":{"rotation":90,"uv":[8.75,9.75,11,12.75],"texture":"#4"},"north":{"uv":[6.25,10.5,9.25,12],"texture":"#4"},"south":{"uv":[6.25,10.5,9.25,12],"texture":"#4"}}},{"to":[16.8245,8.15,8.25913],"rotation":{"origin":[16.3125,7.25,8],"angle":0,"axis":"y"},"from":[5.3,6.45,7.74087],"faces":{"down":{"rotation":180,"uv":[15.75,15.75,16,16],"texture":"#4"},"east":{"rotation":180,"uv":[9,11.5,10,14],"texture":"#4"}}},{"to":[15.225,6.65,8.5],"rotation":{"origin":[14.9125,7.05,7.85913],"angle":0,"axis":"y"},"from":[13.1,6.35,7.5],"faces":{"down":{"uv":[15.75,15.75,16,16],"texture":"#4"},"west":{"uv":[9.5,10.25,10.75,10.75],"texture":"#4"},"east":{"uv":[9.5,10.25,10.75,10.75],"texture":"#4"},"north":{"uv":[6,11.25,7.25,11.75],"texture":"#4"},"south":{"uv":[6,11.25,7.25,11.75],"texture":"#4"}}},{"to":[13.2,6.35,8.5],"rotation":{"origin":[14.9375,6.75,7.85913],"angle":0,"axis":"y"},"from":[13.1,5.15,7.5],"faces":{"down":{"rotation":180,"uv":[4.25,7.5,4.5,8.5],"texture":"#4"},"west":{"uv":[9.5,10.25,11.75,12.25],"texture":"#4"},"east":{"uv":[15.75,15.75,16,16],"texture":"#4"}}},{"to":[13.201,6.49567,8.70733],"rotation":{"origin":[13.2375,5.89567,8.73233],"angle":-22.5,"axis":"x"},"from":[13.101,5.29567,8.23233],"faces":{"down":{"uv":[4.5,11,4.75,12],"texture":"#4"},"west":{"uv":[4.75,10.5,5.75,12.5],"texture":"#4"},"east":{"uv":[15.75,15.75,16,16],"texture":"#4"},"south":{"uv":[7.25,9.25,7.5,11.25],"texture":"#4"}}},{"to":[14.625,6.39567,8.80733],"rotation":{"origin":[13.2125,5.89567,8.73233],"angle":-22.5,"axis":"x"},"from":[13.1,5.29567,8.70733],"faces":{"north":{"uv":[15.75,15.75,16,16],"texture":"#4"},"west":{"uv":[7.25,10.5,7.5,12.5],"texture":"#4"},"up":{"uv":[8,2.25,10.25,2.5],"texture":"#4"},"down":{"uv":[5,9.75,7.25,10],"texture":"#4"},"east":{"uv":[7.25,10.5,7.5,12.5],"texture":"#4"},"south":{"uv":[6.25,11.25,8.5,13.25],"texture":"#4"}}},{"to":[20.902,6.09377,8.69776],"rotation":{"origin":[13.2125,5.91877,8.72276],"angle":-22.5,"axis":"x"},"from":[13.102,5.69377,8.29776],"faces":{"down":{"rotation":180,"uv":[1,8,11.25,9],"texture":"#3"},"north":{"rotation":180,"uv":[1,8,11.25,9],"texture":"#3"},"up":{"rotation":180,"uv":[0,5,10.25,6],"texture":"#3"},"south":{"uv":[0,4.5,10.25,5.5],"texture":"#3"}}},{"to":[20.902,6.09377,7.70224],"rotation":{"origin":[13.2125,5.91877,7.27724],"angle":22.5,"axis":"x"},"from":[13.102,5.69377,7.30224],"faces":{"down":{"uv":[1,8,11.25,9],"texture":"#3"},"north":{"uv":[0,4.5,10.25,5.5],"texture":"#3"},"up":{"uv":[0,5,10.25,6],"texture":"#3"},"south":{"rotation":180,"uv":[1,8,11.25,9],"texture":"#3"}}},{"to":[19.002,6.49377,8.59776],"rotation":{"origin":[13.2125,5.91877,8.72276],"angle":-22.5,"axis":"x"},"from":[16.302,6.29377,8.39776],"faces":{"down":{"uv":[0.5,15.6,16,15.85],"texture":"#0"},"north":{"uv":[0,15.6,15.5,15.85],"texture":"#0"},"up":{"uv":[0.5,15.1,16,15.35],"texture":"#0"},"south":{"uv":[0,15.1,15.5,15.35],"texture":"#0"}}},{"to":[19.002,6.49377,7.60224],"rotation":{"origin":[13.2125,5.91877,7.27724],"angle":22.5,"axis":"x"},"from":[16.302,6.29377,7.40224],"faces":{"down":{"uv":[0.5,15.85,16,15.6],"texture":"#0"},"north":{"uv":[15.5,15.1,0,15.35],"texture":"#0"},"up":{"uv":[0.5,15.35,16,15.1],"texture":"#0"},"south":{"uv":[15.5,15.6,0,15.85],"texture":"#0"}}},{"to":[16.302,6.49377,8.59776],"rotation":{"origin":[10.5125,5.91877,8.72276],"angle":-22.5,"axis":"x"},"from":[13.602,6.29377,8.39776],"faces":{"down":{"uv":[0,15.6,15.5,15.85],"texture":"#0"},"north":{"uv":[0.5,15.6,16,15.85],"texture":"#0"},"up":{"uv":[0,15.1,15.5,15.35],"texture":"#0"},"south":{"uv":[0.5,15.1,16,15.35],"texture":"#0"}}},{"to":[16.302,6.49377,7.60224],"rotation":{"origin":[10.5125,5.91877,7.27724],"angle":22.5,"axis":"x"},"from":[13.602,6.29377,7.40224],"faces":{"down":{"uv":[0,15.85,15.5,15.6],"texture":"#0"},"north":{"uv":[16,15.1,0.5,15.35],"texture":"#0"},"up":{"uv":[0,15.35,15.5,15.1],"texture":"#0"},"south":{"uv":[16,15.6,0.5,15.85],"texture":"#0"}}},{"to":[20,6.19377,8.79776],"rotation":{"origin":[13.2125,5.91877,8.72276],"angle":-22.5,"axis":"x"},"from":[19.3,5.59377,8.19776],"faces":{"north":{"uv":[5,8,6,9.25],"texture":"#4"},"west":{"uv":[2.75,5.25,4,6.5],"texture":"#3"},"up":{"rotation":180,"uv":[3.25,5,4.25,6.25],"texture":"#3"},"down":{"rotation":180,"uv":[5.25,8,6.25,9.25],"texture":"#4"},"east":{"uv":[2.75,5.25,4,6.5],"texture":"#3"},"south":{"uv":[3.25,4.75,4.25,6],"texture":"#3"}}},{"to":[20,6.19377,7.80224],"rotation":{"origin":[13.2125,5.91877,7.27724],"angle":22.5,"axis":"x"},"from":[19.3,5.59377,7.20224],"faces":{"north":{"uv":[3.25,4.75,4.25,6],"texture":"#3"},"west":{"uv":[2.75,5.25,4,6.5],"texture":"#3"},"up":{"uv":[3.25,5,4.25,6.25],"texture":"#3"},"down":{"uv":[5,8,6,9.25],"texture":"#4"},"east":{"uv":[2.75,5.25,4,6.5],"texture":"#3"},"south":{"uv":[5,8,6,9.25],"texture":"#4"}}},{"to":[19.1,6.49377,8.79776],"rotation":{"origin":[13.2125,5.91877,8.72276],"angle":-22.5,"axis":"x"},"from":[19,5.59377,8.19776],"faces":{"north":{"uv":[4.5,9.25,4.75,11],"texture":"#4"},"west":{"uv":[2.75,5,4,6.75],"texture":"#3"},"up":{"rotation":180,"uv":[11,7.25,11.25,8.5],"texture":"#3"},"down":{"rotation":180,"uv":[8.5,10.75,8.75,12],"texture":"#4"},"east":{"uv":[2.75,5,4,6.75],"texture":"#3"},"south":{"uv":[4.5,4.5,4.75,6.25],"texture":"#3"}}},{"to":[19.1,6.49377,7.80224],"rotation":{"origin":[13.2125,5.91877,7.27724],"angle":22.5,"axis":"x"},"from":[19,5.59377,7.20224],"faces":{"north":{"uv":[4.5,4.5,4.75,6.25],"texture":"#3"},"west":{"uv":[2.75,5,4,6.75],"texture":"#3"},"up":{"uv":[11,7.25,11.25,8.5],"texture":"#3"},"down":{"uv":[8.5,10.75,8.75,12],"texture":"#4"},"east":{"uv":[2.75,5,4,6.75],"texture":"#3"},"south":{"uv":[4.5,9.25,4.75,11],"texture":"#4"}}},{"to":[21.6,6.10957,8.81345],"rotation":{"origin":[21.4,5.80957,8.52276],"angle":0,"axis":"x"},"from":[20.9,5.50957,8.23208],"faces":{"down":{"uv":[4.75,8,6.5,8.25],"texture":"#4"},"west":{"rotation":180,"uv":[2.5,9.5,4.25,11.25],"texture":"#3"},"north":{"rotation":180,"uv":[3,8,4.75,9.75],"texture":"#4"},"up":{"uv":[3.75,11.25,5.5,13],"texture":"#4"},"south":{"rotation":180,"uv":[2.5,10.25,4.25,12],"texture":"#3"}}},{"to":[21.6,6.10957,7.76792],"rotation":{"origin":[21.4,5.80957,7.47724],"angle":0,"axis":"x"},"from":[20.9,5.50957,7.18655],"faces":{"down":{"uv":[4.75,8.25,6.5,8],"texture":"#4"},"west":{"rotation":180,"uv":[4.25,9.5,2.5,11.25],"texture":"#3"},"north":{"rotation":180,"uv":[4.25,10.25,2.5,12],"texture":"#3"},"up":{"uv":[3.75,13,5.5,11.25],"texture":"#4"},"south":{"rotation":180,"uv":[4.75,8,3,9.75],"texture":"#4"}}},{"to":[21.9,6.30957,8.72987],"rotation":{"origin":[21.75,5.80957,8.52276],"angle":0,"axis":"x"},"from":[21.6,5.30957,8.31566],"faces":{"down":{"rotation":180,"uv":[3.75,8,4.5,8.25],"texture":"#3"},"west":{"rotation":180,"uv":[5.25,8,6,9],"texture":"#3"},"east":{"rotation":180,"uv":[5.25,8,6,9],"texture":"#3"},"up":{"rotation":180,"uv":[4.75,10.25,5.5,11.25],"texture":"#3"}}},{"to":[21.9,6.30957,7.68434],"rotation":{"origin":[21.75,5.80957,7.47724],"angle":0,"axis":"x"},"from":[21.6,5.30957,7.27013],"faces":{"down":{"rotation":180,"uv":[3.75,8.25,4.5,8],"texture":"#3"},"west":{"rotation":180,"uv":[6,8,5.25,9],"texture":"#3"},"east":{"rotation":180,"uv":[6,8,5.25,9],"texture":"#3"},"up":{"rotation":180,"uv":[4.75,11.25,5.5,10.25],"texture":"#3"}}},{"to":[21.901,6.01667,9.02276],"rotation":{"origin":[21.75,5.80957,8.52276],"angle":0,"axis":"x"},"from":[21.599,5.60246,8.02276],"faces":{"west":{"rotation":180,"uv":[4.75,8,5.5,9],"texture":"#3"},"east":{"rotation":180,"uv":[5.25,8,6,9],"texture":"#3"},"north":{"rotation":180,"uv":[11.25,10,12,11],"texture":"#3"},"south":{"rotation":180,"uv":[4.75,11,5.5,12],"texture":"#3"}}},{"to":[21.901,6.01667,7.97724],"rotation":{"origin":[21.75,5.80957,7.47724],"angle":0,"axis":"x"},"from":[21.599,5.60246,6.97724],"faces":{"west":{"rotation":180,"uv":[5.5,8,4.75,9],"texture":"#3"},"east":{"rotation":180,"uv":[6,8,5.25,9],"texture":"#3"},"north":{"rotation":180,"uv":[5.5,11,4.75,12],"texture":"#3"},"south":{"rotation":180,"uv":[12,10,11.25,11],"texture":"#3"}}},{"to":[21.9,6.30957,8.72987],"rotation":{"origin":[21.75,5.80957,8.52276],"angle":45,"axis":"x"},"from":[21.6,5.30957,8.31566],"faces":{"down":{"uv":[4.75,8,5.5,9],"texture":"#3"},"west":{"rotation":180,"uv":[5.25,8,6,9],"texture":"#3"},"east":{"rotation":180,"uv":[5.25,8,6,9],"texture":"#3"},"up":{"uv":[4.75,11,5.5,12],"texture":"#3"}}},{"to":[21.9,6.30957,7.68434],"rotation":{"origin":[21.75,5.80957,7.47724],"angle":-45,"axis":"x"},"from":[21.6,5.30957,7.27013],"faces":{"down":{"uv":[4.75,9,5.5,8],"texture":"#3"},"west":{"rotation":180,"uv":[6,8,5.25,9],"texture":"#3"},"east":{"rotation":180,"uv":[6,8,5.25,9],"texture":"#3"},"up":{"uv":[4.75,12,5.5,11],"texture":"#3"}}},{"to":[21.9,6.01667,9.02276],"rotation":{"origin":[21.75,5.80957,8.52276],"angle":45,"axis":"x"},"from":[21.6,5.60246,8.02276],"faces":{"west":{"rotation":90,"uv":[5.25,8,6,9],"texture":"#3"},"east":{"rotation":270,"uv":[5.25,8,6,9],"texture":"#3"},"north":{"rotation":180,"uv":[7.75,9.5,8.5,10.5],"texture":"#3"},"south":{"rotation":180,"uv":[4.75,8,5.5,9],"texture":"#3"}}},{"to":[21.9,6.01667,7.97724],"rotation":{"origin":[21.75,5.80957,7.47724],"angle":-45,"axis":"x"},"from":[21.6,5.60246,6.97724],"faces":{"west":{"rotation":90,"uv":[5.25,9,6,8],"texture":"#3"},"east":{"rotation":270,"uv":[5.25,9,6,8],"texture":"#3"},"north":{"rotation":180,"uv":[5.5,8,4.75,9],"texture":"#3"},"south":{"rotation":180,"uv":[8.5,9.5,7.75,10.5],"texture":"#3"}}},{"to":[14.1,6.09567,8.90733],"rotation":{"origin":[13.2125,5.89567,8.73233],"angle":-22.5,"axis":"x"},"from":[13.7,5.69567,8.70733],"faces":{"down":{"uv":[2,14.5,0,15],"texture":"#0"},"west":{"uv":[0.5,13,0,15],"texture":"#0"},"east":{"uv":[0.5,13,0,15],"texture":"#0"},"up":{"uv":[2,13,0,13.5],"texture":"#0"},"south":{"uv":[2,13,0,15],"texture":"#0"}}},{"to":[14.1,6.09567,7.29267],"rotation":{"origin":[13.2125,5.89567,7.26767],"angle":22.5,"axis":"x"},"from":[13.7,5.69567,7.09267],"faces":{"down":{"uv":[2,15,0,14.5],"texture":"#0"},"west":{"uv":[0,13,0.5,15],"texture":"#0"},"east":{"uv":[0,13,0.5,15],"texture":"#0"},"north":{"uv":[0,13,2,15],"texture":"#0"},"up":{"uv":[2,13.5,0,13],"texture":"#0"}}},{"to":[14.627,6.39567,7.29267],"rotation":{"origin":[13.2125,5.89567,7.26767],"angle":22.5,"axis":"x"},"from":[13.102,5.29567,7.19267],"faces":{"north":{"uv":[6.25,11.25,8.5,13.25],"texture":"#4"},"west":{"uv":[7.25,10.5,7.5,12.5],"texture":"#4"},"up":{"uv":[8,2.25,10.25,2.5],"texture":"#4"},"down":{"uv":[5,9.75,7.25,10],"texture":"#4"},"east":{"uv":[7.25,10.5,7.5,12.5],"texture":"#4"},"south":{"uv":[15.75,15.75,16,16],"texture":"#4"}}},{"to":[13.201,6.49567,7.76767],"rotation":{"origin":[13.2375,5.89567,7.26767],"angle":22.5,"axis":"x"},"from":[13.101,5.29567,7.29267],"faces":{"down":{"rotation":180,"uv":[4.5,11,4.75,12],"texture":"#4"},"west":{"uv":[7.25,10.5,8.25,12.5],"texture":"#4"},"east":{"uv":[15.75,15.75,16,16],"texture":"#4"},"north":{"uv":[7.25,9.25,7.5,11.25],"texture":"#4"}}},{"to":[16.826,7.40913,8.9],"rotation":{"origin":[16.3125,7.25,8],"angle":0,"axis":"x"},"from":[5.3,7.09087,7.1],"faces":{"west":{"rotation":180,"uv":[0,11.25,0.75,12],"texture":"#4"},"east":{"rotation":180,"uv":[6,12.25,10.25,13],"texture":"#4"},"north":{"rotation":180,"uv":[0,10.75,16,11.5],"texture":"#4"},"south":{"rotation":180,"uv":[0,10.75,16,11.5],"texture":"#4"}}},{"to":[5.65987,7.50913,8.78119],"rotation":{"origin":[5.39687,7.25,8.38119],"angle":-45,"axis":"y"},"from":[5.13387,6.99087,7.98119],"faces":{"down":{"rotation":180,"uv":[15.75,15.75,16,16],"texture":"#3"},"east":{"rotation":180,"uv":[6,12.25,10.25,13],"texture":"#4"},"north":{"rotation":180,"uv":[0,10.75,16,11.5],"texture":"#4"},"up":{"rotation":180,"uv":[7.5,11.5,7.75,11.75],"texture":"#3"},"south":{"rotation":180,"uv":[0,10.75,0.75,12],"texture":"#4"}}},{"to":[5.65987,7.50913,8.01881],"rotation":{"origin":[5.39687,7.25,7.61881],"angle":45,"axis":"y"},"from":[5.13387,6.99087,7.21881],"faces":{"down":{"rotation":180,"uv":[7.5,11.5,7.75,11.75],"texture":"#3"},"east":{"rotation":180,"uv":[10.25,12.25,6,13],"texture":"#4"},"north":{"rotation":180,"uv":[0.75,10.75,0,12],"texture":"#4"},"up":{"rotation":180,"uv":[7.5,11.5,7.75,11.75],"texture":"#3"},"south":{"rotation":180,"uv":[16,10.75,0,11.5],"texture":"#4"}}},{"to":[16.8245,7.40913,8.9],"rotation":{"origin":[16.3125,7.25,8.1],"angle":45,"axis":"x"},"from":[5.3,7.09087,8.3],"faces":{"west":{"rotation":180,"uv":[5.75,10.25,6.5,11],"texture":"#4"},"east":{"rotation":180,"uv":[6.25,12,7,12.75],"texture":"#4"},"south":{"rotation":180,"uv":[0,8,16,8.75],"texture":"#4"}}},{"to":[16.825,7.40913,8.9],"rotation":{"origin":[16.3125,7.25,8.1],"angle":-22.5,"axis":"x"},"from":[5.3,7.09087,8.3],"faces":{"west":{"rotation":180,"uv":[1,11.75,1.75,12.5],"texture":"#4"},"east":{"uv":[13.25,15.25,14.5,16],"texture":"#4"},"south":{"rotation":180,"uv":[0,11.25,16,12],"texture":"#4"}}},{"to":[16.825,7.40913,7.7],"rotation":{"origin":[16.3125,7.25,7.9],"angle":22.5,"axis":"x"},"from":[5.3,7.09087,7.1],"faces":{"west":{"rotation":180,"uv":[1,11.75,1.75,12.5],"texture":"#4"},"east":{"uv":[13.25,15.25,14.5,16],"texture":"#4"},"north":{"rotation":180,"uv":[0,11,16,11.75],"texture":"#4"}}},{"to":[16.8245,7.05,8.05913],"rotation":{"origin":[16.3125,7.25,7.9],"angle":45,"axis":"x"},"from":[5.3,6.45,7.74087],"faces":{"down":{"uv":[0,8,16,8.75],"texture":"#4"},"west":{"rotation":180,"uv":[5.75,10.25,6.5,11],"texture":"#4"},"east":{"rotation":180,"uv":[6.25,12,7,12.75],"texture":"#4"}}},{"to":[16.8255,7.40913,8.9],"rotation":{"origin":[16.3125,7.25,8.1],"angle":22.5,"axis":"x"},"from":[5.3,7.09087,8.3],"faces":{"west":{"rotation":180,"uv":[0.5,10.5,1.25,11.25],"texture":"#4"},"east":{"rotation":180,"uv":[4.75,12,6,12.75],"texture":"#4"},"south":{"rotation":180,"uv":[0,10.75,16,11.5],"texture":"#4"}}},{"to":[16.8255,7.70913,8.9],"rotation":{"origin":[16.3125,7.25,8.1],"angle":-45,"axis":"x"},"from":[5.3,7.09087,8.3],"faces":{"west":{"rotation":180,"uv":[0.75,12,1.5,12.75],"texture":"#4"},"east":{"uv":[1.25,11.75,2.5,13],"texture":"#4"},"south":{"uv":[0,4,16,5.25],"texture":"#4"}}},{"to":[16.8255,7.70913,7.7],"rotation":{"origin":[16.3125,7.25,7.9],"angle":45,"axis":"x"},"from":[5.3,7.09087,7.1],"faces":{"west":{"rotation":180,"uv":[0.75,12,1.5,12.75],"texture":"#4"},"east":{"uv":[1.25,11.75,2.5,13],"texture":"#4"},"north":{"rotation":180,"uv":[0,11.5,16,12.75],"texture":"#4"}}},{"to":[16.825,7.05,8.05913],"rotation":{"origin":[16.3125,7.25,7.9],"angle":22.5,"axis":"x"},"from":[5.3,6.45,7.74087],"faces":{"down":{"rotation":180,"uv":[0,8,16,8.25],"texture":"#4"},"east":{"rotation":180,"uv":[6.25,11.75,7,12.5],"texture":"#4"}}},{"to":[16.825,7.05,8.25913],"rotation":{"origin":[16.3125,7.25,8.1],"angle":-22.5,"axis":"x"},"from":[5.3,6.45,7.94087],"faces":{"down":{"rotation":180,"uv":[0,8,16,8.25],"texture":"#4"},"east":{"rotation":180,"uv":[6,11.75,6.75,12.5],"texture":"#4"}}},{"to":[16.8255,7.40913,7.7],"rotation":{"origin":[16.3125,7.25,7.9],"angle":-22.5,"axis":"x"},"from":[5.3,7.09087,7.1],"faces":{"west":{"rotation":180,"uv":[0.5,10.5,1.25,11.25],"texture":"#4"},"east":{"rotation":180,"uv":[4.75,12,6,12.75],"texture":"#4"},"north":{"rotation":180,"uv":[0,10.75,16,11.5],"texture":"#4"}}},{"to":[5.59022,9.7819,8.64],"rotation":{"origin":[5.25022,9.5619,8.0008],"angle":-45,"axis":"z"},"from":[5.39022,9.3419,7.36],"faces":{"north":{"rotation":180,"uv":[10.5,11,11,11.5],"texture":"#4"},"up":{"rotation":270,"uv":[11.75,11.5,13.75,11.75],"texture":"#4"},"south":{"rotation":180,"uv":[10.5,11,11,11.5],"texture":"#4"}}},{"to":[5.32,9.695,8.6408],"rotation":{"origin":[2.92,8.615,8],"angle":0,"axis":"y"},"from":[0.88,8.855,7.3592],"faces":{"down":{"uv":[15.75,15.75,16,16],"texture":"#4"},"west":{"uv":[0,10,3,12],"texture":"#4"},"north":{"rotation":90,"uv":[7.5,7.75,8.75,11.5],"texture":"#4"},"up":{"rotation":270,"uv":[11.5,6.5,13.5,12.25],"texture":"#4"},"south":{"rotation":270,"uv":[7.5,7.75,8.75,11.5],"texture":"#4"}}},{"to":[3.32,9.6958,8.11182],"rotation":{"origin":[1.74,6.74318,8.48],"angle":0,"axis":"x"},"from":[2.48,9.6158,7.88818],"faces":{"up":{"uv":[0,6.5,1,8],"texture":"#4"}}},{"to":[5.37314,9.63669,8.6404],"rotation":{"origin":[5.39314,9.29669,8.0004],"angle":-22.5,"axis":"z"},"from":[5.17314,9.19669,7.3596],"faces":{"north":{"rotation":180,"uv":[10.5,11,11,11.5],"texture":"#4"},"up":{"rotation":270,"uv":[8.5,11.75,10.5,12],"texture":"#4"},"south":{"rotation":180,"uv":[10.5,11,11,11.5],"texture":"#4"}}},{"to":[5.4563,9.35174,8.6404],"rotation":{"origin":[5.2363,9.89174,8.0004],"angle":22.5,"axis":"z"},"from":[5.0163,9.15174,7.3596],"faces":{"east":{"rotation":180,"uv":[11.75,11.5,13.75,11.75],"texture":"#4"},"north":{"rotation":90,"uv":[10.5,11,11,11.5],"texture":"#4"},"south":{"rotation":270,"uv":[10.5,11,11,11.5],"texture":"#4"}}},{"to":[5.72274,9.29228,8.6416],"rotation":{"origin":[5.10274,9.91226,8.0008],"angle":0,"axis":"z"},"from":[5.30274,8.85468,7.36],"faces":{"down":{"uv":[15.75,15.75,16,16],"texture":"#4"},"east":{"rotation":180,"uv":[10.75,11.25,12.75,11.75],"texture":"#4"},"north":{"rotation":90,"uv":[10,11.25,10.5,11.75],"texture":"#4"},"south":{"rotation":270,"uv":[10,11.25,10.5,11.75],"texture":"#4"}}},{"to":[5.36,8.855,8.5008],"rotation":{"origin":[2.92,8.455,7.96],"angle":0,"axis":"y"},"from":[3.6,8.65,7.4992],"faces":{"down":{"uv":[15.75,15.75,16,16],"texture":"#4"},"west":{"uv":[15.75,15.75,16,16],"texture":"#4"},"east":{"uv":[15.75,15.75,16,16],"texture":"#4"},"north":{"uv":[10.75,8,11,8.75],"texture":"#4"},"south":{"uv":[10.75,8,11,8.75],"texture":"#4"}}},{"to":[2.96,8.855,8.5008],"rotation":{"origin":[2.92,8.455,7.96],"angle":0,"axis":"y"},"from":[1.2,8.65,7.4992],"faces":{"down":{"uv":[15.75,15.75,16,16],"texture":"#4"},"west":{"uv":[15.75,15.75,16,16],"texture":"#4"},"east":{"uv":[15.75,15.75,16,16],"texture":"#4"},"north":{"uv":[10.75,8,11,8.75],"texture":"#4"},"south":{"uv":[10.75,8,11,8.75],"texture":"#4"}}},{"to":[2.52,9.695,7.3392],"rotation":{"origin":[3,7.915,7.9],"angle":0,"axis":"y"},"from":[0.86,8.835,7.2592],"faces":{"down":{"uv":[15.75,15.75,16,16],"texture":"#4"},"west":{"uv":[15.75,15.75,16,16],"texture":"#4"},"north":{"rotation":180,"uv":[0,9.25,2,10.25],"texture":"#4"},"south":{"uv":[15.75,15.75,16,16],"texture":"#4"}}},{"to":[1.6,9.295,8.7416],"rotation":{"origin":[3.64,8.615,7.9992],"angle":0,"axis":"y"},"from":[1.4,9.095,7.2584],"faces":{"north":{"uv":[13.5,13.5,16,16],"texture":"#5"},"west":{"uv":[15.75,15.75,16,16],"texture":"#4"},"up":{"uv":[15.75,15.75,16,16],"texture":"#4"},"down":{"uv":[15.75,15.75,16,16],"texture":"#4"},"east":{"uv":[15.75,15.75,16,16],"texture":"#4"},"south":{"uv":[16,13.5,13.5,16],"texture":"#5"}}},{"to":[2.64,9.295,7.9416],"rotation":{"origin":[3.64,8.615,7.9992],"angle":0,"axis":"y"},"from":[2.28,8.935,7.1784],"faces":{"down":{"uv":[15.75,15.75,16,16],"texture":"#4"},"west":{"uv":[11,9.25,11.25,10.25],"texture":"#4"},"east":{"uv":[10.5,4.75,10.75,6.25],"texture":"#4"},"north":{"rotation":270,"uv":[16,13,13,16],"texture":"#5"},"up":{"rotation":90,"uv":[10.5,4,10.75,5.5],"texture":"#4"}}},{"to":[0.9824,9.295,7.8392],"rotation":{"origin":[3.6,8.615,7.9992],"angle":0,"axis":"y"},"from":[0.7792,9.095,7.5592],"faces":{"down":{"uv":[9.5,9,10,9.5],"texture":"#4"},"west":{"uv":[7,0,0.5,5.5],"texture":"#5"},"north":{"uv":[6.75,4.75,7.25,5.75],"texture":"#4"},"up":{"rotation":270,"uv":[3,4.75,4.75,5.75],"texture":"#4"},"south":{"uv":[6.75,4.75,7.25,5.75],"texture":"#4"}}},{"to":[0.9824,9.295,8.4408],"rotation":{"origin":[3.6,8.615,8.0008],"angle":0,"axis":"y"},"from":[0.7792,9.095,8.1608],"faces":{"down":{"uv":[9.5,9,10,9.5],"texture":"#4"},"west":{"uv":[14,0,7.5,5.5],"texture":"#5"},"north":{"uv":[6.75,4.75,7.25,5.75],"texture":"#4"},"up":{"rotation":270,"uv":[3,4.75,4.75,5.75],"texture":"#4"},"south":{"uv":[6.75,4.75,7.25,5.75],"texture":"#4"}}},{"to":[1.05792,9.623,8.05965],"rotation":{"origin":[0.93696,9.479,8],"angle":0,"axis":"y"},"from":[0.81408,9.335,7.94035],"faces":{"down":{"rotation":270,"uv":[13,15.5,13.5,16],"texture":"#5"},"west":{"rotation":270,"uv":[3,9.5,3.5,10],"texture":"#5"},"up":{"rotation":270,"uv":[4,6,4.5,6.5],"texture":"#5"}}},{"to":[1.05744,9.583,8.104],"rotation":{"origin":[0.93696,9.479,7.99565],"angle":0,"axis":"y"},"from":[0.8136,9.375,7.896],"faces":{"west":{"uv":[0.5,6,5.5,10],"texture":"#5"}}},{"to":[1.05888,9.53865,8.144],"rotation":{"origin":[0.93696,9.479,8],"angle":0,"axis":"x"},"from":[0.81504,9.41935,7.856],"faces":{"west":{"rotation":270,"uv":[3,9.5,3.5,10],"texture":"#5"},"north":{"rotation":270,"uv":[3,9.5,3.5,10],"texture":"#5"},"south":{"rotation":270,"uv":[3,9.5,3.5,10],"texture":"#5"}}},{"to":[1.05888,9.623,8.05965],"rotation":{"origin":[0.93696,9.479,8],"angle":-45,"axis":"x"},"from":[0.81504,9.335,7.94035],"faces":{"down":{"rotation":270,"uv":[15.5,15.5,16,16],"texture":"#5"},"west":{"rotation":270,"uv":[3,9.5,3.5,10],"texture":"#5"},"up":{"rotation":270,"uv":[4,6,4.5,6.5],"texture":"#5"}}},{"to":[1.05888,9.623,8.05965],"rotation":{"origin":[0.93696,9.479,8],"angle":45,"axis":"x"},"from":[0.81504,9.335,7.94035],"faces":{"down":{"rotation":270,"uv":[3,9.5,3.5,10],"texture":"#5"},"west":{"rotation":270,"uv":[3,9.5,3.5,10],"texture":"#5"},"up":{"rotation":270,"uv":[4,6,4.5,6.5],"texture":"#5"}}},{"to":[3.28,9.295,8.7416],"rotation":{"origin":[3.64,8.615,7.9992],"angle":0,"axis":"y"},"from":[3.08,9.095,7.2584],"faces":{"north":{"uv":[13.5,13.5,16,16],"texture":"#5"},"west":{"uv":[15.75,15.75,16,16],"texture":"#4"},"up":{"uv":[15.75,15.75,16,16],"texture":"#4"},"down":{"uv":[15.75,15.75,16,16],"texture":"#4"},"east":{"uv":[15.75,15.75,16,16],"texture":"#4"},"south":{"uv":[16,13.5,13.5,16],"texture":"#5"}}},{"to":[2.81624,10.11262,7.3384],"rotation":{"origin":[2.67624,9.84078,7.2992],"angle":45,"axis":"z"},"from":[2.41624,8.92894,7.26],"faces":{"east":{"uv":[8.75,4.25,9,5.5],"texture":"#4"},"north":{"rotation":180,"uv":[11.25,10,11.5,10.25],"texture":"#4"},"south":{"uv":[15.75,15.75,16,16],"texture":"#4"}}},{"to":[2.73459,10.34038,7.3388],"rotation":{"origin":[2.51459,9.78854,7.2992],"angle":22.5,"axis":"z"},"from":[2.31459,9.1967,7.2596],"faces":{"east":{"rotation":180,"uv":[11.25,3.75,11.5,5],"texture":"#4"},"north":{"rotation":180,"uv":[11.25,10,11.5,10.25],"texture":"#4"},"south":{"uv":[15.75,15.75,16,16],"texture":"#4"}}},{"to":[2.52,10.63868,7.3392],"rotation":{"origin":[3,8.695,7.9],"angle":0,"axis":"y"},"from":[1.2,9.695,7.2592],"faces":{"west":{"uv":[11.75,8.5,12,8.75],"texture":"#4"},"east":{"rotation":180,"uv":[11,5.25,11.25,5.5],"texture":"#4"},"north":{"rotation":180,"uv":[0.25,9.25,1.75,10.25],"texture":"#4"},"south":{"uv":[15.75,15.75,16,16],"texture":"#4"}}},{"to":[1.17857,10.44779,7.3388],"rotation":{"origin":[1.23857,9.61595,7.2992],"angle":-22.5,"axis":"z"},"from":[0.85857,9.54411,7.2596],"faces":{"west":{"rotation":180,"uv":[10.75,6.75,11,7.5],"texture":"#4"},"north":{"rotation":180,"uv":[0,9.25,0.5,10.25],"texture":"#4"},"south":{"uv":[15.75,15.75,16,16],"texture":"#4"}}},{"to":[3.42,9.295,7.3392],"rotation":{"origin":[3,7.915,7.9],"angle":0,"axis":"y"},"from":[2.52,8.835,7.2592],"faces":{"down":{"uv":[15.75,15.75,16,16],"texture":"#4"},"east":{"uv":[7.5,7.5,7.75,8.25],"texture":"#4"},"north":{"rotation":180,"uv":[2.25,9.25,3,9.75],"texture":"#4"},"south":{"uv":[15.75,15.75,16,16],"texture":"#4"}}},{"to":[2.52,9.695,8.7408],"rotation":{"origin":[3,7.915,8.1],"angle":0,"axis":"y"},"from":[0.86,8.835,8.6608],"faces":{"down":{"uv":[15.75,15.75,16,16],"texture":"#4"},"west":{"uv":[15.75,15.75,16,16],"texture":"#4"},"north":{"uv":[15.75,15.75,16,16],"texture":"#4"},"south":{"rotation":180,"uv":[2,9.25,0,10.25],"texture":"#4"}}},{"to":[3.42,9.295,8.7408],"rotation":{"origin":[3,7.915,8.1],"angle":0,"axis":"y"},"from":[2.52,8.835,8.6608],"faces":{"down":{"uv":[15.75,15.75,16,16],"texture":"#4"},"east":{"uv":[7.5,7.5,7.75,8.25],"texture":"#4"},"north":{"uv":[15.75,15.75,16,16],"texture":"#4"},"south":{"rotation":180,"uv":[2.25,9.25,3,9.75],"texture":"#4"}}},{"to":[2.81624,10.11262,8.74],"rotation":{"origin":[2.67624,9.84078,8.7008],"angle":45,"axis":"z"},"from":[2.41624,8.92894,8.6616],"faces":{"east":{"uv":[8.75,4.25,9,5.5],"texture":"#4"},"north":{"uv":[15.75,15.75,16,16],"texture":"#4"},"south":{"rotation":180,"uv":[11.25,10,11.5,10.25],"texture":"#4"}}},{"to":[2.73459,10.34038,8.7404],"rotation":{"origin":[2.51459,9.78854,8.7008],"angle":22.5,"axis":"z"},"from":[2.31459,9.1967,8.6612],"faces":{"east":{"rotation":180,"uv":[11.25,3.75,11.5,5],"texture":"#4"},"north":{"uv":[15.75,15.75,16,16],"texture":"#4"},"south":{"rotation":180,"uv":[11.25,10,11.5,10.25],"texture":"#4"}}},{"to":[2.52,10.63868,8.7408],"rotation":{"origin":[3,8.695,8.1],"angle":0,"axis":"y"},"from":[1.2,9.695,8.6608],"faces":{"west":{"uv":[11.75,8.5,12,8.75],"texture":"#4"},"east":{"rotation":180,"uv":[11,5.25,11.25,5.5],"texture":"#4"},"north":{"uv":[15.75,15.75,16,16],"texture":"#4"},"south":{"rotation":180,"uv":[0.25,9.25,1.75,10.25],"texture":"#4"}}},{"to":[1.17857,10.44779,8.7404],"rotation":{"origin":[1.23857,9.61595,8.7008],"angle":-22.5,"axis":"z"},"from":[0.85857,9.54411,8.6612],"faces":{"west":{"rotation":180,"uv":[10.75,6.75,11,7.5],"texture":"#4"},"north":{"uv":[15.75,15.75,16,16],"texture":"#4"},"south":{"uv":[0,9.25,0.5,10.25],"texture":"#4"}}},{"to":[2.52,10.63865,8.7408],"rotation":{"origin":[1.74,10.60682,8.5808],"angle":-22.5,"axis":"x"},"from":[1.2,10.575,8.6608],"faces":{"west":{"uv":[11.75,8.5,12,8.75],"texture":"#4"},"east":{"rotation":180,"uv":[11,5.25,11.25,5.5],"texture":"#4"},"north":{"uv":[15.75,15.75,16,16],"texture":"#4"},"south":{"uv":[5.75,5.5,6.5,5.75],"texture":"#4"}}},{"to":[2.52016,10.76682,8.61262],"rotation":{"origin":[1.74,10.60682,8.5808],"angle":22.5,"axis":"x"},"from":[1.20016,10.68682,8.54898],"faces":{"down":{"uv":[15.75,15.75,16,16],"texture":"#4"},"west":{"uv":[11.75,5,12,5.25],"texture":"#4"},"east":{"rotation":180,"uv":[11,5.25,11.25,5.5],"texture":"#4"},"up":{"uv":[8.5,5,9.25,5.25],"texture":"#4"}}},{"to":[2.52,10.63865,8.7408],"rotation":{"origin":[1.74,10.60682,8.5808],"angle":-45,"axis":"x"},"from":[1.2,10.575,8.6608],"faces":{"west":{"uv":[11.75,8.5,12,8.75],"texture":"#4"},"east":{"rotation":180,"uv":[11,5.25,11.25,5.5],"texture":"#4"},"north":{"uv":[15.75,15.75,16,16],"texture":"#4"},"south":{"uv":[5.75,5,6.5,5.25],"texture":"#4"}}},{"to":[2.52,10.76682,8.61538],"rotation":{"origin":[1.8559,10.72342,8.00886],"angle":0,"axis":"x"},"from":[1.2,10.68682,7.38738],"faces":{"down":{"uv":[15.75,15.75,16,16],"texture":"#4"},"west":{"rotation":90,"uv":[11,7,11.25,8.25],"texture":"#4"},"east":{"rotation":180,"uv":[11,5.25,11.25,5.5],"texture":"#4"},"up":{"rotation":180,"uv":[5.5,12.5,8,10.25],"texture":"#4"}}},{"to":[2.52016,10.76682,7.45102],"rotation":{"origin":[1.74,10.60682,7.4192],"angle":-22.5,"axis":"x"},"from":[1.20016,10.68682,7.38738],"faces":{"down":{"uv":[15.75,15.75,16,16],"texture":"#4"},"west":{"uv":[11.75,8.5,12,8.75],"texture":"#4"},"east":{"rotation":180,"uv":[11,5.25,11.25,5.5],"texture":"#4"},"up":{"uv":[6,5.5,6.75,5.75],"texture":"#4"}}},{"to":[2.52,10.63865,7.3392],"rotation":{"origin":[1.74,10.60682,7.4192],"angle":45,"axis":"x"},"from":[1.2,10.575,7.2592],"faces":{"west":{"uv":[11.75,8.5,12,8.75],"texture":"#4"},"east":{"rotation":180,"uv":[11,5.25,11.25,5.5],"texture":"#4"},"north":{"uv":[5.5,5.25,6.25,5.5],"texture":"#4"},"south":{"uv":[15.75,15.75,16,16],"texture":"#4"}}},{"to":[2.52,10.63865,7.3392],"rotation":{"origin":[1.74,10.60682,7.4192],"angle":22.5,"axis":"x"},"from":[1.2,10.575,7.2592],"faces":{"west":{"uv":[11.75,8.5,12,8.75],"texture":"#4"},"east":{"rotation":180,"uv":[11,5.25,11.25,5.5],"texture":"#4"},"north":{"uv":[5.5,6,6.25,6.25],"texture":"#4"},"south":{"uv":[15.75,15.75,16,16],"texture":"#4"}}},{"to":[2.52,9.83868,8.6408],"rotation":{"origin":[3,8.615,8],"angle":0,"axis":"y"},"from":[0.96,9.695,8.5608],"faces":{"west":{"uv":[15.75,15.75,16,16],"texture":"#4"},"east":{"rotation":180,"uv":[11,5.25,11.25,5.5],"texture":"#4"},"north":{"uv":[15.75,15.75,16,16],"texture":"#4"},"south":{"uv":[15.75,15.75,16,16],"texture":"#4"}}},{"to":[2.52,9.76682,8.51262],"rotation":{"origin":[1.74,9.84682,8.4808],"angle":-45,"axis":"x"},"from":[0.96,9.68682,8.44898],"faces":{"west":{"uv":[15.75,15.75,16,16],"texture":"#4"},"east":{"rotation":180,"uv":[11,5.25,11.25,5.5],"texture":"#4"},"up":{"uv":[12.25,8,12.5,8.25],"texture":"#4"}}},{"to":[2.52,9.87865,8.6408],"rotation":{"origin":[1.74,9.84682,8.4808],"angle":22.5,"axis":"x"},"from":[0.96,9.815,8.5608],"faces":{"west":{"uv":[15.75,15.75,16,16],"texture":"#4"},"east":{"rotation":180,"uv":[11,5.25,11.25,5.5],"texture":"#4"},"north":{"uv":[15.75,15.75,16,16],"texture":"#4"}}},{"to":[2.52,9.76682,8.51262],"rotation":{"origin":[1.74,9.84682,8.4808],"angle":-22.5,"axis":"x"},"from":[0.96,9.66682,8.36898],"faces":{"west":{"uv":[15.75,15.75,16,16],"texture":"#4"},"east":{"rotation":180,"uv":[11,5.25,11.25,5.5],"texture":"#4"},"up":{"uv":[12.25,8.5,12.5,8.75],"texture":"#4"}}},{"to":[2.52,9.76318,8.51262],"rotation":{"origin":[1.74,6.74318,8.4808],"angle":0,"axis":"x"},"from":[0.96,9.68318,7.48898],"faces":{"west":{"uv":[15.75,15.75,16,16],"texture":"#4"},"east":{"rotation":180,"uv":[11,5.25,11.25,5.5],"texture":"#4"},"up":{"uv":[9.75,8.5,10,8.75],"texture":"#4"}}},{"to":[2.52,9.76682,7.55102],"rotation":{"origin":[1.74,9.84682,7.5192],"angle":45,"axis":"x"},"from":[0.96,9.68682,7.48738],"faces":{"west":{"uv":[15.75,15.75,16,16],"texture":"#4"},"east":{"rotation":180,"uv":[11,5.25,11.25,5.5],"texture":"#4"},"up":{"uv":[12.25,8,12.5,8.25],"texture":"#4"}}},{"to":[2.52,9.76682,7.63102],"rotation":{"origin":[1.74,9.84682,7.5192],"angle":22.5,"axis":"x"},"from":[0.96,9.66682,7.48738],"faces":{"west":{"uv":[15.75,15.75,16,16],"texture":"#4"},"east":{"rotation":180,"uv":[11,5.25,11.25,5.5],"texture":"#4"},"up":{"uv":[12.25,8.5,12.5,8.75],"texture":"#4"}}},{"to":[2.52,9.87865,7.4392],"rotation":{"origin":[1.74,9.84682,7.5192],"angle":-22.5,"axis":"x"},"from":[0.96,9.815,7.3592],"faces":{"west":{"uv":[15.75,15.75,16,16],"texture":"#4"},"east":{"rotation":180,"uv":[11,5.25,11.25,5.5],"texture":"#4"},"south":{"uv":[15.75,15.75,16,16],"texture":"#4"}}},{"to":[1.19857,10.33147,7.4384],"rotation":{"origin":[1.33857,9.75963,7.3992],"angle":-22.5,"axis":"z"},"from":[0.95857,9.68779,7.3592],"faces":{"west":{"rotation":180,"uv":[6.75,8,7,9],"texture":"#4"},"north":{"uv":[15.75,15.75,16,16],"texture":"#4"},"south":{"uv":[15.75,15.75,16,16],"texture":"#4"}}},{"to":[2.52,9.83868,7.4392],"rotation":{"origin":[3,8.615,8],"angle":0,"axis":"y"},"from":[0.96,9.695,7.3592],"faces":{"west":{"uv":[15.75,15.75,16,16],"texture":"#4"},"east":{"rotation":180,"uv":[11,5.25,11.25,5.5],"texture":"#4"},"north":{"uv":[15.75,15.75,16,16],"texture":"#4"},"south":{"uv":[15.75,15.75,16,16],"texture":"#4"}}},{"to":[1.19857,10.33147,8.6408],"rotation":{"origin":[1.33857,9.75963,8.6008],"angle":-22.5,"axis":"z"},"from":[0.95857,9.68779,8.5616],"faces":{"west":{"rotation":180,"uv":[6.75,8,7,9],"texture":"#4"},"north":{"uv":[15.75,15.75,16,16],"texture":"#4"},"south":{"uv":[15.75,15.75,16,16],"texture":"#4"}}},{"to":[2.52,10.55868,7.4392],"rotation":{"origin":[3,8.615,8],"angle":0,"axis":"y"},"from":[1.2,9.835,7.3592],"faces":{"west":{"uv":[15.75,15.75,16,16],"texture":"#4"},"east":{"rotation":180,"uv":[11,5.25,11.25,5.5],"texture":"#4"},"north":{"uv":[15.75,15.75,16,16],"texture":"#4"},"south":{"uv":[15.75,15.75,16,16],"texture":"#4"}}},{"to":[2.52,10.55868,8.6408],"rotation":{"origin":[3,8.615,8],"angle":0,"axis":"y"},"from":[1.2,9.835,8.5608],"faces":{"west":{"uv":[15.75,15.75,16,16],"texture":"#4"},"east":{"rotation":180,"uv":[11,5.25,11.25,5.5],"texture":"#4"},"north":{"uv":[15.75,15.75,16,16],"texture":"#4"},"south":{"uv":[15.75,15.75,16,16],"texture":"#4"}}},{"to":[2.52,10.55865,8.6408],"rotation":{"origin":[1.74,10.52682,8.4808],"angle":-22.5,"axis":"x"},"from":[1.2,10.495,8.5608],"faces":{"west":{"uv":[15.75,15.75,16,16],"texture":"#4"},"east":{"rotation":180,"uv":[11,5.25,11.25,5.5],"texture":"#4"},"north":{"uv":[15.75,15.75,16,16],"texture":"#4"},"south":{"uv":[15.75,15.75,16,16],"texture":"#4"}}},{"to":[2.52,10.55865,8.6408],"rotation":{"origin":[1.74,10.52682,8.4808],"angle":-45,"axis":"x"},"from":[1.2,10.495,8.5608],"faces":{"west":{"uv":[15.75,15.75,16,16],"texture":"#4"},"east":{"rotation":180,"uv":[11,5.25,11.25,5.5],"texture":"#4"},"north":{"uv":[15.75,15.75,16,16],"texture":"#4"},"south":{"uv":[15.75,15.75,16,16],"texture":"#4"}}},{"to":[2.52,10.68682,8.51262],"rotation":{"origin":[1.74,10.52682,8.4808],"angle":22.5,"axis":"x"},"from":[1.2,10.60682,8.44898],"faces":{"down":{"uv":[15.75,15.75,16,16],"texture":"#4"},"west":{"uv":[15.75,15.75,16,16],"texture":"#4"},"east":{"rotation":180,"uv":[11,5.25,11.25,5.5],"texture":"#4"},"up":{"uv":[15.75,15.75,16,16],"texture":"#4"}}},{"to":[2.52,10.68682,8.51262],"rotation":{"origin":[1.74,10.52682,8.4808],"angle":0,"axis":"x"},"from":[1.2,10.60682,7.48898],"faces":{"down":{"uv":[15.75,15.75,16,16],"texture":"#4"},"west":{"uv":[15.75,15.75,16,16],"texture":"#4"},"east":{"rotation":180,"uv":[11,5.25,11.25,5.5],"texture":"#4"}}},{"to":[2.52,10.68682,7.55102],"rotation":{"origin":[1.74,10.52682,7.5192],"angle":-22.5,"axis":"x"},"from":[1.2,10.60682,7.48738],"faces":{"down":{"uv":[15.75,15.75,16,16],"texture":"#4"},"west":{"uv":[15.75,15.75,16,16],"texture":"#4"},"east":{"rotation":180,"uv":[11,5.25,11.25,5.5],"texture":"#4"},"up":{"uv":[15.75,15.75,16,16],"texture":"#4"}}},{"to":[2.52,10.55865,7.4392],"rotation":{"origin":[1.74,10.52682,7.5192],"angle":45,"axis":"x"},"from":[1.2,10.495,7.3592],"faces":{"west":{"uv":[15.75,15.75,16,16],"texture":"#4"},"east":{"rotation":180,"uv":[11,5.25,11.25,5.5],"texture":"#4"},"north":{"uv":[15.75,15.75,16,16],"texture":"#4"},"south":{"uv":[15.75,15.75,16,16],"texture":"#4"}}},{"to":[2.52,10.55865,7.4392],"rotation":{"origin":[1.74,10.52682,7.5192],"angle":22.5,"axis":"x"},"from":[1.2,10.495,7.3592],"faces":{"west":{"uv":[15.75,15.75,16,16],"texture":"#4"},"east":{"rotation":180,"uv":[11,5.25,11.25,5.5],"texture":"#4"},"north":{"uv":[15.75,15.75,16,16],"texture":"#4"},"south":{"uv":[15.75,15.75,16,16],"texture":"#4"}}},{"to":[2.5128,10.3286,8.16],"rotation":{"origin":[2.572,10.255,8.48],"angle":0,"axis":"x"},"from":[2.5128,10.0086,7.84],"faces":{"west":{"uv":[4,0,8,4],"texture":"#9"}}},{"to":[1.6328,10.6286,8.59],"rotation":{"origin":[2.572,10.255,8.01],"angle":0,"axis":"x"},"from":[1.6328,9.7086,7.41],"faces":{"west":{"uv":[4,4,8,8],"texture":"#9"}}}],"display":{"thirdperson_righthand":{"rotation":[0,100,0],"scale":[0.75,0.75,0.75],"translation":[-1.25,1.25,-5.75]},"head":{"scale":[1.5,1.5,1.5]},"thirdperson_lefthand":{"rotation":[164,-90,0],"scale":[0.75,0.75,0.75],"translation":[-1.75,-4.75,11]},"gui":{"rotation":[0,0,45],"scale":[0.75,0.75,0.75],"translation":[0.5,3.25,0]},"firstperson_lefthand":{"scale":[0,0,0]},"firstperson_righthand":{"rotation":[0,90,0],"scale":[1.5,1.5,1.5],"translation":[-3.5,3,-10]},"fixed":{"rotation":[0,-180,0],"scale":[1.5,1.5,1.5],"translation":[-5,0,-2.5]},"ground":{"translation":[0,1.5,0],"scale":[0.75,0.75,0.75]}},"credit":"thebradqq's guns"}