{"textures":{"a":"mgs:misc/reticles","b":"mgs:misc/reticles_1024","particle":"mgs:misc/reticles","1":"mgs:gun/rubber","0":"mgs:gun/m82details","3":"mgs:gun/metal_brighter","2":"mgs:gun/tan_metal_dark","5":"mgs:gun/metal_dark","4":"mgs:gun/metal","7":"mgs:gun/kobradetails","6":"mgs:gun/holodetails","9":"mgs:gun/mk4details","8":"mgs:gun/acogdetails"},"gui_light":"front","elements":[{"to":[28,8.3,8.05967],"rotation":{"origin":[26.05,8,8],"angle":-45,"axis":"x"},"from":[26,8.225,7.94033],"faces":{"down":{"uv":[15.75,15.75,16,16],"texture":"#5"},"east":{"uv":[0,7.5,0.5,8],"texture":"#4"},"up":{"uv":[10,11.75,10.25,12],"texture":"#5"}}},{"to":[26.25,8.5,8.8],"rotation":{"origin":[10.5,8,8],"angle":0,"axis":"y"},"from":[26,7.5,7.2],"faces":{"north":{"rotation":180,"uv":[8.25,8,8.5,9],"texture":"#4"},"west":{"rotation":180,"uv":[6.5,8,8.5,9],"texture":"#5"},"up":{"rotation":90,"uv":[10.25,12,12.5,12.25],"texture":"#5"},"down":{"rotation":180,"uv":[15.75,15.75,16,16],"texture":"#5"},"east":{"uv":[6.5,8,8.5,9],"texture":"#5"},"south":{"rotation":180,"uv":[8.25,8,8.5,9],"texture":"#4"}}},{"to":[3.05,6.65,8.3],"rotation":{"origin":[3.55,5.7,8.4],"angle":-22.5,"axis":"z"},"from":[2.1,3.85,7.7],"faces":{"west":{"rotation":270,"uv":[10,0,15.75,3],"texture":"#1"},"east":{"uv":[8.75,9,10.25,12],"texture":"#5"},"north":{"uv":[16,0,9,16],"texture":"#1"},"south":{"uv":[9,0,16,16],"texture":"#1"}}},{"to":[3.05,3.85,8.3],"rotation":{"origin":[3.55,5.7,8.4],"angle":-22.5,"axis":"z"},"from":[2.1,3.75,7.7],"faces":{"down":{"rotation":180,"uv":[7.75,8.75,9,10],"texture":"#5"},"west":{"rotation":270,"uv":[9,11.5,9.25,11.75],"texture":"#4"},"north":{"uv":[13,0,6,0.5],"texture":"#1"},"south":{"uv":[6,0,13,0.5],"texture":"#1"}}},{"to":[14.3,7,8.55],"from":[9.7,6.7,8.325],"faces":{"down":{"rotation":180,"uv":[9,8,9.5,8.5],"texture":"#2"},"west":{"uv":[15.75,15.75,16,16],"texture":"#2"},"east":{"uv":[4,2,4.5,2.5],"texture":"#2"},"up":{"rotation":180,"uv":[3.5,1.75,8.25,2.25],"texture":"#2"},"south":{"uv":[0.75,1.75,5.5,2.5],"texture":"#2"}}},{"to":[-4.5,8.457,8.75],"rotation":{"origin":[6.5,8,8],"angle":0,"axis":"y"},"from":[-5.1,5.9,7.25],"faces":{"down":{"rotation":270,"uv":[6.25,8,8.25,8.75],"texture":"#4"},"west":{"rotation":180,"uv":[6.25,11.25,8.25,15.25],"texture":"#5"},"east":{"uv":[6.5,8.75,8.5,12.75],"texture":"#5"},"north":{"rotation":90,"uv":[5.75,11.75,9.75,12.5],"texture":"#5"},"south":{"rotation":270,"uv":[5.75,11.75,9.75,12.5],"texture":"#5"}}},{"to":[-1.50732,6.25227,8.4],"rotation":{"origin":[6.49268,8.00227,8],"angle":0,"axis":"y"},"from":[-4.95732,5.60227,7.6],"faces":{"down":{"rotation":270,"uv":[6.25,10,7.25,12.75],"texture":"#5"},"west":{"rotation":180,"uv":[6,8,7,9],"texture":"#4"},"north":{"rotation":180,"uv":[0,11,3.25,12],"texture":"#5"},"up":{"rotation":180,"uv":[6.25,15,9,16],"texture":"#5"},"south":{"rotation":180,"uv":[0,11,3.25,12],"texture":"#5"}}},{"to":[-1.1,7.75,8.399],"rotation":{"origin":[-1.675,6.7,8],"angle":-22.5,"axis":"z"},"from":[-1.6,5.75,7.601],"faces":{"west":{"uv":[6.5,11,7.5,13.5],"texture":"#5"},"east":{"uv":[6.25,9.75,7.25,12.25],"texture":"#5"},"north":{"rotation":270,"uv":[6.5,11.25,9.75,12],"texture":"#5"},"south":{"rotation":90,"uv":[6.5,11.25,9.75,12],"texture":"#5"}}},{"to":[8.3,7.775,8.65],"from":[4.3,6.1,7.35],"faces":{"down":{"uv":[5.75,9.75,7.5,10.75],"texture":"#2"},"west":{"uv":[6.5,10.75,7.75,13.25],"texture":"#2"},"north":{"rotation":180,"uv":[4,2.5,7,5],"texture":"#2"},"south":{"rotation":180,"uv":[4,2.5,7,5],"texture":"#2"}}},{"to":[8.425,8.6,9.35],"from":[8.3,8.4,8.7],"faces":{"north":{"rotation":180,"uv":[10,8.25,10.25,8.5],"texture":"#5"},"west":{"uv":[7.5,7.5,8.75,8.25],"texture":"#5"},"up":{"rotation":270,"uv":[4.5,2.5,5.75,3],"texture":"#5"},"down":{"rotation":180,"uv":[7.5,8,8,9.25],"texture":"#5"},"east":{"uv":[7.25,7,8.5,7.75],"texture":"#5"},"south":{"uv":[9,5.25,9.5,6],"texture":"#4"}}},{"to":[8,8.25,8.5],"from":[0.7,7.6,7.9],"faces":{"up":{"uv":[6.75,8,15.75,9],"texture":"#5"},"south":{"uv":[6.5,7.5,15.5,8.5],"texture":"#5"}}},{"to":[3.75804,5.925,8.125],"from":[3.4,5.875,7.875],"faces":{"down":{"uv":[6.25,10.25,7.45,10.75],"texture":"#5"},"north":{"uv":[5.75,2,6.7,2.5],"texture":"#5"},"up":{"rotation":90,"uv":[10.25,3,10.7,4],"texture":"#5"},"south":{"uv":[5.75,2,6.7,2.5],"texture":"#5"}}},{"to":[3.7,6.725,8.075],"from":[3.575,6.4,7.925],"faces":{"down":{"uv":[8.5,8,8.75,8.25],"texture":"#5"},"west":{"uv":[8,8,8.75,9],"texture":"#5"},"east":{"uv":[8.5,10.75,9.25,11.75],"texture":"#4"},"north":{"uv":[8.5,11.5,9,12.5],"texture":"#5"},"south":{"uv":[8.5,11.5,9,12.5],"texture":"#5"}}},{"to":[2.75,7.225,8.1],"from":[2.475,6.75,7.45],"faces":{"down":{"uv":[8.5,8,8.75,8.25],"texture":"#5"},"west":{"uv":[8.75,5,8.25,6.25],"texture":"#5"},"east":{"uv":[8.75,5,8.25,6.25],"texture":"#5"},"north":{"rotation":270,"uv":[7.75,2,9,2.75],"texture":"#5"},"up":{"uv":[11,3.25,10.5,4],"texture":"#5"}}},{"to":[2.75,7.225,8.5005],"from":[2.475,6.95,8.4005],"faces":{"down":{"uv":[8.5,8,8.75,8.25],"texture":"#5"},"south":{"uv":[2.5,13.5,0,16],"texture":"#0"}}},{"to":[2.65,7.025,7.5],"from":[2.575,6.75,7.35],"faces":{"down":{"uv":[8.5,8,8.75,8.25],"texture":"#5"},"west":{"rotation":180,"uv":[7.75,11.25,8.25,12.25],"texture":"#5"},"east":{"rotation":180,"uv":[8.5,11,9,12],"texture":"#4"},"north":{"rotation":180,"uv":[8.5,11.5,9,12.5],"texture":"#5"},"up":{"uv":[11,2.5,10.5,3],"texture":"#5"}}},{"to":[16.9,8.7224,8.36142],"rotation":{"origin":[9.0002,8.0004,8.00108],"angle":0,"axis":"y"},"from":[16.85,8.1724,7.63858],"faces":{"west":{"uv":[15.75,15.75,16,16],"texture":"#2"},"east":{"rotation":180,"uv":[8.25,11.75,8.5,12.5],"texture":"#2"},"up":{"uv":[8.5,1.75,8.75,3],"texture":"#2"}}},{"to":[16.9,8.80511,8.20762],"rotation":{"origin":[14.3852,8.00011,8.00162],"angle":22.5,"axis":"x"},"from":[16.85,8.50511,8.05762],"faces":{"west":{"uv":[15.75,15.75,16,16],"texture":"#2"},"east":{"rotation":180,"uv":[8.25,12,8.5,12.5],"texture":"#2"},"up":{"uv":[7.25,4.5,7.5,4.75],"texture":"#2"}}},{"to":[16.9002,8.34702,8.9014],"rotation":{"origin":[18.885,7.49702,7.9014],"angle":-22.5,"axis":"x"},"from":[16.85,7.74702,8.3514],"faces":{"west":{"uv":[15.75,15.75,16,16],"texture":"#2"},"east":{"rotation":180,"uv":[8.25,11.5,8.5,12.25],"texture":"#2"},"south":{"rotation":180,"uv":[8.75,12,9,13],"texture":"#2"}}},{"to":[16.9005,8.11067,8.72961],"rotation":{"origin":[9,7.99667,8.00161],"angle":0,"axis":"y"},"from":[16.85,7.88267,8.32961],"faces":{"down":{"uv":[15.75,15.75,16,16],"texture":"#2"},"west":{"uv":[15.75,15.75,16,16],"texture":"#2"},"east":{"rotation":180,"uv":[8.5,11.25,8.75,11.75],"texture":"#2"},"south":{"uv":[7,4.75,7.25,5],"texture":"#2"}}},{"to":[16.9,8.23676,8.8783],"rotation":{"origin":[18.885,8.49633,7.9014],"angle":22.5,"axis":"x"},"from":[16.85,7.63676,8.3283],"faces":{"west":{"uv":[15.75,15.75,16,16],"texture":"#2"},"east":{"uv":[8.5,10.75,8.75,11],"texture":"#2"},"south":{"uv":[7,4.75,7.25,5.75],"texture":"#2"}}},{"to":[16.9,7.875,8.475],"rotation":{"origin":[9,8,8],"angle":0,"axis":"y"},"from":[16.85,7.325,7.525],"faces":{"down":{"uv":[8.75,8,9,8.25],"texture":"#2"},"west":{"uv":[15.75,15.75,16,16],"texture":"#2"},"east":{"uv":[8.5,10.75,8.75,11],"texture":"#2"},"north":{"rotation":180,"uv":[12,8,12.25,8.25],"texture":"#2"},"south":{"rotation":180,"uv":[12,8,12.25,8.25],"texture":"#2"}}},{"to":[16.9,8.23676,7.6717],"rotation":{"origin":[18.885,8.49633,8.0986],"angle":-22.5,"axis":"x"},"from":[16.85,7.63676,7.1217],"faces":{"west":{"uv":[15.75,15.75,16,16],"texture":"#2"},"east":{"uv":[8.5,10.75,8.75,11],"texture":"#2"},"north":{"uv":[7,4.75,7.25,5.75],"texture":"#2"}}},{"to":[16.9002,8.34702,7.6486],"rotation":{"origin":[18.885,7.49702,8.0986],"angle":22.5,"axis":"x"},"from":[16.85,7.74702,7.0986],"faces":{"west":{"uv":[15.75,15.75,16,16],"texture":"#2"},"east":{"rotation":180,"uv":[8.25,11.5,8.5,12.25],"texture":"#2"},"north":{"rotation":180,"uv":[8.75,12,9,13],"texture":"#2"}}},{"to":[16.9,8.80511,7.94238],"rotation":{"origin":[14.3852,8.00011,7.99838],"angle":-22.5,"axis":"x"},"from":[16.85,8.50511,7.79238],"faces":{"west":{"uv":[15.75,15.75,16,16],"texture":"#2"},"east":{"rotation":180,"uv":[8.25,12,8.5,12.5],"texture":"#2"},"up":{"uv":[7.25,4.5,7.5,4.75],"texture":"#2"}}},{"to":[16.95,7.65,8.525],"rotation":{"origin":[9,8,8],"angle":0,"axis":"y"},"from":[16.55,7.5,7.475],"faces":{"down":{"uv":[6.5,8,8.75,8.5],"texture":"#2"},"east":{"uv":[7.5,7,9.75,7.75],"texture":"#2"},"north":{"uv":[10.75,4.5,11,5.25],"texture":"#2"},"up":{"uv":[8.25,1.5,8.75,3.25],"texture":"#2"},"south":{"uv":[10.75,4.5,11,5.25],"texture":"#2"}}},{"to":[16.9005,8.11067,7.67039],"rotation":{"origin":[9,7.99667,7.99839],"angle":0,"axis":"y"},"from":[16.85,7.88267,7.27039],"faces":{"down":{"uv":[15.75,15.75,16,16],"texture":"#2"},"west":{"uv":[15.75,15.75,16,16],"texture":"#2"},"east":{"rotation":180,"uv":[8.5,11.25,8.75,11.75],"texture":"#2"},"north":{"uv":[7,4.75,7.25,5],"texture":"#2"}}},{"to":[26.2,8.35,8.06962],"rotation":{"origin":[10.5,8,8],"angle":0,"axis":"y"},"from":[8.5,7.65,7.93038],"faces":{"down":{"uv":[0,11.5,16,12],"texture":"#0"},"west":{"uv":[9.25,9.5,9.75,10],"texture":"#4"},"up":{"uv":[0,8.5,16,9],"texture":"#0"}}},{"to":[26.2,8.35,8.06962],"rotation":{"origin":[17.25,8,8],"angle":22.5,"axis":"x"},"from":[8.5,7.65,7.93038],"faces":{"down":{"uv":[0,11,16,11.5],"texture":"#0"},"up":{"uv":[0,9,16,9.5],"texture":"#0"}}},{"to":[26.2,8.35,8.06962],"rotation":{"origin":[17.25,8,8],"angle":-22.5,"axis":"x"},"from":[8.5,7.65,7.93038],"faces":{"down":{"uv":[0,11,16,11.5],"texture":"#0"},"west":{"uv":[9.25,9.5,9.75,10],"texture":"#4"},"up":{"uv":[0,9,16,9.5],"texture":"#0"}}},{"to":[26.2,8.35,8.06962],"rotation":{"origin":[17.25,8,8],"angle":45,"axis":"x"},"from":[8.5,7.65,7.93038],"faces":{"down":{"uv":[0,10.5,16,11],"texture":"#0"},"up":{"uv":[0,9.5,16,10],"texture":"#0"}}},{"to":[26.2,8.35,8.06962],"rotation":{"origin":[17.25,8,8],"angle":-45,"axis":"x"},"from":[8.5,7.65,7.93038],"faces":{"down":{"uv":[0,10.5,16,11],"texture":"#0"},"west":{"uv":[9.25,9.5,9.75,10],"texture":"#4"},"up":{"uv":[0,9.5,16,10],"texture":"#0"}}},{"to":[26.2,8.06962,8.35],"rotation":{"origin":[17.25,8,8],"angle":-22.5,"axis":"x"},"from":[8.5,7.93038,7.65],"faces":{"north":{"rotation":180,"uv":[0,10,16,10.5],"texture":"#0"},"south":{"uv":[0,9,16,9.5],"texture":"#0"}}},{"to":[26.2,8.06962,8.35],"rotation":{"origin":[17.25,8,8],"angle":22.5,"axis":"x"},"from":[8.5,7.93038,7.65],"faces":{"west":{"uv":[9.25,9.5,9.75,10],"texture":"#4"},"north":{"rotation":180,"uv":[0,9,16,9.5],"texture":"#0"},"south":{"uv":[0,10,16,10.5],"texture":"#0"}}},{"to":[26.2,8.06962,8.35],"rotation":{"origin":[10.5,8,8],"angle":0,"axis":"y"},"from":[8.5,7.93038,7.65],"faces":{"west":{"uv":[9.25,9.5,9.75,10],"texture":"#4"},"north":{"rotation":180,"uv":[0,9.5,16,10],"texture":"#0"},"south":{"uv":[0,9.5,16,10],"texture":"#0"}}},{"to":[16.1,8.34702,8.9014],"rotation":{"origin":[8,7.49702,7.9014],"angle":-22.5,"axis":"x"},"from":[10.7,8.04702,8.8514],"faces":{"down":{"uv":[7,8,11.5,8.25],"texture":"#2"},"north":{"uv":[15.75,15.75,16,16],"texture":"#2"},"south":{"uv":[2,3.75,6.5,4.25],"texture":"#2"}}},{"to":[16.1,7.84702,8.9014],"rotation":{"origin":[12.5,7.49702,7.9014],"angle":-22.5,"axis":"x"},"from":[10.7,7.74702,8.8514],"faces":{"north":{"uv":[15.75,15.75,16,16],"texture":"#2"},"up":{"uv":[7.75,4.5,12.25,4.75],"texture":"#2"},"south":{"uv":[7.5,4.25,12,4.5],"texture":"#2"}}},{"to":[13.5,8.04702,8.9014],"rotation":{"origin":[8,7.49702,7.9014],"angle":-22.5,"axis":"x"},"from":[13.3,7.84702,8.8514],"faces":{"west":{"rotation":180,"uv":[8.25,15,8.5,15.5],"texture":"#2"},"east":{"rotation":180,"uv":[8.25,15,8.5,15.5],"texture":"#2"},"north":{"uv":[15.75,15.75,16,16],"texture":"#2"},"south":{"uv":[12.25,4,12.75,4.5],"texture":"#2"}}},{"to":[14.2,8.04702,8.9014],"rotation":{"origin":[8,7.49702,7.9014],"angle":-22.5,"axis":"x"},"from":[14,7.84702,8.8514],"faces":{"west":{"rotation":180,"uv":[8.25,15,8.5,15.5],"texture":"#2"},"east":{"rotation":180,"uv":[8.25,15,8.5,15.5],"texture":"#2"},"north":{"uv":[15.75,15.75,16,16],"texture":"#2"},"south":{"uv":[10,4,10.5,4.5],"texture":"#2"}}},{"to":[14.9,8.04702,8.9014],"rotation":{"origin":[8,7.49702,7.9014],"angle":-22.5,"axis":"x"},"from":[14.7,7.84702,8.8514],"faces":{"west":{"rotation":180,"uv":[8.25,15,8.5,15.5],"texture":"#2"},"east":{"rotation":180,"uv":[8.25,15,8.5,15.5],"texture":"#2"},"north":{"uv":[15.75,15.75,16,16],"texture":"#2"},"south":{"uv":[9.25,4,9.75,4.5],"texture":"#2"}}},{"to":[15.6,8.04702,8.9014],"rotation":{"origin":[8,7.49702,7.9014],"angle":-22.5,"axis":"x"},"from":[15.4,7.84702,8.8514],"faces":{"west":{"rotation":180,"uv":[8.25,15,8.5,15.5],"texture":"#2"},"east":{"rotation":180,"uv":[8.25,15,8.5,15.5],"texture":"#2"},"north":{"uv":[15.75,15.75,16,16],"texture":"#2"},"south":{"uv":[10,4,10.5,4.5],"texture":"#2"}}},{"to":[12.1,8.04702,8.9014],"rotation":{"origin":[8,7.49702,7.9014],"angle":-22.5,"axis":"x"},"from":[11.9,7.84702,8.8514],"faces":{"west":{"rotation":180,"uv":[8.25,15,8.5,15.5],"texture":"#2"},"east":{"rotation":180,"uv":[8.25,15,8.5,15.5],"texture":"#2"},"north":{"uv":[15.75,15.75,16,16],"texture":"#2"},"south":{"uv":[10,4,10.5,4.5],"texture":"#2"}}},{"to":[12.8,8.04702,8.9014],"rotation":{"origin":[8,7.49702,7.9014],"angle":-22.5,"axis":"x"},"from":[12.6,7.84702,8.8514],"faces":{"west":{"rotation":180,"uv":[8.25,15,8.5,15.5],"texture":"#2"},"east":{"rotation":180,"uv":[8.25,15,8.5,15.5],"texture":"#2"},"north":{"uv":[15.75,15.75,16,16],"texture":"#2"},"south":{"uv":[9.25,4,9.75,4.5],"texture":"#2"}}},{"to":[11.4,8.04702,8.9014],"rotation":{"origin":[8,7.49702,7.9014],"angle":-22.5,"axis":"x"},"from":[11.2,7.84702,8.8514],"faces":{"west":{"rotation":180,"uv":[8.25,15,8.5,15.5],"texture":"#2"},"east":{"rotation":180,"uv":[8.25,15,8.5,15.5],"texture":"#2"},"north":{"uv":[15.75,15.75,16,16],"texture":"#2"},"south":{"uv":[8.75,4,9.25,4.5],"texture":"#2"}}},{"to":[16.85,8.34702,8.9014],"rotation":{"origin":[12.5,7.49702,7.9014],"angle":-22.5,"axis":"x"},"from":[16.1,7.74702,8.8514],"faces":{"west":{"rotation":180,"uv":[8.25,15,8.5,15.5],"texture":"#2"},"north":{"uv":[15.75,15.75,16,16],"texture":"#2"},"south":{"uv":[14.25,3.5,15,4.5],"texture":"#2"}}},{"to":[16.85,8.23676,8.8783],"rotation":{"origin":[12.5,8.49633,7.9014],"angle":22.5,"axis":"x"},"from":[16.1,7.63676,8.8283],"faces":{"west":{"rotation":180,"uv":[9.5,15,9.75,15.5],"texture":"#2"},"north":{"uv":[15.75,15.75,16,16],"texture":"#2"},"up":{"uv":[15.75,15.75,16,16],"texture":"#2"},"south":{"uv":[7.5,4.5,8.25,5.5],"texture":"#2"}}},{"to":[11.4,8.03676,8.8783],"rotation":{"origin":[8,8.49633,7.9014],"angle":22.5,"axis":"x"},"from":[11.2,7.83676,8.8283],"faces":{"west":{"rotation":180,"uv":[9.5,15,9.75,15.5],"texture":"#2"},"east":{"rotation":180,"uv":[9.5,15,9.75,15.5],"texture":"#2"},"north":{"uv":[15.75,15.75,16,16],"texture":"#2"},"south":{"uv":[7.5,4.75,8,5.25],"texture":"#2"}}},{"to":[12.8,8.03676,8.8783],"rotation":{"origin":[8,8.49633,7.9014],"angle":22.5,"axis":"x"},"from":[12.6,7.83676,8.8283],"faces":{"west":{"rotation":180,"uv":[9.5,15,9.75,15.5],"texture":"#2"},"east":{"rotation":180,"uv":[9.5,15,9.75,15.5],"texture":"#2"},"north":{"uv":[15.75,15.75,16,16],"texture":"#2"},"south":{"uv":[8.5,4.75,9,5.25],"texture":"#2"}}},{"to":[12.1,8.03676,8.8783],"rotation":{"origin":[8,8.49633,7.9014],"angle":22.5,"axis":"x"},"from":[11.9,7.83676,8.8283],"faces":{"west":{"rotation":180,"uv":[9.5,15,9.75,15.5],"texture":"#2"},"east":{"rotation":180,"uv":[9.5,15,9.75,15.5],"texture":"#2"},"north":{"uv":[15.75,15.75,16,16],"texture":"#2"},"south":{"uv":[5.75,4.75,6.25,5.25],"texture":"#2"}}},{"to":[15.6,8.03676,8.8783],"rotation":{"origin":[8,8.49633,7.9014],"angle":22.5,"axis":"x"},"from":[15.4,7.83676,8.8283],"faces":{"west":{"rotation":180,"uv":[9.5,15,9.75,15.5],"texture":"#2"},"east":{"rotation":180,"uv":[9.5,15,9.75,15.5],"texture":"#2"},"north":{"uv":[15.75,15.75,16,16],"texture":"#2"},"south":{"uv":[7.75,4.75,8.25,5.25],"texture":"#2"}}},{"to":[14.9,8.03676,8.8783],"rotation":{"origin":[8,8.49633,7.9014],"angle":22.5,"axis":"x"},"from":[14.7,7.83676,8.8283],"faces":{"west":{"rotation":180,"uv":[9.5,15,9.75,15.5],"texture":"#2"},"east":{"rotation":180,"uv":[9.5,15,9.75,15.5],"texture":"#2"},"north":{"uv":[15.75,15.75,16,16],"texture":"#2"},"south":{"uv":[10,4.75,10.5,5.25],"texture":"#2"}}},{"to":[14.2,8.03676,8.8783],"rotation":{"origin":[8,8.49633,7.9014],"angle":22.5,"axis":"x"},"from":[14,7.83676,8.8283],"faces":{"west":{"rotation":180,"uv":[9.5,15,9.75,15.5],"texture":"#2"},"east":{"rotation":180,"uv":[9.5,15,9.75,15.5],"texture":"#2"},"north":{"uv":[15.75,15.75,16,16],"texture":"#2"},"south":{"uv":[8.75,4.75,9.25,5.25],"texture":"#2"}}},{"to":[13.5,8.03676,8.8783],"rotation":{"origin":[8,8.49633,7.9014],"angle":22.5,"axis":"x"},"from":[13.3,7.83676,8.8283],"faces":{"west":{"rotation":180,"uv":[9.5,15,9.75,15.5],"texture":"#2"},"east":{"rotation":180,"uv":[9.5,15,9.75,15.5],"texture":"#2"},"north":{"uv":[15.75,15.75,16,16],"texture":"#2"},"south":{"uv":[6,4.75,6.5,5.25],"texture":"#2"}}},{"to":[16.1,8.23676,8.8783],"rotation":{"origin":[12.5,8.49633,7.9014],"angle":22.5,"axis":"x"},"from":[10.7,8.03676,8.8283],"faces":{"down":{"uv":[7,8,11.5,8.25],"texture":"#2"},"north":{"uv":[15.75,15.75,16,16],"texture":"#2"},"south":{"uv":[7.5,4.5,12,5],"texture":"#2"}}},{"to":[16.1,7.83676,8.8783],"rotation":{"origin":[8,8.49633,7.9014],"angle":22.5,"axis":"x"},"from":[10.7,7.63676,8.8283],"faces":{"north":{"uv":[15.75,15.75,16,16],"texture":"#2"},"up":{"uv":[7.75,4.5,12.25,4.75],"texture":"#2"},"south":{"uv":[7.75,5.25,12.25,5.5],"texture":"#2"}}},{"to":[16.1,7.83676,7.1717],"rotation":{"origin":[9,8.49633,8.0986],"angle":-22.5,"axis":"x"},"from":[10.7,7.63676,7.1217],"faces":{"north":{"uv":[7.75,5.25,12.25,5.5],"texture":"#2"},"up":{"uv":[7.75,4.5,12.25,4.75],"texture":"#2"},"south":{"uv":[15.75,15.75,16,16],"texture":"#2"}}},{"to":[16.1,8.23676,7.1717],"rotation":{"origin":[13.5,8.49633,8.0986],"angle":-22.5,"axis":"x"},"from":[10.7,8.03676,7.1217],"faces":{"down":{"uv":[7,8,11.5,8.25],"texture":"#2"},"north":{"uv":[7.5,4.5,12,5],"texture":"#2"},"south":{"uv":[15.75,15.75,16,16],"texture":"#2"}}},{"to":[13.5,8.03676,7.1717],"rotation":{"origin":[8.6,8.49633,8.0986],"angle":-22.5,"axis":"x"},"from":[13.3,7.83676,7.1217],"faces":{"west":{"rotation":180,"uv":[9.5,15,9.75,15.5],"texture":"#2"},"east":{"rotation":180,"uv":[9.5,15,9.75,15.5],"texture":"#2"},"north":{"uv":[6,4.75,6.5,5.25],"texture":"#2"},"south":{"uv":[15.75,15.75,16,16],"texture":"#2"}}},{"to":[14.2,8.03676,7.1717],"rotation":{"origin":[8.7,8.49633,8.0986],"angle":-22.5,"axis":"x"},"from":[14,7.83676,7.1217],"faces":{"west":{"rotation":180,"uv":[9.5,15,9.75,15.5],"texture":"#2"},"east":{"rotation":180,"uv":[9.5,15,9.75,15.5],"texture":"#2"},"north":{"uv":[5.75,4.75,6.25,5.25],"texture":"#2"},"south":{"uv":[15.75,15.75,16,16],"texture":"#2"}}},{"to":[14.9,8.03676,7.1717],"rotation":{"origin":[8.8,8.49633,8.0986],"angle":-22.5,"axis":"x"},"from":[14.7,7.83676,7.1217],"faces":{"west":{"rotation":180,"uv":[9.5,15,9.75,15.5],"texture":"#2"},"east":{"rotation":180,"uv":[9.5,15,9.75,15.5],"texture":"#2"},"north":{"uv":[6.75,4.75,7.25,5.25],"texture":"#2"},"south":{"uv":[15.75,15.75,16,16],"texture":"#2"}}},{"to":[15.6,8.03676,7.1717],"rotation":{"origin":[8.9,8.49633,8.0986],"angle":-22.5,"axis":"x"},"from":[15.4,7.83676,7.1217],"faces":{"west":{"rotation":180,"uv":[9.5,15,9.75,15.5],"texture":"#2"},"east":{"rotation":180,"uv":[9.5,15,9.75,15.5],"texture":"#2"},"north":{"uv":[7.5,4.75,8,5.25],"texture":"#2"},"south":{"uv":[15.75,15.75,16,16],"texture":"#2"}}},{"to":[12.1,8.03676,7.1717],"rotation":{"origin":[8.4,8.49633,8.0986],"angle":-22.5,"axis":"x"},"from":[11.9,7.83676,7.1217],"faces":{"west":{"rotation":180,"uv":[9.5,15,9.75,15.5],"texture":"#2"},"east":{"rotation":180,"uv":[9.5,15,9.75,15.5],"texture":"#2"},"north":{"uv":[7.5,4.75,8,5.25],"texture":"#2"},"south":{"uv":[15.75,15.75,16,16],"texture":"#2"}}},{"to":[12.8,8.03676,7.1717],"rotation":{"origin":[8.5,8.49633,8.0986],"angle":-22.5,"axis":"x"},"from":[12.6,7.83676,7.1217],"faces":{"west":{"rotation":180,"uv":[9.5,15,9.75,15.5],"texture":"#2"},"east":{"rotation":180,"uv":[9.5,15,9.75,15.5],"texture":"#2"},"north":{"uv":[6.75,4.75,7.25,5.25],"texture":"#2"},"south":{"uv":[15.75,15.75,16,16],"texture":"#2"}}},{"to":[11.4,8.03676,7.1717],"rotation":{"origin":[8.3,8.49633,8.0986],"angle":-22.5,"axis":"x"},"from":[11.2,7.83676,7.1217],"faces":{"west":{"rotation":180,"uv":[9.5,15,9.75,15.5],"texture":"#2"},"east":{"rotation":180,"uv":[9.5,15,9.75,15.5],"texture":"#2"},"north":{"uv":[6.75,4.75,7.25,5.25],"texture":"#2"},"south":{"uv":[15.75,15.75,16,16],"texture":"#2"}}},{"to":[16.85,8.23676,7.1717],"rotation":{"origin":[12.5,8.49633,8.0986],"angle":-22.5,"axis":"x"},"from":[16.1,7.63676,7.1217],"faces":{"west":{"rotation":180,"uv":[9.5,15,9.75,15.5],"texture":"#2"},"north":{"uv":[7.5,4.5,8.25,5.5],"texture":"#2"},"south":{"uv":[15.75,15.75,16,16],"texture":"#2"}}},{"to":[16.85,8.34702,7.1486],"rotation":{"origin":[12.5,7.49702,8.0986],"angle":22.5,"axis":"x"},"from":[16.1,7.74702,7.0986],"faces":{"west":{"rotation":180,"uv":[8.25,15,8.5,15.5],"texture":"#2"},"north":{"uv":[14.25,3.5,15,4.5],"texture":"#2"},"south":{"uv":[15.75,15.75,16,16],"texture":"#2"}}},{"to":[11.4,8.04702,7.1486],"rotation":{"origin":[8.3,7.49702,8.0986],"angle":22.5,"axis":"x"},"from":[11.2,7.84702,7.0986],"faces":{"west":{"rotation":180,"uv":[8.25,15,8.5,15.5],"texture":"#2"},"east":{"rotation":180,"uv":[8.25,15,8.5,15.5],"texture":"#2"},"north":{"uv":[10,4,10.5,4.5],"texture":"#2"},"south":{"uv":[15.75,15.75,16,16],"texture":"#2"}}},{"to":[12.8,8.04702,7.1486],"rotation":{"origin":[8.5,7.49702,8.0986],"angle":22.5,"axis":"x"},"from":[12.6,7.84702,7.0986],"faces":{"west":{"rotation":180,"uv":[8.25,15,8.5,15.5],"texture":"#2"},"east":{"rotation":180,"uv":[8.25,15,8.5,15.5],"texture":"#2"},"north":{"uv":[11.5,4,12,4.5],"texture":"#2"},"south":{"uv":[15.75,15.75,16,16],"texture":"#2"}}},{"to":[12.1,8.04702,7.1486],"rotation":{"origin":[8.4,7.49702,8.0986],"angle":22.5,"axis":"x"},"from":[11.9,7.84702,7.0986],"faces":{"west":{"rotation":180,"uv":[8.25,15,8.5,15.5],"texture":"#2"},"east":{"rotation":180,"uv":[8.25,15,8.5,15.5],"texture":"#2"},"north":{"uv":[13.25,4,13.75,4.5],"texture":"#2"},"south":{"uv":[15.75,15.75,16,16],"texture":"#2"}}},{"to":[15.6,8.04702,7.1486],"rotation":{"origin":[8.9,7.49702,8.0986],"angle":22.5,"axis":"x"},"from":[15.4,7.84702,7.0986],"faces":{"west":{"rotation":180,"uv":[8.25,15,8.5,15.5],"texture":"#2"},"east":{"rotation":180,"uv":[8.25,15,8.5,15.5],"texture":"#2"},"north":{"uv":[8.75,4,9.25,4.5],"texture":"#2"},"south":{"uv":[15.75,15.75,16,16],"texture":"#2"}}},{"to":[14.9,8.04702,7.1486],"rotation":{"origin":[8.8,7.49702,8.0986],"angle":22.5,"axis":"x"},"from":[14.7,7.84702,7.0986],"faces":{"west":{"rotation":180,"uv":[8.25,15,8.5,15.5],"texture":"#2"},"east":{"rotation":180,"uv":[8.25,15,8.5,15.5],"texture":"#2"},"north":{"uv":[7.75,4,8.25,4.5],"texture":"#2"},"south":{"uv":[15.75,15.75,16,16],"texture":"#2"}}},{"to":[14.2,8.04702,7.1486],"rotation":{"origin":[8.7,7.49702,8.0986],"angle":22.5,"axis":"x"},"from":[14,7.84702,7.0986],"faces":{"west":{"rotation":180,"uv":[8.25,15,8.5,15.5],"texture":"#2"},"east":{"rotation":180,"uv":[8.25,15,8.5,15.5],"texture":"#2"},"north":{"uv":[10.75,4,11.25,4.5],"texture":"#2"},"south":{"uv":[15.75,15.75,16,16],"texture":"#2"}}},{"to":[13.5,8.04702,7.1486],"rotation":{"origin":[8.6,7.49702,8.0986],"angle":22.5,"axis":"x"},"from":[13.3,7.84702,7.0986],"faces":{"west":{"rotation":180,"uv":[8.25,15,8.5,15.5],"texture":"#2"},"east":{"rotation":180,"uv":[8.25,15,8.5,15.5],"texture":"#2"},"north":{"uv":[8,4,8.5,4.5],"texture":"#2"},"south":{"uv":[15.75,15.75,16,16],"texture":"#2"}}},{"to":[16.1,7.84702,7.1486],"rotation":{"origin":[13.5,7.49702,8.0986],"angle":22.5,"axis":"x"},"from":[10.7,7.74702,7.0986],"faces":{"north":{"uv":[7.5,4.25,12,4.5],"texture":"#2"},"up":{"uv":[7.75,4.5,12.25,4.75],"texture":"#2"},"south":{"uv":[15.75,15.75,16,16],"texture":"#2"}}},{"to":[16.1,8.34702,7.1486],"rotation":{"origin":[9,7.49702,8.0986],"angle":22.5,"axis":"x"},"from":[10.7,8.04702,7.0986],"faces":{"down":{"uv":[7,8,11.5,8.25],"texture":"#2"},"north":{"uv":[2,3.75,6.5,4.25],"texture":"#2"},"south":{"uv":[15.75,15.75,16,16],"texture":"#2"}}},{"to":[3.7,8.1,8.6],"rotation":{"origin":[3.9,7.8,8.5],"angle":22.5,"axis":"x"},"from":[2.9,7.7,8.2],"faces":{"east":{"uv":[11.5,15.5,12,16],"texture":"#0"},"up":{"uv":[3,12,10.49,14],"texture":"#0"},"south":{"uv":[3,14,10.49,16],"texture":"#0"}}},{"to":[8.3,8.3,8.6],"from":[8,7.6,7.9],"faces":{"west":{"rotation":180,"uv":[12.5,10.5,13.75,11.75],"texture":"#5"},"east":{"uv":[15.75,15.75,16,16],"texture":"#4"},"up":{"uv":[9,8,9.75,9],"texture":"#5"},"south":{"uv":[9,5,9.75,6],"texture":"#5"}}},{"to":[8.6,8.4,8.6],"rotation":{"origin":[8.15,8.05,8.25],"angle":-22.5,"axis":"x"},"from":[8.3,7.725,7.9],"faces":{"west":{"uv":[9.25,9.5,9.75,10],"texture":"#4"},"east":{"uv":[9.25,9.5,9.75,10],"texture":"#4"},"up":{"uv":[9.25,9.5,9.75,10],"texture":"#4"},"south":{"rotation":270,"uv":[3.25,4.75,4,6.5],"texture":"#4"}}},{"to":[8.60615,7.4141,8.649],"rotation":{"origin":[8.60615,6.8391,7.95],"angle":-22.5,"axis":"z"},"from":[7.70615,6.0391,7.351],"faces":{"east":{"uv":[6.5,10.75,7.75,13.25],"texture":"#2"},"north":{"rotation":180,"uv":[4,2.5,4.75,4.5],"texture":"#2"},"south":{"rotation":180,"uv":[4,2.5,4.75,4.5],"texture":"#2"}}},{"to":[2.49142,8.00104,8.499],"rotation":{"origin":[2.19142,7.30104,8.1],"angle":45,"axis":"z"},"from":[1.66642,6.97604,7.501],"faces":{"west":{"uv":[6.25,10.75,7.5,12],"texture":"#2"},"north":{"rotation":270,"uv":[2.25,10.5,3.5,12.25],"texture":"#2"},"south":{"rotation":90,"uv":[2.25,10.5,3.5,12.25],"texture":"#2"}}},{"to":[2.49142,6.97604,8.199],"rotation":{"origin":[2.19142,7.30104,8.1],"angle":45,"axis":"z"},"from":[1.66642,6.65104,7.801],"faces":{"west":{"rotation":270,"uv":[15.5,0,16,0.75],"texture":"#1"},"north":{"rotation":270,"uv":[15.5,0,16,0.75],"texture":"#1"},"south":{"rotation":270,"uv":[15.5,0,16,0.75],"texture":"#1"}}},{"to":[4.3,7.35,8.5],"from":[2.05,6.7,7.5],"faces":{"down":{"rotation":180,"uv":[7.75,9.75,4.75,11],"texture":"#2"},"north":{"uv":[3,11.25,0,12.25],"texture":"#2"},"south":{"uv":[3,11.25,0,12.25],"texture":"#2"}}},{"to":[8.82619,7.775,8.65],"from":[8.3,7.37033,7.35],"faces":{"east":{"rotation":180,"uv":[5.5,7.5,6,8],"texture":"#2"},"north":{"uv":[4,2.5,4.5,3],"texture":"#2"},"south":{"uv":[4,2.5,4.5,3],"texture":"#2"}}},{"to":[4.10588,5.91548,8.125],"rotation":{"origin":[3.57902,6.65,8.175],"angle":22.5,"axis":"z"},"from":[3.44784,5.86548,7.875],"faces":{"down":{"uv":[6.25,10.25,7.45,10.75],"texture":"#5"},"north":{"uv":[5.75,2,6.7,2.5],"texture":"#5"},"up":{"rotation":270,"uv":[11,3.25,11.45,4.75],"texture":"#5"},"south":{"uv":[5.75,2,6.7,2.5],"texture":"#5"}}},{"to":[3.7102,5.91548,8.124],"rotation":{"origin":[3.57902,6.65,8.175],"angle":-22.5,"axis":"z"},"from":[3.30216,5.86548,7.876],"faces":{"down":{"uv":[6.25,10.25,7.45,10.75],"texture":"#5"},"north":{"uv":[5.75,2,6.7,2.5],"texture":"#5"},"up":{"rotation":90,"uv":[9.25,4.5,9.7,5.5],"texture":"#5"},"south":{"uv":[5.75,2,6.7,2.5],"texture":"#5"}}},{"to":[3.7,6.45,8.0749],"rotation":{"origin":[3.625,6.4,8.0251],"angle":22.5,"axis":"z"},"from":[3.6,6.1,7.9251],"faces":{"down":{"uv":[8.5,8,8.75,8.25],"texture":"#5"},"west":{"uv":[8,11,8.75,12],"texture":"#5"},"east":{"rotation":180,"uv":[8.75,4.25,9.5,5.25],"texture":"#5"},"north":{"rotation":90,"uv":[2.75,15.5,4,16],"texture":"#5"},"south":{"rotation":90,"uv":[10.75,15.5,12,16],"texture":"#5"}}},{"to":[4.45,6.12096,8.25],"from":[4.4,5.72096,7.75],"faces":{"down":{"uv":[15.75,15.75,16,16],"texture":"#5"},"west":{"rotation":180,"uv":[6.25,12.75,7,15.25],"texture":"#5"},"east":{"uv":[15.75,15.75,16,16],"texture":"#5"},"north":{"uv":[8,11.25,8.25,12.25],"texture":"#5"},"south":{"uv":[8,11.25,8.25,12.25],"texture":"#5"}}},{"to":[2.75,6.6505,8.2],"rotation":{"origin":[3.55,5.7,8.5],"angle":-22.5,"axis":"z"},"from":[1.95,3.7505,7.8],"faces":{"down":{"rotation":180,"uv":[7.75,8.75,9,10],"texture":"#5"},"west":{"rotation":270,"uv":[7,0,15.25,3],"texture":"#1"},"north":{"rotation":270,"uv":[9,0,16,3.25],"texture":"#1"},"south":{"rotation":270,"uv":[9,0,16,3.25],"texture":"#1"}}},{"to":[3.0784,5.39003,8.299],"rotation":{"origin":[2.64938,4.85253,8],"angle":22.5,"axis":"z"},"from":[2.92035,5.11503,7.701],"faces":{"down":{"rotation":180,"uv":[7.75,9.75,9,10.25],"texture":"#5"},"east":{"uv":[3.5,11.25,4,12],"texture":"#5"},"north":{"rotation":180,"uv":[8,10.75,8.5,11.25],"texture":"#4"},"south":{"rotation":180,"uv":[8,10.75,8.5,11.25],"texture":"#4"}}},{"to":[2.2784,4.54003,8.299],"rotation":{"origin":[2.64938,4.85253,8],"angle":22.5,"axis":"z"},"from":[2.07035,4.26503,7.701],"faces":{"down":{"rotation":180,"uv":[7.75,9.75,9,10.25],"texture":"#5"},"east":{"uv":[3.5,11.5,4,12.25],"texture":"#5"},"north":{"rotation":180,"uv":[8,10.75,8.5,11.25],"texture":"#4"},"south":{"rotation":180,"uv":[8,10.75,8.5,11.25],"texture":"#4"}}},{"to":[-4.499,8.89541,8.31253],"rotation":{"origin":[6.5,8,8],"angle":0,"axis":"y"},"from":[-5.0995,8.457,7.68934],"faces":{"west":{"rotation":180,"uv":[7.5,15,8.75,15.25],"texture":"#5"},"east":{"rotation":180,"uv":[10,11.5,11,12.25],"texture":"#5"},"up":{"rotation":90,"uv":[8.25,4.25,9.25,5],"texture":"#5"}}},{"to":[-4.4995,8.89541,8.31027],"rotation":{"origin":[-4.7495,8.14541,8.00093],"angle":45,"axis":"x"},"from":[-5.0995,8.49541,7.69027],"faces":{"west":{"rotation":180,"uv":[8,15,9.25,15.25],"texture":"#5"},"east":{"rotation":180,"uv":[8.75,11.5,9.75,12.25],"texture":"#5"},"up":{"rotation":270,"uv":[5.75,12,6.75,12.75],"texture":"#5"}}},{"to":[-4.4995,8.89634,8.30934],"rotation":{"origin":[-4.7495,8.14634,8],"angle":-45,"axis":"x"},"from":[-5.0995,8.49634,7.68934],"faces":{"west":{"rotation":180,"uv":[6.25,15,7.5,15.25],"texture":"#5"},"east":{"rotation":180,"uv":[8.75,11.5,9.75,12.25],"texture":"#5"},"up":{"rotation":270,"uv":[5.75,12,6.75,12.75],"texture":"#5"}}},{"to":[10.7,8.34702,8.9014],"rotation":{"origin":[12.5,7.49702,7.9014],"angle":-22.5,"axis":"x"},"from":[8.3,7.74702,8.8514],"faces":{"west":{"rotation":180,"uv":[8.25,15,8.5,16],"texture":"#2"},"east":{"rotation":180,"uv":[8.25,15,8.5,15.5],"texture":"#2"},"north":{"uv":[15.75,15.75,16,16],"texture":"#2"},"south":{"uv":[4.75,3.5,6.5,4.5],"texture":"#2"}}},{"to":[16.85,8.11067,8.72961],"rotation":{"origin":[8,7.99667,8.00161],"angle":0,"axis":"y"},"from":[8.3,7.88267,8.67961],"faces":{"down":{"uv":[15.75,15.75,16,16],"texture":"#2"},"west":{"rotation":180,"uv":[8.25,15,8.5,15.25],"texture":"#2"},"north":{"uv":[15.75,15.75,16,16],"texture":"#2"},"south":{"rotation":180,"uv":[0,4.5,6,4.75],"texture":"#2"}}},{"to":[16.85,7.375,8.475],"from":[-4.5,7.325,7.525],"faces":{"down":{"rotation":180,"uv":[16,7.5,0,8.75],"texture":"#2"},"north":{"rotation":180,"uv":[16,8,0,8.25],"texture":"#2"},"up":{"uv":[15.75,15.75,16,16],"texture":"#2"},"south":{"rotation":180,"uv":[16,8,0,8.25],"texture":"#2"}}},{"to":[16.85,8.11067,7.32039],"rotation":{"origin":[8,7.99667,7.99839],"angle":0,"axis":"y"},"from":[-4.5,7.88267,7.27039],"faces":{"down":{"uv":[15.75,15.75,16,16],"texture":"#2"},"north":{"rotation":180,"uv":[16,4.5,0,4.75],"texture":"#2"},"south":{"uv":[15.75,15.75,16,16],"texture":"#2"}}},{"to":[16.85,8.80511,7.94238],"rotation":{"origin":[-5.5,8.00011,7.99838],"angle":-22.5,"axis":"x"},"from":[2.5,8.75511,7.79238],"faces":{"down":{"uv":[15.75,15.75,16,16],"texture":"#2"},"west":{"rotation":180,"uv":[8.75,4.5,9,4.75],"texture":"#2"},"up":{"uv":[5,3,15.5,3.25],"texture":"#2"}}},{"to":[16.85,8.7224,8.36142],"rotation":{"origin":[8,8.0024,8.00108],"angle":0,"axis":"y"},"from":[2.5,8.6624,7.63858],"faces":{"down":{"uv":[15.75,15.75,16,16],"texture":"#2"},"up":{"uv":[0,1.75,8.75,3],"texture":"#2"}}},{"to":[16.85,8.80511,8.20762],"rotation":{"origin":[-5.5,8.00011,8.00162],"angle":22.5,"axis":"x"},"from":[2.5,8.75511,8.05762],"faces":{"down":{"uv":[15.75,15.75,16,16],"texture":"#2"},"west":{"rotation":180,"uv":[8.75,4.5,9,4.75],"texture":"#2"},"up":{"uv":[5,3,15.5,3.25],"texture":"#2"}}},{"to":[10.7,8.23676,8.8783],"rotation":{"origin":[12,8.49633,7.9014],"angle":22.5,"axis":"x"},"from":[-4.5,7.63676,8.8283],"faces":{"east":{"rotation":180,"uv":[9.5,15,9.75,15.5],"texture":"#2"},"north":{"uv":[15.75,15.75,16,16],"texture":"#2"},"up":{"uv":[7.75,4.5,12.25,4.75],"texture":"#2"},"south":{"uv":[16,4.5,4.75,5.5],"texture":"#2"}}},{"to":[10.7,8.34702,7.1486],"rotation":{"origin":[12,7.49702,8.0986],"angle":22.5,"axis":"x"},"from":[-4.5,7.74702,7.0986],"faces":{"east":{"rotation":180,"uv":[8.25,15,8.5,15.5],"texture":"#2"},"north":{"uv":[16,3.5,4.75,4.5],"texture":"#2"},"up":{"rotation":180,"uv":[0,3,5.25,3.25],"texture":"#2"},"south":{"uv":[10.25,8,10.5,8.75],"texture":"#5"}}},{"to":[10.7,8.23599,7.17185],"rotation":{"origin":[12,8.49556,8.09675],"angle":-22.5,"axis":"x"},"from":[-4.5,7.63599,7.12185],"faces":{"east":{"rotation":180,"uv":[9.5,15,9.75,15.5],"texture":"#2"},"north":{"uv":[16,4.5,4.75,5.5],"texture":"#2"},"south":{"uv":[15.75,15.75,16,16],"texture":"#2"}}},{"to":[4,8.34702,8.9014],"rotation":{"origin":[12,7.49702,7.9014],"angle":-22.5,"axis":"x"},"from":[-4.5,7.74702,8.8514],"faces":{"down":{"uv":[7,8,9,8.25],"texture":"#2"},"east":{"rotation":180,"uv":[8.25,15,8.5,16],"texture":"#2"},"north":{"uv":[15.75,15.75,16,16],"texture":"#2"},"up":{"rotation":180,"uv":[0,3,5.25,3.25],"texture":"#2"},"south":{"uv":[4.75,3.5,11,4.5],"texture":"#2"}}},{"to":[3,8.11067,8.72961],"rotation":{"origin":[8,7.99667,8.00161],"angle":0,"axis":"y"},"from":[-4.5,7.88267,8.67961],"faces":{"down":{"uv":[15.75,15.75,16,16],"texture":"#2"},"east":{"rotation":180,"uv":[8.25,15,8.5,15.5],"texture":"#2"},"south":{"rotation":180,"uv":[0,4.5,5.5,4.75],"texture":"#2"}}},{"to":[8.3,8.34702,8.9014],"rotation":{"origin":[8,7.49702,7.9014],"angle":-22.5,"axis":"x"},"from":[4,8.14702,8.8514],"faces":{"down":{"uv":[7,8,11,8.25],"texture":"#2"},"north":{"uv":[15.75,15.75,16,16],"texture":"#2"},"south":{"uv":[2,3.75,5.25,4],"texture":"#2"}}},{"to":[2.6,8.665,8.5],"from":[-4.5,8.615,7.5],"faces":{"down":{"uv":[15.75,15.75,16,16],"texture":"#2"},"east":{"uv":[15.75,15.75,16,16],"texture":"#2"},"up":{"rotation":180,"uv":[8.25,1.75,13.5,3],"texture":"#2"}}},{"to":[16.85,8.86833,8.2],"rotation":{"origin":[8,7.99633,8],"angle":0,"axis":"y"},"from":[2.6,8.71833,7.8],"faces":{"east":{"rotation":180,"uv":[6.25,7.75,7.25,8.25],"texture":"#2"},"north":{"uv":[0,2.25,8.75,2.75],"texture":"#2"},"up":{"uv":[0,2,8.75,2.75],"texture":"#2"},"south":{"uv":[0,2.25,8.75,2.75],"texture":"#2"}}},{"to":[16.9,8.925,8.25],"rotation":{"origin":[8.9,8,8],"angle":0,"axis":"y"},"from":[16.525,8.85,7.75],"faces":{"north":{"rotation":180,"uv":[5.25,2.25,6.75,2.75],"texture":"#2"},"west":{"uv":[6.25,7.75,7.5,8.25],"texture":"#2"},"up":{"rotation":270,"uv":[4,2.25,5.25,3.75],"texture":"#2"},"down":{"rotation":180,"uv":[8,8,8.25,8.25],"texture":"#2"},"east":{"uv":[6.25,7.75,7.5,8.25],"texture":"#2"},"south":{"rotation":180,"uv":[5.25,2.25,6.75,2.75],"texture":"#2"}}},{"to":[2.65,8.875,8.3875],"rotation":{"origin":[7.8,7.9,7.9625],"angle":0,"axis":"y"},"from":[2.325,8.55,7.6125],"faces":{"west":{"uv":[9.5,5,11.75,5.75],"texture":"#2"},"east":{"uv":[9.5,5.25,11.75,6],"texture":"#2"},"north":{"uv":[9.5,5,10.25,5.75],"texture":"#2"},"up":{"rotation":90,"uv":[7.5,7.75,9.75,8.5],"texture":"#2"},"south":{"uv":[9.5,5,10.25,5.75],"texture":"#2"}}},{"to":[2.65,9.225,8.3875],"rotation":{"origin":[7.8,8.225,7.9875],"angle":0,"axis":"y"},"from":[2.325,8.875,8.3125],"faces":{"west":{"uv":[10.25,4.5,10.5,5.25],"texture":"#2"},"east":{"uv":[10.25,4.75,10.5,5.5],"texture":"#2"},"north":{"rotation":180,"uv":[3,10.75,3.75,11.5],"texture":"#2"},"up":{"rotation":90,"uv":[11.25,2.25,11.5,3],"texture":"#2"},"south":{"rotation":180,"uv":[3.5,12,4.25,12.75],"texture":"#2"}}},{"to":[2.65,9.225,7.6875],"rotation":{"origin":[7.8,8.225,7.2875],"angle":0,"axis":"y"},"from":[2.325,8.875,7.6125],"faces":{"west":{"uv":[10.25,4.5,10.5,5.25],"texture":"#2"},"east":{"uv":[10.25,4.75,10.5,5.5],"texture":"#2"},"north":{"rotation":180,"uv":[3.5,11.25,4.25,12],"texture":"#2"},"up":{"rotation":90,"uv":[12,2,12.25,2.75],"texture":"#2"},"south":{"rotation":180,"uv":[3,10.75,3.75,11.5],"texture":"#2"}}},{"to":[2.875,8.925,8.25],"from":[2.725,8.85,7.75],"faces":{"north":{"rotation":180,"uv":[5.25,2.25,5.75,2.75],"texture":"#2"},"west":{"uv":[6.25,7.75,7.5,8.25],"texture":"#2"},"up":{"rotation":270,"uv":[3,2.5,4.25,3],"texture":"#2"},"down":{"rotation":180,"uv":[8,8,8.25,8.25],"texture":"#2"},"east":{"uv":[6.25,7.75,7.5,8.25],"texture":"#2"},"south":{"rotation":180,"uv":[5.25,2.25,5.75,2.75],"texture":"#2"}}},{"to":[7.675,8.925,8.25],"from":[7.525,8.85,7.75],"faces":{"north":{"rotation":180,"uv":[5.25,2.25,5.75,2.75],"texture":"#2"},"west":{"uv":[6.25,7.75,7.5,8.25],"texture":"#2"},"up":{"rotation":270,"uv":[3,2.5,4.25,3],"texture":"#2"},"down":{"rotation":180,"uv":[8,8,8.25,8.25],"texture":"#2"},"east":{"uv":[6.25,7.75,7.5,8.25],"texture":"#2"},"south":{"rotation":180,"uv":[5.25,2.25,5.75,2.75],"texture":"#2"}}},{"to":[14.575,8.925,8.25],"from":[14.425,8.85,7.75],"faces":{"north":{"rotation":180,"uv":[5.25,2.25,5.75,2.75],"texture":"#2"},"west":{"uv":[6.25,7.75,7.5,8.25],"texture":"#2"},"up":{"rotation":270,"uv":[3,2.5,4.25,3],"texture":"#2"},"down":{"rotation":180,"uv":[8,8,8.25,8.25],"texture":"#2"},"east":{"uv":[6.25,7.75,7.5,8.25],"texture":"#2"},"south":{"rotation":180,"uv":[5.25,2.25,5.75,2.75],"texture":"#2"}}},{"to":[5.275,8.925,8.25],"from":[5.125,8.85,7.75],"faces":{"north":{"rotation":180,"uv":[5.25,2.25,5.75,2.75],"texture":"#2"},"west":{"uv":[6.25,7.75,7.5,8.25],"texture":"#2"},"up":{"rotation":270,"uv":[4.25,2.5,5.5,3],"texture":"#2"},"down":{"rotation":180,"uv":[8,8,8.25,8.25],"texture":"#2"},"east":{"uv":[6.25,7.75,7.5,8.25],"texture":"#2"},"south":{"rotation":180,"uv":[5.25,2.25,5.75,2.75],"texture":"#2"}}},{"to":[10.075,8.925,8.25],"from":[9.925,8.85,7.75],"faces":{"north":{"rotation":180,"uv":[5.25,2.25,5.75,2.75],"texture":"#2"},"west":{"uv":[6.25,7.75,7.5,8.25],"texture":"#2"},"up":{"rotation":270,"uv":[4.25,2.5,5.5,3],"texture":"#2"},"down":{"rotation":180,"uv":[8,8,8.25,8.25],"texture":"#2"},"east":{"uv":[6.25,7.75,7.5,8.25],"texture":"#2"},"south":{"rotation":180,"uv":[5.25,2.25,5.75,2.75],"texture":"#2"}}},{"to":[4.075,8.925,8.25],"from":[3.925,8.85,7.75],"faces":{"north":{"rotation":180,"uv":[5.25,2.25,5.75,2.75],"texture":"#2"},"west":{"uv":[6.25,7.75,7.5,8.25],"texture":"#2"},"up":{"rotation":270,"uv":[7.25,2.5,8.5,3],"texture":"#2"},"down":{"rotation":180,"uv":[8,8,8.25,8.25],"texture":"#2"},"east":{"uv":[6.25,7.75,7.5,8.25],"texture":"#2"},"south":{"rotation":180,"uv":[5.25,2.25,5.75,2.75],"texture":"#2"}}},{"to":[8.875,8.925,8.25],"from":[8.725,8.85,7.75],"faces":{"north":{"rotation":180,"uv":[5.25,2.25,5.75,2.75],"texture":"#2"},"west":{"uv":[6.25,7.75,7.5,8.25],"texture":"#2"},"up":{"rotation":270,"uv":[7.25,2.5,8.5,3],"texture":"#2"},"down":{"rotation":180,"uv":[8,8,8.25,8.25],"texture":"#2"},"east":{"uv":[6.25,7.75,7.5,8.25],"texture":"#2"},"south":{"rotation":180,"uv":[5.25,2.25,5.75,2.75],"texture":"#2"}}},{"to":[15.775,8.925,8.25],"from":[15.625,8.85,7.75],"faces":{"north":{"rotation":180,"uv":[5.25,2.25,5.75,2.75],"texture":"#2"},"west":{"uv":[6.25,7.75,7.5,8.25],"texture":"#2"},"up":{"rotation":270,"uv":[7.25,2.5,8.5,3],"texture":"#2"},"down":{"rotation":180,"uv":[8,8,8.25,8.25],"texture":"#2"},"east":{"uv":[6.25,7.75,7.5,8.25],"texture":"#2"},"south":{"rotation":180,"uv":[5.25,2.25,5.75,2.75],"texture":"#2"}}},{"to":[6.475,8.925,8.25],"from":[6.325,8.85,7.75],"faces":{"north":{"rotation":180,"uv":[5.25,2.25,5.75,2.75],"texture":"#2"},"west":{"uv":[6.25,7.75,7.5,8.25],"texture":"#2"},"up":{"rotation":270,"uv":[6,2.5,7.25,3],"texture":"#2"},"down":{"rotation":180,"uv":[8,8,8.25,8.25],"texture":"#2"},"east":{"uv":[6.25,7.75,7.5,8.25],"texture":"#2"},"south":{"rotation":180,"uv":[5.25,2.25,5.75,2.75],"texture":"#2"}}},{"to":[13.375,8.925,8.25],"from":[13.225,8.85,7.75],"faces":{"north":{"rotation":180,"uv":[5.25,2.25,5.75,2.75],"texture":"#2"},"west":{"uv":[6.25,7.75,7.5,8.25],"texture":"#2"},"up":{"rotation":270,"uv":[6,2.5,7.25,3],"texture":"#2"},"down":{"rotation":180,"uv":[8,8,8.25,8.25],"texture":"#2"},"east":{"uv":[6.25,7.75,7.5,8.25],"texture":"#2"},"south":{"rotation":180,"uv":[5.25,2.25,5.75,2.75],"texture":"#2"}}},{"to":[11.275,8.925,8.25],"from":[11.125,8.85,7.75],"faces":{"north":{"rotation":180,"uv":[5.25,2.25,5.75,2.75],"texture":"#2"},"west":{"uv":[6.25,7.75,7.5,8.25],"texture":"#2"},"up":{"rotation":270,"uv":[6,2.5,7.25,3],"texture":"#2"},"down":{"rotation":180,"uv":[8,8,8.25,8.25],"texture":"#2"},"east":{"uv":[6.25,7.75,7.5,8.25],"texture":"#2"},"south":{"rotation":180,"uv":[5.25,2.25,5.75,2.75],"texture":"#2"}}},{"to":[3.475,8.925,8.25],"from":[3.325,8.85,7.75],"faces":{"north":{"rotation":180,"uv":[5.25,2.25,5.75,2.75],"texture":"#2"},"west":{"uv":[6.25,7.75,7.5,8.25],"texture":"#2"},"up":{"rotation":270,"uv":[5,2.5,6.25,3],"texture":"#2"},"down":{"rotation":180,"uv":[8,8,8.25,8.25],"texture":"#2"},"east":{"uv":[6.25,7.75,7.5,8.25],"texture":"#2"},"south":{"rotation":180,"uv":[5.25,2.25,5.75,2.75],"texture":"#2"}}},{"to":[8.275,8.925,8.25],"from":[8.125,8.85,7.75],"faces":{"north":{"rotation":180,"uv":[5.25,2.25,5.75,2.75],"texture":"#2"},"west":{"uv":[6.25,7.75,7.5,8.25],"texture":"#2"},"up":{"rotation":270,"uv":[5,2.5,6.25,3],"texture":"#2"},"down":{"rotation":180,"uv":[8,8,8.25,8.25],"texture":"#2"},"east":{"uv":[6.25,7.75,7.5,8.25],"texture":"#2"},"south":{"rotation":180,"uv":[5.25,2.25,5.75,2.75],"texture":"#2"}}},{"to":[15.175,8.925,8.25],"from":[15.025,8.85,7.75],"faces":{"north":{"rotation":180,"uv":[5.25,2.25,5.75,2.75],"texture":"#2"},"west":{"uv":[6.25,7.75,7.5,8.25],"texture":"#2"},"up":{"rotation":270,"uv":[5,2.5,6.25,3],"texture":"#2"},"down":{"rotation":180,"uv":[8,8,8.25,8.25],"texture":"#2"},"east":{"uv":[6.25,7.75,7.5,8.25],"texture":"#2"},"south":{"rotation":180,"uv":[5.25,2.25,5.75,2.75],"texture":"#2"}}},{"to":[5.875,8.925,8.25],"from":[5.725,8.85,7.75],"faces":{"north":{"rotation":180,"uv":[5.25,2.25,5.75,2.75],"texture":"#2"},"west":{"uv":[6.25,7.75,7.5,8.25],"texture":"#2"},"up":{"rotation":270,"uv":[4,2.5,5.25,3],"texture":"#2"},"down":{"rotation":180,"uv":[8,8,8.25,8.25],"texture":"#2"},"east":{"uv":[6.25,7.75,7.5,8.25],"texture":"#2"},"south":{"rotation":180,"uv":[5.25,2.25,5.75,2.75],"texture":"#2"}}},{"to":[12.775,8.925,8.25],"from":[12.625,8.85,7.75],"faces":{"north":{"rotation":180,"uv":[5.25,2.25,5.75,2.75],"texture":"#2"},"west":{"uv":[6.25,7.75,7.5,8.25],"texture":"#2"},"up":{"rotation":270,"uv":[4,2.5,5.25,3],"texture":"#2"},"down":{"rotation":180,"uv":[8,8,8.25,8.25],"texture":"#2"},"east":{"uv":[6.25,7.75,7.5,8.25],"texture":"#2"},"south":{"rotation":180,"uv":[5.25,2.25,5.75,2.75],"texture":"#2"}}},{"to":[10.675,8.925,8.25],"from":[10.525,8.85,7.75],"faces":{"north":{"rotation":180,"uv":[5.25,2.25,5.75,2.75],"texture":"#2"},"west":{"uv":[6.25,7.75,7.5,8.25],"texture":"#2"},"up":{"rotation":270,"uv":[4,2.5,5.25,3],"texture":"#2"},"down":{"rotation":180,"uv":[8,8,8.25,8.25],"texture":"#2"},"east":{"uv":[6.25,7.75,7.5,8.25],"texture":"#2"},"south":{"rotation":180,"uv":[5.25,2.25,5.75,2.75],"texture":"#2"}}},{"to":[4.675,8.925,8.25],"from":[4.525,8.85,7.75],"faces":{"north":{"rotation":180,"uv":[5.25,2.25,5.75,2.75],"texture":"#2"},"west":{"uv":[6.25,7.75,7.5,8.25],"texture":"#2"},"up":{"rotation":270,"uv":[4,2.5,5.25,3],"texture":"#2"},"down":{"rotation":180,"uv":[8,8,8.25,8.25],"texture":"#2"},"east":{"uv":[6.25,7.75,7.5,8.25],"texture":"#2"},"south":{"rotation":180,"uv":[5.25,2.25,5.75,2.75],"texture":"#2"}}},{"to":[9.475,8.925,8.25],"from":[9.325,8.85,7.75],"faces":{"north":{"rotation":180,"uv":[5.25,2.25,5.75,2.75],"texture":"#2"},"west":{"uv":[6.25,7.75,7.5,8.25],"texture":"#2"},"up":{"rotation":270,"uv":[4,2.5,5.25,3],"texture":"#2"},"down":{"rotation":180,"uv":[8,8,8.25,8.25],"texture":"#2"},"east":{"uv":[6.25,7.75,7.5,8.25],"texture":"#2"},"south":{"rotation":180,"uv":[5.25,2.25,5.75,2.75],"texture":"#2"}}},{"to":[16.375,8.925,8.25],"from":[16.225,8.85,7.75],"faces":{"north":{"rotation":180,"uv":[5.25,2.25,5.75,2.75],"texture":"#2"},"west":{"uv":[6.25,7.75,7.5,8.25],"texture":"#2"},"up":{"rotation":270,"uv":[4,2.5,5.25,3],"texture":"#2"},"down":{"rotation":180,"uv":[8,8,8.25,8.25],"texture":"#2"},"east":{"uv":[6.25,7.75,7.5,8.25],"texture":"#2"},"south":{"rotation":180,"uv":[5.25,2.25,5.75,2.75],"texture":"#2"}}},{"to":[7.075,8.925,8.25],"from":[6.925,8.85,7.75],"faces":{"north":{"rotation":180,"uv":[5.25,2.25,5.75,2.75],"texture":"#2"},"west":{"uv":[6.25,7.75,7.5,8.25],"texture":"#2"},"up":{"rotation":270,"uv":[1,2.5,2.25,3],"texture":"#2"},"down":{"rotation":180,"uv":[8,8,8.25,8.25],"texture":"#2"},"east":{"uv":[6.25,7.75,7.5,8.25],"texture":"#2"},"south":{"rotation":180,"uv":[5.25,2.25,5.75,2.75],"texture":"#2"}}},{"to":[13.975,8.925,8.25],"from":[13.825,8.85,7.75],"faces":{"north":{"rotation":180,"uv":[5.25,2.25,5.75,2.75],"texture":"#2"},"west":{"uv":[6.25,7.75,7.5,8.25],"texture":"#2"},"up":{"rotation":270,"uv":[1,2.5,2.25,3],"texture":"#2"},"down":{"rotation":180,"uv":[8,8,8.25,8.25],"texture":"#2"},"east":{"uv":[6.25,7.75,7.5,8.25],"texture":"#2"},"south":{"rotation":180,"uv":[5.25,2.25,5.75,2.75],"texture":"#2"}}},{"to":[11.875,8.925,8.25],"from":[11.725,8.85,7.75],"faces":{"north":{"rotation":180,"uv":[5.25,2.25,5.75,2.75],"texture":"#2"},"west":{"uv":[6.25,7.75,7.5,8.25],"texture":"#2"},"up":{"rotation":270,"uv":[1,2.5,2.25,3],"texture":"#2"},"down":{"rotation":180,"uv":[8,8,8.25,8.25],"texture":"#2"},"east":{"uv":[6.25,7.75,7.5,8.25],"texture":"#2"},"south":{"rotation":180,"uv":[5.25,2.25,5.75,2.75],"texture":"#2"}}},{"to":[3.175,8.925,8.25],"from":[3.025,8.85,7.75],"faces":{"north":{"rotation":180,"uv":[5.5,2.25,6,2.75],"texture":"#2"},"west":{"uv":[7,7.75,8.25,8.25],"texture":"#2"},"up":{"rotation":270,"uv":[4.25,2.5,5.5,3],"texture":"#2"},"down":{"rotation":180,"uv":[8,8,8.25,8.25],"texture":"#2"},"east":{"uv":[5,7.75,6.25,8.25],"texture":"#2"},"south":{"rotation":180,"uv":[4.75,2.25,5.25,2.75],"texture":"#2"}}},{"to":[7.975,8.925,8.25],"from":[7.825,8.85,7.75],"faces":{"north":{"rotation":180,"uv":[5.5,2.25,6,2.75],"texture":"#2"},"west":{"uv":[7,7.75,8.25,8.25],"texture":"#2"},"up":{"rotation":270,"uv":[4.25,2.5,5.5,3],"texture":"#2"},"down":{"rotation":180,"uv":[8,8,8.25,8.25],"texture":"#2"},"east":{"uv":[5,7.75,6.25,8.25],"texture":"#2"},"south":{"rotation":180,"uv":[4.75,2.25,5.25,2.75],"texture":"#2"}}},{"to":[14.875,8.925,8.25],"from":[14.725,8.85,7.75],"faces":{"north":{"rotation":180,"uv":[5.5,2.25,6,2.75],"texture":"#2"},"west":{"uv":[7,7.75,8.25,8.25],"texture":"#2"},"up":{"rotation":270,"uv":[4.25,2.5,5.5,3],"texture":"#2"},"down":{"rotation":180,"uv":[8,8,8.25,8.25],"texture":"#2"},"east":{"uv":[5,7.75,6.25,8.25],"texture":"#2"},"south":{"rotation":180,"uv":[4.75,2.25,5.25,2.75],"texture":"#2"}}},{"to":[5.575,8.925,8.25],"from":[5.425,8.85,7.75],"faces":{"north":{"rotation":180,"uv":[5.5,2.25,6,2.75],"texture":"#2"},"west":{"uv":[7,7.75,8.25,8.25],"texture":"#2"},"up":{"rotation":270,"uv":[4.25,2.5,5.5,3],"texture":"#2"},"down":{"rotation":180,"uv":[8,8,8.25,8.25],"texture":"#2"},"east":{"uv":[5,7.75,6.25,8.25],"texture":"#2"},"south":{"rotation":180,"uv":[4.75,2.25,5.25,2.75],"texture":"#2"}}},{"to":[12.475,8.925,8.25],"from":[12.325,8.85,7.75],"faces":{"north":{"rotation":180,"uv":[5.5,2.25,6,2.75],"texture":"#2"},"west":{"uv":[7,7.75,8.25,8.25],"texture":"#2"},"up":{"rotation":270,"uv":[4.25,2.5,5.5,3],"texture":"#2"},"down":{"rotation":180,"uv":[8,8,8.25,8.25],"texture":"#2"},"east":{"uv":[5,7.75,6.25,8.25],"texture":"#2"},"south":{"rotation":180,"uv":[4.75,2.25,5.25,2.75],"texture":"#2"}}},{"to":[10.375,8.925,8.25],"from":[10.225,8.85,7.75],"faces":{"north":{"rotation":180,"uv":[5.5,2.25,6,2.75],"texture":"#2"},"west":{"uv":[7,7.75,8.25,8.25],"texture":"#2"},"up":{"rotation":270,"uv":[4.75,2.5,6,3],"texture":"#2"},"down":{"rotation":180,"uv":[8,8,8.25,8.25],"texture":"#2"},"east":{"uv":[5,7.75,6.25,8.25],"texture":"#2"},"south":{"rotation":180,"uv":[4.75,2.25,5.25,2.75],"texture":"#2"}}},{"to":[4.375,8.925,8.25],"from":[4.225,8.85,7.75],"faces":{"north":{"rotation":180,"uv":[5.5,2.25,6,2.75],"texture":"#2"},"west":{"uv":[7,7.75,8.25,8.25],"texture":"#2"},"up":{"rotation":270,"uv":[6,2.5,7.25,3],"texture":"#2"},"down":{"rotation":180,"uv":[8,8,8.25,8.25],"texture":"#2"},"east":{"uv":[5,7.75,6.25,8.25],"texture":"#2"},"south":{"rotation":180,"uv":[4.75,2.25,5.25,2.75],"texture":"#2"}}},{"to":[9.175,8.925,8.25],"from":[9.025,8.85,7.75],"faces":{"north":{"rotation":180,"uv":[5.5,2.25,6,2.75],"texture":"#2"},"west":{"uv":[7,7.75,8.25,8.25],"texture":"#2"},"up":{"rotation":270,"uv":[5.75,2.5,7,3],"texture":"#2"},"down":{"rotation":180,"uv":[8,8,8.25,8.25],"texture":"#2"},"east":{"uv":[5,7.75,6.25,8.25],"texture":"#2"},"south":{"rotation":180,"uv":[4.75,2.25,5.25,2.75],"texture":"#2"}}},{"to":[16.075,8.925,8.25],"from":[15.925,8.85,7.75],"faces":{"north":{"rotation":180,"uv":[5.5,2.25,6,2.75],"texture":"#2"},"west":{"uv":[7,7.75,8.25,8.25],"texture":"#2"},"up":{"rotation":270,"uv":[5.75,2.5,7,3],"texture":"#2"},"down":{"rotation":180,"uv":[8,8,8.25,8.25],"texture":"#2"},"east":{"uv":[5,7.75,6.25,8.25],"texture":"#2"},"south":{"rotation":180,"uv":[4.75,2.25,5.25,2.75],"texture":"#2"}}},{"to":[6.775,8.925,8.25],"from":[6.625,8.85,7.75],"faces":{"north":{"rotation":180,"uv":[5.5,2.25,6,2.75],"texture":"#2"},"west":{"uv":[7,7.75,8.25,8.25],"texture":"#2"},"up":{"rotation":270,"uv":[5.25,2.5,6.5,3],"texture":"#2"},"down":{"rotation":180,"uv":[8,8,8.25,8.25],"texture":"#2"},"east":{"uv":[5,7.75,6.25,8.25],"texture":"#2"},"south":{"rotation":180,"uv":[4.75,2.25,5.25,2.75],"texture":"#2"}}},{"to":[13.675,8.925,8.25],"from":[13.525,8.85,7.75],"faces":{"north":{"rotation":180,"uv":[5.5,2.25,6,2.75],"texture":"#2"},"west":{"uv":[7,7.75,8.25,8.25],"texture":"#2"},"up":{"rotation":270,"uv":[5.25,2.5,6.5,3],"texture":"#2"},"down":{"rotation":180,"uv":[8,8,8.25,8.25],"texture":"#2"},"east":{"uv":[5,7.75,6.25,8.25],"texture":"#2"},"south":{"rotation":180,"uv":[4.75,2.25,5.25,2.75],"texture":"#2"}}},{"to":[3.775,8.925,8.25],"from":[3.625,8.85,7.75],"faces":{"north":{"rotation":180,"uv":[5.5,2.25,6,2.75],"texture":"#2"},"west":{"uv":[7,7.75,8.25,8.25],"texture":"#2"},"up":{"rotation":270,"uv":[1.5,2.5,2.75,3],"texture":"#2"},"down":{"rotation":180,"uv":[8,8,8.25,8.25],"texture":"#2"},"east":{"uv":[5,7.75,6.25,8.25],"texture":"#2"},"south":{"rotation":180,"uv":[4.75,2.25,5.25,2.75],"texture":"#2"}}},{"to":[8.575,8.925,8.25],"from":[8.425,8.85,7.75],"faces":{"north":{"rotation":180,"uv":[5.5,2.25,6,2.75],"texture":"#2"},"west":{"uv":[7,7.75,8.25,8.25],"texture":"#2"},"up":{"rotation":270,"uv":[2,2.5,3.25,3],"texture":"#2"},"down":{"rotation":180,"uv":[8,8,8.25,8.25],"texture":"#2"},"east":{"uv":[5,7.75,6.25,8.25],"texture":"#2"},"south":{"rotation":180,"uv":[4.75,2.25,5.25,2.75],"texture":"#2"}}},{"to":[15.475,8.925,8.25],"from":[15.325,8.85,7.75],"faces":{"north":{"rotation":180,"uv":[5.5,2.25,6,2.75],"texture":"#2"},"west":{"uv":[7,7.75,8.25,8.25],"texture":"#2"},"up":{"rotation":270,"uv":[2,2.5,3.25,3],"texture":"#2"},"down":{"rotation":180,"uv":[8,8,8.25,8.25],"texture":"#2"},"east":{"uv":[5,7.75,6.25,8.25],"texture":"#2"},"south":{"rotation":180,"uv":[4.75,2.25,5.25,2.75],"texture":"#2"}}},{"to":[6.175,8.925,8.25],"from":[6.025,8.85,7.75],"faces":{"north":{"rotation":180,"uv":[5.5,2.25,6,2.75],"texture":"#2"},"west":{"uv":[7,7.75,8.25,8.25],"texture":"#2"},"up":{"rotation":270,"uv":[1.5,2.5,2.75,3],"texture":"#2"},"down":{"rotation":180,"uv":[8,8,8.25,8.25],"texture":"#2"},"east":{"uv":[5,7.75,6.25,8.25],"texture":"#2"},"south":{"rotation":180,"uv":[4.75,2.25,5.25,2.75],"texture":"#2"}}},{"to":[13.075,8.925,8.25],"from":[12.925,8.85,7.75],"faces":{"north":{"rotation":180,"uv":[5.5,2.25,6,2.75],"texture":"#2"},"west":{"uv":[7,7.75,8.25,8.25],"texture":"#2"},"up":{"rotation":270,"uv":[1.5,2.5,2.75,3],"texture":"#2"},"down":{"rotation":180,"uv":[8,8,8.25,8.25],"texture":"#2"},"east":{"uv":[5,7.75,6.25,8.25],"texture":"#2"},"south":{"rotation":180,"uv":[4.75,2.25,5.25,2.75],"texture":"#2"}}},{"to":[10.975,8.925,8.25],"from":[10.825,8.85,7.75],"faces":{"north":{"rotation":180,"uv":[5.5,2.25,6,2.75],"texture":"#2"},"west":{"uv":[7,7.75,8.25,8.25],"texture":"#2"},"up":{"rotation":270,"uv":[1.75,2.5,3,3],"texture":"#2"},"down":{"rotation":180,"uv":[8,8,8.25,8.25],"texture":"#2"},"east":{"uv":[5,7.75,6.25,8.25],"texture":"#2"},"south":{"rotation":180,"uv":[4.75,2.25,5.25,2.75],"texture":"#2"}}},{"to":[4.975,8.925,8.25],"from":[4.825,8.85,7.75],"faces":{"north":{"rotation":180,"uv":[5.5,2.25,6,2.75],"texture":"#2"},"west":{"uv":[7,7.75,8.25,8.25],"texture":"#2"},"up":{"rotation":270,"uv":[0.25,2.5,1.5,3],"texture":"#2"},"down":{"rotation":180,"uv":[8,8,8.25,8.25],"texture":"#2"},"east":{"uv":[5,7.75,6.25,8.25],"texture":"#2"},"south":{"rotation":180,"uv":[4.75,2.25,5.25,2.75],"texture":"#2"}}},{"to":[9.775,8.925,8.25],"from":[9.625,8.85,7.75],"faces":{"north":{"rotation":180,"uv":[5.5,2.25,6,2.75],"texture":"#2"},"west":{"uv":[7,7.75,8.25,8.25],"texture":"#2"},"up":{"rotation":270,"uv":[0.75,2.5,2,3],"texture":"#2"},"down":{"rotation":180,"uv":[8,8,8.25,8.25],"texture":"#2"},"east":{"uv":[5,7.75,6.25,8.25],"texture":"#2"},"south":{"rotation":180,"uv":[4.75,2.25,5.25,2.75],"texture":"#2"}}},{"to":[7.375,8.925,8.25],"from":[7.225,8.85,7.75],"faces":{"north":{"rotation":180,"uv":[5.5,2.25,6,2.75],"texture":"#2"},"west":{"uv":[7,7.75,8.25,8.25],"texture":"#2"},"up":{"rotation":270,"uv":[0,2.5,1.25,3],"texture":"#2"},"down":{"rotation":180,"uv":[8,8,8.25,8.25],"texture":"#2"},"east":{"uv":[5,7.75,6.25,8.25],"texture":"#2"},"south":{"rotation":180,"uv":[4.75,2.25,5.25,2.75],"texture":"#2"}}},{"to":[14.275,8.925,8.25],"from":[14.125,8.85,7.75],"faces":{"north":{"rotation":180,"uv":[5.5,2.25,6,2.75],"texture":"#2"},"west":{"uv":[7,7.75,8.25,8.25],"texture":"#2"},"up":{"rotation":270,"uv":[0,2.5,1.25,3],"texture":"#2"},"down":{"rotation":180,"uv":[8,8,8.25,8.25],"texture":"#2"},"east":{"uv":[5,7.75,6.25,8.25],"texture":"#2"},"south":{"rotation":180,"uv":[4.75,2.25,5.25,2.75],"texture":"#2"}}},{"to":[12.175,8.925,8.25],"from":[12.025,8.85,7.75],"faces":{"north":{"rotation":180,"uv":[5.5,2.25,6,2.75],"texture":"#2"},"west":{"uv":[7,7.75,8.25,8.25],"texture":"#2"},"up":{"rotation":270,"uv":[7.5,2.5,8.75,3],"texture":"#2"},"down":{"rotation":180,"uv":[8,8,8.25,8.25],"texture":"#2"},"east":{"uv":[5,7.75,6.25,8.25],"texture":"#2"},"south":{"rotation":180,"uv":[4.75,2.25,5.25,2.75],"texture":"#2"}}},{"to":[11.7,9.1,8.4],"from":[11.2,8.8,7.6],"faces":{"north":{"uv":[8.75,1.75,7.5,2.5],"texture":"#2"},"west":{"uv":[9.5,5,11.5,5.75],"texture":"#2"},"up":{"rotation":90,"uv":[9.75,4.25,11.75,5.5],"texture":"#2"},"down":{"uv":[15.75,15.75,16,16],"texture":"#2"},"east":{"uv":[9.75,4.25,11.75,5],"texture":"#2"},"south":{"uv":[7.5,1.75,8.75,2.5],"texture":"#2"}}},{"to":[11.5,9,8.401],"from":[11.4,8.9,7.599],"faces":{"north":{"uv":[10.5,6,12,7.5],"texture":"#0"},"south":{"rotation":90,"uv":[10.5,6,12,7.5],"texture":"#0"}}},{"to":[11.85,9.0505,8.05],"from":[11,8.9505,7.95],"faces":{"down":{"uv":[11,15,12,16],"texture":"#0"},"east":{"rotation":90,"uv":[14,13.5,15,14.5],"texture":"#0"},"north":{"uv":[13,13.5,14,14.5],"texture":"#0"},"up":{"uv":[12,13,13,14],"texture":"#0"},"south":{"uv":[11,13.5,12,14.5],"texture":"#0"}}},{"to":[11.05,9.05,8.05],"from":[10.95,8.95,7.05],"faces":{"north":{"uv":[13.5,13,14.5,14],"texture":"#0"},"west":{"uv":[14.5,13.5,11.5,14.5],"texture":"#0"},"up":{"rotation":90,"uv":[14,13,11,14],"texture":"#0"},"down":{"uv":[11,15,12,16],"texture":"#0"},"east":{"uv":[11,13.5,14,14.5],"texture":"#0"},"south":{"uv":[11,13.5,12,14.5],"texture":"#0"}}},{"to":[2.575,9.125,8.45],"rotation":{"origin":[2.5,9.05,7.95],"angle":0,"axis":"y"},"from":[2.425,8.975,7.45],"faces":{"west":{"uv":[10.5,14,15,15.5],"texture":"#0"},"east":{"uv":[10.5,13.5,15,15],"texture":"#0"},"up":{"rotation":270,"uv":[10.5,12.5,15,14],"texture":"#0"},"south":{"rotation":90,"uv":[14,13.5,15.5,15],"texture":"#0"}}},{"to":[11.05,8.95,7.15],"from":[10.95,6.45,7.05],"faces":{"down":{"rotation":180,"uv":[12,14,13,15],"texture":"#0"},"west":{"rotation":270,"uv":[12,13.5,15,14.5],"texture":"#0"},"east":{"rotation":90,"uv":[11,13.5,14,14.5],"texture":"#0"},"north":{"rotation":270,"uv":[10.5,13,13.5,14],"texture":"#0"},"south":{"rotation":90,"uv":[11,14,14,15],"texture":"#0"}}},{"to":[10.95,6.75,7.35],"from":[8.35,6.25,6.85],"faces":{"north":{"uv":[0,5.5,10.5,7],"texture":"#0"},"west":{"uv":[10.5,4,12,5.5],"texture":"#0"},"up":{"rotation":180,"uv":[0,4,10.5,5.5],"texture":"#0"},"down":{"rotation":180,"uv":[0,7,10.5,8.5],"texture":"#0"},"east":{"uv":[0,7,1.5,8.5],"texture":"#0"},"south":{"uv":[10.5,5.5,0,7],"texture":"#0"}}},{"to":[2.56569,9.25,7.5749],"rotation":{"origin":[2.48284,9.05,7.475],"angle":0,"axis":"y"},"from":[2.4,8.85,7.3749],"faces":{"down":{"uv":[5.5,8,8,6.5],"texture":"#0"},"north":{"rotation":90,"uv":[1,5,3,4.5],"texture":"#0"},"up":{"rotation":180,"uv":[1,4,3.5,5.5],"texture":"#0"},"south":{"rotation":90,"uv":[1,11.5,1.5,11],"texture":"#0"}}},{"to":[2.575,9.15,7.5745],"rotation":{"origin":[2.48284,9.05,7.475],"angle":0,"axis":"y"},"from":[2.375,8.95,7.3745],"faces":{"north":{"rotation":90,"uv":[13,6.5,15.5,4],"texture":"#0"}}},{"to":[2.68284,9.13284,7.5751],"rotation":{"origin":[2.48284,9.05,7.475],"angle":0,"axis":"z"},"from":[2.28284,8.96716,7.3751],"faces":{"west":{"rotation":90,"uv":[5.5,7,8,5.5],"texture":"#0"},"east":{"rotation":270,"uv":[5.5,7,8,5.5],"texture":"#0"},"north":{"uv":[1,5,3,4.5],"texture":"#0"},"south":{"rotation":90,"uv":[1,11.5,1.5,11],"texture":"#0"}}},{"to":[2.68284,9.13284,7.575],"rotation":{"origin":[2.48284,9.05,7.475],"angle":45,"axis":"z"},"from":[2.28284,8.96716,7.375],"faces":{"west":{"rotation":90,"uv":[5.5,8,8,6.5],"texture":"#0"},"east":{"rotation":270,"uv":[1,7,3.5,5.5],"texture":"#0"},"north":{"uv":[1,5,3,4.5],"texture":"#0"},"south":{"rotation":90,"uv":[1,11.5,1.5,11],"texture":"#0"}}},{"to":[2.56569,9.25,7.575],"rotation":{"origin":[2.48284,9.05,7.475],"angle":45,"axis":"z"},"from":[2.4,8.85,7.375],"faces":{"down":{"uv":[5.5,8,8,6.5],"texture":"#0"},"north":{"rotation":90,"uv":[1,5,3,4.5],"texture":"#0"},"up":{"rotation":180,"uv":[1,6.5,3.5,5],"texture":"#0"},"south":{"rotation":90,"uv":[1,11.5,1.5,11],"texture":"#0"}}},{"to":[13.7,7.2,8.35],"from":[9.7,6.5,8.325],"faces":{"north":{"rotation":180,"uv":[0,0,16,3.99],"texture":"#0"},"west":{"uv":[15.75,15.75,16,16],"texture":"#2"},"up":{"rotation":180,"uv":[7,10,2.25,10.25],"texture":"#2"},"down":{"uv":[15.75,15.75,16,16],"texture":"#2"},"east":{"uv":[15.75,15.75,16,16],"texture":"#2"},"south":{"rotation":180,"uv":[16,0,0,3.99],"texture":"#0"}}},{"to":[9.64697,7.2,8.40303],"rotation":{"origin":[9.55,6.85,8.3],"angle":45,"axis":"y"},"from":[9.14697,6.5,8.30303],"faces":{"north":{"rotation":180,"uv":[10.25,8,11.75,9.25],"texture":"#5"},"west":{"rotation":90,"uv":[0,12.75,1.25,13.25],"texture":"#5"},"up":{"uv":[4,8,2.75,8.5],"texture":"#5"},"down":{"uv":[10.75,12.75,12.25,13.25],"texture":"#5"},"east":{"rotation":180,"uv":[15.75,15.75,16,16],"texture":"#5"},"south":{"rotation":180,"uv":[11.25,11.75,12.75,13],"texture":"#5"}}},{"to":[9.95,6.95,8.525],"from":[9.45,6.75,8.35],"faces":{"down":{"uv":[11.5,14.5,12,16],"texture":"#0"},"west":{"uv":[11.5,15.5,12,16],"texture":"#0"},"north":{"uv":[11.5,15.5,12,16],"texture":"#0"},"up":{"rotation":180,"uv":[12.5,13,13,14.5],"texture":"#0"},"south":{"uv":[12.5,13.5,13,15],"texture":"#0"}}},{"to":[13.7,7.2,7.675],"from":[9.7,6.5,7.65],"faces":{"north":{"rotation":180,"uv":[0,0,16,3.99],"texture":"#0"},"west":{"uv":[15.75,15.75,16,16],"texture":"#2"},"up":{"rotation":180,"uv":[7,10,2.25,10.25],"texture":"#2"},"down":{"uv":[15.75,15.75,16,16],"texture":"#2"},"east":{"uv":[15.75,15.75,16,16],"texture":"#2"},"south":{"rotation":180,"uv":[16,0,0,3.99],"texture":"#0"}}},{"to":[14.3,7,7.675],"from":[9.7,6.7,7.45],"faces":{"down":{"uv":[9,8,9.5,8.5],"texture":"#2"},"west":{"uv":[15.75,15.75,16,16],"texture":"#2"},"east":{"uv":[4,2,4.5,2.5],"texture":"#2"},"north":{"uv":[3.25,1.75,8,2.5],"texture":"#2"},"up":{"uv":[3.5,1.75,8.25,2.25],"texture":"#2"}}},{"to":[9.95,6.95,7.65],"from":[9.45,6.75,7.475],"faces":{"down":{"rotation":180,"uv":[11.5,14.5,12,16],"texture":"#0"},"west":{"uv":[11.5,15.5,12,16],"texture":"#0"},"north":{"uv":[12.5,13.5,13,15],"texture":"#0"},"up":{"uv":[12.5,13,13,14.5],"texture":"#0"},"south":{"uv":[11.5,15.5,12,16],"texture":"#0"}}},{"to":[9.64697,7.2,7.69697],"rotation":{"origin":[9.55,6.85,7.7],"angle":-45,"axis":"y"},"from":[9.14697,6.5,7.59697],"faces":{"north":{"uv":[10.5,7,12,8.25],"texture":"#5"},"west":{"rotation":270,"uv":[1.25,12.75,0,13.25],"texture":"#5"},"up":{"rotation":180,"uv":[4,8,2.75,8.5],"texture":"#5"},"down":{"rotation":180,"uv":[10.75,12.75,12.25,13.25],"texture":"#5"},"east":{"rotation":180,"uv":[15.75,15.75,16,16],"texture":"#5"},"south":{"rotation":180,"uv":[10.25,8,11.75,9.25],"texture":"#5"}}},{"to":[14.4,7.35,8.4],"from":[13.7,6.65,7.6],"faces":{"down":{"uv":[15.75,15.75,16,16],"texture":"#2"},"west":{"uv":[6,8,7,9.25],"texture":"#2"},"east":{"uv":[6.5,10.5,7.5,11.75],"texture":"#2"},"north":{"uv":[5.25,11,6.25,12.25],"texture":"#2"},"south":{"uv":[5.25,11,6.25,12.25],"texture":"#2"}}},{"to":[14.2,6.975,8.551],"rotation":{"origin":[8,8,7.95],"angle":0,"axis":"y"},"from":[13.95,6.725,7.449],"faces":{"north":{"uv":[13,4,15.5,6.5],"texture":"#0"},"south":{"uv":[15.5,4,13,6.5],"texture":"#0"}}},{"to":[10.4,7.35,8.15],"from":[9.7,6.95,7.85],"faces":{"down":{"uv":[15.75,15.75,16,16],"texture":"#2"},"west":{"uv":[3.25,8,3.75,8.75],"texture":"#5"},"east":{"uv":[3.25,8,3.75,8.75],"texture":"#5"},"north":{"uv":[3.25,8,4.75,8.75],"texture":"#5"},"south":{"uv":[3.25,8,4.75,8.75],"texture":"#5"}}},{"to":[14.651,7.05,8.075],"from":[14.149,6.9,7.925],"faces":{"down":{"uv":[11,14.5,12.5,16],"texture":"#0"},"east":{"uv":[13,13,14.5,14.5],"texture":"#0"},"north":{"uv":[12,14,14,15.5],"texture":"#0"},"up":{"rotation":180,"uv":[14,12.5,16,14],"texture":"#0"},"south":{"uv":[12,14,14,15.5],"texture":"#0"}}},{"to":[-4.225,8.05,8.876],"from":[-4.375,7.9,7.074],"faces":{"north":{"uv":[13.5,13,15,14.5],"texture":"#0"},"west":{"uv":[11,14,14,15.5],"texture":"#0"},"up":{"rotation":90,"uv":[11,12.5,14,14],"texture":"#0"},"down":{"rotation":270,"uv":[6.75,8.75,7.5,9.5],"texture":"#4"},"east":{"uv":[11,13.5,14,15],"texture":"#0"},"south":{"rotation":90,"uv":[13.5,13,15,14.5],"texture":"#0"}}},{"to":[14.599,6.45,8.05967],"from":[14.499,6.4,7.94033],"faces":{"down":{"rotation":90,"uv":[0,12.75,0.5,13.5],"texture":"#5"},"west":{"uv":[7,2.25,7.5,2.75],"texture":"#5"},"east":{"rotation":180,"uv":[7.25,1.75,7.75,2.25],"texture":"#5"},"up":{"rotation":90,"uv":[15.5,12.75,16,13.5],"texture":"#4"}}},{"to":[-4.24033,7.45,7.226],"from":[-4.35967,7.4,7.126],"faces":{"down":{"rotation":180,"uv":[0,12.75,0.5,13.5],"texture":"#5"},"north":{"rotation":180,"uv":[7.25,1.75,7.75,2.25],"texture":"#4"},"up":{"uv":[8,2,8.5,2.75],"texture":"#4"},"south":{"uv":[7,2.25,7.5,2.75],"texture":"#5"}}},{"to":[14.599,6.45,8.05967],"rotation":{"origin":[14.549,6.7,8],"angle":22.5,"axis":"x"},"from":[14.499,6.4,7.94033],"faces":{"down":{"rotation":90,"uv":[0,12.75,0.5,13.5],"texture":"#5"},"west":{"uv":[7,2.25,7.5,2.75],"texture":"#5"},"east":{"rotation":180,"uv":[7.25,1.75,7.75,2.25],"texture":"#5"},"up":{"rotation":90,"uv":[15.5,12.75,16,13.5],"texture":"#4"}}},{"to":[-3.68673,2.66687,7.226],"rotation":{"origin":[8,6.7,1.451],"angle":-22.5,"axis":"z"},"from":[-3.80607,2.61687,7.126],"faces":{"down":{"rotation":180,"uv":[0,12.75,0.5,13.5],"texture":"#5"},"north":{"rotation":180,"uv":[7.25,1.75,7.75,2.25],"texture":"#4"},"up":{"uv":[8,2,8.5,2.75],"texture":"#4"},"south":{"uv":[7,2.25,7.5,2.75],"texture":"#5"}}},{"to":[14.599,6.45,8.05967],"rotation":{"origin":[14.549,6.7,8],"angle":-22.5,"axis":"x"},"from":[14.499,6.4,7.94033],"faces":{"down":{"rotation":90,"uv":[0,12.75,0.5,13.5],"texture":"#5"},"west":{"uv":[7,2.25,7.5,2.75],"texture":"#5"},"east":{"rotation":180,"uv":[7.25,1.75,7.75,2.25],"texture":"#5"},"up":{"rotation":90,"uv":[15.5,12.75,16,13.5],"texture":"#4"}}},{"to":[-2.92136,12.08089,7.226],"rotation":{"origin":[8,6.7,1.451],"angle":22.5,"axis":"z"},"from":[-3.0407,12.03089,7.126],"faces":{"down":{"rotation":180,"uv":[0,12.75,0.5,13.5],"texture":"#5"},"north":{"rotation":180,"uv":[7.25,1.75,7.75,2.25],"texture":"#4"},"up":{"uv":[8,2,8.5,2.75],"texture":"#4"},"south":{"uv":[7,2.25,7.5,2.75],"texture":"#5"}}},{"to":[14.599,6.45,8.05967],"rotation":{"origin":[14.549,6.7,8],"angle":45,"axis":"x"},"from":[14.499,6.4,7.94033],"faces":{"down":{"rotation":90,"uv":[6.25,12.75,6.75,13.5],"texture":"#5"},"west":{"uv":[7,2.25,7.5,2.75],"texture":"#5"},"east":{"rotation":180,"uv":[7.25,1.75,7.75,2.25],"texture":"#5"},"up":{"rotation":90,"uv":[15.5,12.75,16,13.5],"texture":"#4"}}},{"to":[-1.34485,-1.54031,7.226],"rotation":{"origin":[8,6.7,1.451],"angle":-45,"axis":"z"},"from":[-1.46419,-1.59031,7.126],"faces":{"down":{"rotation":180,"uv":[6.25,12.75,6.75,13.5],"texture":"#5"},"north":{"rotation":180,"uv":[7.25,1.75,7.75,2.25],"texture":"#4"},"up":{"uv":[15.5,12.75,16,13.5],"texture":"#4"},"south":{"uv":[7,2.25,7.5,2.75],"texture":"#5"}}},{"to":[14.599,6.45,8.05967],"rotation":{"origin":[14.549,6.7,8],"angle":-45,"axis":"x"},"from":[14.499,6.4,7.94033],"faces":{"down":{"rotation":90,"uv":[4.25,12.75,4.75,13.5],"texture":"#5"},"west":{"uv":[7,2.25,7.5,2.75],"texture":"#5"},"east":{"rotation":180,"uv":[7.25,1.75,7.75,2.25],"texture":"#5"},"up":{"rotation":90,"uv":[15.5,12.75,16,13.5],"texture":"#4"}}},{"to":[0.06936,15.85452,7.226],"rotation":{"origin":[8,6.7,1.451],"angle":45,"axis":"z"},"from":[-0.04998,15.80452,7.126],"faces":{"down":{"rotation":180,"uv":[4.25,12.75,4.75,13.5],"texture":"#5"},"north":{"rotation":180,"uv":[7.25,1.75,7.75,2.25],"texture":"#4"},"up":{"uv":[15.5,12.75,16,13.5],"texture":"#4"},"south":{"uv":[7,2.25,7.5,2.75],"texture":"#5"}}},{"to":[14.599,6.75967,7.75],"rotation":{"origin":[14.549,6.7,8],"angle":22.5,"axis":"x"},"from":[14.499,6.64033,7.7],"faces":{"west":{"rotation":90,"uv":[7,2.25,7.5,2.75],"texture":"#5"},"east":{"rotation":90,"uv":[7.25,1.75,7.75,2.25],"texture":"#5"},"north":{"rotation":270,"uv":[6.5,12.75,7,13.5],"texture":"#4"},"south":{"rotation":90,"uv":[0,14.25,0.5,15],"texture":"#5"}}},{"to":[-3.9964,2.97654,7.226],"rotation":{"origin":[8,6.7,1.451],"angle":-22.5,"axis":"z"},"from":[-4.0464,2.8572,7.126],"faces":{"west":{"rotation":270,"uv":[15.5,12.75,16,13.5],"texture":"#4"},"east":{"rotation":90,"uv":[0,14.25,0.5,15],"texture":"#5"},"north":{"rotation":90,"uv":[7.25,1.75,7.75,2.25],"texture":"#4"},"south":{"rotation":90,"uv":[7,2.25,7.5,2.75],"texture":"#5"}}},{"to":[14.599,6.75967,7.75],"from":[14.499,6.64033,7.7],"faces":{"west":{"rotation":90,"uv":[7,2.25,7.5,2.75],"texture":"#5"},"east":{"rotation":90,"uv":[7.25,1.75,7.75,2.25],"texture":"#5"},"north":{"rotation":270,"uv":[0,12.75,0.5,13.5],"texture":"#4"},"south":{"rotation":90,"uv":[15.5,14.25,16,15],"texture":"#5"}}},{"to":[-4.55,7.75967,7.226],"from":[-4.6,7.64033,7.126],"faces":{"west":{"rotation":270,"uv":[0,12.75,0.5,13.5],"texture":"#4"},"east":{"rotation":90,"uv":[15.5,14.25,16,15],"texture":"#5"},"north":{"rotation":90,"uv":[7.25,1.75,7.75,2.25],"texture":"#4"},"south":{"rotation":90,"uv":[7,2.25,7.5,2.75],"texture":"#5"}}},{"to":[14.599,6.75967,7.75],"rotation":{"origin":[14.549,6.7,8],"angle":-22.5,"axis":"x"},"from":[14.499,6.64033,7.7],"faces":{"west":{"rotation":90,"uv":[7,2.25,7.5,2.75],"texture":"#5"},"east":{"rotation":90,"uv":[7.25,1.75,7.75,2.25],"texture":"#5"},"north":{"rotation":270,"uv":[12,12.75,12.5,13.5],"texture":"#5"},"south":{"rotation":90,"uv":[0,12.75,0.5,13.5],"texture":"#4"}}},{"to":[-3.23103,12.39056,7.226],"rotation":{"origin":[8,6.7,1.451],"angle":22.5,"axis":"z"},"from":[-3.28103,12.27122,7.126],"faces":{"west":{"rotation":270,"uv":[12,12.75,12.5,13.5],"texture":"#5"},"east":{"rotation":90,"uv":[0,12.75,0.5,13.5],"texture":"#4"},"north":{"rotation":90,"uv":[7.25,1.75,7.75,2.25],"texture":"#4"},"south":{"rotation":90,"uv":[7,2.25,7.5,2.75],"texture":"#5"}}},{"to":[14.599,6.75967,8.3],"rotation":{"origin":[14.549,6.7,8],"angle":22.5,"axis":"x"},"from":[14.499,6.64033,8.25],"faces":{"west":{"rotation":270,"uv":[7,2.25,7.5,2.75],"texture":"#5"},"east":{"rotation":270,"uv":[7.25,1.75,7.75,2.25],"texture":"#5"},"north":{"rotation":270,"uv":[0,12.75,0.5,13.5],"texture":"#4"},"south":{"rotation":90,"uv":[9.5,12.75,10,13.5],"texture":"#5"}}},{"to":[-3.4464,2.97654,7.226],"rotation":{"origin":[8,6.7,1.451],"angle":-22.5,"axis":"z"},"from":[-3.4964,2.8572,7.126],"faces":{"west":{"rotation":270,"uv":[0,12.75,0.5,13.5],"texture":"#4"},"east":{"rotation":90,"uv":[9.5,12.75,10,13.5],"texture":"#5"},"north":{"rotation":270,"uv":[7.25,1.75,7.75,2.25],"texture":"#4"},"south":{"rotation":270,"uv":[7,2.25,7.5,2.75],"texture":"#5"}}},{"to":[14.599,6.75967,8.3],"from":[14.499,6.64033,8.25],"faces":{"west":{"rotation":270,"uv":[7,2.25,7.5,2.75],"texture":"#5"},"east":{"rotation":270,"uv":[7.25,1.75,7.75,2.25],"texture":"#5"},"north":{"rotation":270,"uv":[15.5,14.25,16,15],"texture":"#5"},"south":{"rotation":90,"uv":[0,12.75,0.5,13.5],"texture":"#4"}}},{"to":[-4,7.75967,7.226],"from":[-4.05,7.64033,7.126],"faces":{"west":{"rotation":270,"uv":[15.5,14.25,16,15],"texture":"#5"},"east":{"rotation":90,"uv":[0,12.75,0.5,13.5],"texture":"#4"},"north":{"rotation":270,"uv":[7.25,1.75,7.75,2.25],"texture":"#4"},"south":{"rotation":270,"uv":[7,2.25,7.5,2.75],"texture":"#5"}}},{"to":[14.599,6.75967,8.3],"rotation":{"origin":[14.549,6.7,8],"angle":-22.5,"axis":"x"},"from":[14.499,6.64033,8.25],"faces":{"west":{"rotation":270,"uv":[7,2.25,7.5,2.75],"texture":"#5"},"east":{"rotation":270,"uv":[7.25,1.75,7.75,2.25],"texture":"#5"},"north":{"rotation":270,"uv":[0,14.25,0.5,15],"texture":"#5"},"south":{"rotation":90,"uv":[11.25,12.75,11.75,13.5],"texture":"#4"}}},{"to":[-2.68103,12.39056,7.226],"rotation":{"origin":[8,6.7,1.451],"angle":22.5,"axis":"z"},"from":[-2.73103,12.27122,7.126],"faces":{"west":{"rotation":270,"uv":[0,14.25,0.5,15],"texture":"#5"},"east":{"rotation":90,"uv":[15.5,12.75,16,13.5],"texture":"#4"},"north":{"rotation":270,"uv":[7.25,1.75,7.75,2.25],"texture":"#4"},"south":{"rotation":270,"uv":[7,2.25,7.5,2.75],"texture":"#5"}}},{"to":[14.599,7,8.05967],"rotation":{"origin":[14.549,6.7,8],"angle":45,"axis":"x"},"from":[14.499,6.95,7.94033],"faces":{"down":{"rotation":90,"uv":[0,14.25,0.5,15],"texture":"#5"},"west":{"rotation":180,"uv":[7,2.25,7.5,2.75],"texture":"#5"},"east":{"uv":[7.25,1.75,7.75,2.25],"texture":"#5"},"up":{"rotation":90,"uv":[10.5,12.75,11,13.5],"texture":"#4"}}},{"to":[-1.34485,-0.99031,7.226],"rotation":{"origin":[8,6.7,1.451],"angle":-45,"axis":"z"},"from":[-1.46419,-1.04031,7.126],"faces":{"down":{"rotation":180,"uv":[0,14.25,0.5,15],"texture":"#5"},"north":{"uv":[7.25,1.75,7.75,2.25],"texture":"#4"},"up":{"uv":[8,2,8.5,2.75],"texture":"#4"},"south":{"rotation":180,"uv":[7,2.25,7.5,2.75],"texture":"#5"}}},{"to":[14.599,7,8.05967],"rotation":{"origin":[14.549,6.7,8],"angle":22.5,"axis":"x"},"from":[14.499,6.95,7.94033],"faces":{"down":{"rotation":90,"uv":[0,14.25,0.5,15],"texture":"#5"},"west":{"rotation":180,"uv":[7,2.25,7.5,2.75],"texture":"#5"},"east":{"uv":[7.25,1.75,7.75,2.25],"texture":"#5"},"up":{"rotation":90,"uv":[10.5,12.75,11,13.5],"texture":"#5"}}},{"to":[-3.68673,3.21687,7.226],"rotation":{"origin":[8,6.7,1.451],"angle":-22.5,"axis":"z"},"from":[-3.80607,3.16687,7.126],"faces":{"down":{"rotation":180,"uv":[0,14.25,0.5,15],"texture":"#5"},"north":{"uv":[7.25,1.75,7.75,2.25],"texture":"#4"},"up":{"uv":[8,2,8.5,2.75],"texture":"#4"},"south":{"rotation":180,"uv":[7,2.25,7.5,2.75],"texture":"#5"}}},{"to":[14.599,7,8.05967],"rotation":{"origin":[14.549,6.7,8],"angle":-22.5,"axis":"x"},"from":[14.499,6.95,7.94033],"faces":{"down":{"rotation":90,"uv":[0,14.25,0.5,15],"texture":"#5"},"west":{"rotation":180,"uv":[7,2.25,7.5,2.75],"texture":"#5"},"east":{"uv":[7.25,1.75,7.75,2.25],"texture":"#5"},"up":{"rotation":90,"uv":[10.5,12.75,11,13.5],"texture":"#5"}}},{"to":[-2.92136,12.63089,7.226],"rotation":{"origin":[8,6.7,1.451],"angle":22.5,"axis":"z"},"from":[-3.0407,12.58089,7.126],"faces":{"down":{"rotation":180,"uv":[0,14.25,0.5,15],"texture":"#5"},"north":{"uv":[7.25,1.75,7.75,2.25],"texture":"#4"},"up":{"uv":[8,2,8.5,2.75],"texture":"#4"},"south":{"rotation":180,"uv":[7,2.25,7.5,2.75],"texture":"#5"}}},{"to":[14.599,7,8.05967],"rotation":{"origin":[14.549,6.7,8],"angle":-45,"axis":"x"},"from":[14.499,6.95,7.94033],"faces":{"down":{"rotation":90,"uv":[0,14.25,0.5,15],"texture":"#5"},"west":{"rotation":180,"uv":[7,2.25,7.5,2.75],"texture":"#5"},"east":{"uv":[7.25,1.75,7.75,2.25],"texture":"#5"},"up":{"rotation":90,"uv":[14.75,12.75,15.25,13.5],"texture":"#4"}}},{"to":[0.06936,16.40452,7.226],"rotation":{"origin":[8,6.7,1.451],"angle":45,"axis":"z"},"from":[-0.04998,16.35452,7.126],"faces":{"down":{"rotation":180,"uv":[0,14.25,0.5,15],"texture":"#5"},"north":{"uv":[7.25,1.75,7.75,2.25],"texture":"#4"},"up":{"uv":[8,2,8.5,2.75],"texture":"#4"},"south":{"rotation":180,"uv":[7,2.25,7.5,2.75],"texture":"#5"}}},{"to":[8.4,8.525,8.901],"rotation":{"origin":[8.35,8.5,9.275],"angle":-22.5,"axis":"z"},"from":[8.3,7.925,8.701],"faces":{"west":{"rotation":180,"uv":[7.5,10,8,12.5],"texture":"#5"},"east":{"rotation":180,"uv":[6,7.75,6.5,10.25],"texture":"#5"},"north":{"rotation":180,"uv":[10,8,10.5,8.5],"texture":"#5"},"south":{"rotation":180,"uv":[6.5,5.75,7,8.25],"texture":"#5"}}},{"to":[8.175,8.15,8.9],"from":[8.05,7.95,8.55],"faces":{"down":{"rotation":180,"uv":[7.5,8,8,8.5],"texture":"#5"},"west":{"rotation":180,"uv":[9.25,8,10.5,8.75],"texture":"#5"},"east":{"uv":[9.5,7.5,10.75,8.25],"texture":"#5"},"up":{"rotation":180,"uv":[10.75,5.25,11.25,6],"texture":"#5"},"south":{"uv":[9.75,7.5,10.25,8.25],"texture":"#5"}}},{"to":[26.9,8.4,8.8],"rotation":{"origin":[10.7,8,8],"angle":0,"axis":"y"},"from":[26.8,7.6,7.2],"faces":{"west":{"uv":[6.5,8,8.5,9],"texture":"#5"},"east":{"uv":[6.5,8,8.5,9],"texture":"#5"},"north":{"rotation":180,"uv":[8.25,8,8.5,9],"texture":"#4"},"south":{"rotation":180,"uv":[8.25,8,8.5,9],"texture":"#4"}}},{"to":[27.65,8.5,8.8],"rotation":{"origin":[10.9,8,8],"angle":0,"axis":"y"},"from":[27.45,7.5,7.2],"faces":{"down":{"rotation":180,"uv":[15.75,15.75,16,16],"texture":"#5"},"west":{"uv":[6.5,8,8.5,9],"texture":"#5"},"north":{"rotation":180,"uv":[8.25,8,8.5,9],"texture":"#4"},"up":{"rotation":270,"uv":[8,8.25,10.25,8.5],"texture":"#4"},"south":{"rotation":180,"uv":[8.25,8,8.5,9],"texture":"#4"}}},{"to":[27.45,8.5,8.8],"rotation":{"origin":[10.5,8,8],"angle":0,"axis":"y"},"from":[26.25,8.4,7.2],"faces":{"down":{"rotation":180,"uv":[15.75,15.75,16,16],"texture":"#5"},"north":{"rotation":180,"uv":[8.75,8.75,9,9],"texture":"#4"},"up":{"rotation":90,"uv":[7.5,11.5,9.75,12.75],"texture":"#5"},"south":{"rotation":180,"uv":[8.75,8.75,9,9],"texture":"#4"}}},{"to":[27.45,7.6,8.8],"rotation":{"origin":[10.5,8,8],"angle":0,"axis":"y"},"from":[26.25,7.5,7.2],"faces":{"down":{"rotation":180,"uv":[15.75,15.75,16,16],"texture":"#5"},"north":{"rotation":180,"uv":[8.25,8,8.5,8.25],"texture":"#4"},"up":{"rotation":180,"uv":[6.25,8.25,8.25,9.25],"texture":"#5"},"south":{"rotation":180,"uv":[8.25,8,8.5,8.25],"texture":"#4"}}},{"to":[27.80297,8.4995,8.13494],"rotation":{"origin":[27.55297,7.9,7.61903],"angle":22.5,"axis":"y"},"from":[27.47797,7.5,7.26903],"faces":{"down":{"rotation":180,"uv":[15.75,15.75,16,16],"texture":"#5"},"east":{"rotation":90,"uv":[12.5,8.5,16,7],"texture":"#0"},"up":{"rotation":90,"uv":[7.75,8.25,8.75,8.5],"texture":"#4"}}},{"to":[27.80333,8.4995,8.73104],"rotation":{"origin":[27.55333,7.9,8.3801],"angle":-22.5,"axis":"y"},"from":[27.47833,7.5,7.86513],"faces":{"down":{"rotation":180,"uv":[15.75,15.75,16,16],"texture":"#5"},"east":{"rotation":90,"uv":[12.5,7,16,8.5],"texture":"#0"},"up":{"rotation":90,"uv":[7.75,8.25,8.75,8.5],"texture":"#4"}}},{"to":[28,7.775,8.05967],"rotation":{"origin":[10.5,8,8],"angle":0,"axis":"y"},"from":[26,7.7,7.94033],"faces":{"down":{"uv":[15.75,15.75,16,16],"texture":"#5"},"east":{"rotation":180,"uv":[13.25,8,12.75,8.5],"texture":"#4"},"up":{"uv":[8.75,11.75,9,12],"texture":"#5"}}},{"to":[28,7.775,8.05967],"rotation":{"origin":[26.05,8,8],"angle":22.5,"axis":"x"},"from":[26,7.7,7.94033],"faces":{"down":{"uv":[15.75,15.75,16,16],"texture":"#5"},"east":{"rotation":180,"uv":[12.25,8,11.75,8.5],"texture":"#4"},"up":{"uv":[8.75,11.75,9,12],"texture":"#5"}}},{"to":[28,7.775,8.05967],"rotation":{"origin":[26.05,8,8],"angle":45,"axis":"x"},"from":[26,7.7,7.94033],"faces":{"down":{"uv":[10.5,8,10.75,8.25],"texture":"#5"},"east":{"rotation":180,"uv":[12.25,8,11.75,8.5],"texture":"#4"},"up":{"uv":[8.75,11.5,9,11.75],"texture":"#5"}}},{"to":[28,7.775,8.05967],"rotation":{"origin":[26.05,8,8],"angle":-22.5,"axis":"x"},"from":[26,7.7,7.94033],"faces":{"down":{"uv":[15.75,15.75,16,16],"texture":"#5"},"east":{"rotation":180,"uv":[13,8,12.5,8.5],"texture":"#4"},"up":{"uv":[8.75,11.75,9,12],"texture":"#5"}}},{"to":[28,7.775,8.05967],"rotation":{"origin":[26.05,8,8],"angle":-45,"axis":"x"},"from":[26,7.7,7.94033],"faces":{"down":{"uv":[10.5,8,10.75,8.25],"texture":"#5"},"east":{"rotation":180,"uv":[13.5,8,13,8.5],"texture":"#4"},"up":{"uv":[8.75,11.5,9,11.75],"texture":"#5"}}},{"to":[28,8.05967,7.775],"rotation":{"origin":[26.05,8,8],"angle":22.5,"axis":"x"},"from":[26,7.94033,7.7],"faces":{"east":{"rotation":180,"uv":[16,8.25,15.5,7.75],"texture":"#4"},"north":{"uv":[10,11.5,10.25,11.75],"texture":"#5"},"south":{"uv":[10.5,8,10.75,8.25],"texture":"#5"}}},{"to":[28,8.05967,7.775],"rotation":{"origin":[26.05,8,8],"angle":-22.5,"axis":"x"},"from":[26,7.94033,7.7],"faces":{"east":{"rotation":90,"uv":[13.5,8,13,8.5],"texture":"#4"},"north":{"uv":[10.25,8.25,10.5,8.5],"texture":"#5"},"south":{"uv":[10.5,8.5,10.75,8.75],"texture":"#5"}}},{"to":[28,8.05967,7.775],"rotation":{"origin":[10.5,8,8],"angle":0,"axis":"y"},"from":[26,7.94033,7.7],"faces":{"east":{"rotation":270,"uv":[13.5,8,13,8.5],"texture":"#4"},"north":{"uv":[10,8.5,10.25,8.75],"texture":"#5"},"south":{"uv":[10.25,8.25,10.5,8.5],"texture":"#5"}}},{"to":[28,8.05967,8.3],"rotation":{"origin":[10.5,8,8],"angle":0,"axis":"y"},"from":[26,7.94033,8.225],"faces":{"east":{"rotation":90,"uv":[13.5,8,13,8.5],"texture":"#4"},"north":{"uv":[10.25,8.25,10.5,8.5],"texture":"#5"},"south":{"uv":[10,8.5,10.25,8.75],"texture":"#5"}}},{"to":[28,8.05967,8.3],"rotation":{"origin":[26.05,8,8],"angle":-22.5,"axis":"x"},"from":[26,7.94033,8.225],"faces":{"east":{"uv":[16,7.75,15.5,8.25],"texture":"#4"},"north":{"uv":[10.5,8,10.75,8.25],"texture":"#5"},"south":{"uv":[10,11.5,10.25,11.75],"texture":"#5"}}},{"to":[28,8.05967,8.3],"rotation":{"origin":[26.05,8,8],"angle":22.5,"axis":"x"},"from":[26,7.94033,8.225],"faces":{"east":{"rotation":270,"uv":[13.5,8,13,8.5],"texture":"#4"},"north":{"uv":[10.5,8.5,10.75,8.75],"texture":"#5"},"south":{"uv":[10.25,8.25,10.5,8.5],"texture":"#5"}}},{"to":[28,8.3,8.05967],"rotation":{"origin":[26.05,8,8],"angle":45,"axis":"x"},"from":[26,8.225,7.94033],"faces":{"down":{"uv":[15.75,15.75,16,16],"texture":"#5"},"east":{"uv":[0.5,7.5,0,8],"texture":"#4"},"up":{"uv":[10,11.75,10.25,12],"texture":"#5"}}},{"to":[28,8.3,8.05967],"rotation":{"origin":[26.05,8,8],"angle":22.5,"axis":"x"},"from":[26,8.225,7.94033],"faces":{"down":{"uv":[15.75,15.75,16,16],"texture":"#5"},"east":{"uv":[8,7.5,8.5,8],"texture":"#4"},"up":{"uv":[10.25,12,10.5,12.25],"texture":"#5"}}},{"to":[28,8.3,8.05967],"rotation":{"origin":[10.5,8,8],"angle":0,"axis":"y"},"from":[26,8.225,7.94033],"faces":{"down":{"uv":[15.75,15.75,16,16],"texture":"#5"},"east":{"uv":[8,7.5,8.5,8],"texture":"#4"},"up":{"uv":[10.25,12,10.5,12.25],"texture":"#5"}}},{"to":[28,8.3,8.05967],"rotation":{"origin":[26.05,8,8],"angle":-22.5,"axis":"x"},"from":[26,8.225,7.94033],"faces":{"down":{"uv":[15.75,15.75,16,16],"texture":"#5"},"east":{"uv":[8,7.5,8.5,8],"texture":"#4"},"up":{"uv":[10.25,12,10.5,12.25],"texture":"#5"}}},{"to":[6.9,6.1,8.5],"from":[4.6,4.4,7.5],"faces":{"down":{"rotation":90,"uv":[8.25,8,10.25,12],"texture":"#5"},"west":{"rotation":270,"uv":[7.75,10.75,9.75,11.75],"texture":"#5"},"north":{"rotation":270,"uv":[9,8.25,11,12],"texture":"#4"},"south":{"rotation":90,"uv":[9.25,8.25,11.25,12],"texture":"#4"}}},{"to":[7.9,6.1,8.5],"from":[6.9,4.4,7.5],"faces":{"down":{"rotation":270,"uv":[8,10.25,10,11.75],"texture":"#5"},"east":{"rotation":270,"uv":[6.5,10.25,8.5,11.25],"texture":"#4"},"north":{"rotation":90,"uv":[9.25,8.25,11.25,9.75],"texture":"#4"},"south":{"rotation":270,"uv":[9.25,8.25,11.25,9.75],"texture":"#4"}}},{"to":[2.475,9.825,8.075],"rotation":{"origin":[2.5,9.05,7.5],"angle":0,"axis":"y"},"from":[2.425,9.675,7.925],"faces":{"down":{"rotation":90,"uv":[4.5,2,6,2.5],"texture":"#0"},"west":{"rotation":90,"uv":[4.5,2.5,6,4],"texture":"#0"},"east":{"rotation":90,"uv":[4.5,2.5,6,4],"texture":"#0"},"up":{"rotation":90,"uv":[4.5,2,6,2.5],"texture":"#0"}}},{"to":[2.474,10.35,7.9625],"rotation":{"origin":[2.5,9.05,8.6125],"angle":0,"axis":"y"},"from":[2.399,9.15,7.7375],"faces":{"west":{"rotation":270,"uv":[5,5,8.5,5.75],"texture":"#5"},"east":{"uv":[7.25,7.75,8.75,10],"texture":"#5"},"north":{"rotation":270,"uv":[6,4.75,9.5,5.25],"texture":"#5"},"up":{"uv":[9,4.5,9.25,4.85],"texture":"#5"},"south":{"rotation":90,"uv":[5.75,5.75,6,6],"texture":"#5"}}},{"to":[2.474,10.35,8.2625],"rotation":{"origin":[2.5,9.05,7.3875],"angle":0,"axis":"y"},"from":[2.399,9.15,8.0375],"faces":{"west":{"rotation":90,"uv":[5.75,5,9.25,5.75],"texture":"#5"},"east":{"uv":[7.25,7.75,8.75,10],"texture":"#5"},"north":{"rotation":90,"uv":[5.75,5.75,6,6],"texture":"#5"},"up":{"uv":[9,5,9.25,5.25],"texture":"#5"},"south":{"rotation":90,"uv":[6,4.75,9.5,5.25],"texture":"#5"}}},{"to":[2.6,9.45,8.262],"rotation":{"origin":[2.5,9.05,7.388],"angle":0,"axis":"y"},"from":[2.4,8.95,7.738],"faces":{"north":{"uv":[7,7.5,7.25,8.5],"texture":"#5"},"west":{"uv":[7,7.75,8,8.75],"texture":"#5"},"up":{"rotation":90,"uv":[7,7.25,8,7.75],"texture":"#5"},"down":{"uv":[7,8,8,8.25],"texture":"#5"},"east":{"uv":[7,7.5,8,8.5],"texture":"#5"},"south":{"uv":[7,7.5,7.25,8.5],"texture":"#5"}}},{"to":[2.473,10.1,8.1625],"rotation":{"origin":[2.5,9.05,7.3875],"angle":0,"axis":"y"},"from":[2.398,9.675,8.0375],"faces":{"west":{"rotation":270,"uv":[4.5,12,11,13],"texture":"#0"}}},{"to":[2.625,10.45,8.263],"rotation":{"origin":[2.5,9.05,8.1505],"angle":22.5,"axis":"y"},"from":[2.4,10.35,8.038],"faces":{"north":{"uv":[4,5.5,6,6.5],"texture":"#0"},"west":{"uv":[4,6,6,7],"texture":"#0"},"up":{"rotation":180,"uv":[10.5,6,12,7.5],"texture":"#0"},"down":{"uv":[7,8,8,8.25],"texture":"#5"},"east":{"uv":[5.5,5,7.5,6],"texture":"#0"},"south":{"uv":[4,4.5,6,5.5],"texture":"#0"}}},{"to":[2.6,10.349,8.262],"rotation":{"origin":[2.5,9.05,7.388],"angle":0,"axis":"y"},"from":[2.4,10.15,7.738],"faces":{"north":{"uv":[9,4.5,10,5.25],"texture":"#5"},"west":{"rotation":90,"uv":[5.75,5.75,6,6],"texture":"#5"},"up":{"uv":[8.25,4.5,9.25,5.25],"texture":"#5"},"down":{"uv":[7,8,8,8.25],"texture":"#5"},"east":{"uv":[9,4.5,10,5.25],"texture":"#5"},"south":{"uv":[9,4.5,10,5.25],"texture":"#5"}}},{"to":[15.925,9.775,8.02071],"rotation":{"origin":[15.9,9.625,7.95],"angle":0,"axis":"x"},"from":[15.875,9.6,7.97929],"faces":{"west":{"uv":[9.75,4.25,10,5],"texture":"#4"},"east":{"rotation":180,"uv":[3.25,3.75,3.5,4.5],"texture":"#2"},"north":{"rotation":180,"uv":[3.25,3.75,3.5,4.5],"texture":"#2"},"up":{"rotation":180,"uv":[3.25,4.25,3.5,4.5],"texture":"#2"},"south":{"rotation":180,"uv":[3.25,3.75,3.5,4.5],"texture":"#2"}}},{"to":[15.9255,9.59571,8.07071],"rotation":{"origin":[15.9,9.525,8],"angle":45,"axis":"x"},"from":[15.8755,9.45429,7.92929],"faces":{"west":{"uv":[11.75,2.75,12.25,3.25],"texture":"#2"},"east":{"uv":[13.75,2.75,14.25,3.25],"texture":"#2"},"north":{"uv":[11.25,2.5,11.5,3],"texture":"#2"},"up":{"uv":[11.25,2.5,11.5,3],"texture":"#2"}}},{"to":[15.925,9.525,8.1],"rotation":{"origin":[18.275,8,7.95],"angle":0,"axis":"y"},"from":[15.875,8.85,7.9],"faces":{"west":{"uv":[11.5,2.5,12.75,5.25],"texture":"#2"},"east":{"uv":[11.5,2.5,12.75,5.25],"texture":"#2"},"north":{"uv":[11.5,2,11.75,4.75],"texture":"#2"},"south":{"uv":[11.5,2,11.75,4.75],"texture":"#2"}}}],"display":{"thirdperson_righthand":{"rotation":[0,95,0],"translation":[-0.5,0.9,-3.5]},"head":{"scale":[2,2,2]},"thirdperson_lefthand":{"rotation":[0,-90,190],"translation":[-2,-5,7]},"gui":{"rotation":[0,0,45],"translation":[-1.2,0,0]},"firstperson_lefthand":{"translation":[2,3,-2],"scale":[0,0,0]},"firstperson_righthand":{"rotation":[0,90,0],"scale":[2,2,2],"translation":[-2.75,2,-7]},"fixed":{"translation":[0,0,-2.75],"scale":[-2,2,-2]},"ground":{"translation":[0,3.5,0]}},"credit":"thebradqq's guns"}