{"textures":{"particle":"mgs:gun/metal_brighter","1":"mgs:gun/metal","0":"mgs:gun/mac10details","3":"mgs:gun/metal_brighter","2":"mgs:gun/metal_bright","4":"mgs:misc/reticles"},"gui_light":"front","elements":[{"to":[11.02498,8.95001,8.05],"rotation":{"origin":[10.19998,8.90001,8],"angle":45,"axis":"z"},"from":[10.19998,8.85001,7.95],"faces":{"down":{"uv":[10.75,4.75,11.5,5.25],"texture":"#1"},"east":{"uv":[11.25,4.25,11.75,4.75],"texture":"#1"},"north":{"uv":[11.25,4.5,12,5],"texture":"#1"},"up":{"rotation":90,"uv":[12,1.5,12.5,2.25],"texture":"#1"},"south":{"uv":[11.25,4.5,12,5],"texture":"#1"}}},{"to":[10.19998,8.95001,8.05],"rotation":{"origin":[1.69948,8.95001,8.05],"angle":0,"axis":"z"},"from":[9.89998,8.85001,7.95],"faces":{"west":{"uv":[1,4.25,1.25,4.75],"texture":"#1"},"east":{"uv":[8.25,7.75,9,8.25],"texture":"#1"},"up":{"rotation":270,"uv":[12,3.75,12.25,4.5],"texture":"#2"}}},{"to":[10.99998,8.95001,8.6],"rotation":{"origin":[1.69948,8.95001,8.05],"angle":0,"axis":"z"},"from":[9.89998,8.85001,8.05],"faces":{"west":{"uv":[1.5,4.25,2.25,4.75],"texture":"#1"},"east":{"uv":[11.75,4.25,12.5,4.75],"texture":"#1"},"north":{"uv":[11.25,4.75,12,5.25],"texture":"#1"},"up":{"uv":[14.5,4,16,4.75],"texture":"#2"},"south":{"uv":[11.5,4.25,13,4.75],"texture":"#1"}}},{"to":[10.99998,8.95001,7.95],"rotation":{"origin":[1.69948,8.95001,7.95],"angle":0,"axis":"z"},"from":[9.89998,8.85001,7.4],"faces":{"west":{"uv":[1,4.25,1.75,4.75],"texture":"#1"},"east":{"uv":[11.75,4.25,12.5,4.75],"texture":"#1"},"north":{"uv":[11.5,4.25,13,4.75],"texture":"#1"},"up":{"rotation":180,"uv":[13.25,4.25,14.75,5],"texture":"#2"},"south":{"uv":[11.25,4.75,12,5.25],"texture":"#1"}}},{"to":[10.99998,9.75001,8.6],"rotation":{"origin":[1.69948,8.85001,8],"angle":0,"axis":"z"},"from":[10.39998,9.25001,8.5],"faces":{"east":{"uv":[10.25,3.75,10.75,4.75],"texture":"#2"},"north":{"rotation":180,"uv":[4.5,15,5.25,16],"texture":"#2"},"up":{"rotation":180,"uv":[10.75,4.5,11.5,5],"texture":"#3"},"south":{"uv":[11.5,3,12.25,4.25],"texture":"#1"}}},{"to":[10.99998,9.25001,8.6],"rotation":{"origin":[1.69948,8.85001,8],"angle":0,"axis":"z"},"from":[9.89998,8.95001,8.5],"faces":{"west":{"rotation":90,"uv":[11,4.5,11.5,5],"texture":"#1"},"east":{"uv":[10.25,4.75,10.75,5],"texture":"#2"},"north":{"rotation":180,"uv":[4.5,15,5.75,15.75],"texture":"#2"},"south":{"uv":[11.25,3.5,12.5,4.5],"texture":"#1"}}},{"to":[10.99998,9.75001,7.5],"rotation":{"origin":[1.69948,8.85001,8],"angle":0,"axis":"z"},"from":[10.39998,9.25001,7.4],"faces":{"east":{"uv":[10.25,3.75,10.75,4.75],"texture":"#2"},"north":{"uv":[11.25,3,12,4.25],"texture":"#1"},"up":{"uv":[10.75,4.5,11.5,5],"texture":"#3"},"south":{"rotation":180,"uv":[4.5,15,5.25,16],"texture":"#2"}}},{"to":[10.99998,9.25001,7.5],"rotation":{"origin":[1.69948,8.85001,8],"angle":0,"axis":"z"},"from":[9.89998,8.95001,7.4],"faces":{"west":{"rotation":270,"uv":[11,4.5,11.5,5],"texture":"#1"},"east":{"uv":[10.25,4.75,10.75,5],"texture":"#2"},"north":{"uv":[11,3.5,12.25,4.5],"texture":"#1"},"south":{"rotation":180,"uv":[4.5,15,5.75,15.75],"texture":"#2"}}},{"to":[10.64142,9.73284,8.599],"rotation":{"origin":[10.49998,9.45001,8.5],"angle":45,"axis":"z"},"from":[9.93642,9.37784,8.501],"faces":{"north":{"rotation":180,"uv":[0.5,15,1.25,16],"texture":"#2"},"up":{"rotation":180,"uv":[11,4.25,11.75,4.75],"texture":"#1"},"south":{"uv":[11,3.5,11.75,4.25],"texture":"#1"}}},{"to":[10.64142,9.73284,7.499],"rotation":{"origin":[10.49998,9.45001,7.5],"angle":45,"axis":"z"},"from":[9.93642,9.37784,7.401],"faces":{"north":{"uv":[11,3.5,11.75,4.25],"texture":"#1"},"up":{"uv":[11,4.25,11.75,4.75],"texture":"#1"},"south":{"rotation":180,"uv":[3,15,3.75,16],"texture":"#2"}}},{"to":[12.99898,7.20001,8.06965],"rotation":{"origin":[-0.50102,8.45001,8.00003],"angle":0,"axis":"y"},"from":[3.99898,7.10001,7.93041],"faces":{"down":{"uv":[9.75,8,10.75,8.25],"texture":"#1"},"east":{"rotation":180,"uv":[6,11.25,6.25,11.75],"texture":"#3"},"up":{"rotation":180,"uv":[10.5,4.25,12.25,4.75],"texture":"#3"}}},{"to":[7.95005,5.04895,8.40003],"rotation":{"origin":[7.35005,4.9296,8.00003],"angle":-22.5,"axis":"z"},"from":[7.80005,4.81025,7.60003],"faces":{"west":{"rotation":180,"uv":[9.25,10.25,10.25,10.75],"texture":"#3"},"east":{"rotation":180,"uv":[9.25,3.75,10.25,4.25],"texture":"#1"},"north":{"uv":[1.5,10.5,2.5,12],"texture":"#0"},"south":{"rotation":180,"uv":[1.5,10.5,2.5,12],"texture":"#0"}}},{"to":[7.4694,4.4796,8.40003],"rotation":{"origin":[7.35005,4.9296,8.00003],"angle":45,"axis":"z"},"from":[7.2307,4.3296,7.60003],"faces":{"down":{"rotation":90,"uv":[9.25,4.25,10.25,4.75],"texture":"#1"},"north":{"rotation":270,"uv":[1.5,10.5,2.5,12],"texture":"#0"},"up":{"rotation":90,"uv":[8.5,11,9.5,11.5],"texture":"#3"},"south":{"rotation":270,"uv":[1.5,10.5,2.5,12],"texture":"#0"}}},{"to":[7.4694,4.4796,8.40003],"rotation":{"origin":[7.35005,4.9296,8.00003],"angle":22.5,"axis":"z"},"from":[7.2307,4.3296,7.60003],"faces":{"down":{"rotation":90,"uv":[4.5,4.75,5.5,5.25],"texture":"#1"},"north":{"rotation":270,"uv":[1.5,10.5,2.5,12],"texture":"#0"},"up":{"rotation":90,"uv":[8.5,11.5,9.5,12],"texture":"#3"},"south":{"rotation":270,"uv":[1.5,10.5,2.5,12],"texture":"#0"}}},{"to":[7.47953,4.4796,8.40003],"rotation":{"origin":[6,4.72957,8.00003],"angle":0,"axis":"z"},"from":[5.9204,4.3296,7.60003],"faces":{"down":{"uv":[0,11.75,4,12.75],"texture":"#1"},"north":{"rotation":270,"uv":[1.5,7,2.5,14],"texture":"#0"},"up":{"rotation":270,"uv":[5,9,7,16],"texture":"#0"},"south":{"rotation":270,"uv":[1.5,7,2.5,14],"texture":"#0"}}},{"to":[7.60453,6.0546,8.777],"rotation":{"origin":[6.325,4.72957,8.00003],"angle":0,"axis":"z"},"from":[7.3454,5.7046,8.552],"faces":{"down":{"rotation":270,"uv":[5.75,10,6.25,10.5],"texture":"#2"},"west":{"rotation":270,"uv":[5.75,10,6.25,10.5],"texture":"#2"},"east":{"rotation":270,"uv":[5.75,10,6.25,10.5],"texture":"#2"},"north":{"uv":[7.25,8,7.75,8.5],"texture":"#3"},"south":{"rotation":180,"uv":[7.25,7.25,7.75,7.75],"texture":"#2"}}},{"to":[10.4954,6.0546,8.125],"rotation":{"origin":[6.325,4.72957,7.32303],"angle":0,"axis":"z"},"from":[10.2454,5.9796,7.875],"faces":{"down":{"rotation":270,"uv":[6.5,8,7.25,8.25],"texture":"#1"},"west":{"rotation":270,"uv":[2.25,8,3,8.25],"texture":"#1"},"east":{"rotation":270,"uv":[0.5,7.25,1.5,7.5],"texture":"#1"},"north":{"rotation":270,"uv":[0,7.5,0.25,8.25],"texture":"#1"},"south":{"rotation":90,"uv":[0,7.5,0.25,8.25],"texture":"#1"}}},{"to":[8.5704,9.0046,8.125],"rotation":{"origin":[6.325,4.72957,7.32303],"angle":0,"axis":"z"},"from":[8.3204,8.7296,7.875],"faces":{"west":{"uv":[15.75,15.25,16,15.75],"texture":"#1"},"east":{"uv":[15.75,15.25,16,15.75],"texture":"#1"},"north":{"uv":[15.75,15.25,16,15.75],"texture":"#1"},"up":{"rotation":180,"uv":[14,13,15.5,14.5],"texture":"#0"},"south":{"uv":[15.75,15.25,16,15.75],"texture":"#1"}}},{"to":[1.5454,6.0046,8.175],"rotation":{"origin":[6.325,4.72957,7.27303],"angle":0,"axis":"z"},"from":[1.1954,5.8296,7.825],"faces":{"down":{"rotation":90,"uv":[9,9.75,9.75,10.5],"texture":"#1"},"west":{"rotation":90,"uv":[9.5,7.75,9.75,8.5],"texture":"#1"},"east":{"rotation":180,"uv":[15.25,7,16,7.25],"texture":"#1"},"north":{"rotation":270,"uv":[11,7.25,11.25,8],"texture":"#1"},"south":{"rotation":90,"uv":[11,7.25,11.25,8],"texture":"#1"}}},{"to":[7.50453,5.905,8.77503],"rotation":{"origin":[7.47497,5.8796,8.66253],"angle":-45,"axis":"z"},"from":[7.1204,5.68,8.55003],"faces":{"down":{"rotation":270,"uv":[0,12.25,2,15],"texture":"#2"},"west":{"rotation":270,"uv":[5.75,10,6.25,10.5],"texture":"#2"},"north":{"uv":[7.25,8,7.75,8.5],"texture":"#3"},"south":{"rotation":180,"uv":[7.25,7.25,7.75,7.75],"texture":"#2"}}},{"to":[7.82953,5.905,8.77503],"rotation":{"origin":[7.47497,5.8796,8.66253],"angle":45,"axis":"z"},"from":[7.4454,5.68,8.55003],"faces":{"down":{"rotation":90,"uv":[0,12.25,2,15],"texture":"#2"},"east":{"rotation":270,"uv":[5.75,10,6.25,10.5],"texture":"#2"},"north":{"uv":[7.25,8,7.75,8.5],"texture":"#3"},"south":{"rotation":180,"uv":[7.25,7.25,7.75,7.75],"texture":"#2"}}},{"to":[6.07957,4.47957,8.40003],"rotation":{"origin":[6,4.72957,8.00003],"angle":-22.5,"axis":"z"},"from":[5.92044,4.32957,7.60003],"faces":{"down":{"rotation":270,"uv":[3.25,12.25,4.5,12.75],"texture":"#1"},"north":{"rotation":270,"uv":[1.5,10.5,2.5,11.5],"texture":"#0"},"up":{"rotation":90,"uv":[11.5,4.5,12.5,5],"texture":"#3"},"south":{"rotation":270,"uv":[1.5,10.5,2.5,11.5],"texture":"#0"}}},{"to":[5.75,4.80914,8.40003],"rotation":{"origin":[6,4.72957,8.00003],"angle":45,"axis":"z"},"from":[5.6,4.65001,7.60003],"faces":{"west":{"uv":[0,12,1.25,12.5],"texture":"#1"},"east":{"uv":[5.5,12.25,6.5,12.75],"texture":"#3"},"north":{"rotation":270,"uv":[2,11.5,3,12.5],"texture":"#0"},"south":{"uv":[1.5,10.5,2.5,11.5],"texture":"#0"}}},{"to":[5.75,4.80914,8.40003],"rotation":{"origin":[6,4.72957,8.00003],"angle":22.5,"axis":"z"},"from":[5.6,4.65001,7.60003],"faces":{"west":{"uv":[0,11.5,1.25,12],"texture":"#1"},"east":{"uv":[5.5,12,6.5,12.5],"texture":"#3"},"north":{"rotation":180,"uv":[1.5,13,2.5,14],"texture":"#0"},"south":{"uv":[1.5,10.5,2.5,11.5],"texture":"#0"}}},{"to":[5.12398,6.00001,8.70003],"rotation":{"origin":[4.29898,3.95001,3.20003],"angle":0,"axis":"z"},"from":[3.49898,1.30001,7.30003],"faces":{"down":{"uv":[12.25,10.75,12.75,11.25],"texture":"#2"},"west":{"rotation":180,"uv":[0.5,8.5,1,16],"texture":"#0"},"east":{"uv":[15.75,15.75,16,16],"texture":"#2"},"north":{"rotation":180,"uv":[0,8,2.5,15.5],"texture":"#0"},"south":{"rotation":180,"uv":[2.5,8,0,15.5],"texture":"#0"}}},{"to":[5.60355,6.00001,8.3796],"rotation":{"origin":[5.20355,3.50001,8.30003],"angle":0,"axis":"y"},"from":[5.50355,1.30001,7.62047],"faces":{"down":{"uv":[12.25,10.75,12.75,11.25],"texture":"#2"},"west":{"uv":[15.75,15.75,16,16],"texture":"#2"},"east":{"rotation":180,"uv":[11.5,2.25,12.25,6],"texture":"#2"}}},{"to":[5.28311,6.00001,7.40003],"rotation":{"origin":[5.20355,3.50001,7.70003],"angle":-22.5,"axis":"y"},"from":[5.12398,1.30001,7.30003],"faces":{"down":{"uv":[12.25,10.75,12.75,11.25],"texture":"#2"},"north":{"rotation":180,"uv":[13.75,0.75,14,4.5],"texture":"#2"},"south":{"uv":[15.75,15.75,16,16],"texture":"#2"}}},{"to":[5.60355,6.00001,7.7796],"rotation":{"origin":[5.20355,3.50001,7.70003],"angle":45,"axis":"y"},"from":[5.50355,1.30001,7.62047],"faces":{"down":{"uv":[12.25,10.75,12.75,11.25],"texture":"#2"},"west":{"uv":[15.75,15.75,16,16],"texture":"#2"},"east":{"rotation":180,"uv":[15,1,15.25,4.75],"texture":"#2"}}},{"to":[5.60355,6.00001,7.7796],"rotation":{"origin":[5.20355,3.50001,7.70003],"angle":22.5,"axis":"y"},"from":[5.50355,1.30001,7.62047],"faces":{"down":{"uv":[12.25,10.75,12.75,11.25],"texture":"#2"},"west":{"uv":[15.75,15.75,16,16],"texture":"#2"},"east":{"rotation":180,"uv":[14.5,1.25,14.75,5],"texture":"#2"}}},{"to":[5.60355,6.00001,8.3796],"rotation":{"origin":[5.20355,3.50001,8.30003],"angle":-22.5,"axis":"y"},"from":[5.50355,1.30001,8.22047],"faces":{"down":{"uv":[12.25,10.75,12.75,11.25],"texture":"#2"},"west":{"uv":[15.75,15.75,16,16],"texture":"#2"},"east":{"rotation":180,"uv":[14.25,1.25,14.5,5],"texture":"#2"}}},{"to":[5.28311,6.00001,8.70003],"rotation":{"origin":[5.20355,3.50001,8.30003],"angle":45,"axis":"y"},"from":[5.12398,1.30001,8.60003],"faces":{"down":{"uv":[12.25,10.75,12.75,11.25],"texture":"#2"},"north":{"uv":[15.75,15.75,16,16],"texture":"#2"},"south":{"rotation":180,"uv":[15,1,15.25,4.75],"texture":"#2"}}},{"to":[5.28311,6.00001,8.70003],"rotation":{"origin":[5.20355,3.50001,8.30003],"angle":22.5,"axis":"y"},"from":[5.12398,1.30001,8.60003],"faces":{"down":{"uv":[12.25,10.75,12.75,11.25],"texture":"#2"},"north":{"uv":[15.75,15.75,16,16],"texture":"#2"},"south":{"rotation":180,"uv":[13.75,0.75,14,4.5],"texture":"#2"}}},{"to":[4.40811,2.80001,7.29997],"rotation":{"origin":[4.20355,3.50001,7.59997],"angle":-22.5,"axis":"y"},"from":[4.12398,1.30001,7.19997],"faces":{"down":{"uv":[12.25,10.75,12.75,11.25],"texture":"#2"},"north":{"uv":[6,12.5,6.5,15],"texture":"#0"},"up":{"uv":[6,15,6.5,16],"texture":"#0"}}},{"to":[4.40811,2.80001,8.80003],"rotation":{"origin":[4.20355,3.50001,8.40003],"angle":22.5,"axis":"y"},"from":[4.12398,1.30001,8.70003],"faces":{"down":{"uv":[12.25,10.75,12.75,11.25],"texture":"#2"},"up":{"rotation":180,"uv":[6,15,6.5,16],"texture":"#0"},"south":{"uv":[6,12.5,6.5,15],"texture":"#0"}}},{"to":[4.28311,2.80001,7.29997],"rotation":{"origin":[4.20355,3.50001,7.59997],"angle":22.5,"axis":"y"},"from":[3.99898,1.30001,7.19997],"faces":{"down":{"uv":[12.25,10.75,12.75,11.25],"texture":"#2"},"north":{"uv":[0.5,13,1,15.5],"texture":"#0"},"up":{"uv":[6,15,6.5,16],"texture":"#0"}}},{"to":[4.28311,2.80001,8.80003],"rotation":{"origin":[4.20355,3.50001,8.40003],"angle":-22.5,"axis":"y"},"from":[3.99898,1.30001,8.70003],"faces":{"down":{"uv":[12.25,10.75,12.75,11.25],"texture":"#2"},"up":{"rotation":180,"uv":[6,15,6.5,16],"texture":"#0"},"south":{"uv":[0.5,13,1,15.5],"texture":"#0"}}},{"to":[5.28311,6.00001,8.70003],"rotation":{"origin":[5.20355,3.50001,8.30003],"angle":0,"axis":"y"},"from":[5.12398,1.30001,8.60003],"faces":{"down":{"uv":[12.25,10.75,12.75,11.25],"texture":"#2"},"north":{"uv":[15.75,15.75,16,16],"texture":"#2"},"south":{"rotation":180,"uv":[13.5,0.75,13.75,4.5],"texture":"#2"}}},{"to":[4.28311,2.80001,7.29997],"rotation":{"origin":[4.20355,3.50001,7.59997],"angle":0,"axis":"y"},"from":[4.12398,1.30001,7.19997],"faces":{"down":{"uv":[12.25,10.75,12.75,11.25],"texture":"#2"},"north":{"uv":[3,13,3.5,15.5],"texture":"#0"},"up":{"uv":[6,15,6.5,16],"texture":"#0"}}},{"to":[4.28311,2.80001,8.80003],"rotation":{"origin":[4.20355,3.50001,8.40003],"angle":0,"axis":"y"},"from":[4.12398,1.30001,8.70003],"faces":{"down":{"uv":[12.25,10.75,12.75,11.25],"texture":"#2"},"up":{"rotation":180,"uv":[6,15,6.5,16],"texture":"#0"},"south":{"uv":[3,13,3.5,15.5],"texture":"#0"}}},{"to":[5.28311,6.00001,7.39997],"rotation":{"origin":[5.20355,3.50001,7.69997],"angle":0,"axis":"y"},"from":[5.12398,1.30001,7.29997],"faces":{"down":{"uv":[12.25,10.75,12.75,11.25],"texture":"#2"},"north":{"rotation":180,"uv":[13.5,0.75,13.75,4.5],"texture":"#2"},"south":{"uv":[15.75,15.75,16,16],"texture":"#2"}}},{"to":[3.49898,2.9,8.5],"rotation":{"origin":[4.29898,4.05001,3.4],"angle":0,"axis":"z"},"from":[2.49898,1.301,7.5],"faces":{"down":{"rotation":90,"uv":[7,5.5,7.25,5.75],"texture":"#0"},"west":{"rotation":90,"uv":[0,4,8,5.99],"texture":"#0"},"north":{"rotation":270,"uv":[0.5,1.5,8.5,3.5],"texture":"#0"},"south":{"rotation":270,"uv":[0.5,3.5,8.5,1.5],"texture":"#0"}}},{"to":[3.49898,2.90001,8.6],"rotation":{"origin":[4.49898,4.05001,3.3],"angle":0,"axis":"z"},"from":[2.69898,1.30001,7.4],"faces":{"down":{"rotation":90,"uv":[7,5.5,7.25,5.75],"texture":"#0"},"west":{"rotation":90,"uv":[0,4,8,5.99],"texture":"#0"},"north":{"rotation":90,"uv":[0,1,8,3],"texture":"#0"},"south":{"rotation":90,"uv":[0,3,8,1],"texture":"#0"}}},{"to":[3.49898,5.10001,8.5],"rotation":{"origin":[4.29898,4.15001,3.4],"angle":0,"axis":"z"},"from":[2.99898,4.00001,7.5],"faces":{"west":{"rotation":90,"uv":[0,4,7.5,5.99],"texture":"#0"},"north":{"rotation":270,"uv":[0,1.5,7.5,3.5],"texture":"#0"},"south":{"rotation":270,"uv":[0,3.5,7.5,1.5],"texture":"#0"}}},{"to":[3.69898,5.10001,8.6],"rotation":{"origin":[4.49898,4.15001,3.3],"angle":0,"axis":"z"},"from":[3.19898,4.00001,7.4],"faces":{"west":{"rotation":90,"uv":[0,4,7.5,5.99],"texture":"#0"},"north":{"rotation":90,"uv":[0,0,7.5,2],"texture":"#0"},"south":{"rotation":90,"uv":[0,2,7.5,0],"texture":"#0"}}},{"to":[3.89898,5.70001,8.4995],"rotation":{"origin":[2.99898,4.90001,8.2005],"angle":22.5,"axis":"z"},"from":[2.99898,4.87501,7.5005],"faces":{"west":{"rotation":90,"uv":[0,4,5.5,5.99],"texture":"#0"},"north":{"rotation":270,"uv":[10.5,1.5,16,3.5],"texture":"#0"},"south":{"rotation":270,"uv":[10.5,3.5,16,1.5],"texture":"#0"}}},{"to":[4.09898,5.70001,8.5995],"rotation":{"origin":[3.19898,4.90001,8.1005],"angle":22.5,"axis":"z"},"from":[3.19898,4.87501,7.4005],"faces":{"west":{"rotation":90,"uv":[0,4,5.5,5.99],"texture":"#0"},"north":{"rotation":90,"uv":[10.5,0,16,2],"texture":"#0"},"south":{"rotation":90,"uv":[10.5,2,16,0],"texture":"#0"}}},{"to":[4.19898,6.20001,8.5],"rotation":{"origin":[2.99898,4.90001,8.2],"angle":45,"axis":"z"},"from":[3.29898,5.27501,7.5],"faces":{"west":{"rotation":90,"uv":[0,4,6,5.99],"texture":"#0"},"north":{"rotation":270,"uv":[9.5,1.5,15.5,3.5],"texture":"#0"},"south":{"rotation":270,"uv":[9.5,3.5,15.5,1.5],"texture":"#0"}}},{"to":[4.39898,6.20001,8.6],"rotation":{"origin":[3.19898,4.90001,8.1],"angle":45,"axis":"z"},"from":[3.49898,5.27501,7.4],"faces":{"west":{"rotation":90,"uv":[0,4,6,5.99],"texture":"#0"},"north":{"rotation":90,"uv":[10,0,16,2],"texture":"#0"},"south":{"rotation":90,"uv":[10,2,16,0],"texture":"#0"}}},{"to":[3.42398,4.40001,8.4995],"rotation":{"origin":[2.49898,2.90001,8.2005],"angle":-22.5,"axis":"z"},"from":[2.49898,2.90001,7.5005],"faces":{"west":{"rotation":90,"uv":[0,2.5,8,4.5],"texture":"#0"},"north":{"rotation":270,"uv":[8,1.5,16,3.5],"texture":"#0"},"south":{"rotation":270,"uv":[8,3.5,16,1.5],"texture":"#0"}}},{"to":[3.62398,4.40001,8.5995],"rotation":{"origin":[2.69898,2.90001,8.2005],"angle":-22.5,"axis":"z"},"from":[2.69898,2.90001,7.4005],"faces":{"west":{"rotation":90,"uv":[0,2.5,8,4.5],"texture":"#0"},"north":{"rotation":90,"uv":[8,0,16,2],"texture":"#0"},"south":{"rotation":90,"uv":[8,2,16,0],"texture":"#0"}}},{"to":[7.95,6.01,8.40003],"rotation":{"origin":[6.79898,4.45001,8.10003],"angle":0,"axis":"z"},"from":[7.8,4.81,7.60003],"faces":{"west":{"uv":[9.5,8,10.5,9.75],"texture":"#3"},"east":{"rotation":180,"uv":[10.5,2.75,11.5,5.75],"texture":"#1"},"north":{"rotation":180,"uv":[1.5,10,2.5,16],"texture":"#0"},"south":{"rotation":180,"uv":[2.5,10,1.5,16],"texture":"#0"}}},{"to":[6.75,6.41,8.14975],"rotation":{"origin":[6.675,5.985,8.00025],"angle":-22.5,"axis":"z"},"from":[6.35,5.71,7.85025],"faces":{"east":{"rotation":180,"uv":[11.5,7.75,12,8.75],"texture":"#2"},"north":{"rotation":180,"uv":[6,4.25,7,6],"texture":"#1"},"south":{"rotation":180,"uv":[6,4.25,7,6],"texture":"#1"}}},{"to":[6.65,5.76,8.1495],"rotation":{"origin":[6.675,5.985,8.0005],"angle":0,"axis":"z"},"from":[6.525,5.26,7.8505],"faces":{"east":{"rotation":180,"uv":[11,4.5,11.5,5.5],"texture":"#2"},"north":{"rotation":90,"uv":[5.5,3.75,6.5,4.25],"texture":"#1"},"south":{"rotation":90,"uv":[5.5,3.75,6.5,4.25],"texture":"#1"}}},{"to":[6.525,5.81,8.149],"rotation":{"origin":[6.675,5.985,8.001],"angle":0,"axis":"z"},"from":[6.425,5.535,7.851],"faces":{"north":{"rotation":90,"uv":[6,4.25,6.75,4.5],"texture":"#1"},"south":{"rotation":90,"uv":[6,4.25,6.75,4.5],"texture":"#1"}}},{"to":[6.375,6.21,8.15],"rotation":{"origin":[6.675,5.985,8],"angle":22.5,"axis":"z"},"from":[6.25,4.91,7.85],"faces":{"down":{"rotation":90,"uv":[6,4.75,6.75,5.25],"texture":"#1"},"west":{"uv":[9.25,10,10,12.25],"texture":"#1"},"east":{"rotation":180,"uv":[10.75,4,11.5,6.25],"texture":"#2"},"north":{"rotation":270,"uv":[6,4.5,8.75,5],"texture":"#1"},"south":{"rotation":90,"uv":[6,4.5,8.75,5],"texture":"#1"}}},{"to":[12.99898,7.20001,8.06965],"rotation":{"origin":[8.99898,7.45001,8.00003],"angle":22.5,"axis":"x"},"from":[3.99898,7.10001,7.93041],"faces":{"down":{"uv":[9.75,8,10.75,8.5],"texture":"#1"},"east":{"rotation":180,"uv":[6,11.25,6.25,11.75],"texture":"#3"},"up":{"rotation":180,"uv":[3.5,4.5,5.25,5],"texture":"#3"}}},{"to":[12.99898,7.20001,8.06965],"rotation":{"origin":[8.99898,7.45001,8.00003],"angle":45,"axis":"x"},"from":[3.99898,7.10001,7.93041],"faces":{"down":{"uv":[9.25,11.25,10.25,11.75],"texture":"#1"},"east":{"rotation":180,"uv":[6,11.25,6.25,11.75],"texture":"#3"},"up":{"rotation":180,"uv":[5.25,5,7,5.5],"texture":"#3"}}},{"to":[12.99898,7.20001,8.06965],"rotation":{"origin":[8.99898,7.45001,8.00003],"angle":-22.5,"axis":"x"},"from":[3.99898,7.10001,7.93041],"faces":{"down":{"rotation":180,"uv":[9.75,8,10.75,8.5],"texture":"#1"},"east":{"rotation":180,"uv":[6,11.25,6.25,11.75],"texture":"#3"},"up":{"rotation":180,"uv":[3.5,4.5,5.25,5],"texture":"#3"}}},{"to":[12.99898,7.20001,8.06965],"rotation":{"origin":[8.99898,7.45001,8.00003],"angle":-45,"axis":"x"},"from":[3.99898,7.10001,7.93041],"faces":{"down":{"rotation":180,"uv":[9.25,11.25,10.25,11.75],"texture":"#1"},"east":{"rotation":180,"uv":[6,11.25,6.25,11.75],"texture":"#3"},"up":{"uv":[5.25,5,7,5.5],"texture":"#3"}}},{"to":[12.99898,7.51963,7.75003],"rotation":{"origin":[8.99898,7.45001,8.00003],"angle":22.5,"axis":"x"},"from":[3.99898,7.38039,7.65003],"faces":{"east":{"rotation":90,"uv":[7,5,7.25,5.5],"texture":"#3"},"north":{"uv":[8.25,4.5,9.25,5],"texture":"#1"},"south":{"uv":[9.75,8,11.5,8.5],"texture":"#3"}}},{"to":[12.99898,7.51963,7.75003],"rotation":{"origin":[-0.50102,8.45001,8.00003],"angle":0,"axis":"y"},"from":[3.99898,7.38039,7.65003],"faces":{"east":{"rotation":270,"uv":[7.25,11.25,7.5,11.75],"texture":"#3"},"north":{"rotation":180,"uv":[7.5,12.5,8.5,13],"texture":"#1"},"south":{"rotation":180,"uv":[9,6,10.75,6.5],"texture":"#3"}}},{"to":[12.99898,7.51963,7.75003],"rotation":{"origin":[8.99898,7.45001,8.00003],"angle":-22.5,"axis":"x"},"from":[3.99898,7.38039,7.65003],"faces":{"east":{"rotation":270,"uv":[6,11.25,6.25,11.75],"texture":"#3"},"north":{"rotation":180,"uv":[9,11.75,10,12.25],"texture":"#1"},"south":{"rotation":180,"uv":[7,5.5,8.75,6],"texture":"#3"}}},{"to":[10.99998,8.85001,7.75003],"rotation":{"origin":[-0.50102,4.45001,7.95003],"angle":0,"axis":"y"},"from":[0.09998,6.10001,7.05003],"faces":{"east":{"rotation":270,"uv":[3.5,3.25,7.25,5],"texture":"#2"},"north":{"uv":[5.25,2.75,16,6.5],"texture":"#2"},"up":{"uv":[5.25,4.25,16,5],"texture":"#3"},"south":{"uv":[0,15.75,0.25,16],"texture":"#1"}}},{"to":[10.99998,8.85001,8.25],"rotation":{"origin":[-0.50102,4.45001,7.95],"angle":0,"axis":"y"},"from":[8.59998,6.10001,7.75],"faces":{"west":{"uv":[15.75,15.75,16,16],"texture":"#1"},"east":{"rotation":90,"uv":[10,1.5,13.75,2.75],"texture":"#2"},"up":{"uv":[10.75,0.25,13,0.75],"texture":"#2"}}},{"to":[4.39998,8.85001,8.25003],"rotation":{"origin":[-0.50102,4.45001,7.95003],"angle":0,"axis":"y"},"from":[1.59998,7.60001,7.75003],"faces":{"east":{"uv":[0,15.75,0.25,16],"texture":"#1"},"up":{"uv":[10.75,0.25,13.5,0.75],"texture":"#2"}}},{"to":[8.59998,8.75001,8.25003],"rotation":{"origin":[-0.50102,4.45001,7.95003],"angle":0,"axis":"y"},"from":[4.39998,7.60001,7.75003],"faces":{"up":{"rotation":180,"uv":[0,6.75,5,7.75],"texture":"#3"}}},{"to":[3.89998,8.85001,8.95003],"rotation":{"origin":[-0.50102,4.45001,7.95003],"angle":0,"axis":"y"},"from":[0.09998,6.10001,8.25003],"faces":{"east":{"rotation":180,"uv":[11.5,2.5,11.75,6.25],"texture":"#1"},"up":{"rotation":180,"uv":[10.5,4.25,14.25,5],"texture":"#3"},"south":{"uv":[5.25,2.75,9,6.5],"texture":"#2"}}},{"to":[10.99998,8.85001,8.95003],"rotation":{"origin":[-0.50102,4.45001,7.95003],"angle":0,"axis":"y"},"from":[5.99998,6.10001,8.25003],"faces":{"west":{"rotation":180,"uv":[11.5,2.5,11.75,6.25],"texture":"#1"},"east":{"rotation":90,"uv":[2.25,3.25,6,5],"texture":"#2"},"north":{"uv":[0,15.75,0.25,16],"texture":"#1"},"up":{"rotation":180,"uv":[4.75,4.25,9.75,5],"texture":"#3"},"south":{"uv":[5.25,2.75,10.25,6.5],"texture":"#2"}}},{"to":[5.99998,8.85001,8.95003],"rotation":{"origin":[-0.50102,4.45001,7.95003],"angle":0,"axis":"y"},"from":[3.89998,8.50001,8.25003],"faces":{"down":{"uv":[7.5,8,9.5,8.25],"texture":"#2"},"north":{"uv":[0,15.75,0.25,16],"texture":"#1"},"up":{"rotation":180,"uv":[11,4.25,13,5],"texture":"#3"},"south":{"uv":[12.75,3,14.75,3.5],"texture":"#2"}}},{"to":[5.99998,8.50001,8.85003],"rotation":{"origin":[-0.50102,4.45001,7.95003],"angle":0,"axis":"y"},"from":[3.89998,7.25001,8.35003],"faces":{"south":{"uv":[8.5,11.5,9.75,13],"texture":"#3"}}},{"to":[9.99998,7.25001,9.05003],"rotation":{"origin":[-0.50102,4.45001,7.95003],"angle":0,"axis":"y"},"from":[-2e-05,6.00001,6.95003],"faces":{"north":{"uv":[4.5,3.5,14.5,5.25],"texture":"#2"},"west":{"rotation":90,"uv":[3.25,2.5,5,5],"texture":"#2"},"up":{"rotation":180,"uv":[0,4.75,10,5.25],"texture":"#3"},"down":{"uv":[0,9,10,11.25],"texture":"#2"},"east":{"uv":[15.75,15.75,16,16],"texture":"#2"},"south":{"uv":[4.5,3.5,14.5,5.25],"texture":"#2"}}},{"to":[9.89998,7.80001,7.22503],"rotation":{"origin":[-0.50102,4.45001,7.95003],"angle":0,"axis":"y"},"from":[3.29998,7.40001,6.92503],"faces":{"down":{"uv":[5.75,10.5,6.35,11],"texture":"#2"},"west":{"uv":[7.5,4.5,7.75,5.25],"texture":"#2"},"east":{"uv":[7.5,4.5,7.75,5.25],"texture":"#2"},"north":{"uv":[8.75,4.25,14.85,5],"texture":"#2"},"up":{"uv":[8.75,3,14.85,3.5],"texture":"#3"}}},{"to":[9.89998,8.60001,7.22503],"rotation":{"origin":[-0.50102,4.45001,7.95003],"angle":0,"axis":"y"},"from":[3.29998,8.20001,6.92503],"faces":{"down":{"uv":[5.75,10.5,6.35,11],"texture":"#2"},"west":{"uv":[7.5,4.5,7.75,5.25],"texture":"#2"},"east":{"uv":[7.5,4.5,7.75,5.25],"texture":"#2"},"north":{"uv":[3,4.25,9.1,5],"texture":"#2"},"up":{"uv":[8.75,3,14.85,3.5],"texture":"#3"}}},{"to":[10.99898,7.25001,9.05003],"rotation":{"origin":[-0.50102,4.45001,7.95003],"angle":0,"axis":"y"},"from":[9.99998,6.00001,8.35003],"faces":{"down":{"uv":[10,10.75,11,11.5],"texture":"#2"},"east":{"rotation":90,"uv":[0,14.5,1.75,15.25],"texture":"#2"},"north":{"uv":[12.25,8,12.5,8.25],"texture":"#2"},"up":{"uv":[3,3.5,4,4],"texture":"#3"},"south":{"uv":[3,3.5,4,5.25],"texture":"#2"}}},{"to":[10.99898,7.25001,7.65003],"rotation":{"origin":[-0.50102,4.45001,7.95003],"angle":0,"axis":"y"},"from":[9.99998,6.00001,6.95003],"faces":{"down":{"uv":[9.75,9,10.75,9.75],"texture":"#2"},"east":{"rotation":90,"uv":[0,15.25,1.75,14.5],"texture":"#2"},"north":{"uv":[3,3.5,4,5.25],"texture":"#2"},"up":{"uv":[3.25,4,4.25,4.5],"texture":"#3"},"south":{"uv":[12.25,8,12.5,8.25],"texture":"#2"}}},{"to":[10.99898,7.25001,8.35003],"rotation":{"origin":[-0.50102,4.45001,7.95003],"angle":0,"axis":"y"},"from":[9.99998,6.10001,7.65003],"faces":{"down":{"rotation":270,"uv":[9.25,8,10.25,8.5],"texture":"#2"}}},{"to":[4.12313,8.95036,9.049],"rotation":{"origin":[1.69863,8.95036,8.001],"angle":-45,"axis":"z"},"from":[1.69913,7.70036,6.951],"faces":{"north":{"uv":[10.75,1,13.75,2.25],"texture":"#2"},"up":{"rotation":270,"uv":[14,2,14.5,5],"texture":"#3"},"south":{"uv":[10.75,1,13.75,2.25],"texture":"#2"}}},{"to":[1.69898,8.95001,9.05],"rotation":{"origin":[1.69846,8.95001,8],"angle":0,"axis":"z"},"from":[-0.00102,7.25001,6.95],"faces":{"west":{"rotation":90,"uv":[1.25,2.5,3.5,5],"texture":"#2"},"north":{"uv":[11.5,1.75,13.25,4],"texture":"#2"},"up":{"rotation":90,"uv":[11.5,2.75,14.5,5],"texture":"#3"},"south":{"uv":[12,1.5,13.75,3.75],"texture":"#2"}}},{"to":[0.09998,9.23752,8.0128],"rotation":{"origin":[0.04996,8.95002,8.0003],"angle":45,"axis":"x"},"from":[-2e-05,8.28752,7.3378],"faces":{"west":{"rotation":90,"uv":[10.5,2.25,12.25,4.75],"texture":"#2"},"east":{"rotation":270,"uv":[10.5,2.25,12.25,4.75],"texture":"#2"},"north":{"rotation":270,"uv":[10.5,4.5,12.25,5],"texture":"#3"},"up":{"rotation":90,"uv":[3.75,4,4,4.25],"texture":"#1"}}},{"to":[0.1001,9.61291,8.66241],"rotation":{"origin":[0.04996,8.95041,7.99991],"angle":45,"axis":"x"},"from":[0.0001,8.93791,7.71241],"faces":{"west":{"rotation":180,"uv":[10.5,2.25,12.25,4.75],"texture":"#2"},"east":{"rotation":180,"uv":[10.5,2.25,12.25,4.75],"texture":"#2"},"north":{"rotation":90,"uv":[3.75,4,4,4.25],"texture":"#1"},"up":{"rotation":90,"uv":[10.5,4.5,12.25,5],"texture":"#3"}}},{"to":[0.1002,9.40838,8.04975],"rotation":{"origin":[0.14998,9.53338,8.0003],"angle":0,"axis":"x"},"from":[0.0002,9.33338,7.9503],"faces":{"west":{"rotation":180,"uv":[11.75,4.25,12,4.5],"texture":"#2"},"east":{"rotation":180,"uv":[10.5,4.25,10.75,4.5],"texture":"#2"},"up":{"rotation":90,"uv":[3.75,4,4,4.25],"texture":"#1"}}},{"to":[0.09998,9.78338,8.04975],"rotation":{"origin":[0.14998,9.53338,8.0003],"angle":0,"axis":"x"},"from":[-2e-05,9.65838,7.9503],"faces":{"down":{"rotation":90,"uv":[0,7.25,0.25,7.5],"texture":"#1"},"west":{"rotation":180,"uv":[10.5,4.25,10.75,4.75],"texture":"#2"},"east":{"rotation":180,"uv":[10.5,4.25,10.75,4.75],"texture":"#2"},"up":{"rotation":90,"uv":[13,4.25,13.25,4.75],"texture":"#3"}}},{"to":[0.1002,9.58283,7.8753],"rotation":{"origin":[0.14998,9.53338,8.0003],"angle":0,"axis":"x"},"from":[0.0002,9.48338,7.8003],"faces":{"west":{"rotation":180,"uv":[10.5,4.25,10.75,4.5],"texture":"#2"},"east":{"rotation":180,"uv":[10.5,4.25,10.75,4.5],"texture":"#2"},"south":{"rotation":90,"uv":[12.25,4.25,12.5,4.5],"texture":"#1"}}},{"to":[0.1002,9.58283,8.2003],"rotation":{"origin":[0.14998,9.53338,8.0003],"angle":0,"axis":"x"},"from":[0.0002,9.48338,8.1253],"faces":{"west":{"rotation":180,"uv":[10.5,4.25,10.75,4.5],"texture":"#2"},"east":{"rotation":180,"uv":[10.5,4.25,10.75,4.5],"texture":"#2"},"north":{"rotation":90,"uv":[12.25,4.25,12.5,4.5],"texture":"#1"}}},{"to":[0.1002,9.58338,7.8753],"rotation":{"origin":[0.14998,9.53338,8.0003],"angle":-22.5,"axis":"x"},"from":[0.0002,9.48392,7.8503],"faces":{"west":{"rotation":180,"uv":[10.5,4.25,10.75,4.5],"texture":"#2"},"east":{"rotation":180,"uv":[10.5,4.25,10.75,4.5],"texture":"#2"},"south":{"rotation":90,"uv":[11.5,4,11.75,4.25],"texture":"#1"}}},{"to":[0.09998,9.58338,8.1503],"rotation":{"origin":[0.14998,9.53338,8.0003],"angle":-22.5,"axis":"x"},"from":[-2e-05,9.48392,8.1253],"faces":{"west":{"rotation":180,"uv":[10.5,4.25,10.75,4.5],"texture":"#2"},"east":{"rotation":180,"uv":[10.5,4.25,10.75,4.5],"texture":"#2"},"north":{"rotation":90,"uv":[12.5,4.5,12.75,4.75],"texture":"#1"}}},{"to":[0.1002,9.58283,8.1503],"rotation":{"origin":[0.14998,9.53338,8.0003],"angle":22.5,"axis":"x"},"from":[0.0002,9.48338,8.1253],"faces":{"west":{"rotation":180,"uv":[10.5,4.25,10.75,4.5],"texture":"#2"},"east":{"rotation":180,"uv":[10.5,4.25,10.75,4.5],"texture":"#2"},"north":{"rotation":90,"uv":[11.5,4,11.75,4.25],"texture":"#1"}}},{"to":[0.09998,9.58283,7.8753],"rotation":{"origin":[0.14998,9.53338,8.0003],"angle":22.5,"axis":"x"},"from":[-2e-05,9.48338,7.8503],"faces":{"west":{"rotation":180,"uv":[10.5,4.25,10.75,4.5],"texture":"#2"},"east":{"rotation":180,"uv":[10.5,4.25,10.75,4.5],"texture":"#2"},"south":{"rotation":90,"uv":[12.5,4.5,12.75,4.75],"texture":"#1"}}},{"to":[0.09998,9.78338,8.04975],"rotation":{"origin":[0.14998,9.53338,8.0003],"angle":-45,"axis":"x"},"from":[-2e-05,9.65838,7.8753],"faces":{"down":{"rotation":90,"uv":[15,7.25,15.25,7.5],"texture":"#1"},"west":{"rotation":180,"uv":[10.5,4.25,10.75,4.75],"texture":"#2"},"east":{"rotation":180,"uv":[10.5,4.25,10.75,4.75],"texture":"#2"},"up":{"rotation":90,"uv":[11.5,4.5,11.75,5],"texture":"#3"}}},{"to":[0.09998,9.78338,8.12475],"rotation":{"origin":[0.14998,9.53338,8.0003],"angle":45,"axis":"x"},"from":[-2e-05,9.65838,7.9503],"faces":{"down":{"rotation":90,"uv":[11.75,7,12,7.25],"texture":"#1"},"west":{"rotation":180,"uv":[10.5,4.25,10.75,4.75],"texture":"#2"},"east":{"rotation":180,"uv":[10.5,4.25,10.75,4.75],"texture":"#2"},"up":{"rotation":90,"uv":[11.5,4.5,11.75,5],"texture":"#3"}}},{"to":[0.1002,9.40838,8.04975],"rotation":{"origin":[0.14998,9.53338,8.0003],"angle":-22.5,"axis":"x"},"from":[0.0002,9.38338,7.9503],"faces":{"west":{"rotation":180,"uv":[10.5,4.25,10.75,4.5],"texture":"#2"},"east":{"rotation":180,"uv":[10.5,4.25,10.75,4.5],"texture":"#2"},"up":{"rotation":90,"uv":[3.75,4,4,4.25],"texture":"#1"}}},{"to":[0.09998,9.78338,8.04975],"rotation":{"origin":[0.14998,9.53338,8.0003],"angle":-22.5,"axis":"x"},"from":[-2e-05,9.65838,7.9503],"faces":{"down":{"rotation":90,"uv":[7.75,12.5,8,12.75],"texture":"#1"},"west":{"rotation":180,"uv":[10.5,4.25,10.75,4.75],"texture":"#2"},"east":{"rotation":180,"uv":[10.5,4.25,10.75,4.75],"texture":"#2"},"up":{"rotation":90,"uv":[13,4.25,13.25,4.75],"texture":"#3"}}},{"to":[0.1002,9.40838,8.04975],"rotation":{"origin":[0.14998,9.53338,8.0003],"angle":22.5,"axis":"x"},"from":[0.0002,9.38338,7.9503],"faces":{"west":{"rotation":180,"uv":[10.5,4.25,10.75,4.5],"texture":"#2"},"east":{"rotation":180,"uv":[10.5,4.25,10.75,4.5],"texture":"#2"},"up":{"rotation":90,"uv":[3.75,4,4,4.25],"texture":"#1"}}},{"to":[0.09998,9.78338,8.04975],"rotation":{"origin":[0.14998,9.53338,8.0003],"angle":22.5,"axis":"x"},"from":[-2e-05,9.65838,7.9503],"faces":{"down":{"rotation":90,"uv":[8.75,12.25,9,12.5],"texture":"#1"},"west":{"rotation":180,"uv":[10.5,4.25,10.75,4.75],"texture":"#2"},"east":{"rotation":180,"uv":[10.5,4.25,10.75,4.75],"texture":"#2"},"up":{"rotation":90,"uv":[13,4.25,13.25,4.75],"texture":"#3"}}},{"to":[11.94898,7.82501,8.07462],"rotation":{"origin":[11.54898,7.45001,8.00003],"angle":0,"axis":"y"},"from":[11.44898,7.07501,7.92544],"faces":{"down":{"rotation":180,"uv":[0,6,6,7],"texture":"#0"},"west":{"uv":[7.25,10.5,7.5,10.75],"texture":"#1"},"east":{"uv":[7.25,10.5,7.5,10.75],"texture":"#1"},"up":{"rotation":180,"uv":[0,0,6,1],"texture":"#0"}}},{"to":[11.94898,7.5246,8.37503],"rotation":{"origin":[11.54898,7.45001,8.00003],"angle":0,"axis":"x"},"from":[11.44898,7.37542,7.62503],"faces":{"west":{"uv":[7.25,10.5,7.5,10.75],"texture":"#1"},"east":{"uv":[7.25,10.5,7.5,10.75],"texture":"#1"},"north":{"uv":[0,2,6,3],"texture":"#0"},"south":{"rotation":180,"uv":[0,2,6,3],"texture":"#0"}}},{"to":[11.94898,7.5246,8.37503],"rotation":{"origin":[11.54898,7.45001,8.00003],"angle":-22.5,"axis":"x"},"from":[11.44898,7.37542,7.62503],"faces":{"down":{"uv":[0,3,6,4],"texture":"#0"},"west":{"uv":[7.25,10.5,7.5,10.75],"texture":"#1"},"east":{"uv":[7.25,10.5,7.5,10.75],"texture":"#1"},"north":{"uv":[0,3,6,4],"texture":"#0"},"south":{"rotation":180,"uv":[0,1,6,2],"texture":"#0"}}},{"to":[11.94898,7.5246,8.37503],"rotation":{"origin":[11.54898,7.45001,8.00003],"angle":22.5,"axis":"x"},"from":[11.44898,7.37542,7.62503],"faces":{"west":{"uv":[7.25,10.5,7.5,10.75],"texture":"#1"},"east":{"uv":[7.25,10.5,7.5,10.75],"texture":"#1"},"north":{"uv":[0,1,6,2],"texture":"#0"},"south":{"rotation":180,"uv":[0,3,6,4],"texture":"#0"}}},{"to":[11.94898,7.82501,8.07462],"rotation":{"origin":[11.54898,7.45001,8.00003],"angle":45,"axis":"x"},"from":[11.44898,7.07501,7.92544],"faces":{"down":{"rotation":180,"uv":[0,4,6,5],"texture":"#0"},"west":{"uv":[7.25,10.5,7.5,10.75],"texture":"#1"},"east":{"uv":[7.25,10.5,7.5,10.75],"texture":"#1"},"up":{"rotation":180,"uv":[0,0,6,1],"texture":"#0"}}},{"to":[11.94898,7.82501,8.07462],"rotation":{"origin":[11.54898,7.45001,8.00003],"angle":-45,"axis":"x"},"from":[11.44898,7.07501,7.92544],"faces":{"down":{"rotation":180,"uv":[0,4,6,5],"texture":"#0"},"west":{"uv":[7.25,10.5,7.5,10.75],"texture":"#1"},"east":{"uv":[7.25,10.5,7.5,10.75],"texture":"#1"},"up":{"rotation":180,"uv":[0,0,6,1],"texture":"#0"}}},{"to":[11.94898,7.82501,8.07462],"rotation":{"origin":[11.54898,7.45001,8.00003],"angle":22.5,"axis":"x"},"from":[11.44898,7.07501,7.92544],"faces":{"down":{"rotation":180,"uv":[0,5,6,6],"texture":"#0"},"west":{"uv":[7.25,10.5,7.5,10.75],"texture":"#1"},"east":{"uv":[7.25,10.5,7.5,10.75],"texture":"#1"},"up":{"rotation":180,"uv":[6,0,12,1],"texture":"#0"}}},{"to":[11.94898,7.82501,8.07462],"rotation":{"origin":[11.54898,7.45001,8.00003],"angle":-22.5,"axis":"x"},"from":[11.44898,7.07501,7.92544],"faces":{"down":{"rotation":180,"uv":[0,5,6,6],"texture":"#0"},"west":{"uv":[7.25,10.5,7.5,10.75],"texture":"#1"},"east":{"uv":[7.25,10.5,7.5,10.75],"texture":"#1"},"up":{"rotation":180,"uv":[6,0,12,1],"texture":"#0"}}},{"to":[11.32398,8.00001,8.10943],"rotation":{"origin":[10.97398,7.45001,8.00003],"angle":0,"axis":"y"},"from":[10.62398,6.90001,7.89063],"faces":{"down":{"uv":[9.75,8,10.75,8.25],"texture":"#1"},"east":{"uv":[9,4.75,9.5,6.5],"texture":"#1"},"up":{"uv":[10.5,1.25,11.5,1.75],"texture":"#1"}}},{"to":[11.09898,8.10001,8.12932],"rotation":{"origin":[10.87398,7.45001,8.00003],"angle":0,"axis":"y"},"from":[10.99898,7.97501,7.87074],"faces":{"east":{"uv":[9,4.5,9.5,5],"texture":"#2"},"up":{"rotation":180,"uv":[14,2.25,14.25,2.75],"texture":"#3"}}},{"to":[11.09998,6.84001,8.95623],"rotation":{"origin":[10.87398,7.45001,8.19812],"angle":0,"axis":"y"},"from":[10.99898,6.25001,7.04383],"faces":{"east":{"rotation":180,"uv":[9.25,4.5,12.75,5.25],"texture":"#2"},"north":{"uv":[10,3.75,10.25,4.5],"texture":"#2"},"south":{"uv":[10,3.75,10.25,4.5],"texture":"#2"}}},{"to":[11.09898,6.25001,8.95623],"rotation":{"origin":[10.99898,6.25001,8.95003],"angle":22.5,"axis":"z"},"from":[10.99898,6.17501,7.04383],"faces":{"down":{"rotation":180,"uv":[8.75,5.75,12.25,6],"texture":"#2"},"west":{"rotation":180,"uv":[7,8,10.5,8.25],"texture":"#2"},"east":{"rotation":180,"uv":[9.25,4.5,12.75,4.75],"texture":"#2"},"north":{"rotation":90,"uv":[10.75,4.25,11,4.5],"texture":"#2"},"south":{"rotation":90,"uv":[10.75,4.25,11,4.5],"texture":"#2"}}},{"to":[11.09898,6.17501,8.95623],"rotation":{"origin":[10.99898,6.25001,8.95003],"angle":22.5,"axis":"z"},"from":[10.99898,5.97501,8.81883],"faces":{"west":{"rotation":90,"uv":[9.25,8,9.5,8.25],"texture":"#2"},"east":{"rotation":180,"uv":[9.75,4.25,10,4.75],"texture":"#2"},"north":{"rotation":180,"uv":[10.25,4.75,10.5,5.25],"texture":"#2"},"south":{"rotation":90,"uv":[10.75,4.25,11.25,4.5],"texture":"#2"}}},{"to":[11.09898,5.97501,8.95623],"rotation":{"origin":[10.99898,6.25001,8.95003],"angle":22.5,"axis":"z"},"from":[10.99898,5.90001,7.04383],"faces":{"north":{"rotation":90,"uv":[11,4.25,11.25,4.5],"texture":"#2"},"west":{"rotation":180,"uv":[7,8,10.5,8.25],"texture":"#2"},"up":{"rotation":90,"uv":[9.25,4.5,12.75,4.75],"texture":"#2"},"down":{"rotation":90,"uv":[9,5.25,12.5,5.5],"texture":"#2"},"east":{"rotation":180,"uv":[9.25,4,12.75,4.25],"texture":"#2"},"south":{"rotation":90,"uv":[11,4.25,11.25,4.5],"texture":"#2"}}},{"to":[11.09898,6.17501,7.18123],"rotation":{"origin":[10.99898,6.25001,7.05003],"angle":22.5,"axis":"z"},"from":[10.99898,5.97501,7.04383],"faces":{"west":{"rotation":90,"uv":[9.25,8,9.5,8.25],"texture":"#2"},"east":{"rotation":180,"uv":[9.75,4.25,10,4.75],"texture":"#2"},"north":{"rotation":90,"uv":[10.75,4.25,11.25,4.5],"texture":"#2"},"south":{"rotation":180,"uv":[10.25,4.75,10.5,5.25],"texture":"#2"}}},{"to":[11.09898,7.5793,8.25003],"rotation":{"origin":[10.87398,7.45001,8.00003],"angle":22.5,"axis":"x"},"from":[10.99898,6.52072,7.35003],"faces":{"east":{"rotation":90,"uv":[9,4.75,10,5.5],"texture":"#2"},"north":{"rotation":90,"uv":[10.5,3.5,11.5,3.75],"texture":"#2"}}},{"to":[11.09898,7.5793,8.65003],"rotation":{"origin":[10.87398,7.45001,8.00003],"angle":-22.5,"axis":"x"},"from":[10.99898,6.52072,7.75003],"faces":{"east":{"rotation":270,"uv":[9,4.75,10,5.5],"texture":"#2"},"south":{"rotation":90,"uv":[10.5,3.5,11.5,3.75],"texture":"#2"}}},{"to":[11.09898,8.10001,8.12932],"rotation":{"origin":[10.87398,7.45001,8.00003],"angle":-45,"axis":"x"},"from":[10.99898,7.97501,7.87074],"faces":{"east":{"uv":[9,4.5,9.5,5],"texture":"#2"},"up":{"rotation":180,"uv":[11,4.5,11.25,5],"texture":"#3"}}},{"to":[11.09898,8.10001,8.12932],"rotation":{"origin":[10.87398,7.45001,8.00003],"angle":45,"axis":"x"},"from":[10.99898,7.97501,7.87074],"faces":{"east":{"uv":[9,4.5,9.5,5],"texture":"#2"},"up":{"uv":[11,4.5,11.25,5],"texture":"#3"}}},{"to":[11.09898,8.10001,8.12932],"rotation":{"origin":[10.87398,7.45001,8.00003],"angle":-22.5,"axis":"x"},"from":[10.99898,7.97501,7.87074],"faces":{"east":{"uv":[9,4.5,9.5,5],"texture":"#2"},"up":{"rotation":180,"uv":[11,4,11.25,4.5],"texture":"#3"}}},{"to":[11.09898,8.10001,8.12932],"rotation":{"origin":[10.87398,7.45001,8.00003],"angle":22.5,"axis":"x"},"from":[10.99898,7.97501,7.87074],"faces":{"east":{"uv":[9,4.5,9.5,5],"texture":"#2"},"up":{"rotation":180,"uv":[11,4,11.25,4.5],"texture":"#3"}}},{"to":[11.32418,7.55941,8.55003],"rotation":{"origin":[10.97398,7.45001,8.00003],"angle":0,"axis":"x"},"from":[10.62398,7.34061,7.45003],"faces":{"east":{"rotation":180,"uv":[9.25,11.5,10.75,12],"texture":"#1"},"north":{"rotation":180,"uv":[7.5,12.5,8.5,13],"texture":"#1"},"south":{"rotation":180,"uv":[7.5,12.5,8.5,13],"texture":"#1"}}},{"to":[11.32398,7.55941,8.55003],"rotation":{"origin":[10.97398,7.45001,8.00003],"angle":-22.5,"axis":"x"},"from":[10.62398,7.34061,7.45003],"faces":{"east":{"rotation":90,"uv":[9.5,10.5,9.75,12.25],"texture":"#1"},"north":{"rotation":180,"uv":[9,11.75,10,12.25],"texture":"#1"},"south":{"uv":[8.25,4.5,9.25,5],"texture":"#1"}}},{"to":[11.32398,7.55941,8.55003],"rotation":{"origin":[10.97398,7.45001,8.00003],"angle":22.5,"axis":"x"},"from":[10.62398,7.34061,7.45003],"faces":{"east":{"rotation":270,"uv":[9.5,10.5,9.75,12.25],"texture":"#1"},"north":{"uv":[8.25,4.5,9.25,5],"texture":"#1"},"south":{"rotation":180,"uv":[9,11.75,10,12.25],"texture":"#1"}}},{"to":[11.32398,8.00001,8.10943],"rotation":{"origin":[10.97398,7.45001,8.00003],"angle":45,"axis":"x"},"from":[10.62398,6.90001,7.89063],"faces":{"down":{"uv":[9.25,11.25,10.25,11.75],"texture":"#1"},"east":{"rotation":180,"uv":[7.75,10.75,8,12.5],"texture":"#1"},"up":{"uv":[5.25,4.25,6.25,4.75],"texture":"#1"}}},{"to":[11.32398,8.00001,8.10943],"rotation":{"origin":[10.97398,7.45001,8.00003],"angle":-45,"axis":"x"},"from":[10.62398,6.90001,7.89063],"faces":{"down":{"rotation":180,"uv":[9.25,11.25,10.25,11.75],"texture":"#1"},"east":{"rotation":180,"uv":[7.75,10.75,8,12.5],"texture":"#1"},"up":{"rotation":180,"uv":[5.25,4.25,6.25,4.75],"texture":"#1"}}},{"to":[11.32398,8.00001,8.10943],"rotation":{"origin":[10.97398,7.45001,8.00003],"angle":22.5,"axis":"x"},"from":[10.62398,6.90001,7.89063],"faces":{"down":{"uv":[9.75,8,10.75,8.5],"texture":"#1"},"east":{"uv":[7,4.75,6.5,6.5],"texture":"#1"},"up":{"uv":[11,2.25,12,2.75],"texture":"#1"}}},{"to":[11.32398,8.00001,8.10943],"rotation":{"origin":[10.97398,7.45001,8.00003],"angle":-22.5,"axis":"x"},"from":[10.62398,6.90001,7.89063],"faces":{"down":{"rotation":180,"uv":[9.75,8,10.75,8.5],"texture":"#1"},"east":{"uv":[6.5,4.75,7,6.5],"texture":"#1"},"up":{"uv":[11,2.25,12,2.75],"texture":"#1"}}},{"to":[12.99898,7.51963,8.35003],"rotation":{"origin":[8.99898,7.45001,8.00003],"angle":-22.5,"axis":"x"},"from":[3.99898,7.38039,8.25003],"faces":{"east":{"rotation":270,"uv":[7,5,7.25,5.5],"texture":"#3"},"north":{"uv":[9.75,8,11.5,8.5],"texture":"#3"},"south":{"uv":[8.25,4.5,9.25,5],"texture":"#1"}}},{"to":[12.99898,7.51963,8.35003],"rotation":{"origin":[-0.50102,8.45001,8.00003],"angle":0,"axis":"y"},"from":[3.99898,7.38039,8.25003],"faces":{"east":{"rotation":90,"uv":[7.25,11.25,7.5,11.75],"texture":"#3"},"north":{"rotation":180,"uv":[9,6,10.75,6.5],"texture":"#3"},"south":{"rotation":180,"uv":[7.5,12.5,8.5,13],"texture":"#1"}}},{"to":[12.99898,7.51963,8.35003],"rotation":{"origin":[8.99898,7.45001,8.00003],"angle":22.5,"axis":"x"},"from":[3.99898,7.38039,8.25003],"faces":{"east":{"rotation":90,"uv":[6,11.25,6.25,11.75],"texture":"#3"},"north":{"rotation":180,"uv":[7,5.5,8.75,6],"texture":"#3"},"south":{"rotation":180,"uv":[9,11.75,10,12.25],"texture":"#1"}}},{"to":[12.99898,7.80001,8.06965],"rotation":{"origin":[8.99898,7.45001,8.00003],"angle":45,"axis":"x"},"from":[3.99898,7.70001,7.93041],"faces":{"down":{"rotation":180,"uv":[8.25,8,10,8.5],"texture":"#3"},"east":{"uv":[11,5,11.25,5.5],"texture":"#3"},"up":{"uv":[5.25,4,6.25,4.5],"texture":"#1"}}},{"to":[12.99898,7.80001,8.06965],"rotation":{"origin":[8.99898,7.45001,8.00003],"angle":22.5,"axis":"x"},"from":[3.99898,7.70001,7.93041],"faces":{"down":{"rotation":180,"uv":[15.75,15.75,16,16],"texture":"#3"},"east":{"uv":[11,5,11.25,5.5],"texture":"#3"},"up":{"uv":[7,4.5,8,5],"texture":"#3"}}},{"to":[12.99898,7.80001,8.06965],"rotation":{"origin":[-0.50102,8.45001,8.00003],"angle":0,"axis":"y"},"from":[3.99898,7.70001,7.93041],"faces":{"down":{"rotation":180,"uv":[15.75,15.75,16,16],"texture":"#3"},"east":{"uv":[11,5,11.25,5.5],"texture":"#3"},"up":{"rotation":180,"uv":[12.25,1.25,13.25,1.75],"texture":"#3"}}},{"to":[12.99898,7.80001,8.06965],"rotation":{"origin":[8.99898,7.45001,8.00003],"angle":-22.5,"axis":"x"},"from":[3.99898,7.70001,7.93041],"faces":{"down":{"rotation":180,"uv":[15.75,15.75,16,16],"texture":"#3"},"east":{"uv":[11,5,11.25,5.5],"texture":"#3"},"up":{"rotation":180,"uv":[7,4.5,8,5],"texture":"#3"}}},{"to":[12.99898,7.80001,8.06965],"rotation":{"origin":[8.99898,7.45001,8.00003],"angle":-45,"axis":"x"},"from":[3.99898,7.70001,7.93041],"faces":{"down":{"rotation":180,"uv":[8.25,8,10,8.5],"texture":"#3"},"east":{"uv":[11,5,11.25,5.5],"texture":"#3"},"up":{"rotation":180,"uv":[5.25,4,6.25,4.5],"texture":"#1"}}},{"to":[8.02398,9.25001,8.09949],"rotation":{"origin":[12.59898,7.85001,8.00003],"angle":0,"axis":"y"},"from":[7.94898,8.85001,7.90057],"faces":{"west":{"uv":[7.5,8,9,10],"texture":"#0"},"east":{"rotation":270,"uv":[12.75,0.5,13.75,1],"texture":"#1"},"up":{"rotation":270,"uv":[7.75,4.25,8,4.75],"texture":"#1"}}},{"to":[8.89898,8.9501,8.09949],"rotation":{"origin":[8.46148,8.90001,8.00003],"angle":0,"axis":"y"},"from":[8.02398,8.8501,7.90057],"faces":{"up":{"rotation":270,"uv":[5.25,13,5.5,14.75],"texture":"#2"}}},{"to":[8.56094,8.95001,8.43753],"rotation":{"origin":[8.46148,8.90001,8.00003],"angle":-22.5,"axis":"y"},"from":[8.36202,8.85001,7.56253],"faces":{"up":{"rotation":180,"uv":[5.25,13,5.5,14.75],"texture":"#2"}}},{"to":[8.56094,8.9501,8.43753],"rotation":{"origin":[8.46148,8.90001,8.00003],"angle":0,"axis":"y"},"from":[8.36202,8.8501,7.56253],"faces":{"up":{"rotation":180,"uv":[5.25,13,5.5,14.75],"texture":"#2"}}},{"to":[8.56094,8.95001,8.43753],"rotation":{"origin":[8.46148,8.90001,8.00003],"angle":22.5,"axis":"y"},"from":[8.36202,8.85001,7.56253],"faces":{"up":{"uv":[5.25,13,5.5,14.75],"texture":"#2"}}},{"to":[8.89898,8.9499,8.09949],"rotation":{"origin":[8.46148,8.90001,8.00003],"angle":-45,"axis":"y"},"from":[8.02398,8.8499,7.90057],"faces":{"up":{"rotation":270,"uv":[5.25,13,5.5,14.75],"texture":"#2"}}},{"to":[8.89898,8.95001,8.09949],"rotation":{"origin":[8.46148,8.90001,8.00003],"angle":-22.5,"axis":"y"},"from":[8.02398,8.85001,7.90057],"faces":{"up":{"rotation":270,"uv":[5.25,13,5.5,14.75],"texture":"#2"}}},{"to":[8.89898,8.9499,8.09949],"rotation":{"origin":[8.46148,8.90001,8.00003],"angle":45,"axis":"y"},"from":[8.02398,8.8499,7.90057],"faces":{"up":{"rotation":270,"uv":[5.25,13,5.5,14.75],"texture":"#2"}}},{"to":[8.89898,8.95001,8.09949],"rotation":{"origin":[8.46148,8.90001,8.00003],"angle":22.5,"axis":"y"},"from":[8.02398,8.85001,7.90057],"faces":{"up":{"rotation":270,"uv":[5.25,13,5.5,14.75],"texture":"#2"}}},{"to":[8.02398,9.35001,8.09949],"rotation":{"origin":[8.44898,9.17501,8.00003],"angle":22.5,"axis":"y"},"from":[7.94898,8.85001,7.90057],"faces":{"west":{"uv":[8,7.5,9.5,10],"texture":"#0"},"east":{"rotation":270,"uv":[12,4.5,13.25,4],"texture":"#1"},"north":{"rotation":90,"uv":[10,4.5,10.25,5],"texture":"#1"},"up":{"rotation":270,"uv":[7.5,4,7.75,4.5],"texture":"#1"}}},{"to":[8.02398,9.35001,8.09949],"rotation":{"origin":[8.44898,9.17501,8.00003],"angle":-22.5,"axis":"y"},"from":[7.94898,8.85001,7.90057],"faces":{"west":{"uv":[9.5,7.5,8,10],"texture":"#0"},"east":{"rotation":270,"uv":[12,4,13.25,4.5],"texture":"#1"},"up":{"rotation":270,"uv":[7.5,4,7.75,4.5],"texture":"#1"},"south":{"rotation":270,"uv":[10,4.5,10.25,5],"texture":"#1"}}},{"to":[8.02398,9.45001,8.09949],"rotation":{"origin":[8.44898,9.17501,8.00003],"angle":-45,"axis":"y"},"from":[7.94898,8.85001,7.90057],"faces":{"west":{"uv":[10,7,8.5,10],"texture":"#0"},"east":{"rotation":270,"uv":[11.75,4.5,13.25,5],"texture":"#1"},"up":{"rotation":270,"uv":[6,4,6.25,4.5],"texture":"#1"},"south":{"rotation":270,"uv":[10,4.5,10.25,5],"texture":"#1"}}},{"to":[8.54844,9.45001,7.57503],"rotation":{"origin":[8.44898,9.17501,8.00003],"angle":22.5,"axis":"y"},"from":[8.34952,8.85001,7.50003],"faces":{"north":{"uv":[10.5,7,9,10],"texture":"#0"},"up":{"uv":[4.25,3.25,4.5,3.75],"texture":"#1"},"south":{"rotation":90,"uv":[11.25,12,12.75,12.5],"texture":"#1"}}},{"to":[8.02398,9.45001,8.09949],"rotation":{"origin":[8.44898,9.17501,8.00003],"angle":45,"axis":"y"},"from":[7.94898,8.85001,7.90057],"faces":{"west":{"uv":[8.5,7,10,10],"texture":"#0"},"east":{"rotation":270,"uv":[11.75,5,13.25,4.5],"texture":"#1"},"north":{"rotation":90,"uv":[10,4.5,10.25,5],"texture":"#1"},"up":{"rotation":270,"uv":[6,4,6.25,4.5],"texture":"#1"}}},{"to":[8.54844,9.45001,7.57503],"rotation":{"origin":[12.59898,7.85001,8.00003],"angle":0,"axis":"y"},"from":[8.34952,8.85001,7.50003],"faces":{"north":{"uv":[11,7,9.5,10],"texture":"#0"},"up":{"uv":[4.25,3.25,4.5,3.75],"texture":"#1"},"south":{"rotation":90,"uv":[11.25,11.5,12.75,12],"texture":"#1"}}},{"to":[8.54844,9.45001,7.57503],"rotation":{"origin":[8.44898,9.17501,8.00003],"angle":-22.5,"axis":"y"},"from":[8.34952,8.85001,7.50003],"faces":{"north":{"uv":[11.5,7,10,10],"texture":"#0"},"up":{"uv":[4.25,3.25,4.5,3.75],"texture":"#1"},"south":{"rotation":270,"uv":[11.25,11.5,12.75,12],"texture":"#1"}}},{"to":[8.54844,9.45001,8.50003],"rotation":{"origin":[8.44898,9.17501,8.00003],"angle":-22.5,"axis":"y"},"from":[8.34952,8.85001,8.42503],"faces":{"north":{"rotation":90,"uv":[11.25,12.5,12.75,12],"texture":"#1"},"up":{"rotation":180,"uv":[4.25,3.25,4.5,3.75],"texture":"#1"},"south":{"uv":[9,7,10.5,10],"texture":"#0"}}},{"to":[8.54844,9.45001,8.50003],"rotation":{"origin":[12.59898,7.85001,8.00003],"angle":0,"axis":"y"},"from":[8.34952,8.85001,8.42503],"faces":{"north":{"rotation":90,"uv":[11.25,12,12.75,11.5],"texture":"#1"},"up":{"rotation":180,"uv":[4.25,3.25,4.5,3.75],"texture":"#1"},"south":{"uv":[9.5,7,11,10],"texture":"#0"}}},{"to":[8.54844,9.45001,8.50003],"rotation":{"origin":[8.44898,9.17501,8.00003],"angle":22.5,"axis":"y"},"from":[8.34952,8.85001,8.42503],"faces":{"north":{"rotation":90,"uv":[11.25,11.5,12.75,12],"texture":"#1"},"up":{"rotation":180,"uv":[4.25,3.25,4.5,3.75],"texture":"#1"},"south":{"uv":[10,7,11.5,10],"texture":"#0"}}},{"to":[8.94898,9.45001,8.09949],"rotation":{"origin":[8.44898,9.17501,8.00003],"angle":45,"axis":"y"},"from":[8.87398,8.85001,7.90057],"faces":{"west":{"rotation":90,"uv":[9,11.75,10.5,11.25],"texture":"#2"},"east":{"uv":[12,7,10.5,10],"texture":"#0"},"north":{"uv":[11.5,7,10,10],"texture":"#0"},"up":{"rotation":90,"uv":[6,4,6.25,4.5],"texture":"#1"},"south":{"rotation":90,"uv":[10,4.5,10.25,5],"texture":"#1"}}},{"to":[8.94898,9.35001,8.09949],"rotation":{"origin":[8.44898,9.17501,8.00003],"angle":22.5,"axis":"y"},"from":[8.87398,8.85001,7.90057],"faces":{"west":{"rotation":270,"uv":[4.75,11.75,6,12.25],"texture":"#2"},"east":{"uv":[11,7.5,12.5,10],"texture":"#0"},"up":{"rotation":90,"uv":[7.5,4,7.75,4.5],"texture":"#1"},"south":{"rotation":90,"uv":[10,4.5,10.25,5],"texture":"#1"}}},{"to":[8.94898,9.25001,8.09949],"rotation":{"origin":[12.59898,7.85001,8.00003],"angle":0,"axis":"y"},"from":[8.87398,8.85001,7.90057],"faces":{"west":{"rotation":270,"uv":[2,15.5,3,16],"texture":"#2"},"east":{"uv":[12.5,8,14,10],"texture":"#0"},"up":{"rotation":90,"uv":[7.75,4.25,8,4.75],"texture":"#1"}}},{"to":[8.94898,9.35001,8.09949],"rotation":{"origin":[8.44898,9.17501,8.00003],"angle":-22.5,"axis":"y"},"from":[8.87398,8.85001,7.90057],"faces":{"west":{"rotation":270,"uv":[5.75,12.25,7,11.75],"texture":"#2"},"east":{"uv":[11,7.5,12.5,10],"texture":"#0"},"north":{"rotation":270,"uv":[10,4.5,10.25,5],"texture":"#1"},"up":{"rotation":90,"uv":[7.5,4,7.75,4.5],"texture":"#1"}}},{"to":[8.94898,9.45001,8.09949],"rotation":{"origin":[8.44898,9.17501,8.00003],"angle":-45,"axis":"y"},"from":[8.87398,8.85001,7.90057],"faces":{"west":{"rotation":270,"uv":[9,11.75,10.5,11.25],"texture":"#2"},"east":{"uv":[10.5,7,12,10],"texture":"#0"},"north":{"rotation":270,"uv":[10,4.5,10.25,5],"texture":"#1"},"up":{"rotation":90,"uv":[6,4,6.25,4.5],"texture":"#1"}}},{"to":[5.75,6.00001,8.40003],"rotation":{"origin":[6.79898,4.45001,8.10003],"angle":0,"axis":"z"},"from":[5.6,4.65001,7.60003],"faces":{"east":{"uv":[7.25,11.25,8.25,13],"texture":"#3"},"north":{"rotation":180,"uv":[1.5,10,2.5,16],"texture":"#0"},"south":{"rotation":180,"uv":[2.5,10,1.5,16],"texture":"#0"}}},{"to":[5.27398,4.80001,8.57503],"rotation":{"origin":[4.24898,3.95001,3.20003],"angle":0,"axis":"z"},"from":[3.59898,-6.09999,7.42503],"faces":{"down":{"uv":[10,9.75,11.25,10.75],"texture":"#2"},"west":{"uv":[0,6,2,16],"texture":"#0"},"north":{"uv":[2,6,4.5,16],"texture":"#0"},"south":{"uv":[2,6,4.5,16],"texture":"#0"}}},{"to":[5.57398,4.80001,7.57503],"rotation":{"origin":[5.27398,-1.64999,7.42503],"angle":-45,"axis":"y"},"from":[5.27398,-6.09999,7.42503],"faces":{"down":{"uv":[10,9.75,10.25,10],"texture":"#2"},"north":{"uv":[5.5,6,4.5,16],"texture":"#0"}}},{"to":[5.48648,4.80001,8.3625],"rotation":{"origin":[5.27398,-1.64999,7.4375],"angle":0,"axis":"y"},"from":[5.27398,-6.09999,7.6375],"faces":{"down":{"uv":[10,9.75,10.5,10],"texture":"#2"},"east":{"uv":[6.5,6,5.5,16],"texture":"#0"}}},{"to":[5.57398,4.80001,8.57497],"rotation":{"origin":[5.27398,-1.64999,8.57497],"angle":45,"axis":"y"},"from":[5.27398,-6.09999,8.42497],"faces":{"down":{"uv":[10,9.75,10.25,10],"texture":"#2"},"south":{"uv":[7.5,6,6.5,16],"texture":"#0"}}},{"to":[-0.575,6.47501,7.251],"rotation":{"origin":[-0.80102,6.47501,8.90003],"angle":0,"axis":"z"},"from":[-0.925,5.10001,7.151],"faces":{"down":{"uv":[12.25,10.75,12.75,11.25],"texture":"#2"},"west":{"uv":[12.5,3.25,12.75,4.75],"texture":"#1"},"east":{"rotation":180,"uv":[11.5,11.5,11.75,13],"texture":"#1"},"north":{"uv":[9.75,4.5,10.5,6],"texture":"#1"},"south":{"rotation":180,"uv":[8,11.25,8.75,12.75],"texture":"#1"}}},{"to":[-0.20102,6.47501,8.95003],"rotation":{"origin":[15.39898,10.15001,8.15003],"angle":0,"axis":"y"},"from":[-0.30102,4.82501,7.05003],"faces":{"north":{"uv":[12.25,3,12.5,5.25],"texture":"#2"},"west":{"rotation":180,"uv":[7,10.5,9.25,12.75],"texture":"#2"},"up":{"rotation":90,"uv":[9.25,4.75,11.5,5],"texture":"#2"},"down":{"uv":[6.75,8.25,9,8.5],"texture":"#1"},"east":{"uv":[4.5,10.75,6.75,13],"texture":"#1"},"south":{"uv":[12.25,3,12.5,5.25],"texture":"#2"}}},{"to":[-0.30102,6.47501,7.15003],"rotation":{"origin":[15.49898,10.15001,8.05003],"angle":0,"axis":"y"},"from":[-0.80102,4.82501,7.05003],"faces":{"down":{"uv":[6.75,8.25,7,8.5],"texture":"#1"},"north":{"uv":[13,3,13.75,5.25],"texture":"#2"},"up":{"uv":[9.25,4.75,10,5.25],"texture":"#2"},"south":{"rotation":270,"uv":[6,11.25,8.25,12],"texture":"#2"}}},{"to":[-0.6,5.42501,8.8625],"rotation":{"origin":[15.49898,10.15001,8.0625],"angle":0,"axis":"y"},"from":[-0.9,5.12501,7.1375],"faces":{"down":{"rotation":90,"uv":[9,16,13,14.5],"texture":"#0"},"west":{"rotation":180,"uv":[9,15,13,13.5],"texture":"#0"},"east":{"uv":[8.5,12.5,12.5,11],"texture":"#0"},"up":{"rotation":90,"uv":[8.5,14,12.5,12.5],"texture":"#0"}}},{"to":[-0.30102,6.47501,8.95003],"rotation":{"origin":[15.49898,10.15001,7.95003],"angle":0,"axis":"y"},"from":[-0.80102,4.82501,8.85003],"faces":{"down":{"uv":[6.75,8.25,7,8.5],"texture":"#1"},"north":{"rotation":90,"uv":[6,11.25,8.25,12],"texture":"#2"},"up":{"rotation":180,"uv":[9.25,4.75,10,5.25],"texture":"#2"},"south":{"uv":[13,3,13.75,5.25],"texture":"#2"}}},{"to":[-0.17002,6.47501,7.149],"rotation":{"origin":[-0.80102,6.47501,7.10003],"angle":-22.5,"axis":"z"},"from":[-0.80102,4.95001,7.051],"faces":{"down":{"rotation":90,"uv":[6.75,8.25,7,9],"texture":"#1"},"west":{"rotation":270,"uv":[9.5,4.5,11.75,5],"texture":"#2"},"north":{"uv":[14,3,14.75,5.25],"texture":"#2"},"south":{"rotation":90,"uv":[5.25,11.5,7.5,12.25],"texture":"#2"}}},{"to":[-0.17002,6.47501,8.949],"rotation":{"origin":[-0.80102,6.47501,8.90003],"angle":-22.5,"axis":"z"},"from":[-0.80102,4.95001,8.851],"faces":{"down":{"rotation":90,"uv":[6.75,8.25,7,9],"texture":"#1"},"west":{"rotation":90,"uv":[9.5,4.5,11.75,5],"texture":"#2"},"north":{"rotation":270,"uv":[6.25,11.5,8.5,12.25],"texture":"#2"},"south":{"uv":[14,3,14.75,5.25],"texture":"#2"}}},{"to":[0.94333,10.15565,8.924],"rotation":{"origin":[-0.27602,9.55565,8.799],"angle":-22.5,"axis":"z"},"from":[-0.39537,9.90565,8.674],"faces":{"down":{"rotation":180,"uv":[8.5,10,15.5,11.5],"texture":"#0"},"north":{"uv":[14.5,13.5,7.5,15],"texture":"#0"},"up":{"rotation":180,"uv":[14.5,12.5,7.5,14],"texture":"#0"},"south":{"uv":[8,13,13.5,14.5],"texture":"#0"}}},{"to":[0.94333,10.15565,7.326],"rotation":{"origin":[-0.27602,9.55565,7.201],"angle":-22.5,"axis":"z"},"from":[-0.39537,9.90565,7.076],"faces":{"down":{"rotation":180,"uv":[8.5,10,15.5,11.5],"texture":"#0"},"north":{"uv":[8,13,13.5,14.5],"texture":"#0"},"up":{"rotation":180,"uv":[14.5,12.5,7.5,14],"texture":"#0"},"south":{"uv":[14.5,13.5,7.5,15],"texture":"#0"}}},{"to":[-0.15667,10.15565,8.9241],"rotation":{"origin":[-0.27602,9.55565,8.799],"angle":0,"axis":"z"},"from":[-0.39537,9.90565,8.6741],"faces":{"down":{"rotation":90,"uv":[12,15.5,13.5,16],"texture":"#0"},"north":{"uv":[12,13.5,13,15],"texture":"#0"},"up":{"uv":[9,12.5,7.5,14],"texture":"#0"},"south":{"uv":[14.5,13,13.5,14.5],"texture":"#0"}}},{"to":[-0.15667,10.15565,8.9235],"rotation":{"origin":[-0.27602,9.55565,8.799],"angle":22.5,"axis":"z"},"from":[-0.39537,9.90565,8.6745],"faces":{"down":{"rotation":90,"uv":[12,15.5,13.5,16],"texture":"#0"},"north":{"uv":[13.5,13.5,14.5,15],"texture":"#0"},"up":{"uv":[10,12.5,8.5,14],"texture":"#0"},"south":{"uv":[14.5,13.5,13.5,15],"texture":"#0"}}},{"to":[-0.62602,9.675,8.924],"rotation":{"origin":[-0.27602,9.55565,8.799],"angle":-45,"axis":"z"},"from":[-0.87602,9.4363,8.674],"faces":{"west":{"rotation":90,"uv":[11.5,12.5,10,14],"texture":"#0"},"east":{"rotation":180,"uv":[12,15.5,13.5,16],"texture":"#0"},"north":{"rotation":90,"uv":[13,14,12,15.5],"texture":"#0"},"south":{"rotation":270,"uv":[12,14,13,15.5],"texture":"#0"}}},{"to":[-0.62602,9.675,8.9235],"rotation":{"origin":[-0.27602,9.55565,8.799],"angle":-22.5,"axis":"z"},"from":[-0.87602,9.4363,8.6745],"faces":{"west":{"rotation":90,"uv":[13,12.5,11.5,14],"texture":"#0"},"east":{"rotation":180,"uv":[12,15.5,13.5,16],"texture":"#0"},"north":{"rotation":90,"uv":[11.5,14,10.5,15.5],"texture":"#0"},"south":{"rotation":270,"uv":[10.5,14,11.5,15.5],"texture":"#0"}}},{"to":[-0.62602,9.67501,8.924],"rotation":{"origin":[-0.82602,7.92501,8.87503],"angle":0,"axis":"z"},"from":[-0.87602,6.47501,8.674],"faces":{"down":{"uv":[12.25,10.75,12.75,11.25],"texture":"#2"},"west":{"rotation":90,"uv":[8.5,12.5,16,14],"texture":"#0"},"east":{"rotation":90,"uv":[8.5,10,16,11.5],"texture":"#0"},"north":{"rotation":90,"uv":[8.5,12.5,16,11],"texture":"#0"},"south":{"rotation":90,"uv":[8.5,15.5,16,14],"texture":"#0"}}},{"to":[-0.15667,10.15565,7.3259],"rotation":{"origin":[-0.27602,9.55565,7.201],"angle":0,"axis":"z"},"from":[-0.39537,9.90565,7.0759],"faces":{"down":{"rotation":90,"uv":[12,15.5,13.5,16],"texture":"#0"},"north":{"uv":[13.5,13,14.5,14.5],"texture":"#0"},"up":{"uv":[9,12.5,7.5,14],"texture":"#0"},"south":{"uv":[14,13.5,13,15],"texture":"#0"}}},{"to":[-0.15667,10.15565,7.3255],"rotation":{"origin":[-0.27602,9.55565,7.201],"angle":22.5,"axis":"z"},"from":[-0.39537,9.90565,7.0765],"faces":{"down":{"rotation":90,"uv":[12,15.5,13.5,16],"texture":"#0"},"north":{"uv":[13.5,13.5,14.5,15],"texture":"#0"},"up":{"uv":[10,12.5,8.5,14],"texture":"#0"},"south":{"uv":[14.5,13.5,13.5,15],"texture":"#0"}}},{"to":[-0.62602,9.675,7.326],"rotation":{"origin":[-0.27602,9.55565,7.201],"angle":-45,"axis":"z"},"from":[-0.87602,9.4363,7.076],"faces":{"west":{"rotation":90,"uv":[11.5,12.5,10,14],"texture":"#0"},"east":{"rotation":180,"uv":[12,15.5,13.5,16],"texture":"#0"},"north":{"rotation":90,"uv":[13,14,12,15.5],"texture":"#0"},"south":{"rotation":270,"uv":[12,14,13,15.5],"texture":"#0"}}},{"to":[-0.62602,9.675,7.3255],"rotation":{"origin":[-0.27602,9.55565,7.201],"angle":-22.5,"axis":"z"},"from":[-0.87602,9.4363,7.0765],"faces":{"west":{"rotation":90,"uv":[11.5,12.5,10,14],"texture":"#0"},"east":{"rotation":180,"uv":[12,15.5,13.5,16],"texture":"#0"},"north":{"rotation":90,"uv":[11.5,14,10.5,15.5],"texture":"#0"},"south":{"rotation":270,"uv":[10.5,14,11.5,15.5],"texture":"#0"}}},{"to":[-0.575,6.47501,8.849],"rotation":{"origin":[-0.80102,6.47501,8.90003],"angle":0,"axis":"z"},"from":[-0.925,5.10001,8.749],"faces":{"down":{"uv":[12.25,10.75,12.75,11.25],"texture":"#2"},"west":{"uv":[12.5,3.25,12.75,4.75],"texture":"#1"},"east":{"rotation":180,"uv":[11.5,11.5,11.75,13],"texture":"#1"},"north":{"rotation":180,"uv":[8,11.25,8.75,12.75],"texture":"#1"},"south":{"uv":[9.75,4.5,10.5,6],"texture":"#1"}}},{"to":[-0.875,6.62501,8.8489],"rotation":{"origin":[-0.925,6.47501,8.85003],"angle":-22.5,"axis":"z"},"from":[-0.925,6.47501,8.7491],"faces":{"west":{"rotation":90,"uv":[11,4.5,11.25,4.75],"texture":"#1"},"north":{"rotation":90,"uv":[7.25,15.75,7.5,16],"texture":"#1"},"south":{"rotation":90,"uv":[11.5,4.5,11.75,4.75],"texture":"#1"}}},{"to":[-0.575,6.62501,8.8489],"rotation":{"origin":[-0.575,6.47501,8.85003],"angle":22.5,"axis":"z"},"from":[-0.625,6.47501,8.7491],"faces":{"east":{"rotation":90,"uv":[8.75,4.75,9,5],"texture":"#1"},"north":{"rotation":90,"uv":[7.25,15.75,7.5,16],"texture":"#1"},"south":{"rotation":90,"uv":[11.5,4.5,11.75,4.75],"texture":"#1"}}},{"to":[-0.875,6.62501,7.2509],"rotation":{"origin":[-0.925,6.47501,7.14997],"angle":-22.5,"axis":"z"},"from":[-0.925,6.47501,7.1511],"faces":{"west":{"rotation":90,"uv":[11,4.5,11.25,4.75],"texture":"#1"},"north":{"rotation":90,"uv":[11.5,4.5,11.75,4.75],"texture":"#1"},"south":{"rotation":90,"uv":[7.25,15.75,7.5,16],"texture":"#1"}}},{"to":[-0.62602,9.67501,7.326],"rotation":{"origin":[-0.82602,7.92501,7.07497],"angle":0,"axis":"z"},"from":[-0.87602,6.47501,7.076],"faces":{"down":{"uv":[12.25,10.75,12.75,11.25],"texture":"#2"},"west":{"rotation":90,"uv":[8.5,12.5,16,14],"texture":"#0"},"east":{"rotation":90,"uv":[8.5,10,16,11.5],"texture":"#0"},"north":{"rotation":90,"uv":[8.5,14,16,15.5],"texture":"#0"},"south":{"rotation":90,"uv":[8.5,11,16,12.5],"texture":"#0"}}},{"to":[-0.575,6.62501,7.2509],"rotation":{"origin":[-0.575,6.47501,7.14997],"angle":22.5,"axis":"z"},"from":[-0.625,6.47501,7.1511],"faces":{"east":{"rotation":90,"uv":[8.75,4.75,9,5],"texture":"#1"},"north":{"rotation":90,"uv":[11.5,4.5,11.75,4.75],"texture":"#1"},"south":{"rotation":90,"uv":[7.25,15.75,7.5,16],"texture":"#1"}}},{"to":[9.29898,6.47501,8.95003],"rotation":{"origin":[4.54898,6.28751,8.00003],"angle":0,"axis":"y"},"from":[-0.20102,6.10001,8.77503],"faces":{"down":{"rotation":180,"uv":[9,15.5,15,16],"texture":"#0"},"north":{"uv":[9,14,15,15.5],"texture":"#0"},"up":{"uv":[8.5,12.5,14.5,13.5],"texture":"#0"},"south":{"uv":[8,13.5,14,15],"texture":"#0"}}},{"to":[9.29898,6.47501,7.22503],"rotation":{"origin":[4.54898,6.28751,8.00003],"angle":0,"axis":"y"},"from":[-0.20102,6.10001,7.05003],"faces":{"down":{"rotation":180,"uv":[9,15.5,15,16],"texture":"#0"},"north":{"uv":[8,13.5,14,15],"texture":"#0"},"up":{"rotation":180,"uv":[8.5,12.5,14.5,13.5],"texture":"#0"},"south":{"uv":[9,14,15,15.5],"texture":"#0"}}},{"to":[3.285,9.6625,8.925],"rotation":{"origin":[-0.27602,9.55565,8.799],"angle":0,"axis":"z"},"from":[0.985,9.4125,8.675],"faces":{"down":{"rotation":180,"uv":[8.5,10,15.5,11.5],"texture":"#0"},"north":{"uv":[14.5,13.5,7.5,15],"texture":"#0"},"up":{"uv":[14.5,12.5,7.5,14],"texture":"#0"},"south":{"uv":[14.5,13,7.5,14.5],"texture":"#0"}}},{"to":[3.285,9.6625,7.325],"rotation":{"origin":[-0.27602,9.55565,7.201],"angle":0,"axis":"z"},"from":[0.985,9.4125,7.075],"faces":{"down":{"rotation":180,"uv":[8.5,10,15.5,11.5],"texture":"#0"},"north":{"uv":[14.5,13,7.5,14.5],"texture":"#0"},"up":{"uv":[14.5,12.5,7.5,14],"texture":"#0"},"south":{"uv":[14.5,13.5,7.5,15],"texture":"#0"}}},{"to":[3.285,9.6625,7.325],"rotation":{"origin":[3.101,9.5375,8],"angle":-22.5,"axis":"y"},"from":[2.917,9.4125,7.075],"faces":{"down":{"rotation":180,"uv":[14.5,14.5,16,16],"texture":"#0"},"north":{"uv":[12,13,13.5,14.5],"texture":"#0"},"up":{"uv":[9,12.5,7.5,14],"texture":"#0"},"south":{"rotation":180,"uv":[14,11,12.5,12.5],"texture":"#0"}}},{"to":[3.285,9.6625,7.325],"rotation":{"origin":[3.101,9.5375,8],"angle":-45,"axis":"y"},"from":[2.917,9.4125,7.075],"faces":{"down":{"rotation":180,"uv":[14.5,14.5,16,16],"texture":"#0"},"north":{"uv":[12.5,13,14,14.5],"texture":"#0"},"up":{"uv":[10.5,12.5,9,14],"texture":"#0"},"south":{"rotation":180,"uv":[11,11,9.5,12.5],"texture":"#0"}}},{"to":[4.026,9.6625,8.184],"rotation":{"origin":[3.101,9.5375,8],"angle":22.5,"axis":"y"},"from":[3.776,9.4125,7.816],"faces":{"down":{"rotation":90,"uv":[14.5,14.5,16,16],"texture":"#0"},"west":{"rotation":180,"uv":[11,11,9.5,12.5],"texture":"#0"},"east":{"uv":[11.5,13,13,14.5],"texture":"#0"},"up":{"rotation":90,"uv":[13.5,12.5,12,14],"texture":"#0"}}},{"to":[4.026,9.6625,8.184],"rotation":{"origin":[3.101,9.5375,8],"angle":0,"axis":"y"},"from":[3.776,9.4125,7.816],"faces":{"down":{"rotation":90,"uv":[14.5,14.5,16,16],"texture":"#0"},"west":{"rotation":180,"uv":[10.5,10.5,9,12],"texture":"#0"},"east":{"uv":[10.5,13,12,14.5],"texture":"#0"},"up":{"rotation":90,"uv":[10,12.5,8.5,14],"texture":"#0"}}},{"to":[4.026,9.6625,8.184],"rotation":{"origin":[3.101,9.5375,8],"angle":-22.5,"axis":"y"},"from":[3.776,9.4125,7.816],"faces":{"down":{"rotation":90,"uv":[14.5,14.5,16,16],"texture":"#0"},"west":{"rotation":180,"uv":[11,11,9.5,12.5],"texture":"#0"},"east":{"uv":[11.5,13,10,14.5],"texture":"#0"},"up":{"rotation":90,"uv":[10,12.5,8.5,14],"texture":"#0"}}},{"to":[3.285,9.6625,8.925],"rotation":{"origin":[3.101,9.5375,8],"angle":45,"axis":"y"},"from":[2.917,9.4125,8.675],"faces":{"down":{"uv":[14.5,14.5,16,16],"texture":"#0"},"north":{"rotation":180,"uv":[11,11,9.5,12.5],"texture":"#0"},"up":{"uv":[10.5,12.5,9,14],"texture":"#0"},"south":{"uv":[12.5,13,14,14.5],"texture":"#0"}}},{"to":[3.285,9.6625,8.925],"rotation":{"origin":[3.101,9.5375,8],"angle":22.5,"axis":"y"},"from":[2.917,9.4125,8.675],"faces":{"down":{"uv":[14.5,14.5,16,16],"texture":"#0"},"north":{"rotation":180,"uv":[14,11,12.5,12.5],"texture":"#0"},"up":{"uv":[9,12.5,7.5,14],"texture":"#0"},"south":{"uv":[12,13,13.5,14.5],"texture":"#0"}}}],"display":{"thirdperson_righthand":{"rotation":[0,90,0],"scale":[0.6,0.6,0.6],"translation":[0,1.25,-0.75]},"head":{"scale":[1.2,1.2,1.2]},"thirdperson_lefthand":{"rotation":[90,90,34],"scale":[0.6,0.6,0.6],"translation":[-1.75,-6,6]},"gui":{"rotation":[0,0,45],"scale":[1.2,1.2,1.2],"translation":[-0.25,5,0]},"firstperson_lefthand":{"scale":[0,0,0]},"firstperson_righthand":{"rotation":[0,90,0],"scale":[1.2,1.2,1.2],"translation":[-3,4,-6]},"fixed":{"rotation":[0,-180,0],"scale":[1.2,1.2,1.2],"translation":[-3.25,5,-2.25]},"ground":{"translation":[0,6,0],"scale":[0.6,0.6,0.6]}},"credit":"thebradqq's guns"}