{"textures":{"particle":"mgs:gun/metal_brighter","1":"mgs:gun/metal","0":"mgs:gun/mac10details","2":"mgs:gun/metal_bright","5":"mgs:gun/copper","4":"mgs:gun/brass"},"gui_light":"front","elements":[{"to":[8.64419,23.25,9.75507],"rotation":{"origin":[8.13247,1.5,7.8],"angle":0,"axis":"z"},"from":[3.14919,-15.5,9.54507],"faces":{"down":{"uv":[10,9.75,11.25,10],"texture":"#2"},"east":{"rotation":270,"uv":[6,7.25,6.5,7.75],"texture":"#2"},"north":{"uv":[7.5,10.75,8,11.25],"texture":"#2"},"up":{"rotation":180,"uv":[7,1.75,7.5,2.25],"texture":"#2"},"south":{"uv":[2,6,4.5,16],"texture":"#0"}}},{"to":[8.64419,23.25,6.45507],"rotation":{"origin":[8.13247,1.5,8.2],"angle":0,"axis":"z"},"from":[3.14919,-15.5,6.24507],"faces":{"down":{"uv":[10,9.75,11.25,10],"texture":"#2"},"east":{"rotation":90,"uv":[6,7.25,6.5,7.75],"texture":"#2"},"north":{"uv":[2,6,4.5,16],"texture":"#0"},"up":{"uv":[7,1.75,7.5,2.25],"texture":"#2"},"south":{"uv":[7.5,10.75,8,11.25],"texture":"#2"}}},{"to":[3.34419,23.25,9.75507],"rotation":{"origin":[8.13247,1.5,8],"angle":0,"axis":"z"},"from":[3.14919,-15.5,6.24507],"faces":{"west":{"uv":[0,6,2,16],"texture":"#0"},"east":{"uv":[7.5,10.75,8,11.25],"texture":"#2"},"up":{"rotation":270,"uv":[7,1.75,7.5,2.25],"texture":"#2"}}},{"to":[3.14919,23.25,8.855],"rotation":{"origin":[8.13247,1.5,7.69992],"angle":0,"axis":"z"},"from":[2.94919,20.9,7.145],"faces":{"down":{"rotation":180,"uv":[6.75,9.75,7.25,10.25],"texture":"#1"},"west":{"rotation":180,"uv":[5.75,14.75,6.75,16],"texture":"#2"},"north":{"rotation":180,"uv":[7.5,11,7.75,12.25],"texture":"#2"},"up":{"rotation":270,"uv":[11.75,2.25,12.75,2.75],"texture":"#2"},"south":{"rotation":180,"uv":[7.5,11,7.75,12.25],"texture":"#2"}}},{"to":[3.148,22.5,8.35],"rotation":{"origin":[8.13247,1.5,7.70492],"angle":0,"axis":"z"},"from":[2.948,21.8,7.65],"faces":{"down":{"rotation":180,"uv":[6.75,9.75,7.25,10.25],"texture":"#1"},"west":{"uv":[13.5,13.5,15,15],"texture":"#0"},"north":{"rotation":180,"uv":[7.5,11,7.75,12.25],"texture":"#2"},"up":{"rotation":270,"uv":[11.75,2.25,12.75,2.75],"texture":"#2"},"south":{"rotation":180,"uv":[7.5,11,7.75,12.25],"texture":"#2"}}},{"to":[8.07339,22.35,6.5444],"rotation":{"origin":[7.93247,1.5,8.2],"angle":-45,"axis":"y"},"from":[7.05339,-15.5,6.3144],"faces":{"north":{"uv":[5.5,6,4.5,16],"texture":"#0"},"up":{"uv":[7,1.75,7.5,2.25],"texture":"#2"},"south":{"uv":[7.5,10.75,8,11.25],"texture":"#2"}}},{"to":[9.36669,22.35,9.03247],"rotation":{"origin":[7.93247,1.5,8],"angle":0,"axis":"y"},"from":[9.14419,-15.5,6.96747],"faces":{"west":{"uv":[7.5,10.75,8,11.25],"texture":"#2"},"east":{"uv":[6.5,6,5.5,16],"texture":"#0"},"up":{"rotation":90,"uv":[7,1.75,7.5,2.25],"texture":"#2"}}},{"to":[8.07343,22.35,9.68556],"rotation":{"origin":[7.93247,1.5,7.8],"angle":45,"axis":"y"},"from":[7.05343,-15.5,9.45556],"faces":{"north":{"uv":[7.5,10.75,8,11.25],"texture":"#2"},"up":{"rotation":180,"uv":[7,1.75,7.5,2.25],"texture":"#2"},"south":{"uv":[7.5,6,6.5,16],"texture":"#0"}}},{"to":[7.55,24.45,9.75],"rotation":{"origin":[6,23.25,9.75],"angle":-45,"axis":"x"},"from":[3.15,23.25,9.55],"faces":{"west":{"rotation":90,"uv":[7,1.75,7.5,2.25],"texture":"#2"},"east":{"rotation":270,"uv":[6,7.25,6.5,7.75],"texture":"#2"},"north":{"uv":[9.25,9.5,9.75,10],"texture":"#2"},"up":{"uv":[11.5,1.5,12,2],"texture":"#2"},"south":{"uv":[4.5,14.5,7,15.5],"texture":"#0"}}},{"to":[7.55,24.45,6.45],"rotation":{"origin":[6,23.25,6.25],"angle":45,"axis":"x"},"from":[3.15,23.25,6.25],"faces":{"west":{"rotation":270,"uv":[7,1.75,7.5,2.25],"texture":"#2"},"east":{"rotation":90,"uv":[6,7.25,6.5,7.75],"texture":"#2"},"north":{"uv":[4.5,14.5,7,15.5],"texture":"#0"},"up":{"uv":[11.5,1.5,12,2],"texture":"#2"},"south":{"uv":[9.25,9.5,9.75,10],"texture":"#2"}}},{"to":[3.74151,23.92656,7.78928],"rotation":{"origin":[6.25465,23.375,8],"angle":0,"axis":"y"},"from":[3.57827,22.02344,7.41072],"faces":{"down":{"rotation":180,"uv":[6.25,8,6.75,8.25],"texture":"#4"},"west":{"uv":[8.25,4,8.75,6],"texture":"#4"},"east":{"uv":[12.5,7.5,13,8],"texture":"#4"},"up":{"rotation":180,"uv":[3.5,3.75,4,4.25],"texture":"#4"}}},{"to":[3.65886,23.41,7.68653],"rotation":{"origin":[6.25465,23.375,8],"angle":0,"axis":"y"},"from":[3.55011,22.54,7.51348],"faces":{"down":{"uv":[9.5,8,9.75,8.25],"texture":"#2"},"west":{"uv":[6.25,4.5,6.75,5.25],"texture":"#2"},"up":{"uv":[3.25,4,3.5,4.5],"texture":"#2"}}},{"to":[7.37046,23.92656,7.78928],"rotation":{"origin":[6.25465,23.375,8],"angle":0,"axis":"y"},"from":[4.14921,22.02344,7.41072],"faces":{"down":{"rotation":180,"uv":[5.5,7.75,7.5,8.25],"texture":"#4"},"west":{"uv":[12.5,7.5,13,8],"texture":"#4"},"east":{"uv":[5.25,10.5,5.75,11],"texture":"#4"},"up":{"uv":[2,3.25,4,3.75],"texture":"#4"}}},{"to":[7.37046,23.80394,7.97281],"rotation":{"origin":[6.25465,23.375,8],"angle":22.5,"axis":"x"},"from":[4.14921,21.90082,7.59424],"faces":{"down":{"rotation":180,"uv":[3,9,5,9.5],"texture":"#4"},"west":{"uv":[12.5,7.5,13,8],"texture":"#4"},"east":{"uv":[5.25,10.5,5.75,11],"texture":"#4"},"up":{"uv":[2,3.75,4,4.25],"texture":"#4"}}},{"to":[7.37046,24.11009,7.66665],"rotation":{"origin":[6.25465,23.375,8],"angle":-22.5,"axis":"x"},"from":[4.14921,22.20696,7.28809],"faces":{"down":{"rotation":180,"uv":[3.5,8,5.5,8.5],"texture":"#4"},"west":{"uv":[12.5,7.5,13,8],"texture":"#4"},"east":{"uv":[5.25,10.5,5.75,11],"texture":"#4"},"up":{"uv":[0,3.25,2,3.75],"texture":"#4"}}},{"to":[7.37046,23.76088,8.18929],"rotation":{"origin":[6.25465,23.375,8],"angle":45,"axis":"x"},"from":[4.14921,21.85775,7.81072],"faces":{"down":{"rotation":180,"uv":[5.75,5.5,7.75,6],"texture":"#4"},"west":{"uv":[12.5,7.5,13,8],"texture":"#4"},"east":{"uv":[5.25,10.5,5.75,11],"texture":"#4"},"up":{"uv":[5.25,4.25,7.25,4.75],"texture":"#4"}}},{"to":[7.37046,24.32656,7.62359],"rotation":{"origin":[6.25465,23.375,8],"angle":-45,"axis":"x"},"from":[4.14921,22.42344,7.24503],"faces":{"down":{"uv":[4.5,5.5,6.5,6],"texture":"#4"},"west":{"uv":[12.5,7.5,13,8],"texture":"#4"},"east":{"uv":[5.25,10.5,5.75,11],"texture":"#4"},"up":{"rotation":180,"uv":[1.25,4.25,3.25,4.75],"texture":"#4"}}},{"to":[7.37046,23.34781,8.42894],"rotation":{"origin":[6.25465,23.375,8],"angle":-22.5,"axis":"x"},"from":[4.14921,22.96925,6.52581],"faces":{"west":{"rotation":90,"uv":[12.5,7.5,13,8],"texture":"#4"},"east":{"uv":[5.25,10.5,5.75,11],"texture":"#4"},"north":{"uv":[6.25,5,8.25,5.5],"texture":"#4"},"south":{"uv":[5.25,4.75,7.25,5.25],"texture":"#4"}}},{"to":[7.37046,23.04166,8.73508],"rotation":{"origin":[6.25465,23.375,8],"angle":22.5,"axis":"x"},"from":[4.14921,22.6631,6.83196],"faces":{"west":{"rotation":270,"uv":[12.5,7.5,13,8],"texture":"#4"},"east":{"uv":[5.25,10.5,5.75,11],"texture":"#4"},"north":{"uv":[5.25,4.75,7.25,5.25],"texture":"#4"},"south":{"uv":[6.25,5,8.25,5.5],"texture":"#4"}}},{"to":[7.37046,23.16428,8.55156],"rotation":{"origin":[6.25465,23.375,8],"angle":0,"axis":"y"},"from":[4.14921,22.78572,6.64844],"faces":{"west":{"uv":[12.5,7.5,13,8],"texture":"#4"},"east":{"uv":[5.25,10.5,5.75,11],"texture":"#4"},"north":{"uv":[3,12.25,5,12.75],"texture":"#4"},"south":{"uv":[0,12,2,12.5],"texture":"#4"}}},{"to":[7.80546,23.845,7.77305],"rotation":{"origin":[6.25465,23.375,8],"angle":0,"axis":"y"},"from":[7.26171,22.105,7.42694],"faces":{"down":{"rotation":180,"uv":[7.75,8,8.25,8.25],"texture":"#5"},"east":{"uv":[11,7.5,11.5,8],"texture":"#5"},"up":{"uv":[3.25,4,3.75,4.25],"texture":"#5"}}},{"to":[7.80546,24.02853,7.65042],"rotation":{"origin":[6.25465,23.375,8],"angle":-22.5,"axis":"x"},"from":[7.26171,22.28853,7.30432],"faces":{"down":{"rotation":180,"uv":[4.25,8,4.75,8.25],"texture":"#5"},"east":{"uv":[11,7.5,11.5,8],"texture":"#5"},"up":{"uv":[7.5,4.25,8,4.5],"texture":"#5"}}},{"to":[7.80546,23.72238,7.95658],"rotation":{"origin":[6.25465,23.375,8],"angle":22.5,"axis":"x"},"from":[7.26171,21.98238,7.61047],"faces":{"down":{"uv":[4.25,8,4.75,8.25],"texture":"#5"},"east":{"uv":[11,7.5,11.5,8],"texture":"#5"},"up":{"uv":[5.5,4.25,6,4.5],"texture":"#5"}}},{"to":[7.80546,24.245,7.60737],"rotation":{"origin":[6.25465,23.375,8],"angle":-45,"axis":"x"},"from":[7.26171,22.505,7.26126],"faces":{"down":{"rotation":180,"uv":[2.75,9.25,3.25,9.5],"texture":"#5"},"east":{"uv":[11,7.5,11.5,8],"texture":"#5"},"up":{"rotation":180,"uv":[6.5,4.75,7,5],"texture":"#5"}}},{"to":[7.80546,23.67932,8.17306],"rotation":{"origin":[6.25465,23.375,8],"angle":45,"axis":"x"},"from":[7.26171,21.93932,7.82695],"faces":{"down":{"rotation":180,"uv":[2.75,9.25,3.25,9.75],"texture":"#5"},"east":{"uv":[11,7.5,11.5,8],"texture":"#5"},"up":{"uv":[8.5,4.75,9,5],"texture":"#5"}}},{"to":[7.80546,23.02543,8.65352],"rotation":{"origin":[6.25465,23.375,8],"angle":22.5,"axis":"x"},"from":[7.26171,22.67933,6.91352],"faces":{"east":{"rotation":90,"uv":[11,7.5,11.5,8],"texture":"#5"},"north":{"rotation":180,"uv":[5.5,11.5,6,11.75],"texture":"#5"},"south":{"rotation":180,"uv":[1.25,9.75,1.75,10],"texture":"#5"}}},{"to":[7.80546,23.33158,8.34737],"rotation":{"origin":[6.25465,23.375,8],"angle":-22.5,"axis":"x"},"from":[7.26171,22.98548,6.60737],"faces":{"east":{"rotation":270,"uv":[11,7.5,11.5,8],"texture":"#5"},"north":{"rotation":180,"uv":[2.5,10,3,10.5],"texture":"#5"},"south":{"rotation":180,"uv":[5.5,11.5,6,11.75],"texture":"#5"}}},{"to":[7.80546,23.14806,8.47],"rotation":{"origin":[6.25465,23.375,8],"angle":0,"axis":"y"},"from":[7.26171,22.80195,6.73],"faces":{"east":{"uv":[11,7.5,11.5,8],"texture":"#5"},"north":{"rotation":180,"uv":[5.5,11,6,11.25],"texture":"#5"},"south":{"rotation":180,"uv":[5.5,11,6,11.25],"texture":"#5"}}},{"to":[8.07546,23.79063,7.76223],"rotation":{"origin":[6.25465,23.375,8],"angle":0,"axis":"y"},"from":[7.74921,22.15938,7.43777],"faces":{"down":{"rotation":180,"uv":[7.75,8,8.25,8.25],"texture":"#5"},"east":{"uv":[11,7.5,11.5,8],"texture":"#5"},"up":{"uv":[3.25,4,3.75,4.25],"texture":"#5"}}},{"to":[8.07546,23.668,7.94575],"rotation":{"origin":[6.25465,23.375,8],"angle":22.5,"axis":"x"},"from":[7.74921,22.03675,7.62129],"faces":{"down":{"uv":[4.25,8,4.75,8.25],"texture":"#5"},"east":{"uv":[11,7.5,11.5,8],"texture":"#5"},"up":{"uv":[12.75,2.25,13.25,2.5],"texture":"#5"}}},{"to":[8.07546,23.97415,7.63961],"rotation":{"origin":[6.25465,23.375,8],"angle":-22.5,"axis":"x"},"from":[7.74921,22.3429,7.31514],"faces":{"down":{"rotation":180,"uv":[4.25,8,4.75,8.25],"texture":"#5"},"east":{"uv":[11,7.5,11.5,8],"texture":"#5"},"up":{"uv":[8.5,4.25,9,4.5],"texture":"#5"}}},{"to":[8.07546,23.62494,8.16223],"rotation":{"origin":[6.25465,23.375,8],"angle":45,"axis":"x"},"from":[7.74921,21.99369,7.83777],"faces":{"down":{"rotation":180,"uv":[2.75,9.25,3.25,9.75],"texture":"#5"},"east":{"uv":[11,7.5,11.5,8],"texture":"#5"},"up":{"uv":[9.25,4.75,9.75,5],"texture":"#5"}}},{"to":[8.07546,24.19063,7.59655],"rotation":{"origin":[6.25465,23.375,8],"angle":-45,"axis":"x"},"from":[7.74921,22.55938,7.27208],"faces":{"down":{"rotation":180,"uv":[2.75,9.25,3.25,9.5],"texture":"#5"},"east":{"uv":[11,7.5,11.5,8],"texture":"#5"},"up":{"rotation":180,"uv":[5.75,4.75,6.25,5],"texture":"#5"}}},{"to":[8.07546,23.32077,8.293],"rotation":{"origin":[6.25465,23.375,8],"angle":-22.5,"axis":"x"},"from":[7.74921,22.99629,6.66175],"faces":{"east":{"rotation":270,"uv":[11,7.5,11.5,8],"texture":"#5"},"north":{"rotation":180,"uv":[2.5,10,3,10.5],"texture":"#5"},"south":{"rotation":180,"uv":[6.25,11.5,6.75,11.75],"texture":"#5"}}},{"to":[8.07546,23.01462,8.59915],"rotation":{"origin":[6.25465,23.375,8],"angle":22.5,"axis":"x"},"from":[7.74921,22.69015,6.9679],"faces":{"east":{"rotation":90,"uv":[11,7.5,11.5,8],"texture":"#5"},"north":{"rotation":180,"uv":[4.75,11.5,5.25,11.75],"texture":"#5"},"south":{"rotation":180,"uv":[1.25,9.75,1.75,10],"texture":"#5"}}},{"to":[8.07546,23.13723,8.41562],"rotation":{"origin":[6.25465,23.375,8],"angle":0,"axis":"y"},"from":[7.74921,22.81277,6.78437],"faces":{"east":{"uv":[11,7.5,11.5,8],"texture":"#5"},"north":{"rotation":180,"uv":[5.5,11,6,11.25],"texture":"#5"},"south":{"rotation":180,"uv":[5.5,11,6,11.25],"texture":"#5"}}},{"to":[8.27234,23.73625,7.75142],"rotation":{"origin":[6.25465,23.375,8],"angle":0,"axis":"y"},"from":[8.00046,22.21375,7.44857],"faces":{"down":{"rotation":180,"uv":[7.75,8,8.25,8.25],"texture":"#5"},"east":{"uv":[11,7.5,11.5,8],"texture":"#5"},"up":{"uv":[3.25,4,3.75,4.25],"texture":"#5"}}},{"to":[8.27234,23.91978,7.62879],"rotation":{"origin":[6.25465,23.375,8],"angle":-22.5,"axis":"x"},"from":[8.00046,22.39728,7.32595],"faces":{"down":{"rotation":180,"uv":[4.25,8,4.75,8.25],"texture":"#5"},"east":{"uv":[11,7.5,11.5,8],"texture":"#5"},"up":{"uv":[8.75,4.25,9.25,4.5],"texture":"#5"}}},{"to":[8.27234,23.61363,7.93495],"rotation":{"origin":[6.25465,23.375,8],"angle":22.5,"axis":"x"},"from":[8.00046,22.09113,7.6321],"faces":{"down":{"uv":[4.25,8,4.75,8.25],"texture":"#5"},"east":{"uv":[11,7.5,11.5,8],"texture":"#5"},"up":{"uv":[10.5,2.75,11,3],"texture":"#5"}}},{"to":[8.27234,24.13625,7.58574],"rotation":{"origin":[6.25465,23.375,8],"angle":-45,"axis":"x"},"from":[8.00046,22.61375,7.28289],"faces":{"down":{"rotation":180,"uv":[2.75,9.25,3.25,9.5],"texture":"#5"},"east":{"uv":[11,7.5,11.5,8],"texture":"#5"},"up":{"rotation":180,"uv":[5.75,4.75,6.25,5],"texture":"#5"}}},{"to":[8.27234,23.0038,8.54477],"rotation":{"origin":[6.25465,23.375,8],"angle":22.5,"axis":"x"},"from":[8.00046,22.70096,7.02227],"faces":{"east":{"rotation":90,"uv":[11,7.5,11.5,8],"texture":"#5"},"north":{"rotation":180,"uv":[6.75,11.5,7.25,11.75],"texture":"#5"},"south":{"rotation":180,"uv":[1.25,9.75,1.75,10],"texture":"#5"}}},{"to":[8.27234,23.57057,8.15143],"rotation":{"origin":[6.25465,23.375,8],"angle":45,"axis":"x"},"from":[8.00046,22.04807,7.84858],"faces":{"down":{"rotation":180,"uv":[2.75,9.25,3.25,9.75],"texture":"#5"},"east":{"uv":[11,7.5,11.5,8],"texture":"#5"},"up":{"uv":[9,4.75,9.5,5],"texture":"#5"}}},{"to":[8.27234,23.30995,8.23862],"rotation":{"origin":[6.25465,23.375,8],"angle":-22.5,"axis":"x"},"from":[8.00046,23.00711,6.71612],"faces":{"east":{"rotation":270,"uv":[11,7.5,11.5,8],"texture":"#5"},"north":{"rotation":180,"uv":[2.5,10,3,10.5],"texture":"#5"},"south":{"rotation":180,"uv":[6.25,11.5,6.75,11.75],"texture":"#5"}}},{"to":[8.27234,23.12643,8.36125],"rotation":{"origin":[6.25465,23.375,8],"angle":0,"axis":"y"},"from":[8.00046,22.82358,6.83875],"faces":{"east":{"uv":[11,7.5,11.5,8],"texture":"#5"},"north":{"rotation":180,"uv":[5.5,11,6,11.25],"texture":"#5"},"south":{"rotation":180,"uv":[5.5,11,6,11.25],"texture":"#5"}}},{"to":[8.36046,23.68188,7.7406],"rotation":{"origin":[6.25465,23.375,8],"angle":0,"axis":"y"},"from":[8.19734,22.26813,7.4594],"faces":{"down":{"rotation":180,"uv":[7.75,8,8.25,8.25],"texture":"#5"},"east":{"uv":[11,7.5,11.5,8],"texture":"#5"},"up":{"uv":[3.25,4,3.75,4.25],"texture":"#5"}}},{"to":[8.36046,23.55925,7.92412],"rotation":{"origin":[6.25465,23.375,8],"angle":22.5,"axis":"x"},"from":[8.19734,22.1455,7.64292],"faces":{"down":{"uv":[4.25,8,4.75,8.25],"texture":"#5"},"east":{"uv":[11,7.5,11.5,8],"texture":"#5"},"up":{"uv":[11.25,3.25,11.75,3.5],"texture":"#5"}}},{"to":[8.36046,23.8654,7.61798],"rotation":{"origin":[6.25465,23.375,8],"angle":-22.5,"axis":"x"},"from":[8.19734,22.45165,7.33677],"faces":{"down":{"rotation":180,"uv":[4.25,8,4.75,8.25],"texture":"#5"},"east":{"uv":[11,7.5,11.5,8],"texture":"#5"},"up":{"uv":[11,3,11.5,3.25],"texture":"#5"}}},{"to":[8.36046,23.51619,8.1406],"rotation":{"origin":[6.25465,23.375,8],"angle":45,"axis":"x"},"from":[8.19734,22.10244,7.8594],"faces":{"down":{"rotation":180,"uv":[2.75,9.25,3.25,9.75],"texture":"#5"},"east":{"uv":[11,7.5,11.5,8],"texture":"#5"},"up":{"uv":[6.5,4.75,7,5],"texture":"#5"}}},{"to":[8.36046,24.08188,7.57492],"rotation":{"origin":[6.25465,23.375,8],"angle":-45,"axis":"x"},"from":[8.19734,22.66813,7.29371],"faces":{"down":{"rotation":180,"uv":[2.75,9.25,3.25,9.5],"texture":"#5"},"east":{"uv":[11,7.5,11.5,8],"texture":"#5"},"up":{"rotation":180,"uv":[8,4.75,8.5,5],"texture":"#5"}}},{"to":[8.36046,23.29913,8.18425],"rotation":{"origin":[6.25465,23.375,8],"angle":-22.5,"axis":"x"},"from":[8.19734,23.01792,6.7705],"faces":{"east":{"rotation":270,"uv":[11,7.5,11.5,8],"texture":"#5"},"north":{"rotation":180,"uv":[2.5,10,3,10.5],"texture":"#5"},"south":{"rotation":180,"uv":[7.5,11.5,8,11.75],"texture":"#5"}}},{"to":[8.36046,22.99298,8.4904],"rotation":{"origin":[6.25465,23.375,8],"angle":22.5,"axis":"x"},"from":[8.19734,22.71178,7.07665],"faces":{"east":{"rotation":90,"uv":[11,7.5,11.5,8],"texture":"#5"},"north":{"rotation":180,"uv":[7,11.5,7.5,11.75],"texture":"#5"},"south":{"rotation":180,"uv":[1.25,9.75,1.75,10],"texture":"#5"}}},{"to":[8.36046,23.1156,8.30687],"rotation":{"origin":[6.25465,23.375,8],"angle":0,"axis":"y"},"from":[8.19734,22.8344,6.89312],"faces":{"east":{"uv":[11,7.5,11.5,8],"texture":"#5"},"north":{"rotation":180,"uv":[5.5,11,6,11.25],"texture":"#5"},"south":{"rotation":180,"uv":[5.5,11,6,11.25],"texture":"#5"}}},{"to":[8.59292,24.41414,7.8175],"rotation":{"origin":[6.25465,23.375,8],"angle":-22.5,"axis":"z"},"from":[8.10354,23.87039,7.3825],"faces":{"east":{"uv":[7.5,2,8,2.5],"texture":"#5"},"north":{"uv":[6,4.5,6.5,5],"texture":"#5"},"up":{"uv":[4,4,4.5,4.5],"texture":"#5"},"south":{"uv":[5.75,4.5,6.25,5],"texture":"#5"}}},{"to":[8.28677,22.14051,7.8175],"rotation":{"origin":[6.25465,23.375,8],"angle":22.5,"axis":"z"},"from":[7.79739,21.59676,7.3825],"faces":{"down":{"rotation":180,"uv":[15,8,15.5,8.5],"texture":"#5"},"east":{"uv":[7.5,2,8,2.5],"texture":"#5"},"north":{"rotation":180,"uv":[5,8,5.5,8.5],"texture":"#5"},"south":{"rotation":180,"uv":[5,8,5.5,8.5],"texture":"#5"}}},{"to":[8.59292,23.1925,9.03914],"rotation":{"origin":[6.25465,23.375,8],"angle":22.5,"axis":"y"},"from":[8.10355,22.7575,8.44101],"faces":{"down":{"rotation":180,"uv":[9,10.25,9.5,10.75],"texture":"#5"},"east":{"uv":[7.5,2,8,2.5],"texture":"#5"},"up":{"uv":[6.5,4.75,7,5.25],"texture":"#5"},"south":{"rotation":180,"uv":[4.75,11.25,5.25,11.75],"texture":"#5"}}},{"to":[8.28677,23.1925,6.81988],"rotation":{"origin":[6.25465,23.375,8],"angle":-22.5,"axis":"y"},"from":[7.7974,22.7575,6.22176],"faces":{"down":{"rotation":180,"uv":[9,10.25,9.5,10.75],"texture":"#5"},"east":{"uv":[7.5,2,8,2.5],"texture":"#5"},"north":{"rotation":180,"uv":[4.75,11.25,5.25,11.75],"texture":"#5"},"up":{"rotation":180,"uv":[6.5,4.75,7,5.25],"texture":"#5"}}},{"to":[3.74162,23.80394,7.97281],"rotation":{"origin":[6.25465,23.375,8],"angle":22.5,"axis":"x"},"from":[3.57839,21.90082,7.59424],"faces":{"down":{"rotation":180,"uv":[6.25,8,6.75,8.25],"texture":"#4"},"west":{"uv":[7.25,4,7.75,6],"texture":"#4"},"east":{"uv":[12.5,7.5,13,8],"texture":"#4"},"up":{"uv":[3.5,4.25,4,4.75],"texture":"#4"}}},{"to":[3.74162,24.11009,7.66665],"rotation":{"origin":[6.25465,23.375,8],"angle":-22.5,"axis":"x"},"from":[3.57839,22.20696,7.28809],"faces":{"down":{"rotation":180,"uv":[6.25,8,6.75,8.25],"texture":"#4"},"west":{"uv":[7.25,4,7.75,6],"texture":"#4"},"east":{"uv":[12.5,7.5,13,8],"texture":"#4"},"up":{"rotation":180,"uv":[3.5,4.25,4,4.75],"texture":"#4"}}},{"to":[3.74151,23.76088,8.18929],"rotation":{"origin":[6.25465,23.375,8],"angle":45,"axis":"x"},"from":[3.57827,21.85775,7.81072],"faces":{"down":{"rotation":180,"uv":[6.25,8,6.75,8.25],"texture":"#4"},"west":{"uv":[10.75,4.5,11.25,6.5],"texture":"#4"},"east":{"uv":[12.5,7.5,13,8],"texture":"#4"},"up":{"uv":[3.75,4.75,4.25,5.25],"texture":"#4"}}},{"to":[3.74151,24.32656,7.62359],"rotation":{"origin":[6.25465,23.375,8],"angle":-45,"axis":"x"},"from":[3.57827,22.42344,7.24503],"faces":{"down":{"rotation":180,"uv":[6.25,8,6.75,8.25],"texture":"#4"},"west":{"uv":[6.75,4.5,7.25,6.5],"texture":"#4"},"east":{"uv":[12.5,7.5,13,8],"texture":"#4"},"up":{"rotation":180,"uv":[7.75,4.75,8.25,5.25],"texture":"#4"}}},{"to":[3.74162,23.34781,8.42894],"rotation":{"origin":[6.25465,23.375,8],"angle":-22.5,"axis":"x"},"from":[3.57839,22.96925,6.52581],"faces":{"west":{"rotation":90,"uv":[0.5,4.75,1,6.75],"texture":"#4"},"east":{"rotation":270,"uv":[12.5,7.5,13,8],"texture":"#4"},"north":{"rotation":180,"uv":[6.75,8,7.25,8.5],"texture":"#4"},"south":{"uv":[5.25,5.5,5.75,6],"texture":"#4"}}},{"to":[3.74162,23.04166,8.73508],"rotation":{"origin":[6.25465,23.375,8],"angle":22.5,"axis":"x"},"from":[3.57839,22.6631,6.83196],"faces":{"west":{"rotation":270,"uv":[0.75,4.75,1.25,6.75],"texture":"#4"},"east":{"rotation":90,"uv":[12.5,7.5,13,8],"texture":"#4"},"north":{"uv":[6.75,5.5,7.25,6],"texture":"#4"},"south":{"rotation":180,"uv":[6,8,6.5,8.5],"texture":"#4"}}},{"to":[3.74151,23.16428,8.55156],"rotation":{"origin":[6.25465,23.375,8],"angle":0,"axis":"y"},"from":[3.57827,22.78572,6.64844],"faces":{"west":{"rotation":90,"uv":[7.25,9.5,7.75,11.5],"texture":"#4"},"east":{"uv":[12.5,7.5,13,8],"texture":"#4"},"north":{"rotation":180,"uv":[4.25,8.25,4.75,8.75],"texture":"#4"},"south":{"rotation":180,"uv":[6.25,8.25,6.75,8.75],"texture":"#4"}}},{"to":[3.65875,23.59353,7.5639],"rotation":{"origin":[6.25465,23.375,8],"angle":-22.5,"axis":"x"},"from":[3.55,22.72353,7.39085],"faces":{"down":{"rotation":180,"uv":[9,8,9.25,8.5],"texture":"#2"},"west":{"uv":[5.25,4.5,5.75,5.25],"texture":"#2"},"up":{"rotation":180,"uv":[7.25,4.25,7.5,4.75],"texture":"#2"}}},{"to":[3.65875,23.28738,7.87006],"rotation":{"origin":[6.25465,23.375,8],"angle":22.5,"axis":"x"},"from":[3.55,22.41738,7.697],"faces":{"down":{"uv":[9,8,9.25,8.5],"texture":"#2"},"west":{"uv":[5.25,4.5,5.75,5.25],"texture":"#2"},"up":{"uv":[3.25,4,3.5,4.5],"texture":"#2"}}},{"to":[3.65886,23.81,7.52084],"rotation":{"origin":[6.25465,23.375,8],"angle":-45,"axis":"x"},"from":[3.55011,22.94,7.34779],"faces":{"down":{"uv":[6,5.5,6.25,6],"texture":"#2"},"west":{"uv":[6.25,4.5,6.75,5.25],"texture":"#2"},"up":{"rotation":180,"uv":[7.25,4.25,7.5,4.75],"texture":"#2"}}},{"to":[3.65886,23.24432,8.08654],"rotation":{"origin":[6.25465,23.375,8],"angle":45,"axis":"x"},"from":[3.55011,22.37432,7.91348],"faces":{"down":{"uv":[6,5.5,6.25,6],"texture":"#2"},"west":{"uv":[6.25,4.5,6.75,5.25],"texture":"#2"},"up":{"uv":[3.75,4,4,4.5],"texture":"#2"}}},{"to":[3.65875,22.93891,8.21852],"rotation":{"origin":[6.25465,23.375,8],"angle":22.5,"axis":"x"},"from":[3.55,22.76586,7.34852],"faces":{"west":{"rotation":270,"uv":[9.25,4.5,9.75,5.25],"texture":"#2"},"north":{"uv":[7.25,4.25,7.5,4.75],"texture":"#2"},"south":{"uv":[6.25,5,6.5,5.5],"texture":"#2"}}},{"to":[3.65875,23.24506,7.91237],"rotation":{"origin":[6.25465,23.375,8],"angle":-22.5,"axis":"x"},"from":[3.55,23.07201,7.04237],"faces":{"west":{"rotation":90,"uv":[9,4.5,9.5,5.25],"texture":"#2"},"north":{"uv":[6.25,5,6.5,5.5],"texture":"#2"},"south":{"uv":[7.25,4.25,7.5,4.75],"texture":"#2"}}},{"to":[3.65886,23.06154,8.035],"rotation":{"origin":[6.25465,23.375,8],"angle":0,"axis":"y"},"from":[3.55011,22.88848,7.165],"faces":{"west":{"uv":[6.25,4.5,6.75,5],"texture":"#2"},"north":{"uv":[6.25,4.5,6.5,5],"texture":"#2"},"south":{"uv":[6.25,4.5,6.5,5],"texture":"#2"}}},{"to":[4.36671,23.81781,7.76765],"rotation":{"origin":[6.25465,23.375,8],"angle":0,"axis":"y"},"from":[3.71421,22.13219,7.43235],"faces":{"down":{"uv":[5.75,8,6.25,8.25],"texture":"#4"},"up":{"rotation":180,"uv":[8.5,4,9,4.5],"texture":"#4"}}},{"to":[4.36671,23.69519,7.95118],"rotation":{"origin":[6.25465,23.375,8],"angle":22.5,"axis":"x"},"from":[3.71421,22.00957,7.61587],"faces":{"down":{"uv":[5.75,8,6.25,8.25],"texture":"#4"},"up":{"rotation":180,"uv":[11,2.5,11.5,3],"texture":"#4"}}},{"to":[4.36671,24.00134,7.64502],"rotation":{"origin":[6.25465,23.375,8],"angle":-22.5,"axis":"x"},"from":[3.71421,22.31571,7.30972],"faces":{"down":{"uv":[5.75,8,6.25,8.25],"texture":"#4"},"up":{"rotation":180,"uv":[8.5,4,9,4.5],"texture":"#4"}}},{"to":[4.36671,23.65213,8.16765],"rotation":{"origin":[6.25465,23.375,8],"angle":45,"axis":"x"},"from":[3.71421,21.9665,7.83235],"faces":{"down":{"uv":[5.75,8,6.25,8.25],"texture":"#4"},"up":{"uv":[3.25,4.25,3.75,4.75],"texture":"#4"}}},{"to":[4.36671,24.21781,7.60196],"rotation":{"origin":[6.25465,23.375,8],"angle":-45,"axis":"x"},"from":[3.71421,22.53219,7.26667],"faces":{"down":{"uv":[5.75,8,6.25,8.25],"texture":"#4"},"up":{"rotation":180,"uv":[3.25,4.25,3.75,4.75],"texture":"#4"}}},{"to":[4.36671,23.32618,8.32019],"rotation":{"origin":[6.25465,23.375,8],"angle":-22.5,"axis":"x"},"from":[3.71421,22.99088,6.63456],"faces":{"north":{"rotation":180,"uv":[3,8,3.5,8.5],"texture":"#4"},"south":{"uv":[3.25,4.75,3.75,5.25],"texture":"#4"}}},{"to":[4.36671,23.02003,8.62633],"rotation":{"origin":[6.25465,23.375,8],"angle":22.5,"axis":"x"},"from":[3.71421,22.68473,6.94071],"faces":{"north":{"uv":[3.25,4.75,3.75,5.25],"texture":"#4"},"south":{"rotation":180,"uv":[3,8,3.5,8.5],"texture":"#4"}}},{"to":[4.36671,23.14265,8.44281],"rotation":{"origin":[6.25465,23.375,8],"angle":0,"axis":"y"},"from":[3.71421,22.80735,6.75719],"faces":{"north":{"uv":[3.25,5.25,3.75,5.75],"texture":"#4"},"south":{"uv":[3.25,5.25,3.75,5.75],"texture":"#4"}}},{"to":[3.74151,22.27656,8.76428],"rotation":{"origin":[6.25465,23.375,8],"angle":0,"axis":"y"},"from":[3.57827,20.37344,8.38572],"faces":{"down":{"rotation":180,"uv":[6.25,8,6.75,8.25],"texture":"#4"},"west":{"uv":[8.25,4,8.75,6],"texture":"#4"},"east":{"uv":[12.5,7.5,13,8],"texture":"#4"},"up":{"rotation":180,"uv":[3.5,3.75,4,4.25],"texture":"#4"}}},{"to":[3.65886,21.76,8.66153],"rotation":{"origin":[6.25465,23.375,8],"angle":0,"axis":"y"},"from":[3.55011,20.89,8.48848],"faces":{"down":{"uv":[9.5,8,9.75,8.25],"texture":"#2"},"west":{"uv":[6.25,4.5,6.75,5.25],"texture":"#2"},"up":{"uv":[3.25,4,3.5,4.5],"texture":"#2"}}},{"to":[7.37046,22.27656,8.76428],"rotation":{"origin":[6.25465,23.375,8],"angle":0,"axis":"y"},"from":[4.14921,20.37344,8.38572],"faces":{"down":{"rotation":180,"uv":[5.5,7.75,7.5,8.25],"texture":"#4"},"west":{"uv":[12.5,7.5,13,8],"texture":"#4"},"east":{"uv":[5.25,10.5,5.75,11],"texture":"#4"},"up":{"uv":[2,3.25,4,3.75],"texture":"#4"}}},{"to":[7.37046,22.65266,9.50502],"rotation":{"origin":[6.25465,23.375,8],"angle":22.5,"axis":"x"},"from":[4.14921,20.74953,9.12645],"faces":{"down":{"rotation":180,"uv":[3,9,5,9.5],"texture":"#4"},"west":{"uv":[12.5,7.5,13,8],"texture":"#4"},"east":{"uv":[5.25,10.5,5.75,11],"texture":"#4"},"up":{"uv":[2,3.75,4,4.25],"texture":"#4"}}},{"to":[7.37046,22.21257,7.93601],"rotation":{"origin":[6.25465,23.375,8],"angle":-22.5,"axis":"x"},"from":[4.14921,20.30945,7.55744],"faces":{"down":{"rotation":180,"uv":[3.5,8,5.5,8.5],"texture":"#4"},"west":{"uv":[12.5,7.5,13,8],"texture":"#4"},"east":{"uv":[5.25,10.5,5.75,11],"texture":"#4"},"up":{"uv":[0,3.25,2,3.75],"texture":"#4"}}},{"to":[7.37046,23.28358,10.04544],"rotation":{"origin":[6.25465,23.375,8],"angle":45,"axis":"x"},"from":[4.14921,21.38046,9.66688],"faces":{"down":{"rotation":180,"uv":[5.75,5.5,7.75,6],"texture":"#4"},"west":{"uv":[12.5,7.5,13,8],"texture":"#4"},"east":{"uv":[5.25,10.5,5.75,11],"texture":"#4"},"up":{"uv":[5.25,4.25,7.25,4.75],"texture":"#4"}}},{"to":[7.37046,22.47041,7.14629],"rotation":{"origin":[6.25465,23.375,8],"angle":-45,"axis":"x"},"from":[4.14921,20.56728,6.76773],"faces":{"down":{"uv":[4.5,5.5,6.5,6],"texture":"#4"},"west":{"uv":[12.5,7.5,13,8],"texture":"#4"},"east":{"uv":[5.25,10.5,5.75,11],"texture":"#4"},"up":{"rotation":180,"uv":[1.25,4.25,3.25,4.75],"texture":"#4"}}},{"to":[7.37046,21.45029,8.69829],"rotation":{"origin":[6.25465,23.375,8],"angle":-22.5,"axis":"x"},"from":[4.14921,21.07173,6.79517],"faces":{"west":{"rotation":90,"uv":[12.5,7.5,13,8],"texture":"#4"},"east":{"uv":[5.25,10.5,5.75,11],"texture":"#4"},"north":{"uv":[6.25,5,8.25,5.5],"texture":"#4"},"south":{"uv":[5.25,4.75,7.25,5.25],"texture":"#4"}}},{"to":[7.37046,21.89038,10.26729],"rotation":{"origin":[6.25465,23.375,8],"angle":22.5,"axis":"x"},"from":[4.14921,21.51182,8.36417],"faces":{"west":{"rotation":270,"uv":[12.5,7.5,13,8],"texture":"#4"},"east":{"uv":[5.25,10.5,5.75,11],"texture":"#4"},"north":{"uv":[5.25,4.75,7.25,5.25],"texture":"#4"},"south":{"uv":[6.25,5,8.25,5.5],"texture":"#4"}}},{"to":[7.37046,21.51428,9.52656],"rotation":{"origin":[6.25465,23.375,8],"angle":0,"axis":"y"},"from":[4.14921,21.13572,7.62344],"faces":{"west":{"uv":[12.5,7.5,13,8],"texture":"#4"},"east":{"uv":[5.25,10.5,5.75,11],"texture":"#4"},"north":{"uv":[3,12.25,5,12.75],"texture":"#4"},"south":{"uv":[0,12,2,12.5],"texture":"#4"}}},{"to":[7.80546,22.195,8.74805],"rotation":{"origin":[6.25465,23.375,8],"angle":0,"axis":"y"},"from":[7.26171,20.455,8.40194],"faces":{"down":{"rotation":180,"uv":[7.75,8,8.25,8.25],"texture":"#5"},"east":{"uv":[11,7.5,11.5,8],"texture":"#5"},"up":{"uv":[3.25,4,3.75,4.25],"texture":"#5"}}},{"to":[7.80546,22.13101,7.91978],"rotation":{"origin":[6.25465,23.375,8],"angle":-22.5,"axis":"x"},"from":[7.26171,20.39101,7.57367],"faces":{"down":{"rotation":180,"uv":[4.25,8,4.75,8.25],"texture":"#5"},"east":{"uv":[11,7.5,11.5,8],"texture":"#5"},"up":{"uv":[7.5,4.25,8,4.5],"texture":"#5"}}},{"to":[7.80546,22.57109,9.48879],"rotation":{"origin":[6.25465,23.375,8],"angle":22.5,"axis":"x"},"from":[7.26171,20.83109,9.14268],"faces":{"down":{"uv":[4.25,8,4.75,8.25],"texture":"#5"},"east":{"uv":[11,7.5,11.5,8],"texture":"#5"},"up":{"uv":[5.5,4.25,6,4.5],"texture":"#5"}}},{"to":[7.80546,22.38885,7.13007],"rotation":{"origin":[6.25465,23.375,8],"angle":-45,"axis":"x"},"from":[7.26171,20.64885,6.78396],"faces":{"down":{"rotation":180,"uv":[2.75,9.25,3.25,9.5],"texture":"#5"},"east":{"uv":[11,7.5,11.5,8],"texture":"#5"},"up":{"rotation":180,"uv":[6.5,4.75,7,5],"texture":"#5"}}},{"to":[7.80546,23.20202,10.02921],"rotation":{"origin":[6.25465,23.375,8],"angle":45,"axis":"x"},"from":[7.26171,21.46202,9.6831],"faces":{"down":{"rotation":180,"uv":[2.75,9.25,3.25,9.75],"texture":"#5"},"east":{"uv":[11,7.5,11.5,8],"texture":"#5"},"up":{"uv":[8.5,4.75,9,5],"texture":"#5"}}},{"to":[7.80546,21.87415,10.18573],"rotation":{"origin":[6.25465,23.375,8],"angle":22.5,"axis":"x"},"from":[7.26171,21.52805,8.44573],"faces":{"east":{"rotation":90,"uv":[11,7.5,11.5,8],"texture":"#5"},"north":{"rotation":180,"uv":[5.5,11.5,6,11.75],"texture":"#5"},"south":{"rotation":180,"uv":[1.25,9.75,1.75,10],"texture":"#5"}}},{"to":[7.80546,21.43406,8.61673],"rotation":{"origin":[6.25465,23.375,8],"angle":-22.5,"axis":"x"},"from":[7.26171,21.08796,6.87673],"faces":{"east":{"rotation":270,"uv":[11,7.5,11.5,8],"texture":"#5"},"north":{"rotation":180,"uv":[2.5,10,3,10.5],"texture":"#5"},"south":{"rotation":180,"uv":[5.5,11.5,6,11.75],"texture":"#5"}}},{"to":[7.80546,21.49806,9.445],"rotation":{"origin":[6.25465,23.375,8],"angle":0,"axis":"y"},"from":[7.26171,21.15195,7.705],"faces":{"east":{"uv":[11,7.5,11.5,8],"texture":"#5"},"north":{"rotation":180,"uv":[5.5,11,6,11.25],"texture":"#5"},"south":{"rotation":180,"uv":[5.5,11,6,11.25],"texture":"#5"}}},{"to":[8.07546,22.14063,8.73723],"rotation":{"origin":[6.25465,23.375,8],"angle":0,"axis":"y"},"from":[7.74921,20.50938,8.41277],"faces":{"down":{"rotation":180,"uv":[7.75,8,8.25,8.25],"texture":"#5"},"east":{"uv":[11,7.5,11.5,8],"texture":"#5"},"up":{"uv":[3.25,4,3.75,4.25],"texture":"#5"}}},{"to":[8.07546,22.51672,9.47796],"rotation":{"origin":[6.25465,23.375,8],"angle":22.5,"axis":"x"},"from":[7.74921,20.88547,9.1535],"faces":{"down":{"uv":[4.25,8,4.75,8.25],"texture":"#5"},"east":{"uv":[11,7.5,11.5,8],"texture":"#5"},"up":{"uv":[12.75,2.25,13.25,2.5],"texture":"#5"}}},{"to":[8.07546,22.07663,7.90896],"rotation":{"origin":[6.25465,23.375,8],"angle":-22.5,"axis":"x"},"from":[7.74921,20.44538,7.5845],"faces":{"down":{"rotation":180,"uv":[4.25,8,4.75,8.25],"texture":"#5"},"east":{"uv":[11,7.5,11.5,8],"texture":"#5"},"up":{"uv":[8.5,4.25,9,4.5],"texture":"#5"}}},{"to":[8.07546,23.14764,10.01839],"rotation":{"origin":[6.25465,23.375,8],"angle":45,"axis":"x"},"from":[7.74921,21.51639,9.69392],"faces":{"down":{"rotation":180,"uv":[2.75,9.25,3.25,9.75],"texture":"#5"},"east":{"uv":[11,7.5,11.5,8],"texture":"#5"},"up":{"uv":[9.25,4.75,9.75,5],"texture":"#5"}}},{"to":[8.07546,22.33447,7.11925],"rotation":{"origin":[6.25465,23.375,8],"angle":-45,"axis":"x"},"from":[7.74921,20.70322,6.79478],"faces":{"down":{"rotation":180,"uv":[2.75,9.25,3.25,9.5],"texture":"#5"},"east":{"uv":[11,7.5,11.5,8],"texture":"#5"},"up":{"rotation":180,"uv":[5.75,4.75,6.25,5],"texture":"#5"}}},{"to":[8.07546,21.42325,8.56235],"rotation":{"origin":[6.25465,23.375,8],"angle":-22.5,"axis":"x"},"from":[7.74921,21.09878,6.9311],"faces":{"east":{"rotation":270,"uv":[11,7.5,11.5,8],"texture":"#5"},"north":{"rotation":180,"uv":[2.5,10,3,10.5],"texture":"#5"},"south":{"rotation":180,"uv":[6.25,11.5,6.75,11.75],"texture":"#5"}}},{"to":[8.07546,21.86333,10.13136],"rotation":{"origin":[6.25465,23.375,8],"angle":22.5,"axis":"x"},"from":[7.74921,21.53886,8.50011],"faces":{"east":{"rotation":90,"uv":[11,7.5,11.5,8],"texture":"#5"},"north":{"rotation":180,"uv":[4.75,11.5,5.25,11.75],"texture":"#5"},"south":{"rotation":180,"uv":[1.25,9.75,1.75,10],"texture":"#5"}}},{"to":[8.07546,21.48723,9.39062],"rotation":{"origin":[6.25465,23.375,8],"angle":0,"axis":"y"},"from":[7.74921,21.16277,7.75937],"faces":{"east":{"uv":[11,7.5,11.5,8],"texture":"#5"},"north":{"rotation":180,"uv":[5.5,11,6,11.25],"texture":"#5"},"south":{"rotation":180,"uv":[5.5,11,6,11.25],"texture":"#5"}}},{"to":[8.27234,22.08625,8.72642],"rotation":{"origin":[6.25465,23.375,8],"angle":0,"axis":"y"},"from":[8.00046,20.56375,8.42357],"faces":{"down":{"rotation":180,"uv":[7.75,8,8.25,8.25],"texture":"#5"},"east":{"uv":[11,7.5,11.5,8],"texture":"#5"},"up":{"uv":[3.25,4,3.75,4.25],"texture":"#5"}}},{"to":[8.27234,22.02226,7.89815],"rotation":{"origin":[6.25465,23.375,8],"angle":-22.5,"axis":"x"},"from":[8.00046,20.49976,7.5953],"faces":{"down":{"rotation":180,"uv":[4.25,8,4.75,8.25],"texture":"#5"},"east":{"uv":[11,7.5,11.5,8],"texture":"#5"},"up":{"uv":[8.75,4.25,9.25,4.5],"texture":"#5"}}},{"to":[8.27234,22.46234,9.46716],"rotation":{"origin":[6.25465,23.375,8],"angle":22.5,"axis":"x"},"from":[8.00046,20.93984,9.16431],"faces":{"down":{"uv":[4.25,8,4.75,8.25],"texture":"#5"},"east":{"uv":[11,7.5,11.5,8],"texture":"#5"},"up":{"uv":[10.5,2.75,11,3],"texture":"#5"}}},{"to":[8.27234,22.2801,7.10844],"rotation":{"origin":[6.25465,23.375,8],"angle":-45,"axis":"x"},"from":[8.00046,20.7576,6.80559],"faces":{"down":{"rotation":180,"uv":[2.75,9.25,3.25,9.5],"texture":"#5"},"east":{"uv":[11,7.5,11.5,8],"texture":"#5"},"up":{"rotation":180,"uv":[5.75,4.75,6.25,5],"texture":"#5"}}},{"to":[8.27234,21.85252,10.07698],"rotation":{"origin":[6.25465,23.375,8],"angle":22.5,"axis":"x"},"from":[8.00046,21.54968,8.55448],"faces":{"east":{"rotation":90,"uv":[11,7.5,11.5,8],"texture":"#5"},"north":{"rotation":180,"uv":[6.75,11.5,7.25,11.75],"texture":"#5"},"south":{"rotation":180,"uv":[1.25,9.75,1.75,10],"texture":"#5"}}},{"to":[8.27234,23.09327,10.00758],"rotation":{"origin":[6.25465,23.375,8],"angle":45,"axis":"x"},"from":[8.00046,21.57077,9.70473],"faces":{"down":{"rotation":180,"uv":[2.75,9.25,3.25,9.75],"texture":"#5"},"east":{"uv":[11,7.5,11.5,8],"texture":"#5"},"up":{"uv":[9,4.75,9.5,5],"texture":"#5"}}},{"to":[8.27234,21.41243,8.50798],"rotation":{"origin":[6.25465,23.375,8],"angle":-22.5,"axis":"x"},"from":[8.00046,21.10959,6.98548],"faces":{"east":{"rotation":270,"uv":[11,7.5,11.5,8],"texture":"#5"},"north":{"rotation":180,"uv":[2.5,10,3,10.5],"texture":"#5"},"south":{"rotation":180,"uv":[6.25,11.5,6.75,11.75],"texture":"#5"}}},{"to":[8.27234,21.47643,9.33625],"rotation":{"origin":[6.25465,23.375,8],"angle":0,"axis":"y"},"from":[8.00046,21.17358,7.81375],"faces":{"east":{"uv":[11,7.5,11.5,8],"texture":"#5"},"north":{"rotation":180,"uv":[5.5,11,6,11.25],"texture":"#5"},"south":{"rotation":180,"uv":[5.5,11,6,11.25],"texture":"#5"}}},{"to":[8.36046,22.03188,8.7156],"rotation":{"origin":[6.25465,23.375,8],"angle":0,"axis":"y"},"from":[8.19734,20.61813,8.4344],"faces":{"down":{"rotation":180,"uv":[7.75,8,8.25,8.25],"texture":"#5"},"east":{"uv":[11,7.5,11.5,8],"texture":"#5"},"up":{"uv":[3.25,4,3.75,4.25],"texture":"#5"}}},{"to":[8.36046,22.40797,9.45633],"rotation":{"origin":[6.25465,23.375,8],"angle":22.5,"axis":"x"},"from":[8.19734,20.99422,9.17513],"faces":{"down":{"uv":[4.25,8,4.75,8.25],"texture":"#5"},"east":{"uv":[11,7.5,11.5,8],"texture":"#5"},"up":{"uv":[11.25,3.25,11.75,3.5],"texture":"#5"}}},{"to":[8.36046,21.96788,7.88733],"rotation":{"origin":[6.25465,23.375,8],"angle":-22.5,"axis":"x"},"from":[8.19734,20.55413,7.60613],"faces":{"down":{"rotation":180,"uv":[4.25,8,4.75,8.25],"texture":"#5"},"east":{"uv":[11,7.5,11.5,8],"texture":"#5"},"up":{"uv":[11,3,11.5,3.25],"texture":"#5"}}},{"to":[8.36046,23.03889,9.99676],"rotation":{"origin":[6.25465,23.375,8],"angle":45,"axis":"x"},"from":[8.19734,21.62514,9.71555],"faces":{"down":{"rotation":180,"uv":[2.75,9.25,3.25,9.75],"texture":"#5"},"east":{"uv":[11,7.5,11.5,8],"texture":"#5"},"up":{"uv":[6.5,4.75,7,5],"texture":"#5"}}},{"to":[8.36046,22.22572,7.09762],"rotation":{"origin":[6.25465,23.375,8],"angle":-45,"axis":"x"},"from":[8.19734,20.81197,6.81641],"faces":{"down":{"rotation":180,"uv":[2.75,9.25,3.25,9.5],"texture":"#5"},"east":{"uv":[11,7.5,11.5,8],"texture":"#5"},"up":{"rotation":180,"uv":[8,4.75,8.5,5],"texture":"#5"}}},{"to":[8.36046,21.40161,8.4536],"rotation":{"origin":[6.25465,23.375,8],"angle":-22.5,"axis":"x"},"from":[8.19734,21.12041,7.03985],"faces":{"east":{"rotation":270,"uv":[11,7.5,11.5,8],"texture":"#5"},"north":{"rotation":180,"uv":[2.5,10,3,10.5],"texture":"#5"},"south":{"rotation":180,"uv":[7.5,11.5,8,11.75],"texture":"#5"}}},{"to":[8.36046,21.8417,10.02261],"rotation":{"origin":[6.25465,23.375,8],"angle":22.5,"axis":"x"},"from":[8.19734,21.56049,8.60886],"faces":{"east":{"rotation":90,"uv":[11,7.5,11.5,8],"texture":"#5"},"north":{"rotation":180,"uv":[7,11.5,7.5,11.75],"texture":"#5"},"south":{"rotation":180,"uv":[1.25,9.75,1.75,10],"texture":"#5"}}},{"to":[8.36046,21.4656,9.28187],"rotation":{"origin":[6.25465,23.375,8],"angle":0,"axis":"y"},"from":[8.19734,21.1844,7.86812],"faces":{"east":{"uv":[11,7.5,11.5,8],"texture":"#5"},"north":{"rotation":180,"uv":[5.5,11,6,11.25],"texture":"#5"},"south":{"rotation":180,"uv":[5.5,11,6,11.25],"texture":"#5"}}},{"to":[9.22435,22.88974,8.7925],"rotation":{"origin":[6.25465,23.375,8],"angle":-22.5,"axis":"z"},"from":[8.73497,22.34599,8.3575],"faces":{"east":{"uv":[7.5,2,8,2.5],"texture":"#5"},"north":{"uv":[6,4.5,6.5,5],"texture":"#5"},"up":{"uv":[4,4,4.5,4.5],"texture":"#5"},"south":{"uv":[5.75,4.5,6.25,5],"texture":"#5"}}},{"to":[7.65534,20.61611,8.7925],"rotation":{"origin":[6.25465,23.375,8],"angle":22.5,"axis":"z"},"from":[7.16596,20.07236,8.3575],"faces":{"down":{"rotation":180,"uv":[15,8,15.5,8.5],"texture":"#5"},"east":{"uv":[7.5,2,8,2.5],"texture":"#5"},"north":{"rotation":180,"uv":[5,8,5.5,8.5],"texture":"#5"},"south":{"rotation":180,"uv":[5,8,5.5,8.5],"texture":"#5"}}},{"to":[8.2198,21.5425,9.93992],"rotation":{"origin":[6.25465,23.375,8],"angle":22.5,"axis":"y"},"from":[7.73043,21.1075,9.3418],"faces":{"down":{"rotation":180,"uv":[9,10.25,9.5,10.75],"texture":"#5"},"east":{"uv":[7.5,2,8,2.5],"texture":"#5"},"up":{"uv":[6.5,4.75,7,5.25],"texture":"#5"},"south":{"rotation":180,"uv":[4.75,11.25,5.25,11.75],"texture":"#5"}}},{"to":[8.65989,21.5425,7.72067],"rotation":{"origin":[6.25465,23.375,8],"angle":-22.5,"axis":"y"},"from":[8.17051,21.1075,7.12254],"faces":{"down":{"rotation":180,"uv":[9,10.25,9.5,10.75],"texture":"#5"},"east":{"uv":[7.5,2,8,2.5],"texture":"#5"},"north":{"rotation":180,"uv":[4.75,11.25,5.25,11.75],"texture":"#5"},"up":{"rotation":180,"uv":[6.5,4.75,7,5.25],"texture":"#5"}}},{"to":[3.74162,22.65266,9.50502],"rotation":{"origin":[6.25465,23.375,8],"angle":22.5,"axis":"x"},"from":[3.57839,20.74953,9.12645],"faces":{"down":{"rotation":180,"uv":[6.25,8,6.75,8.25],"texture":"#4"},"west":{"uv":[7.25,4,7.75,6],"texture":"#4"},"east":{"uv":[12.5,7.5,13,8],"texture":"#4"},"up":{"uv":[3.5,4.25,4,4.75],"texture":"#4"}}},{"to":[3.74162,22.21257,7.93601],"rotation":{"origin":[6.25465,23.375,8],"angle":-22.5,"axis":"x"},"from":[3.57839,20.30945,7.55744],"faces":{"down":{"rotation":180,"uv":[6.25,8,6.75,8.25],"texture":"#4"},"west":{"uv":[7.25,4,7.75,6],"texture":"#4"},"east":{"uv":[12.5,7.5,13,8],"texture":"#4"},"up":{"rotation":180,"uv":[3.5,4.25,4,4.75],"texture":"#4"}}},{"to":[3.74151,23.28358,10.04544],"rotation":{"origin":[6.25465,23.375,8],"angle":45,"axis":"x"},"from":[3.57827,21.38046,9.66688],"faces":{"down":{"rotation":180,"uv":[6.25,8,6.75,8.25],"texture":"#4"},"west":{"uv":[10.75,4.5,11.25,6.5],"texture":"#4"},"east":{"uv":[12.5,7.5,13,8],"texture":"#4"},"up":{"uv":[3.75,4.75,4.25,5.25],"texture":"#4"}}},{"to":[3.74151,22.47041,7.14629],"rotation":{"origin":[6.25465,23.375,8],"angle":-45,"axis":"x"},"from":[3.57827,20.56728,6.76773],"faces":{"down":{"rotation":180,"uv":[6.25,8,6.75,8.25],"texture":"#4"},"west":{"uv":[6.75,4.5,7.25,6.5],"texture":"#4"},"east":{"uv":[12.5,7.5,13,8],"texture":"#4"},"up":{"rotation":180,"uv":[7.75,4.75,8.25,5.25],"texture":"#4"}}},{"to":[3.74162,21.45029,8.69829],"rotation":{"origin":[6.25465,23.375,8],"angle":-22.5,"axis":"x"},"from":[3.57839,21.07173,6.79517],"faces":{"west":{"rotation":90,"uv":[0.5,4.75,1,6.75],"texture":"#4"},"east":{"rotation":270,"uv":[12.5,7.5,13,8],"texture":"#4"},"north":{"rotation":180,"uv":[6.75,8,7.25,8.5],"texture":"#4"},"south":{"uv":[5.25,5.5,5.75,6],"texture":"#4"}}},{"to":[3.74162,21.89038,10.26729],"rotation":{"origin":[6.25465,23.375,8],"angle":22.5,"axis":"x"},"from":[3.57839,21.51182,8.36417],"faces":{"west":{"rotation":270,"uv":[0.75,4.75,1.25,6.75],"texture":"#4"},"east":{"rotation":90,"uv":[12.5,7.5,13,8],"texture":"#4"},"north":{"uv":[6.75,5.5,7.25,6],"texture":"#4"},"south":{"rotation":180,"uv":[6,8,6.5,8.5],"texture":"#4"}}},{"to":[3.74151,21.51428,9.52656],"rotation":{"origin":[6.25465,23.375,8],"angle":0,"axis":"y"},"from":[3.57827,21.13572,7.62344],"faces":{"west":{"rotation":90,"uv":[7.25,9.5,7.75,11.5],"texture":"#4"},"east":{"uv":[12.5,7.5,13,8],"texture":"#4"},"north":{"rotation":180,"uv":[4.25,8.25,4.75,8.75],"texture":"#4"},"south":{"rotation":180,"uv":[6.25,8.25,6.75,8.75],"texture":"#4"}}},{"to":[3.65875,21.69601,7.83326],"rotation":{"origin":[6.25465,23.375,8],"angle":-22.5,"axis":"x"},"from":[3.55,20.82601,7.6602],"faces":{"down":{"rotation":180,"uv":[9,8,9.25,8.5],"texture":"#2"},"west":{"uv":[5.25,4.5,5.75,5.25],"texture":"#2"},"up":{"rotation":180,"uv":[7.25,4.25,7.5,4.75],"texture":"#2"}}},{"to":[3.65875,22.13609,9.40227],"rotation":{"origin":[6.25465,23.375,8],"angle":22.5,"axis":"x"},"from":[3.55,21.26609,9.22921],"faces":{"down":{"uv":[9,8,9.25,8.5],"texture":"#2"},"west":{"uv":[5.25,4.5,5.75,5.25],"texture":"#2"},"up":{"uv":[3.25,4,3.5,4.5],"texture":"#2"}}},{"to":[3.65886,21.95385,7.04354],"rotation":{"origin":[6.25465,23.375,8],"angle":-45,"axis":"x"},"from":[3.55011,21.08385,6.8705],"faces":{"down":{"uv":[6,5.5,6.25,6],"texture":"#2"},"west":{"uv":[6.25,4.5,6.75,5.25],"texture":"#2"},"up":{"rotation":180,"uv":[7.25,4.25,7.5,4.75],"texture":"#2"}}},{"to":[3.65886,22.76702,9.94269],"rotation":{"origin":[6.25465,23.375,8],"angle":45,"axis":"x"},"from":[3.55011,21.89702,9.76964],"faces":{"down":{"uv":[6,5.5,6.25,6],"texture":"#2"},"west":{"uv":[6.25,4.5,6.75,5.25],"texture":"#2"},"up":{"uv":[3.75,4,4,4.5],"texture":"#2"}}},{"to":[3.65875,21.78763,9.75073],"rotation":{"origin":[6.25465,23.375,8],"angle":22.5,"axis":"x"},"from":[3.55,21.61457,8.88073],"faces":{"west":{"rotation":270,"uv":[9.25,4.5,9.75,5.25],"texture":"#2"},"north":{"uv":[7.25,4.25,7.5,4.75],"texture":"#2"},"south":{"uv":[6.25,5,6.5,5.5],"texture":"#2"}}},{"to":[3.65875,21.34754,8.18173],"rotation":{"origin":[6.25465,23.375,8],"angle":-22.5,"axis":"x"},"from":[3.55,21.17449,7.31173],"faces":{"west":{"rotation":90,"uv":[9,4.5,9.5,5.25],"texture":"#2"},"north":{"uv":[6.25,5,6.5,5.5],"texture":"#2"},"south":{"uv":[7.25,4.25,7.5,4.75],"texture":"#2"}}},{"to":[3.65886,21.41154,9.01],"rotation":{"origin":[6.25465,23.375,8],"angle":0,"axis":"y"},"from":[3.55011,21.23848,8.14],"faces":{"west":{"uv":[6.25,4.5,6.75,5],"texture":"#2"},"north":{"uv":[6.25,4.5,6.5,5],"texture":"#2"},"south":{"uv":[6.25,4.5,6.5,5],"texture":"#2"}}},{"to":[4.36671,22.16781,8.74265],"rotation":{"origin":[6.25465,23.375,8],"angle":0,"axis":"y"},"from":[3.71421,20.48219,8.40735],"faces":{"down":{"uv":[5.75,8,6.25,8.25],"texture":"#4"},"up":{"rotation":180,"uv":[8.5,4,9,4.5],"texture":"#4"}}},{"to":[4.36671,22.54391,9.48339],"rotation":{"origin":[6.25465,23.375,8],"angle":22.5,"axis":"x"},"from":[3.71421,20.85828,9.14808],"faces":{"down":{"uv":[5.75,8,6.25,8.25],"texture":"#4"},"up":{"rotation":180,"uv":[11,2.5,11.5,3],"texture":"#4"}}},{"to":[4.36671,22.10382,7.91438],"rotation":{"origin":[6.25465,23.375,8],"angle":-22.5,"axis":"x"},"from":[3.71421,20.4182,7.57907],"faces":{"down":{"uv":[5.75,8,6.25,8.25],"texture":"#4"},"up":{"rotation":180,"uv":[8.5,4,9,4.5],"texture":"#4"}}},{"to":[4.36671,23.17483,10.0238],"rotation":{"origin":[6.25465,23.375,8],"angle":45,"axis":"x"},"from":[3.71421,21.48921,9.68851],"faces":{"down":{"uv":[5.75,8,6.25,8.25],"texture":"#4"},"up":{"uv":[3.25,4.25,3.75,4.75],"texture":"#4"}}},{"to":[4.36671,22.36166,7.12466],"rotation":{"origin":[6.25465,23.375,8],"angle":-45,"axis":"x"},"from":[3.71421,20.67603,6.78937],"faces":{"down":{"uv":[5.75,8,6.25,8.25],"texture":"#4"},"up":{"rotation":180,"uv":[3.25,4.25,3.75,4.75],"texture":"#4"}}},{"to":[4.36671,21.42866,8.58954],"rotation":{"origin":[6.25465,23.375,8],"angle":-22.5,"axis":"x"},"from":[3.71421,21.09336,6.90392],"faces":{"north":{"rotation":180,"uv":[3,8,3.5,8.5],"texture":"#4"},"south":{"uv":[3.25,4.75,3.75,5.25],"texture":"#4"}}},{"to":[4.36671,21.86875,10.15854],"rotation":{"origin":[6.25465,23.375,8],"angle":22.5,"axis":"x"},"from":[3.71421,21.53345,8.47292],"faces":{"north":{"uv":[3.25,4.75,3.75,5.25],"texture":"#4"},"south":{"rotation":180,"uv":[3,8,3.5,8.5],"texture":"#4"}}},{"to":[4.36671,21.49265,9.41781],"rotation":{"origin":[6.25465,23.375,8],"angle":0,"axis":"y"},"from":[3.71421,21.15735,7.73219],"faces":{"north":{"uv":[3.25,5.25,3.75,5.75],"texture":"#4"},"south":{"uv":[3.25,5.25,3.75,5.75],"texture":"#4"}}},{"to":[7.36669,20.751,8.23247],"rotation":{"origin":[7.93247,1.5,8],"angle":0,"axis":"y"},"from":[3.56919,-15.5,6.46747],"faces":{"up":{"rotation":180,"uv":[10,4.25,12,5.5],"texture":"#4"}}},{"to":[8.79169,20.751,7.93247],"rotation":{"origin":[7.93247,1.5,8],"angle":0,"axis":"y"},"from":[7.34419,-15.5,6.66747],"faces":{"up":{"rotation":180,"uv":[10,4.25,11,5.5],"texture":"#5"}}},{"to":[8.64419,20.75,9.75507],"rotation":{"origin":[8.13247,1.5,8],"angle":0,"axis":"z"},"from":[3.14919,-15.5,6.24507],"faces":{"down":{"uv":[10,9.75,11.25,10.75],"texture":"#2"},"up":{"uv":[5,9.75,5.5,10.25],"texture":"#1"}}},{"to":[9.36669,20.75,9.03247],"rotation":{"origin":[7.93247,1.5,8],"angle":0,"axis":"y"},"from":[8.04419,-15.5,6.96747],"faces":{"down":{"uv":[10,9.75,10.5,10],"texture":"#2"},"up":{"uv":[5,9.75,5.5,10.25],"texture":"#1"}}},{"to":[8.07343,20.75,9.68556],"rotation":{"origin":[7.93247,1.5,7.8],"angle":45,"axis":"y"},"from":[7.05343,-15.5,8.75556],"faces":{"down":{"uv":[10,9.75,10.25,10],"texture":"#2"},"up":{"uv":[5,9.75,5.5,10.25],"texture":"#1"}}},{"to":[8.07339,20.75,7.3444],"rotation":{"origin":[7.93247,1.5,8.2],"angle":-45,"axis":"y"},"from":[7.05339,-15.5,6.3144],"faces":{"down":{"uv":[10,9.75,10.25,10],"texture":"#2"},"up":{"uv":[5,9.75,5.5,10.25],"texture":"#1"}}}],"display":{"thirdperson_righthand":{"rotation":[25,111,-23],"scale":[0.25,0.25,0.25],"translation":[-1,-2,0]},"head":{"scale":[0.5,0.5,0.5]},"thirdperson_lefthand":{"rotation":[69,-71,65],"scale":[0.25,0.25,0.25],"translation":[-1,-2,0]},"gui":{"rotation":[0,180,32],"scale":[0.6,0.6,0.6],"translation":[-0.5,1.75,0]},"firstperson_lefthand":{"rotation":[-40,-110,-33],"scale":[0.44,0.44,0.44],"translation":[-0.25,-1.5,3]},"firstperson_righthand":{"rotation":[-87,65,68],"scale":[0.44,0.44,0.44],"translation":[1,-1.25,4.25]},"fixed":{"rotation":[0,180,0],"scale":[0.5,0.5,0.5],"translation":[0,0,-2]},"ground":{"translation":[0,5,0],"scale":[0.25,0.25,0.25]}},"credit":"thebradqq's guns"}