{"textures":{"a":"mgs:misc/reticles_1024","particle":"mgs:gun/mp7details","1":"mgs:gun/mp7details2","0":"mgs:gun/mp7details","3":"mgs:gun/metal_dark","2":"mgs:gun/metal_brighter","5":"mgs:gun/holodetails","4":"mgs:gun/metal","7":"mgs:gun/acogdetails","6":"mgs:gun/kobradetails","9":"mgs:misc/reticles","8":"mgs:gun/mk4details"},"ambientocclusion":false,"parent":"bar","gui_light":"front","credit":"thebradqq's guns","elements":[{"to":[16.68596,7.03847,8.375],"rotation":{"origin":[16.65967,7.24243,8.315],"angle":22.5,"axis":"z"},"from":[16.4502,5.77004,7.625],"faces":{"down":{"uv":[15.75,15.75,16,16],"texture":"#4"},"east":{"rotation":180,"uv":[7,8,8,10.25],"texture":"#4"},"north":{"uv":[2,8,2.25,8.25],"texture":"#4"},"up":{"rotation":90,"uv":[8.25,11.75,8.5,12],"texture":"#3"},"south":{"uv":[2,8,2.25,8.25],"texture":"#4"}}},{"to":[16.70777,7.31611,8.22707],"rotation":{"origin":[16.89874,7.7407,7.85207],"angle":-22.5,"axis":"x"},"from":[16.36643,6.96611,8.07707],"faces":{"east":{"rotation":270,"uv":[0.25,7.75,1.25,8.25],"texture":"#3"},"south":{"rotation":180,"uv":[2.5,10.75,2.75,11.5],"texture":"#4"}}},{"to":[16.70777,7.31611,7.92294],"rotation":{"origin":[16.89874,7.7407,8.14794],"angle":22.5,"axis":"x"},"from":[16.36643,6.96611,7.77294],"faces":{"east":{"rotation":90,"uv":[0.25,7.75,1.25,8.25],"texture":"#3"},"north":{"rotation":180,"uv":[2.5,10.75,2.75,11.5],"texture":"#4"}}},{"to":[15.09043,7.56611,8.22696],"rotation":{"origin":[17.37274,7.7407,7.85196],"angle":-22.5,"axis":"x"},"from":[7.79043,6.96611,8.02696],"faces":{"down":{"uv":[15.75,15.75,16,16],"texture":"#3"},"up":{"rotation":270,"uv":[15.75,15.75,16,16],"texture":"#3"},"south":{"rotation":180,"uv":[6.25,5,13.75,6],"texture":"#4"}}},{"to":[16.51543,7.81611,8.22696],"rotation":{"origin":[17.37274,7.7407,7.85196],"angle":-22.5,"axis":"x"},"from":[15.09043,6.96611,8.02696],"faces":{"down":{"uv":[15.75,15.75,16,16],"texture":"#3"},"east":{"rotation":270,"uv":[0.25,7.75,1.75,8.25],"texture":"#3"},"south":{"rotation":180,"uv":[7.5,5,9,6.5],"texture":"#4"}}},{"to":[9.63331,7.81611,8.27472],"rotation":{"origin":[13.09062,7.8607,7.89972],"angle":-22.5,"axis":"x"},"from":[3.73331,6.93611,7.82472],"faces":{"east":{"rotation":180,"uv":[4.25,10.75,4.5,12.25],"texture":"#4"},"south":{"uv":[5.5,10.75,12,12.25],"texture":"#4"}}},{"to":[3.73331,7.81611,8.27472],"rotation":{"origin":[12.69062,7.8607,7.89972],"angle":-22.5,"axis":"x"},"from":[3.33331,6.93611,7.82472],"faces":{"west":{"rotation":180,"uv":[8.75,9.75,9.5,11.25],"texture":"#4"},"east":{"rotation":180,"uv":[4.25,10.75,4.5,12.25],"texture":"#4"},"south":{"uv":[0,14.5,0.5,16],"texture":"#3"}}},{"to":[9.63331,7.81611,8.17503],"rotation":{"origin":[13.09062,7.8607,8.10003],"angle":22.5,"axis":"x"},"from":[3.73331,6.93611,7.72503],"faces":{"east":{"rotation":180,"uv":[4.25,10.75,4.5,12.25],"texture":"#4"},"north":{"uv":[5.5,10.75,12,12.25],"texture":"#4"}}},{"to":[3.73331,7.81611,8.17503],"rotation":{"origin":[12.69062,7.8607,8.10003],"angle":22.5,"axis":"x"},"from":[3.33331,6.93611,7.72503],"faces":{"west":{"rotation":180,"uv":[8.75,9.75,9.5,11.25],"texture":"#4"},"east":{"rotation":180,"uv":[4.25,10.75,4.5,12.25],"texture":"#4"},"north":{"uv":[0,14.5,0.5,16],"texture":"#3"}}},{"to":[18.83,6.15001,8.05967],"rotation":{"origin":[17.73231,6.37501,8],"angle":0,"axis":"y"},"from":[17.23,6.07501,7.94033],"faces":{"down":{"rotation":270,"uv":[15.75,15.75,16,16],"texture":"#3"},"west":{"rotation":270,"uv":[15.75,15.75,16,16],"texture":"#3"},"east":{"rotation":90,"uv":[15.75,15.75,16,16],"texture":"#3"},"up":{"rotation":270,"uv":[2,12.75,2.25,13],"texture":"#3"}}},{"to":[17.23,6.61501,8.04774],"rotation":{"origin":[18.83,6.37501,8],"angle":0,"axis":"y"},"from":[11.95,6.13501,7.95226],"faces":{"down":{"rotation":270,"uv":[15.75,15.75,16,16],"texture":"#3"},"east":{"rotation":270,"uv":[15.75,15.75,16,16],"texture":"#3"},"up":{"uv":[11.75,0.25,12,0.75],"texture":"#3"}}},{"to":[17.53,6.67501,8.05967],"rotation":{"origin":[17.73231,6.37501,8],"angle":0,"axis":"y"},"from":[17.23,6.60001,7.94033],"faces":{"down":{"rotation":270,"uv":[15.75,15.75,16,16],"texture":"#3"},"west":{"rotation":270,"uv":[2,12.75,2.25,13],"texture":"#3"},"east":{"rotation":270,"uv":[15.75,15.75,16,16],"texture":"#3"},"up":{"rotation":90,"uv":[8.25,2,8.75,2.75],"texture":"#4"}}},{"to":[18.831,6.67501,8.05967],"rotation":{"origin":[19.03231,6.37501,8],"angle":0,"axis":"y"},"from":[18.53,6.60001,7.94033],"faces":{"down":{"rotation":270,"uv":[15.75,15.75,16,16],"texture":"#3"},"east":{"rotation":90,"uv":[15.75,12.75,16,13],"texture":"#3"},"up":{"uv":[10.5,1.25,11,1.75],"texture":"#4"}}},{"to":[16.51543,8.04059,8.03978],"rotation":{"origin":[15.86543,7.84059,8],"angle":0,"axis":"x"},"from":[15.21543,7.84059,7.96022],"faces":{"east":{"rotation":180,"uv":[5.75,4,6,4.25],"texture":"#3"},"up":{"rotation":180,"uv":[11.25,3.25,12.75,3.5],"texture":"#4"}}},{"to":[16.51543,8.04059,8.03978],"rotation":{"origin":[15.86543,7.84059,8],"angle":45,"axis":"x"},"from":[15.21543,7.94059,7.96022],"faces":{"east":{"rotation":180,"uv":[5.75,4.75,6,5],"texture":"#3"},"up":{"rotation":180,"uv":[8.25,7.5,9.75,7.75],"texture":"#4"}}},{"to":[16.51543,8.04059,8.03978],"rotation":{"origin":[15.86543,7.84059,8],"angle":-45,"axis":"x"},"from":[15.21543,7.94059,7.96022],"faces":{"east":{"rotation":180,"uv":[5.75,4.75,6,5],"texture":"#3"},"up":{"rotation":180,"uv":[8.25,7.5,9.75,7.75],"texture":"#4"}}},{"to":[16.51643,8.04059,8.03978],"rotation":{"origin":[15.86543,7.84059,8],"angle":22.5,"axis":"x"},"from":[15.21543,7.84059,7.96022],"faces":{"east":{"rotation":180,"uv":[5.75,4.5,6,4.75],"texture":"#3"},"up":{"rotation":180,"uv":[8.25,7.25,9.75,7.5],"texture":"#4"}}},{"to":[16.51643,8.04059,8.03978],"rotation":{"origin":[15.86543,7.84059,8],"angle":-22.5,"axis":"x"},"from":[15.21543,7.84059,7.96022],"faces":{"east":{"rotation":180,"uv":[5.75,4.5,6,4.75],"texture":"#3"},"up":{"rotation":180,"uv":[8.25,7.25,9.75,7.5],"texture":"#4"}}},{"to":[17.23,6.42275,8.24],"rotation":{"origin":[18.83,6.37501,8],"angle":0,"axis":"x"},"from":[11.95,6.32727,7.76],"faces":{"east":{"rotation":270,"uv":[15.75,15.75,16,16],"texture":"#3"},"north":{"rotation":180,"uv":[0.75,11.75,1,12.25],"texture":"#3"},"south":{"rotation":180,"uv":[0.75,11.75,1,12.25],"texture":"#3"}}},{"to":[18.831,6.43468,8.3],"rotation":{"origin":[17.73231,6.37501,8],"angle":0,"axis":"x"},"from":[17.23,6.31534,8.225],"faces":{"west":{"rotation":270,"uv":[6.75,11.5,7,11.75],"texture":"#3"},"east":{"rotation":90,"uv":[1,8.75,1.25,9],"texture":"#3"},"north":{"rotation":270,"uv":[7,10.5,7.25,10.75],"texture":"#3"},"up":{"rotation":270,"uv":[6,4.5,6.25,4.75],"texture":"#3"},"south":{"rotation":180,"uv":[1.5,12,3.5,12.5],"texture":"#3"}}},{"to":[18.831,6.43468,7.775],"rotation":{"origin":[17.73231,6.37501,8],"angle":0,"axis":"x"},"from":[17.23,6.31534,7.7],"faces":{"west":{"rotation":270,"uv":[6.75,11.5,7,11.75],"texture":"#3"},"east":{"rotation":90,"uv":[3.25,8.5,3.5,8.75],"texture":"#3"},"north":{"rotation":180,"uv":[1.5,12,3.5,12.5],"texture":"#3"},"up":{"rotation":270,"uv":[6,4.5,6.25,4.75],"texture":"#3"},"south":{"rotation":270,"uv":[7,10.5,7.25,10.75],"texture":"#3"}}},{"to":[17.53,6.15001,8.05967],"rotation":{"origin":[17.73231,6.37501,8],"angle":-45,"axis":"x"},"from":[17.23,6.07501,7.94033],"faces":{"down":{"rotation":270,"uv":[11,7.75,11.5,8.5],"texture":"#3"},"west":{"rotation":270,"uv":[15.75,15.75,16,16],"texture":"#3"},"east":{"rotation":270,"uv":[15.75,15.75,16,16],"texture":"#3"},"up":{"rotation":270,"uv":[6.5,11.75,6.75,12],"texture":"#3"}}},{"to":[18.83,6.15001,8.05967],"rotation":{"origin":[19.03231,6.37501,8],"angle":-45,"axis":"x"},"from":[18.53,6.07501,7.94033],"faces":{"down":{"uv":[5.75,7.5,6.25,8],"texture":"#3"},"east":{"rotation":90,"uv":[2,8,2.25,8.25],"texture":"#3"},"up":{"rotation":270,"uv":[6.5,11.75,6.75,12],"texture":"#3"}}},{"to":[17.23,6.61501,8.04774],"rotation":{"origin":[18.83,6.37501,8],"angle":-45,"axis":"x"},"from":[11.95,6.13501,7.95226],"faces":{"down":{"uv":[6.25,7.75,8.25,8.25],"texture":"#3"},"east":{"rotation":270,"uv":[15.75,15.75,16,16],"texture":"#3"},"up":{"uv":[2,12.5,2.25,13],"texture":"#3"}}},{"to":[18.831,6.67501,8.05967],"rotation":{"origin":[17.73231,6.37501,8],"angle":-45,"axis":"x"},"from":[17.23,6.60001,7.94033],"faces":{"down":{"rotation":270,"uv":[9.75,8,10,8.25],"texture":"#3"},"west":{"rotation":270,"uv":[2,12.75,2.25,13],"texture":"#3"},"east":{"rotation":90,"uv":[0.25,12,0.5,12.25],"texture":"#3"},"north":{"rotation":270,"uv":[15.75,15.75,16,16],"texture":"#3"},"up":{"rotation":180,"uv":[5.5,4.75,7.5,5.25],"texture":"#4"}}},{"to":[17.53,6.15001,8.05967],"rotation":{"origin":[17.73231,6.37501,8],"angle":45,"axis":"x"},"from":[17.23,6.07501,7.94033],"faces":{"down":{"rotation":270,"uv":[11,7.75,11.5,8.5],"texture":"#3"},"west":{"rotation":270,"uv":[15.75,15.75,16,16],"texture":"#3"},"east":{"rotation":270,"uv":[15.75,15.75,16,16],"texture":"#3"},"up":{"rotation":270,"uv":[6.5,11.75,6.75,12],"texture":"#3"}}},{"to":[18.83,6.15001,8.05967],"rotation":{"origin":[19.03231,6.37501,8],"angle":45,"axis":"x"},"from":[18.53,6.07501,7.94033],"faces":{"down":{"rotation":180,"uv":[5.75,7.5,6.25,8],"texture":"#3"},"east":{"rotation":90,"uv":[2,8,2.25,8.25],"texture":"#3"},"up":{"rotation":270,"uv":[6.5,11.75,6.75,12],"texture":"#3"}}},{"to":[17.23,6.61501,8.04774],"rotation":{"origin":[18.83,6.37501,8],"angle":45,"axis":"x"},"from":[11.95,6.13501,7.95226],"faces":{"down":{"rotation":180,"uv":[6.25,7.75,8.25,8.25],"texture":"#3"},"east":{"rotation":270,"uv":[15.75,15.75,16,16],"texture":"#3"},"up":{"rotation":180,"uv":[2,12.5,2.25,13],"texture":"#3"}}},{"to":[18.831,6.67501,8.05967],"rotation":{"origin":[17.73231,6.37501,8],"angle":45,"axis":"x"},"from":[17.23,6.60001,7.94033],"faces":{"down":{"rotation":270,"uv":[9.75,8,10,8.25],"texture":"#3"},"west":{"rotation":270,"uv":[2,12.75,2.25,13],"texture":"#3"},"east":{"rotation":90,"uv":[0.75,12,1,12.25],"texture":"#3"},"up":{"uv":[4,4.75,6,5.25],"texture":"#4"},"south":{"rotation":270,"uv":[15.75,15.75,16,16],"texture":"#3"}}},{"to":[18.83,6.15001,8.05967],"rotation":{"origin":[17.73231,6.37501,8],"angle":22.5,"axis":"x"},"from":[17.23,6.07501,7.94033],"faces":{"down":{"rotation":180,"uv":[6.25,7.75,8.25,8.25],"texture":"#3"},"west":{"rotation":270,"uv":[15.75,15.75,16,16],"texture":"#3"},"east":{"rotation":90,"uv":[15.75,15.75,16,16],"texture":"#3"},"north":{"rotation":270,"uv":[7,11,7.25,11.25],"texture":"#3"},"up":{"rotation":270,"uv":[6.25,12,6.5,12.25],"texture":"#3"}}},{"to":[17.23,6.61501,8.04774],"rotation":{"origin":[18.83,6.37501,8],"angle":22.5,"axis":"x"},"from":[11.95,6.13501,7.95226],"faces":{"down":{"rotation":270,"uv":[15.75,15.75,16,16],"texture":"#3"},"east":{"rotation":270,"uv":[15.75,15.75,16,16],"texture":"#3"},"up":{"uv":[5.25,4.5,5.5,5],"texture":"#3"}}},{"to":[18.83,6.67501,8.05967],"rotation":{"origin":[17.73231,6.37501,8],"angle":22.5,"axis":"x"},"from":[17.23,6.60001,7.94033],"faces":{"down":{"rotation":270,"uv":[15.75,15.75,16,16],"texture":"#3"},"west":{"rotation":270,"uv":[2,12.75,2.25,13],"texture":"#3"},"east":{"rotation":90,"uv":[1,12.5,1.25,12.75],"texture":"#3"},"north":{"rotation":270,"uv":[6,5,6.25,5.25],"texture":"#3"},"up":{"uv":[5,1.75,7,2.25],"texture":"#4"}}},{"to":[18.83,6.43468,8.3],"rotation":{"origin":[17.73231,6.37501,8],"angle":22.5,"axis":"x"},"from":[17.23,6.31534,8.225],"faces":{"down":{"rotation":270,"uv":[15.75,15.75,16,16],"texture":"#3"},"west":{"rotation":270,"uv":[15.75,15.75,16,16],"texture":"#3"},"east":{"rotation":90,"uv":[1,8.75,1.25,9],"texture":"#3"},"north":{"rotation":270,"uv":[6.75,11.5,7,11.75],"texture":"#3"},"south":{"rotation":180,"uv":[0.75,11.75,2.75,12.25],"texture":"#3"}}},{"to":[17.23,6.42275,8.24],"rotation":{"origin":[18.83,6.37501,8],"angle":22.5,"axis":"x"},"from":[11.95,6.32727,7.76],"faces":{"east":{"rotation":270,"uv":[15.75,15.75,16,16],"texture":"#3"},"north":{"rotation":180,"uv":[1.25,12,1.5,12.5],"texture":"#3"},"south":{"uv":[5.75,7.5,6.25,8],"texture":"#3"}}},{"to":[17.53,6.43468,7.775],"rotation":{"origin":[17.73231,6.37501,8],"angle":22.5,"axis":"x"},"from":[17.23,6.31534,7.7],"faces":{"west":{"rotation":270,"uv":[6.5,11.75,6.75,12],"texture":"#3"},"east":{"rotation":270,"uv":[15.75,15.75,16,16],"texture":"#3"},"north":{"rotation":90,"uv":[7.75,2,8.25,2.75],"texture":"#3"},"south":{"rotation":270,"uv":[8.75,8.25,9,8.5],"texture":"#3"}}},{"to":[18.83,6.43468,7.775],"rotation":{"origin":[19.03231,6.37501,8],"angle":22.5,"axis":"x"},"from":[18.53,6.31534,7.7],"faces":{"east":{"rotation":90,"uv":[0.75,11.75,1,12],"texture":"#3"},"north":{"uv":[6.75,4.75,7.25,5.25],"texture":"#3"},"south":{"rotation":270,"uv":[8.75,8.25,9,8.5],"texture":"#3"}}},{"to":[18.83,6.15001,8.05967],"rotation":{"origin":[17.73231,6.37501,8],"angle":-22.5,"axis":"x"},"from":[17.23,6.07501,7.94033],"faces":{"down":{"uv":[6.25,7.75,8.25,8.25],"texture":"#3"},"west":{"rotation":270,"uv":[15.75,15.75,16,16],"texture":"#3"},"east":{"rotation":90,"uv":[15.75,15.75,16,16],"texture":"#3"},"up":{"rotation":270,"uv":[6.25,12,6.5,12.25],"texture":"#3"},"south":{"rotation":270,"uv":[7,11,7.25,11.25],"texture":"#3"}}},{"to":[17.23,6.61501,8.04774],"rotation":{"origin":[18.83,6.37501,8],"angle":-22.5,"axis":"x"},"from":[11.95,6.13501,7.95226],"faces":{"down":{"rotation":270,"uv":[15.75,15.75,16,16],"texture":"#3"},"east":{"rotation":270,"uv":[15.75,15.75,16,16],"texture":"#3"},"up":{"rotation":180,"uv":[5.25,4.5,5.5,5],"texture":"#3"}}},{"to":[18.83,6.67501,8.05967],"rotation":{"origin":[17.73231,6.37501,8],"angle":-22.5,"axis":"x"},"from":[17.23,6.60001,7.94033],"faces":{"down":{"rotation":270,"uv":[15.75,15.75,16,16],"texture":"#3"},"west":{"rotation":270,"uv":[2,12.75,2.25,13],"texture":"#3"},"east":{"rotation":90,"uv":[2.75,12.25,3,12.5],"texture":"#3"},"up":{"rotation":180,"uv":[5,1.75,7,2.25],"texture":"#4"},"south":{"rotation":270,"uv":[6,5,6.25,5.25],"texture":"#3"}}},{"to":[17.23,6.42275,8.24],"rotation":{"origin":[18.83,6.37501,8],"angle":-22.5,"axis":"x"},"from":[11.95,6.32727,7.76],"faces":{"east":{"rotation":270,"uv":[15.75,15.75,16,16],"texture":"#3"},"north":{"uv":[5.75,7.5,6.25,8],"texture":"#3"},"south":{"rotation":180,"uv":[1.25,12,1.5,12.5],"texture":"#3"}}},{"to":[17.53,6.43468,8.3],"rotation":{"origin":[17.73231,6.37501,8],"angle":-22.5,"axis":"x"},"from":[17.23,6.31534,8.225],"faces":{"west":{"rotation":270,"uv":[6.5,11.75,6.75,12],"texture":"#3"},"east":{"rotation":270,"uv":[15.75,15.75,16,16],"texture":"#3"},"north":{"rotation":270,"uv":[8.75,8.25,9,8.5],"texture":"#3"},"south":{"rotation":90,"uv":[6.25,2,6.75,2.75],"texture":"#3"}}},{"to":[18.83,6.43468,8.3],"rotation":{"origin":[19.03231,6.37501,8],"angle":-22.5,"axis":"x"},"from":[18.53,6.31534,8.225],"faces":{"east":{"rotation":90,"uv":[0.25,11.75,0.5,12],"texture":"#3"},"north":{"rotation":270,"uv":[8.75,8.25,9,8.5],"texture":"#3"},"south":{"uv":[6.25,4.75,6.75,5.25],"texture":"#3"}}},{"to":[18.83,6.43468,7.775],"rotation":{"origin":[17.73231,6.37501,8],"angle":-22.5,"axis":"x"},"from":[17.23,6.31534,7.7],"faces":{"down":{"rotation":270,"uv":[15.75,15.75,16,16],"texture":"#3"},"west":{"rotation":270,"uv":[15.75,15.75,16,16],"texture":"#3"},"east":{"rotation":90,"uv":[1,8.75,1.25,9],"texture":"#3"},"north":{"uv":[0,7.25,2,7.75],"texture":"#3"},"south":{"rotation":270,"uv":[6.75,11.5,7,11.75],"texture":"#3"}}},{"to":[17.11599,5.83334,8.375],"rotation":{"origin":[12.64099,6.03334,8.36962],"angle":0,"axis":"x"},"from":[11.84099,5.68334,7.625],"faces":{"down":{"rotation":180,"uv":[4,8,8.5,8.25],"texture":"#3"},"east":{"uv":[0.5,8,0.75,8.25],"texture":"#4"}}},{"to":[17.11599,5.75506,8.31925],"rotation":{"origin":[12.64099,5.98006,8.17674],"angle":-45,"axis":"x"},"from":[11.84099,5.63006,8.10712],"faces":{"down":{"rotation":180,"uv":[3.5,11.25,8,11.5],"texture":"#3"},"east":{"uv":[0.5,8,0.75,8.25],"texture":"#4"}}},{"to":[17.11599,5.8066,7.91423],"rotation":{"origin":[12.64099,6.0316,7.77172],"angle":45,"axis":"x"},"from":[11.84099,5.6816,7.7021],"faces":{"down":{"rotation":180,"uv":[3.5,11.25,8,11.5],"texture":"#3"},"east":{"uv":[0.5,8,0.75,8.25],"texture":"#4"}}},{"to":[15.09043,7.56611,7.97304],"rotation":{"origin":[17.37274,7.7407,8.14804],"angle":22.5,"axis":"x"},"from":[7.79043,6.96611,7.77304],"faces":{"down":{"uv":[15.75,15.75,16,16],"texture":"#3"},"north":{"rotation":180,"uv":[7.25,5,14.75,6],"texture":"#4"},"up":{"rotation":270,"uv":[15.75,15.75,16,16],"texture":"#3"}}},{"to":[16.51543,7.81611,7.97304],"rotation":{"origin":[17.37274,7.7407,8.14804],"angle":22.5,"axis":"x"},"from":[15.09043,6.96611,7.77304],"faces":{"down":{"uv":[15.75,15.75,16,16],"texture":"#3"},"east":{"rotation":90,"uv":[0.25,7.75,1.75,8.25],"texture":"#3"},"north":{"rotation":180,"uv":[10,5,11.5,6.5],"texture":"#4"}}},{"to":[11.69351,6.14895,8.24999],"rotation":{"origin":[11.09351,4.9296,8.14999],"angle":-22.5,"axis":"z"},"from":[11.54351,4.81025,7.74999],"faces":{"west":{"rotation":180,"uv":[9.5,4.5,10,6.25],"texture":"#3"},"east":{"uv":[4.5,10.75,5,12.5],"texture":"#3"},"north":{"uv":[2,10.25,2.25,12],"texture":"#3"},"south":{"uv":[2,10.25,2.25,12],"texture":"#3"}}},{"to":[11.21286,4.4796,8.24999],"rotation":{"origin":[11.09351,4.9296,8.14999],"angle":45,"axis":"z"},"from":[10.97416,4.3296,7.74999],"faces":{"down":{"rotation":270,"uv":[12.75,4.5,13.25,4.75],"texture":"#3"},"north":{"rotation":180,"uv":[0.25,11.75,0.5,12],"texture":"#3"},"up":{"rotation":270,"uv":[10.5,4.5,11,4.75],"texture":"#3"},"south":{"rotation":180,"uv":[0.25,11.75,0.5,12],"texture":"#3"}}},{"to":[11.7841,5.83337,8.2995],"rotation":{"origin":[11.66475,5.65837,8.1005],"angle":-45,"axis":"z"},"from":[11.5454,5.58337,7.7005],"faces":{"down":{"rotation":270,"uv":[15.75,15.75,16,16],"texture":"#3"},"north":{"uv":[2,10.25,2.25,10.5],"texture":"#3"},"south":{"uv":[2,10.25,2.25,10.5],"texture":"#3"}}},{"to":[11.93975,5.67772,8.2995],"rotation":{"origin":[11.76475,5.55837,8.1005],"angle":22.5,"axis":"z"},"from":[11.68975,5.43902,7.7005],"faces":{"west":{"rotation":270,"uv":[8.75,8,9.25,8.25],"texture":"#3"},"north":{"uv":[2,10.25,2.25,10.5],"texture":"#3"},"south":{"uv":[2,10.25,2.25,10.5],"texture":"#3"}}},{"to":[11.86475,5.47772,8.2995],"rotation":{"origin":[11.81475,5.35837,8.1005],"angle":0,"axis":"z"},"from":[11.73975,5.23902,7.7005],"faces":{"west":{"rotation":270,"uv":[8.75,8,9.25,8.25],"texture":"#3"},"north":{"uv":[2,10.25,2.25,10.5],"texture":"#3"},"south":{"uv":[2,10.25,2.25,10.5],"texture":"#3"}}},{"to":[11.21286,4.4796,8.24999],"rotation":{"origin":[11.09351,4.9296,8.14999],"angle":22.5,"axis":"z"},"from":[10.97416,4.3296,7.74999],"faces":{"down":{"rotation":270,"uv":[11.25,4.75,11.75,5],"texture":"#3"},"north":{"rotation":180,"uv":[0.25,11.75,0.5,12],"texture":"#3"},"up":{"rotation":270,"uv":[11.25,4.5,11.75,4.75],"texture":"#3"},"south":{"rotation":180,"uv":[0.25,11.75,0.5,12],"texture":"#3"}}},{"to":[11.21286,4.4796,8.25002],"rotation":{"origin":[9.93333,4.72957,8.15002],"angle":0,"axis":"y"},"from":[9.80373,4.3296,7.75002],"faces":{"down":{"rotation":270,"uv":[4.5,10.75,5,12.5],"texture":"#3"},"north":{"uv":[0.25,11.75,2,12],"texture":"#3"},"up":{"rotation":270,"uv":[0.25,11.25,0.75,13],"texture":"#3"},"south":{"rotation":180,"uv":[0.25,11.75,2,12],"texture":"#3"}}},{"to":[10.0129,4.37957,8.3],"rotation":{"origin":[9.93333,4.72957,8.1],"angle":-22.5,"axis":"z"},"from":[9.85377,4.32957,7.7],"faces":{"north":{"rotation":180,"uv":[0.5,12,0.75,12.25],"texture":"#3"},"up":{"rotation":270,"uv":[8.75,8,9.25,8.25],"texture":"#3"},"south":{"rotation":180,"uv":[0.5,12,0.75,12.25],"texture":"#3"}}},{"to":[9.68333,4.80914,8.25],"rotation":{"origin":[9.93333,4.72957,8.15],"angle":45,"axis":"z"},"from":[9.53333,4.65001,7.75],"faces":{"east":{"rotation":270,"uv":[8.75,8,9.25,8.25],"texture":"#3"},"north":{"rotation":180,"uv":[0.5,12,0.75,12.25],"texture":"#3"},"south":{"rotation":180,"uv":[0.5,12,0.75,12.25],"texture":"#3"}}},{"to":[9.68333,4.90914,8.25002],"rotation":{"origin":[9.93333,4.72957,8.15002],"angle":22.5,"axis":"z"},"from":[9.23333,4.40001,7.75002],"faces":{"down":{"rotation":270,"uv":[3.5,8,4,8.5],"texture":"#3"},"east":{"rotation":270,"uv":[7.5,10,8,10.25],"texture":"#3"},"north":{"rotation":90,"uv":[0.5,11.5,1.25,12.25],"texture":"#3"},"south":{"rotation":270,"uv":[0.5,11.5,1.25,12.25],"texture":"#3"}}},{"to":[9.05731,5.25001,8.44987],"rotation":{"origin":[8.23231,3.95001,3.24987],"angle":0,"axis":"y"},"from":[7.33231,1.47501,7.54987],"faces":{"down":{"uv":[15.75,15.75,16,16],"texture":"#3"},"west":{"rotation":90,"uv":[8.5,11.5,0.25,9.5],"texture":"#4"},"east":{"rotation":90,"uv":[8.5,11.5,0.25,9.5],"texture":"#4"},"north":{"rotation":270,"uv":[16,9.5,0,2.5],"texture":"#0"},"south":{"rotation":270,"uv":[16,2.5,0,9.5],"texture":"#0"}}},{"to":[9.45731,3.91668,8.425],"rotation":{"origin":[7.96565,3.39168,3.175],"angle":0,"axis":"y"},"from":[7.16565,1.46668,7.575],"faces":{"down":{"uv":[15.75,15.75,16,16],"texture":"#3"},"west":{"uv":[0,12.75,1.75,8.75],"texture":"#3"},"east":{"rotation":90,"uv":[11.5,11.75,7.5,10],"texture":"#4"},"north":{"rotation":90,"uv":[8.75,7.75,4.75,11.75],"texture":"#3"},"south":{"rotation":90,"uv":[8.75,11.75,4.75,7.75],"texture":"#3"}}},{"to":[9.45731,5.26668,8.425],"rotation":{"origin":[7.96565,5.84168,3.175],"angle":0,"axis":"y"},"from":[8.86565,3.91668,7.575],"faces":{"east":{"rotation":270,"uv":[10.25,9.75,7.25,11.5],"texture":"#4"},"north":{"rotation":270,"uv":[7.25,12,4.25,11],"texture":"#3"},"south":{"rotation":270,"uv":[7.25,11,4.25,12],"texture":"#3"}}},{"to":[8.16565,5.70001,8.39937],"rotation":{"origin":[7.36565,4.90001,8.20037],"angle":45,"axis":"z"},"from":[7.36565,4.87501,7.60037],"faces":{"west":{"rotation":180,"uv":[0.75,8.75,2.5,8],"texture":"#3"},"north":{"rotation":90,"uv":[2.25,8.25,1.75,8],"texture":"#3"},"south":{"rotation":90,"uv":[2.25,8.25,1.75,8],"texture":"#3"}}},{"to":[8.33353,4.5884,8.3999],"rotation":{"origin":[7.43353,4.5634,8.2009],"angle":-22.5,"axis":"z"},"from":[7.43353,3.8634,7.6009],"faces":{"west":{"rotation":180,"uv":[13.5,12,15.25,10.75],"texture":"#3"},"north":{"rotation":90,"uv":[6,11,5.5,10],"texture":"#3"},"south":{"rotation":90,"uv":[6,11,5.5,10],"texture":"#3"}}},{"to":[9.48461,2.76605,8.39906],"rotation":{"origin":[9.75961,2.56605,8.20106],"angle":22.5,"axis":"z"},"from":[9.05961,1.66605,7.60106],"faces":{"down":{"rotation":90,"uv":[9.75,7.5,10,8.25],"texture":"#3"},"east":{"rotation":180,"uv":[8,12.75,6.25,11.25],"texture":"#3"},"north":{"rotation":270,"uv":[0,12.25,1.5,11.5],"texture":"#3"},"south":{"rotation":90,"uv":[1.5,12.25,0,11.5],"texture":"#3"}}},{"to":[10.18333,5.81,8.1505],"rotation":{"origin":[10.20833,5.985,7.9995],"angle":0,"axis":"y"},"from":[10.05833,5.26,7.8495],"faces":{"east":{"uv":[0.25,11.5,0.5,12.25],"texture":"#3"},"north":{"uv":[2,10.25,2.25,10.75],"texture":"#3"},"south":{"uv":[2,10.25,2.25,10.75],"texture":"#3"}}},{"to":[10.05833,5.81,8.149],"rotation":{"origin":[10.20833,5.985,8.001],"angle":0,"axis":"y"},"from":[9.65833,5.335,7.851],"faces":{"down":{"uv":[15.75,15.75,16,16],"texture":"#3"},"north":{"uv":[2,10.25,2.25,10.75],"texture":"#3"},"south":{"uv":[2,10.25,2.25,10.75],"texture":"#3"}}},{"to":[9.90833,6.21,8.15],"rotation":{"origin":[10.20833,5.985,8],"angle":22.5,"axis":"z"},"from":[9.78333,4.91,7.85],"faces":{"west":{"rotation":90,"uv":[2,8,3.75,8.25],"texture":"#3"},"east":{"uv":[2.5,11,2.75,12.75],"texture":"#3"},"north":{"uv":[2,10.25,2.25,12],"texture":"#3"},"south":{"uv":[2,10.25,2.25,12],"texture":"#3"}}},{"to":[10.08627,4.77087,8.15],"rotation":{"origin":[10.02377,5.12087,8],"angle":45,"axis":"z"},"from":[9.96127,4.47087,7.85],"faces":{"down":{"uv":[15.75,15.75,16,16],"texture":"#3"},"west":{"uv":[15.75,15.75,16,16],"texture":"#3"},"east":{"rotation":180,"uv":[0,4.75,0.25,5.25],"texture":"#3"},"north":{"uv":[2,11.75,2.5,12],"texture":"#3"},"south":{"uv":[2,11.75,2.5,12],"texture":"#3"}}},{"to":[13.17498,8.12501,8.275],"rotation":{"origin":[3.89898,3.85001,8.55],"angle":0,"axis":"y"},"from":[4.09998,7.70001,7.725],"faces":{"east":{"uv":[10.75,11,11.5,11.75],"texture":"#3"},"north":{"uv":[0,6.25,9,7],"texture":"#3"},"south":{"uv":[0,6.25,9,7],"texture":"#3"}}},{"to":[14.39998,7.95001,8.275],"rotation":{"origin":[3.89898,3.85001,8.55],"angle":0,"axis":"y"},"from":[13.92498,7.70001,7.725],"faces":{"west":{"uv":[10.75,11,11.5,11.75],"texture":"#3"},"east":{"uv":[10.75,11,11.5,11.75],"texture":"#3"},"north":{"uv":[0,7,0.75,7.5],"texture":"#3"},"south":{"uv":[0,7,0.75,7.5],"texture":"#3"}}},{"to":[15.04998,8.12501,8.275],"rotation":{"origin":[3.89898,3.85001,8.55],"angle":0,"axis":"y"},"from":[13.17498,7.95001,7.725],"faces":{"down":{"uv":[15.75,15.75,16,16],"texture":"#3"},"north":{"uv":[0,6.75,2,7.125],"texture":"#3"},"south":{"uv":[0,6.75,2,7.125],"texture":"#3"}}},{"to":[15.04998,7.70001,8.275],"rotation":{"origin":[3.89898,3.42501,8.55],"angle":0,"axis":"y"},"from":[13.17498,7.52501,7.725],"faces":{"up":{"uv":[6.75,7.75,7,8.75],"texture":"#3"}}},{"to":[15.59998,8.37601,8.275],"rotation":{"origin":[3.89898,3.85001,8.55],"angle":0,"axis":"y"},"from":[15.04998,7.70001,7.725],"faces":{"west":{"uv":[10.75,11,11.5,11.75],"texture":"#3"},"east":{"uv":[15.75,15.75,16,16],"texture":"#3"},"north":{"uv":[0,6.5,0.75,7.5],"texture":"#3"},"up":{"uv":[6.75,2,7.5,2.75],"texture":"#3"},"south":{"uv":[0,6.5,0.75,7.5],"texture":"#3"}}},{"to":[15.37498,8.25001,8.4],"rotation":{"origin":[3.89898,3.85001,8.6],"angle":0,"axis":"y"},"from":[4.02498,8.12501,7.6],"faces":{"north":{"rotation":180,"uv":[0,7.25,16,7.5],"texture":"#3"},"west":{"rotation":180,"uv":[6.5,6,7.25,6.25],"texture":"#3"},"up":{"rotation":180,"uv":[0,6.75,16,7.75],"texture":"#3"},"down":{"uv":[15.75,15.75,16,16],"texture":"#3"},"east":{"rotation":180,"uv":[6.5,5,7.25,5.25],"texture":"#3"},"south":{"rotation":180,"uv":[0,7.25,16,7.5],"texture":"#3"}}},{"to":[9.72621,7.96301,8.26324],"rotation":{"origin":[3.63231,4.26301,8.58676],"angle":0,"axis":"y"},"from":[3.33331,7.13801,7.73676],"faces":{"west":{"rotation":180,"uv":[8.75,9.75,9.5,11.25],"texture":"#4"},"up":{"rotation":270,"uv":[9.75,5.25,10.5,11.5],"texture":"#4"}}},{"to":[15.94998,6.35001,8.3],"rotation":{"origin":[5.34898,3.45001,8],"angle":0,"axis":"y"},"from":[14.64998,4.80001,7.7],"faces":{"down":{"rotation":270,"uv":[15.75,15.75,16,16],"texture":"#3"},"west":{"rotation":270,"uv":[1.5,7.75,0,8.75],"texture":"#3"},"east":{"rotation":270,"uv":[2.75,14.25,1.25,15.25],"texture":"#3"},"north":{"rotation":270,"uv":[15.75,15.75,16,16],"texture":"#3"},"south":{"rotation":270,"uv":[15.75,15.75,16,16],"texture":"#3"}}},{"to":[16.34998,6.15001,8.05],"rotation":{"origin":[16.04998,5.87501,8.05],"angle":-45,"axis":"z"},"from":[15.74998,5.42501,7.95],"faces":{"east":{"rotation":180,"uv":[4,8,5,8.25],"texture":"#3"},"north":{"rotation":270,"uv":[3.25,7.5,2.25,8.5],"texture":"#3"},"south":{"rotation":90,"uv":[3.25,7.5,2.25,8.5],"texture":"#3"}}},{"to":[9.49998,6.70001,8.35003],"rotation":{"origin":[2.99898,7.95001,7.65003],"angle":0,"axis":"y"},"from":[6.59998,6.05001,7.85003],"faces":{"south":{"rotation":180,"uv":[9.25,4.25,12.25,5.25],"texture":"#4"}}},{"to":[9.49998,6.70001,8.47503],"rotation":{"origin":[2.99898,7.95001,7.57503],"angle":0,"axis":"y"},"from":[9.19998,6.05001,7.77503],"faces":{"west":{"rotation":180,"uv":[9.25,4.5,9.5,5.5],"texture":"#3"},"south":{"rotation":180,"uv":[9.5,4.25,10,5.25],"texture":"#4"}}},{"to":[9.73331,6.05,8.525],"rotation":{"origin":[2.63231,4.45001,7.75],"angle":0,"axis":"y"},"from":[3.73331,5.25,7.475],"faces":{"down":{"rotation":180,"uv":[4,7.75,8.5,8.5],"texture":"#3"},"east":{"rotation":90,"uv":[3.5,11.75,4.25,12],"texture":"#3"},"north":{"uv":[1.5,8,8.25,9],"texture":"#3"},"up":{"rotation":270,"uv":[12.5,0,13,5.5],"texture":"#3"},"south":{"uv":[3,8,9.75,9],"texture":"#3"}}},{"to":[3.73331,6.05,8.525],"rotation":{"origin":[2.23231,4.45001,7.75],"angle":0,"axis":"y"},"from":[3.33331,5.25,7.475],"faces":{"north":{"uv":[1.25,8,2,8.25],"texture":"#3"},"west":{"rotation":180,"uv":[4.75,8,6.25,9.25],"texture":"#4"},"up":{"rotation":270,"uv":[12.5,0,13,5.5],"texture":"#3"},"down":{"uv":[1.25,8,2,8.25],"texture":"#3"},"east":{"rotation":90,"uv":[3.5,11.75,4.25,12],"texture":"#3"},"south":{"uv":[1.25,8,2,8.25],"texture":"#3"}}},{"to":[8.03331,6.05,8.5255],"rotation":{"origin":[0.93231,4.55001,7.7495],"angle":0,"axis":"y"},"from":[6.83331,5.275,7.4745],"faces":{"north":{"uv":[0,6,9,0],"texture":"#1"},"south":{"uv":[9,6,0,0],"texture":"#1"}}},{"to":[6.53331,6.65,8.6],"rotation":{"origin":[2.63231,4.05001,7.5],"angle":0,"axis":"y"},"from":[3.73331,6.05,8],"faces":{"down":{"uv":[15.75,15.75,16,16],"texture":"#3"},"south":{"rotation":180,"uv":[3.25,11,6.5,11.75],"texture":"#3"}}},{"to":[9.84042,6.65,8],"rotation":{"origin":[2.63231,4.05001,6.95],"angle":0,"axis":"y"},"from":[3.73331,6.05,7.4],"faces":{"down":{"uv":[16,16,16,16],"texture":"#3"},"east":{"rotation":180,"uv":[3.25,11,3.75,11.75],"texture":"#3"},"north":{"rotation":180,"uv":[3,11,9.75,11.75],"texture":"#3"}}},{"to":[9.84042,6.65,8.5995],"rotation":{"origin":[5.63942,4.05001,7.4995],"angle":0,"axis":"y"},"from":[9.39042,6.05,7.7995],"faces":{"down":{"uv":[15.75,15.75,16,16],"texture":"#3"},"west":{"rotation":180,"uv":[8.25,4.75,8.5,5.5],"texture":"#3"},"east":{"rotation":180,"uv":[3.25,11,3.75,11.75],"texture":"#3"},"south":{"rotation":180,"uv":[3.25,11,3.75,11.75],"texture":"#3"}}},{"to":[9.75035,7.04399,8.59975],"rotation":{"origin":[9.42535,6.80279,8.3252],"angle":22.5,"axis":"z"},"from":[9.37535,6.50279,7.40025],"faces":{"east":{"rotation":180,"uv":[3.25,11,3.5,11.75],"texture":"#4"},"north":{"uv":[8,4.75,8.25,5.5],"texture":"#4"},"south":{"uv":[10.25,4.75,10.5,5.5],"texture":"#4"}}},{"to":[6.63331,6.75,8.89975],"rotation":{"origin":[2.43231,4.05001,7.49975],"angle":0,"axis":"y"},"from":[6.33331,5.95,8.29975],"faces":{"down":{"uv":[15.75,15.75,16,16],"texture":"#3"},"west":{"rotation":180,"uv":[7.5,6,8.25,7.25],"texture":"#3"},"east":{"uv":[8.25,4.75,9,6],"texture":"#3"},"up":{"rotation":90,"uv":[9.75,4.5,11,5],"texture":"#4"},"south":{"uv":[5.5,7.25,6,8.5],"texture":"#4"}}},{"to":[5.90831,6.95,8.601],"rotation":{"origin":[4.48231,4.45001,7.899],"angle":0,"axis":"y"},"from":[5.45831,6.75,7.399],"faces":{"north":{"uv":[10,8,10.25,8.5],"texture":"#3"},"south":{"uv":[10,8,10.25,8.5],"texture":"#3"}}},{"to":[7.90831,6.95,8.601],"rotation":{"origin":[6.48231,4.45001,7.899],"angle":0,"axis":"y"},"from":[7.45831,6.75,7.399],"faces":{"north":{"uv":[10,8,10.25,8.5],"texture":"#3"},"south":{"uv":[10,8,10.25,8.5],"texture":"#3"}}},{"to":[9.63331,7.15,8.6],"rotation":{"origin":[2.63231,4.45001,7.9],"angle":0,"axis":"y"},"from":[3.73331,6.65,7.4],"faces":{"down":{"uv":[15.75,15.75,16,16],"texture":"#3"},"north":{"uv":[4.5,4.75,11,5.5],"texture":"#4"},"south":{"uv":[4.5,4.75,11,5.5],"texture":"#4"}}},{"to":[3.73331,7.15,8.6],"rotation":{"origin":[2.23231,4.45001,7.9],"angle":0,"axis":"y"},"from":[3.33331,6.05,7.4],"faces":{"down":{"uv":[15.75,15.75,16,16],"texture":"#3"},"west":{"rotation":90,"uv":[7.75,10,8.75,11.5],"texture":"#4"},"north":{"rotation":180,"uv":[2.5,11,3,12.5],"texture":"#3"},"south":{"rotation":180,"uv":[2.5,11,3,12.5],"texture":"#3"}}},{"to":[9.89998,5.63,8.5245],"rotation":{"origin":[9.69998,5.625,7.79053],"angle":45,"axis":"z"},"from":[9.59998,5.48,7.4755],"faces":{"down":{"rotation":90,"uv":[3.5,11.5,4.25,11.75],"texture":"#3"},"north":{"uv":[3,9,3.25,9.25],"texture":"#3"},"south":{"uv":[3,9,3.25,9.25],"texture":"#3"}}},{"to":[12.03331,6.65834,8.525],"rotation":{"origin":[8.63231,4.45001,7.7],"angle":0,"axis":"y"},"from":[9.73331,5.63334,7.475],"faces":{"down":{"rotation":180,"uv":[4,7.75,5.75,8.5],"texture":"#3"},"east":{"rotation":180,"uv":[3.5,11,4.75,12.5],"texture":"#3"},"north":{"rotation":180,"uv":[3.5,11,5.75,12.5],"texture":"#3"},"up":{"rotation":180,"uv":[9.75,4.5,12,4.75],"texture":"#3"},"south":{"rotation":180,"uv":[3.5,11,5.75,12.5],"texture":"#3"}}},{"to":[16.73331,6.65834,8.525],"rotation":{"origin":[7.13231,4.35001,7.7],"angle":0,"axis":"y"},"from":[12.03331,5.83334,7.475],"faces":{"north":{"rotation":180,"uv":[3.5,11.25,8,12.25],"texture":"#3"},"up":{"rotation":180,"uv":[11.5,0,16,0.25],"texture":"#3"},"south":{"rotation":180,"uv":[3.5,11.25,8,12.25],"texture":"#3"}}},{"to":[14.13331,6.40834,8.526],"rotation":{"origin":[8.03231,4.35001,7.699],"angle":0,"axis":"y"},"from":[13.63331,6.20834,7.474],"faces":{"north":{"uv":[10,8,10.25,8.5],"texture":"#3"},"south":{"uv":[10,8,10.25,8.5],"texture":"#3"}}},{"to":[15.58331,6.40834,8.526],"rotation":{"origin":[9.48231,4.35001,7.699],"angle":0,"axis":"y"},"from":[15.08331,6.20834,7.474],"faces":{"north":{"uv":[10,8,10.25,8.5],"texture":"#3"},"south":{"uv":[10,8,10.25,8.5],"texture":"#3"}}},{"to":[16.9676,7.13049,8.5255],"rotation":{"origin":[16.7176,6.51799,7.95],"angle":22.5,"axis":"z"},"from":[16.5926,6.08049,8.3755],"faces":{"east":{"rotation":180,"uv":[7,8,7.25,9.25],"texture":"#4"},"north":{"rotation":90,"uv":[15.75,15.75,16,16],"texture":"#3"},"south":{"rotation":180,"uv":[0.75,11,1.25,12.25],"texture":"#3"}}},{"to":[16.71418,7.17954,8.525],"rotation":{"origin":[16.46418,6.51704,7.95],"angle":0,"axis":"z"},"from":[16.36418,6.65454,8.375],"faces":{"west":{"rotation":180,"uv":[10.25,4.75,10.5,5.5],"texture":"#4"},"north":{"rotation":90,"uv":[15.75,15.75,16,16],"texture":"#3"},"up":{"rotation":180,"uv":[4.5,11.75,5,12],"texture":"#3"},"south":{"rotation":180,"uv":[6.25,11.25,6.75,12],"texture":"#3"}}},{"to":[16.9676,7.13049,7.6245],"rotation":{"origin":[16.7176,6.51799,7.95],"angle":22.5,"axis":"z"},"from":[16.5926,6.08049,7.4745],"faces":{"east":{"rotation":180,"uv":[7,8,7.25,9.25],"texture":"#4"},"north":{"rotation":180,"uv":[0.75,11,1.25,12.25],"texture":"#3"},"south":{"rotation":90,"uv":[15.75,15.75,16,16],"texture":"#3"}}},{"to":[16.71418,7.17954,7.625],"rotation":{"origin":[16.46418,6.51704,7.95],"angle":0,"axis":"z"},"from":[16.36418,6.65454,7.475],"faces":{"west":{"rotation":180,"uv":[10.25,4.75,10.5,5.5],"texture":"#4"},"north":{"rotation":180,"uv":[6.25,11.25,6.75,12],"texture":"#3"},"up":{"rotation":180,"uv":[4.5,11.75,5,12],"texture":"#3"},"south":{"rotation":90,"uv":[15.75,15.75,16,16],"texture":"#3"}}},{"to":[17.11599,6.20946,8.525],"rotation":{"origin":[16.88331,6.37084,7.95],"angle":0,"axis":"z"},"from":[16.73331,5.83334,7.475],"faces":{"east":{"uv":[0.5,8,1.25,8.25],"texture":"#4"},"north":{"rotation":180,"uv":[2.25,9.75,2.75,10.25],"texture":"#3"},"south":{"rotation":180,"uv":[2.25,9.75,2.75,10.25],"texture":"#3"}}},{"to":[9.68333,6.00001,8.2495],"rotation":{"origin":[10.73231,4.45001,8.2505],"angle":0,"axis":"y"},"from":[9.43333,4.65001,7.7505],"faces":{"east":{"rotation":270,"uv":[6.5,11.5,7,11.75],"texture":"#3"},"north":{"rotation":90,"uv":[0.25,11.75,1,12.25],"texture":"#3"},"south":{"rotation":270,"uv":[0.25,11.75,1,12.25],"texture":"#3"}}},{"to":[16.69547,7.90396,8.16955],"rotation":{"origin":[16.47997,7.47635,8.77045],"angle":22.5,"axis":"z"},"from":[16.4955,7.40396,7.83045],"faces":{"east":{"rotation":90,"uv":[0,6.75,1.5,7.75],"texture":"#3"},"north":{"rotation":270,"uv":[0.25,7.75,1.25,8.25],"texture":"#3"},"south":{"rotation":90,"uv":[0.25,7.75,1.25,8.25],"texture":"#3"}}},{"to":[16.89171,5.73569,8.2503],"rotation":{"origin":[16.67621,6.70808,8.5897],"angle":22.5,"axis":"z"},"from":[16.66674,5.13569,7.7497],"faces":{"down":{"uv":[15.75,15.75,16,16],"texture":"#4"},"west":{"uv":[15.75,15.75,16,16],"texture":"#4"},"east":{"uv":[7,8,7.75,8.75],"texture":"#4"},"north":{"uv":[0.75,11.25,1,12],"texture":"#3"},"south":{"uv":[0.75,11.25,1,12],"texture":"#3"}}},{"to":[16.19627,7.91184,7.876],"rotation":{"origin":[15.97388,7.69634,8.585],"angle":-45,"axis":"z"},"from":[15.2296,7.31187,7.726],"faces":{"north":{"uv":[0,11.75,0.75,12.5],"texture":"#3"},"up":{"rotation":90,"uv":[8.75,10.75,9,12.25],"texture":"#3"},"south":{"uv":[15.75,15.75,16,16],"texture":"#3"}}},{"to":[16.14627,7.91184,8.125],"rotation":{"origin":[15.97388,7.69634,8.585],"angle":-45,"axis":"z"},"from":[15.5296,7.31187,7.875],"faces":{"west":{"uv":[15.75,15.75,16,16],"texture":"#3"},"up":{"rotation":90,"uv":[8.75,10.75,9,11.75],"texture":"#3"}}},{"to":[16.19627,7.91184,8.274],"rotation":{"origin":[15.97388,7.69634,8.585],"angle":-45,"axis":"z"},"from":[15.2296,7.31187,8.124],"faces":{"north":{"uv":[15.75,15.75,16,16],"texture":"#3"},"up":{"rotation":90,"uv":[8.75,10.75,9,12.25],"texture":"#3"},"south":{"uv":[0,11.75,0.75,12.5],"texture":"#3"}}},{"to":[4.39536,7.91184,8.2745],"rotation":{"origin":[3.65108,7.69634,8.3905],"angle":45,"axis":"z"},"from":[3.67869,7.41187,7.7255],"faces":{"north":{"rotation":270,"uv":[0,6.75,0.25,7.75],"texture":"#3"},"up":{"rotation":90,"uv":[6,4.5,6.75,5.5],"texture":"#3"},"south":{"rotation":90,"uv":[0,6.75,0.25,7.75],"texture":"#3"}}},{"to":[16.70677,7.21478,8.47001],"rotation":{"origin":[16.30675,6.79812,8.37001],"angle":0,"axis":"z"},"from":[9.60677,6.03978,8.17501],"faces":{"east":{"rotation":90,"uv":[1,8.75,1.25,9],"texture":"#3"},"north":{"rotation":90,"uv":[15.75,15.75,16,16],"texture":"#3"},"south":{"uv":[8.5,11.25,16,13.25],"texture":"#3"}}},{"to":[16.70677,7.21478,7.82501],"rotation":{"origin":[16.30675,6.79812,8.37501],"angle":0,"axis":"z"},"from":[9.60677,6.03978,7.53001],"faces":{"east":{"rotation":90,"uv":[1,8.75,1.25,9],"texture":"#3"},"north":{"uv":[8.5,11.25,16,13.25],"texture":"#3"},"south":{"rotation":90,"uv":[15.75,15.75,16,16],"texture":"#3"}}},{"to":[16.70777,7.49194,7.825],"rotation":{"origin":[16.20675,7.07312,8.48411],"angle":0,"axis":"z"},"from":[16.38177,7.21478,7.639],"faces":{"east":{"rotation":90,"uv":[1,8.75,1.25,9],"texture":"#3"},"up":{"uv":[7.75,5.5,8.5,6],"texture":"#4"},"south":{"rotation":90,"uv":[15.75,15.75,16,16],"texture":"#3"}}},{"to":[16.70777,7.49194,8.36101],"rotation":{"origin":[16.20675,7.07312,8.24501],"angle":0,"axis":"z"},"from":[16.38177,7.21478,8.17501],"faces":{"east":{"rotation":90,"uv":[1,8.75,1.25,9],"texture":"#3"},"north":{"rotation":90,"uv":[15.75,15.75,16,16],"texture":"#3"},"up":{"rotation":180,"uv":[7.75,5.5,8.5,6],"texture":"#4"}}},{"to":[16.70677,7.492,8.175],"rotation":{"origin":[16.60677,7.25,8.01089],"angle":0,"axis":"x"},"from":[16.10677,7.4,7.825],"faces":{"down":{"rotation":90,"uv":[15.75,15.75,16,16],"texture":"#3"},"east":{"rotation":90,"uv":[1,8.75,1.25,9],"texture":"#3"},"up":{"rotation":180,"uv":[6.25,8,6.5,8.25],"texture":"#4"}}},{"to":[16.70677,7.475,8.11089],"rotation":{"origin":[16.60677,7.225,8],"angle":45,"axis":"x"},"from":[16.10677,7.4,7.88911],"faces":{"down":{"rotation":90,"uv":[15.75,15.75,16,16],"texture":"#3"},"east":{"rotation":90,"uv":[1,8.75,1.25,9],"texture":"#3"}}},{"to":[16.70677,7.33589,8.25],"rotation":{"origin":[16.60677,7.225,8],"angle":45,"axis":"x"},"from":[16.10677,7.11411,8.175],"faces":{"east":{"rotation":90,"uv":[1,8.75,1.25,9],"texture":"#3"},"north":{"rotation":90,"uv":[7.5,11,7.75,11.25],"texture":"#3"}}},{"to":[16.70677,7.05,8.175],"rotation":{"origin":[16.60677,7.225,7.98589],"angle":0,"axis":"x"},"from":[16.10677,6.7,7.825],"faces":{"east":{"rotation":90,"uv":[1,8.75,1.25,9],"texture":"#3"},"up":{"rotation":90,"uv":[8.25,11.75,8.5,12],"texture":"#3"}}},{"to":[16.40677,7.45,8.175],"rotation":{"origin":[16.30677,7.225,7.98589],"angle":0,"axis":"x"},"from":[16.30677,7,7.825],"faces":{"east":{"rotation":90,"uv":[15.75,15.75,16,16],"texture":"#3"}}},{"to":[16.70677,7.05,8.11089],"rotation":{"origin":[16.60677,7.225,8],"angle":45,"axis":"x"},"from":[16.10677,6.975,7.88911],"faces":{"east":{"rotation":90,"uv":[1,8.75,1.25,9],"texture":"#3"},"up":{"rotation":90,"uv":[7.5,11,7.75,11.25],"texture":"#3"}}},{"to":[16.70677,7.33589,7.825],"rotation":{"origin":[16.60677,7.225,8],"angle":45,"axis":"x"},"from":[16.10677,7.11411,7.75],"faces":{"east":{"rotation":90,"uv":[1,8.75,1.25,9],"texture":"#3"},"south":{"rotation":90,"uv":[15.75,15.75,16,16],"texture":"#3"}}},{"to":[13.39998,8.37501,8.4],"rotation":{"origin":[21.09998,16.37501,15.2],"angle":0,"axis":"y"},"from":[13.09998,8.25001,7.6],"faces":{"west":{"rotation":180,"uv":[6.5,5,7.25,5.25],"texture":"#3"},"east":{"rotation":180,"uv":[6.5,5,7.25,5.25],"texture":"#3"},"north":{"rotation":180,"uv":[10,4.5,10.75,4.75],"texture":"#3"},"up":{"rotation":180,"uv":[2.75,1.75,3.25,3],"texture":"#3"},"south":{"rotation":180,"uv":[12.25,4.5,13,4.75],"texture":"#3"}}},{"to":[15.37498,8.37501,8.4],"rotation":{"origin":[23.49998,16.37501,15.2],"angle":0,"axis":"y"},"from":[15.19998,8.25001,7.6],"faces":{"east":{"rotation":180,"uv":[6.5,5,7.25,5.25],"texture":"#3"},"north":{"rotation":180,"uv":[9.25,4.5,10,4.75],"texture":"#3"},"up":{"rotation":180,"uv":[7,1.75,7.5,3],"texture":"#3"},"south":{"rotation":180,"uv":[12.25,4.5,13,4.75],"texture":"#3"}}},{"to":[15.663,7.71142,8.65],"rotation":{"origin":[15.63746,7.61822,8.425],"angle":22.5,"axis":"x"},"from":[15.413,7.22502,8.525],"faces":{"west":{"rotation":180,"uv":[6.25,11.25,6.5,12],"texture":"#4"},"east":{"rotation":180,"uv":[6.25,11.25,6.5,12],"texture":"#4"},"north":{"uv":[10.5,10,10.75,10.25],"texture":"#3"},"south":{"uv":[6,7.5,6.25,8.25],"texture":"#3"}}},{"to":[15.663,7.71142,7.475],"rotation":{"origin":[15.63746,7.61822,7.575],"angle":-22.5,"axis":"x"},"from":[15.413,7.22502,7.35],"faces":{"west":{"rotation":180,"uv":[6.5,11.25,6.25,12],"texture":"#4"},"east":{"rotation":180,"uv":[6.5,11.25,6.25,12],"texture":"#4"},"north":{"uv":[6.25,7.5,6,8.25],"texture":"#3"},"south":{"uv":[10.75,10,10.5,10.25],"texture":"#3"}}},{"to":[4.612,7.83642,8.7],"rotation":{"origin":[4.66246,7.74322,8.475],"angle":0,"axis":"x"},"from":[4.412,7.65002,8.575],"faces":{"west":{"rotation":180,"uv":[6.5,12,6.75,12.25],"texture":"#4"},"east":{"rotation":180,"uv":[6.5,12,6.75,12.25],"texture":"#4"},"north":{"rotation":90,"uv":[9.25,10.5,9.5,10.75],"texture":"#4"},"south":{"rotation":180,"uv":[5.75,11.25,6,11.75],"texture":"#3"}}},{"to":[4.612,7.83642,7.425],"rotation":{"origin":[4.66246,7.74322,7.525],"angle":0,"axis":"x"},"from":[4.412,7.65002,7.3],"faces":{"west":{"rotation":180,"uv":[6.75,12,6.5,12.25],"texture":"#4"},"east":{"rotation":180,"uv":[6.75,12,6.5,12.25],"texture":"#4"},"north":{"rotation":180,"uv":[6,11.25,5.75,11.75],"texture":"#3"},"south":{"rotation":90,"uv":[9.25,10.75,9.5,10.5],"texture":"#4"}}},{"to":[15.66246,7.73642,8.325],"rotation":{"origin":[15.63746,7.61822,8.425],"angle":22.5,"axis":"x"},"from":[15.41246,7.47502,8.15],"faces":{"west":{"rotation":180,"uv":[6.5,11.75,6.75,12.25],"texture":"#4"},"east":{"rotation":180,"uv":[6.5,11.75,6.75,12.25],"texture":"#4"},"south":{"uv":[15.75,15.75,16,16],"texture":"#3"}}},{"to":[15.66246,7.73642,7.85],"rotation":{"origin":[15.63746,7.61822,7.575],"angle":-22.5,"axis":"x"},"from":[15.41246,7.47502,7.675],"faces":{"west":{"rotation":180,"uv":[6.75,11.75,6.5,12.25],"texture":"#4"},"east":{"rotation":180,"uv":[6.75,11.75,6.5,12.25],"texture":"#4"},"north":{"uv":[16,15.75,15.75,16],"texture":"#3"}}},{"to":[4.61246,7.86142,8.375],"rotation":{"origin":[4.66246,7.74322,8.475],"angle":0,"axis":"x"},"from":[4.41246,7.62502,8.175],"faces":{"west":{"rotation":90,"uv":[10,10.75,10.25,11],"texture":"#4"},"east":{"rotation":90,"uv":[10,10.75,10.25,11],"texture":"#4"},"south":{"rotation":90,"uv":[9.25,10.5,9.5,10.75],"texture":"#4"}}},{"to":[4.61246,7.86142,7.825],"rotation":{"origin":[4.66246,7.74322,7.525],"angle":0,"axis":"x"},"from":[4.41246,7.62502,7.625],"faces":{"west":{"rotation":90,"uv":[10,11,10.25,10.75],"texture":"#4"},"east":{"rotation":90,"uv":[10,11,10.25,10.75],"texture":"#4"},"north":{"rotation":90,"uv":[9.25,10.75,9.5,10.5],"texture":"#4"}}},{"to":[15.663,7.84322,8.5182],"rotation":{"origin":[15.63746,7.61822,8.425],"angle":22.5,"axis":"x"},"from":[15.413,7.71822,7.8818],"faces":{"down":{"uv":[15.75,15.75,16,16],"texture":"#3"},"west":{"rotation":270,"uv":[5,11.75,5.25,12.5],"texture":"#4"},"east":{"rotation":90,"uv":[5,11.75,5.25,12.5],"texture":"#4"},"up":{"rotation":180,"uv":[8.75,5,9,5.75],"texture":"#4"}}},{"to":[15.663,7.84322,8.1182],"rotation":{"origin":[15.63746,7.61822,7.575],"angle":-22.5,"axis":"x"},"from":[15.413,7.71822,7.4818],"faces":{"down":{"uv":[15.75,16,16,15.75],"texture":"#3"},"west":{"rotation":270,"uv":[5,12.5,5.25,11.75],"texture":"#4"},"east":{"rotation":90,"uv":[5,12.5,5.25,11.75],"texture":"#4"},"up":{"rotation":180,"uv":[8.75,5.75,9,5],"texture":"#4"}}},{"to":[4.612,7.96822,8.5682],"rotation":{"origin":[4.66246,7.74322,8.475],"angle":0,"axis":"x"},"from":[4.412,7.84322,8.1318],"faces":{"down":{"rotation":90,"uv":[15.75,15.75,16,16],"texture":"#4"},"west":{"rotation":270,"uv":[6.5,11.25,6.75,12],"texture":"#4"},"east":{"rotation":90,"uv":[6.5,11.25,6.75,12],"texture":"#4"},"up":{"uv":[6,8,6.25,8.75],"texture":"#3"}}},{"to":[4.612,7.96822,7.8682],"rotation":{"origin":[4.66246,7.74322,7.525],"angle":0,"axis":"x"},"from":[4.412,7.84322,7.4318],"faces":{"down":{"rotation":90,"uv":[16,15.75,15.75,16],"texture":"#4"},"west":{"rotation":270,"uv":[6.5,12,6.75,11.25],"texture":"#4"},"east":{"rotation":90,"uv":[6.5,12,6.75,11.25],"texture":"#4"},"up":{"uv":[6,8.75,6.25,8],"texture":"#3"}}},{"to":[15.66246,7.51822,8.5432],"rotation":{"origin":[15.63746,7.61822,8.425],"angle":22.5,"axis":"x"},"from":[15.41246,7.29322,8.2818],"faces":{"west":{"rotation":180,"uv":[6.25,11.5,6.5,11.75],"texture":"#4"},"east":{"rotation":180,"uv":[6.25,11.25,6.5,11.75],"texture":"#4"},"up":{"uv":[8.25,11.25,8.5,11.5],"texture":"#3"}}},{"to":[15.66246,7.51822,7.7182],"rotation":{"origin":[15.63746,7.61822,7.575],"angle":-22.5,"axis":"x"},"from":[15.41246,7.29322,7.4568],"faces":{"west":{"rotation":180,"uv":[6.5,11.5,6.25,11.75],"texture":"#4"},"east":{"rotation":180,"uv":[6.5,11.25,6.25,11.75],"texture":"#4"},"up":{"uv":[8.25,11.5,8.5,11.25],"texture":"#3"}}},{"to":[4.612,7.64322,8.5182],"rotation":{"origin":[4.66246,7.74322,8.475],"angle":0,"axis":"x"},"from":[4.412,7.59322,8.4318],"faces":{"west":{"rotation":90,"uv":[10,10.75,10.25,11],"texture":"#4"},"east":{"rotation":90,"uv":[10,10.75,10.25,11],"texture":"#4"},"up":{"rotation":90,"uv":[9.25,10.5,9.5,10.75],"texture":"#4"}}},{"to":[4.612,7.64322,7.5682],"rotation":{"origin":[4.66246,7.74322,7.525],"angle":0,"axis":"x"},"from":[4.412,7.59322,7.4818],"faces":{"west":{"rotation":90,"uv":[10,11,10.25,10.75],"texture":"#4"},"east":{"rotation":90,"uv":[10,11,10.25,10.75],"texture":"#4"},"up":{"rotation":90,"uv":[9.5,10.5,9.25,10.75],"texture":"#4"}}},{"to":[15.66246,7.51822,8.5182],"rotation":{"origin":[15.63746,7.61822,8.425],"angle":-22.5,"axis":"x"},"from":[15.41246,7.39322,8.3318],"faces":{"west":{"rotation":180,"uv":[6.25,11.5,6.5,11.75],"texture":"#4"},"east":{"rotation":180,"uv":[6.25,11.5,6.5,11.75],"texture":"#4"},"up":{"uv":[8.25,11.25,8.5,11.5],"texture":"#3"}}},{"to":[15.66246,7.51822,7.6682],"rotation":{"origin":[15.63746,7.61822,7.575],"angle":22.5,"axis":"x"},"from":[15.41246,7.39322,7.4818],"faces":{"west":{"rotation":180,"uv":[6.5,11.5,6.25,11.75],"texture":"#4"},"east":{"rotation":180,"uv":[6.5,11.5,6.25,11.75],"texture":"#4"},"up":{"uv":[8.25,11.5,8.5,11.25],"texture":"#3"}}},{"to":[4.61246,7.64322,8.5682],"rotation":{"origin":[4.66246,7.74322,8.475],"angle":-45,"axis":"x"},"from":[4.41246,7.51822,8.1818],"faces":{"down":{"rotation":180,"uv":[6,8,6.25,8.75],"texture":"#3"},"west":{"rotation":270,"uv":[6.25,11.25,6.5,12],"texture":"#4"},"east":{"rotation":90,"uv":[6.25,11.25,6.5,12],"texture":"#4"},"up":{"rotation":90,"uv":[9.25,10.5,9.5,10.75],"texture":"#4"}}},{"to":[4.61246,7.64322,7.8182],"rotation":{"origin":[4.66246,7.74322,7.525],"angle":45,"axis":"x"},"from":[4.41246,7.51822,7.4318],"faces":{"down":{"rotation":180,"uv":[6,8.75,6.25,8],"texture":"#3"},"west":{"rotation":270,"uv":[6.25,12,6.5,11.25],"texture":"#4"},"east":{"rotation":90,"uv":[6.25,12,6.5,11.25],"texture":"#4"},"up":{"rotation":90,"uv":[9.5,10.5,9.25,10.75],"texture":"#4"}}},{"to":[15.66246,7.84322,8.5182],"rotation":{"origin":[15.63746,7.61822,8.425],"angle":-22.5,"axis":"x"},"from":[15.41246,7.71822,8.3318],"faces":{"down":{"uv":[15.75,15.75,16,16],"texture":"#3"},"west":{"rotation":180,"uv":[6.5,12,6.75,12.25],"texture":"#4"},"east":{"rotation":180,"uv":[6.5,12,6.75,12.25],"texture":"#4"}}},{"to":[15.66246,7.84322,7.6682],"rotation":{"origin":[15.63746,7.61822,7.575],"angle":22.5,"axis":"x"},"from":[15.41246,7.71822,7.4818],"faces":{"down":{"uv":[15.75,16,16,15.75],"texture":"#3"},"west":{"rotation":180,"uv":[6.75,12,6.5,12.25],"texture":"#4"},"east":{"rotation":180,"uv":[6.75,12,6.5,12.25],"texture":"#4"}}},{"to":[4.61246,7.89322,8.5182],"rotation":{"origin":[4.66246,7.74322,8.475],"angle":-45,"axis":"x"},"from":[4.41246,7.84322,8.4318],"faces":{"down":{"rotation":90,"uv":[15.75,15.75,16,16],"texture":"#4"},"west":{"rotation":90,"uv":[10,10.75,10.25,11],"texture":"#4"},"east":{"rotation":90,"uv":[10,10.75,10.25,11],"texture":"#4"}}},{"to":[4.61246,7.89322,7.5682],"rotation":{"origin":[4.66246,7.74322,7.525],"angle":45,"axis":"x"},"from":[4.41246,7.84322,7.4818],"faces":{"down":{"rotation":90,"uv":[16,15.75,15.75,16],"texture":"#4"},"west":{"rotation":90,"uv":[10,11,10.25,10.75],"texture":"#4"},"east":{"rotation":90,"uv":[10,11,10.25,10.75],"texture":"#4"}}},{"to":[15.66246,7.71142,8.65],"rotation":{"origin":[15.63746,7.61822,8.425],"angle":-22.5,"axis":"x"},"from":[15.41246,7.52502,8.525],"faces":{"west":{"rotation":180,"uv":[6.5,12,6.75,12.25],"texture":"#4"},"east":{"rotation":180,"uv":[6.5,12,6.75,12.25],"texture":"#4"},"north":{"uv":[15.75,15.75,16,16],"texture":"#3"},"south":{"uv":[9.25,4.5,9.5,5],"texture":"#3"}}},{"to":[15.66246,7.71142,7.475],"rotation":{"origin":[15.63746,7.61822,7.575],"angle":22.5,"axis":"x"},"from":[15.41246,7.52502,7.35],"faces":{"west":{"rotation":180,"uv":[6.75,12,6.5,12.25],"texture":"#4"},"east":{"rotation":180,"uv":[6.75,12,6.5,12.25],"texture":"#4"},"north":{"uv":[9.5,4.5,9.25,5],"texture":"#3"},"south":{"uv":[16,15.75,15.75,16],"texture":"#3"}}},{"to":[4.61246,7.83642,8.7],"rotation":{"origin":[4.66246,7.74322,8.475],"angle":-45,"axis":"x"},"from":[4.41246,7.65002,8.575],"faces":{"west":{"uv":[5,11.75,5.25,12.25],"texture":"#4"},"east":{"uv":[5,11.75,5.25,12.25],"texture":"#4"},"north":{"rotation":90,"uv":[15.75,15.75,16,16],"texture":"#4"},"south":{"uv":[6.25,11.75,6.5,12.25],"texture":"#3"}}},{"to":[4.61246,7.83642,7.425],"rotation":{"origin":[4.66246,7.74322,7.525],"angle":45,"axis":"x"},"from":[4.41246,7.65002,7.3],"faces":{"west":{"uv":[5.25,11.75,5,12.25],"texture":"#4"},"east":{"uv":[5.25,11.75,5,12.25],"texture":"#4"},"north":{"uv":[6.5,11.75,6.25,12.25],"texture":"#3"},"south":{"rotation":90,"uv":[15.75,16,16,15.75],"texture":"#4"}}},{"to":[15.66246,7.71142,8.325],"rotation":{"origin":[15.63746,7.61822,8.425],"angle":-22.5,"axis":"x"},"from":[15.41246,7.52502,8.2],"faces":{"west":{"rotation":180,"uv":[6.25,11.5,6.5,11.75],"texture":"#4"},"east":{"rotation":180,"uv":[6.25,11.5,6.5,11.75],"texture":"#4"},"south":{"uv":[10.5,10,10.75,10.25],"texture":"#3"}}},{"to":[15.66246,7.71142,7.8],"rotation":{"origin":[15.63746,7.61822,7.575],"angle":22.5,"axis":"x"},"from":[15.41246,7.52502,7.675],"faces":{"west":{"rotation":180,"uv":[6.5,11.5,6.25,11.75],"texture":"#4"},"east":{"rotation":180,"uv":[6.5,11.5,6.25,11.75],"texture":"#4"},"north":{"uv":[10.75,10,10.5,10.25],"texture":"#3"}}},{"to":[4.61246,7.86142,8.375],"rotation":{"origin":[4.66246,7.74322,8.475],"angle":-45,"axis":"x"},"from":[4.41246,7.62502,8.175],"faces":{"west":{"rotation":90,"uv":[10,10.75,10.25,11],"texture":"#4"},"east":{"rotation":90,"uv":[10,10.75,10.25,11],"texture":"#4"},"south":{"rotation":90,"uv":[9.25,10.5,9.5,10.75],"texture":"#4"}}},{"to":[4.61246,7.86142,7.825],"rotation":{"origin":[4.66246,7.74322,7.525],"angle":45,"axis":"x"},"from":[4.41246,7.62502,7.625],"faces":{"west":{"rotation":90,"uv":[10,11,10.25,10.75],"texture":"#4"},"east":{"rotation":90,"uv":[10,11,10.25,10.75],"texture":"#4"},"north":{"rotation":90,"uv":[9.25,10.75,9.5,10.5],"texture":"#4"}}},{"to":[8.59998,8.37501,8.4],"rotation":{"origin":[16.29998,16.37501,15.2],"angle":0,"axis":"y"},"from":[8.29998,8.25001,7.6],"faces":{"west":{"rotation":180,"uv":[6.5,5,7.25,5.25],"texture":"#3"},"east":{"rotation":180,"uv":[6.5,5,7.25,5.25],"texture":"#3"},"north":{"rotation":180,"uv":[9.75,4.5,10.5,4.75],"texture":"#3"},"up":{"rotation":180,"uv":[1.25,1.75,1.75,3],"texture":"#3"},"south":{"rotation":180,"uv":[9.25,4.5,10,4.75],"texture":"#3"}}},{"to":[10.99998,8.37501,8.4],"rotation":{"origin":[18.69998,16.37501,15.2],"angle":0,"axis":"y"},"from":[10.69998,8.25001,7.6],"faces":{"west":{"rotation":180,"uv":[6.5,5,7.25,5.25],"texture":"#3"},"east":{"rotation":180,"uv":[6.5,5,7.25,5.25],"texture":"#3"},"north":{"rotation":180,"uv":[12.25,4.5,13,4.75],"texture":"#3"},"up":{"rotation":180,"uv":[1.25,1.75,1.75,3],"texture":"#3"},"south":{"rotation":180,"uv":[9.25,4.5,10,4.75],"texture":"#3"}}},{"to":[6.19998,8.37501,8.4],"rotation":{"origin":[13.89998,16.37501,15.2],"angle":0,"axis":"y"},"from":[5.89998,8.25001,7.6],"faces":{"east":{"rotation":180,"uv":[6.5,5,7.25,5.25],"texture":"#3"},"north":{"rotation":180,"uv":[14.5,4.5,15.25,4.75],"texture":"#3"},"up":{"rotation":180,"uv":[6.75,1.75,7.25,3],"texture":"#3"},"south":{"rotation":180,"uv":[11.25,4.5,12,4.75],"texture":"#3"}}},{"to":[12.19998,8.37501,8.4],"rotation":{"origin":[19.89998,16.37501,15.2],"angle":0,"axis":"y"},"from":[11.89998,8.25001,7.6],"faces":{"west":{"rotation":180,"uv":[6.5,5,7.25,5.25],"texture":"#3"},"east":{"rotation":180,"uv":[6.5,5,7.25,5.25],"texture":"#3"},"north":{"rotation":180,"uv":[12.25,4.5,13,4.75],"texture":"#3"},"up":{"rotation":180,"uv":[3,1.75,3.5,3],"texture":"#3"},"south":{"rotation":180,"uv":[12.25,4.5,13,4.75],"texture":"#3"}}},{"to":[7.39998,8.37501,8.4],"rotation":{"origin":[15.09998,16.37501,15.2],"angle":0,"axis":"y"},"from":[7.09998,8.25001,7.6],"faces":{"west":{"rotation":180,"uv":[6.5,5,7.25,5.25],"texture":"#3"},"east":{"rotation":180,"uv":[6.5,5,7.25,5.25],"texture":"#3"},"north":{"rotation":180,"uv":[9.25,4.5,10,4.75],"texture":"#3"},"up":{"rotation":180,"uv":[1.25,1.75,1.75,3],"texture":"#3"},"south":{"rotation":180,"uv":[5.75,4.5,6.5,4.75],"texture":"#3"}}},{"to":[9.79998,8.37501,8.4],"rotation":{"origin":[17.49998,16.37501,15.2],"angle":0,"axis":"y"},"from":[9.49998,8.25001,7.6],"faces":{"west":{"rotation":180,"uv":[6.5,5,7.25,5.25],"texture":"#3"},"east":{"rotation":180,"uv":[6.5,5,7.25,5.25],"texture":"#3"},"north":{"rotation":180,"uv":[9.25,4.5,10,4.75],"texture":"#3"},"up":{"rotation":180,"uv":[7,1.75,7.5,3],"texture":"#3"},"south":{"rotation":180,"uv":[12.25,4.5,13,4.75],"texture":"#3"}}},{"to":[12.79998,8.37501,8.4],"rotation":{"origin":[20.49998,16.37501,15.2],"angle":0,"axis":"y"},"from":[12.49998,8.25001,7.6],"faces":{"west":{"rotation":180,"uv":[6.5,5,7.25,5.25],"texture":"#3"},"east":{"rotation":180,"uv":[6.5,5,7.25,5.25],"texture":"#3"},"north":{"rotation":180,"uv":[8,4.5,8.75,4.75],"texture":"#3"},"up":{"rotation":180,"uv":[7,1.75,7.5,3],"texture":"#3"},"south":{"rotation":180,"uv":[12,4.5,12.75,4.75],"texture":"#3"}}},{"to":[7.99998,8.37501,8.4],"rotation":{"origin":[15.69998,16.37501,15.2],"angle":0,"axis":"y"},"from":[7.69998,8.25001,7.6],"faces":{"west":{"rotation":180,"uv":[6.5,5,7.25,5.25],"texture":"#3"},"east":{"rotation":180,"uv":[6.5,5,7.25,5.25],"texture":"#3"},"north":{"rotation":180,"uv":[9.25,4.5,10,4.75],"texture":"#3"},"up":{"rotation":180,"uv":[7,1.75,7.5,3],"texture":"#3"},"south":{"rotation":180,"uv":[9.25,4.5,10,4.75],"texture":"#3"}}},{"to":[10.39998,8.37501,8.4],"rotation":{"origin":[18.09998,16.37501,15.2],"angle":0,"axis":"y"},"from":[10.09998,8.25001,7.6],"faces":{"west":{"rotation":180,"uv":[6.5,5,7.25,5.25],"texture":"#3"},"east":{"rotation":180,"uv":[6.5,5,7.25,5.25],"texture":"#3"},"north":{"rotation":180,"uv":[12.25,4.5,13,4.75],"texture":"#3"},"up":{"rotation":180,"uv":[2.75,1.75,3.25,3],"texture":"#3"},"south":{"rotation":180,"uv":[9.25,4.5,10,4.75],"texture":"#3"}}},{"to":[11.59998,8.37501,8.4],"rotation":{"origin":[19.29998,16.37501,15.2],"angle":0,"axis":"y"},"from":[11.29998,8.25001,7.6],"faces":{"west":{"rotation":180,"uv":[6.5,5,7.25,5.25],"texture":"#3"},"east":{"rotation":180,"uv":[6.5,5,7.25,5.25],"texture":"#3"},"north":{"rotation":180,"uv":[10,4.5,10.75,4.75],"texture":"#3"},"up":{"rotation":180,"uv":[7,1.75,7.5,3],"texture":"#3"},"south":{"rotation":180,"uv":[6.25,4.5,7,4.75],"texture":"#3"}}},{"to":[6.79998,8.37501,8.4],"rotation":{"origin":[14.49998,16.37501,15.2],"angle":0,"axis":"y"},"from":[6.49998,8.25001,7.6],"faces":{"west":{"rotation":180,"uv":[6.5,5,7.25,5.25],"texture":"#3"},"east":{"rotation":180,"uv":[6.5,5,7.25,5.25],"texture":"#3"},"north":{"rotation":180,"uv":[10,4.5,10.75,4.75],"texture":"#3"},"up":{"rotation":180,"uv":[1.25,1.75,1.75,3],"texture":"#3"},"south":{"rotation":180,"uv":[12.25,4.5,13,4.75],"texture":"#3"}}},{"to":[4.29998,8.37501,8.4],"rotation":{"origin":[12.02498,16.37501,15.2],"angle":0,"axis":"y"},"from":[4.02498,8.25001,7.6],"faces":{"west":{"rotation":180,"uv":[6.5,4.75,7.25,5],"texture":"#3"},"north":{"rotation":180,"uv":[9.25,4.5,10,4.75],"texture":"#3"},"up":{"rotation":180,"uv":[3,1.75,3.5,3],"texture":"#3"},"south":{"rotation":180,"uv":[9.25,4.5,10,4.75],"texture":"#3"}}},{"to":[9.19998,8.37501,8.4],"rotation":{"origin":[16.89998,16.37501,15.2],"angle":0,"axis":"y"},"from":[8.89998,8.25001,7.6],"faces":{"west":{"rotation":180,"uv":[6.5,5,7.25,5.25],"texture":"#3"},"east":{"rotation":180,"uv":[6.5,5,7.25,5.25],"texture":"#3"},"north":{"rotation":180,"uv":[10,4.5,10.75,4.75],"texture":"#3"},"up":{"rotation":180,"uv":[2.75,1.75,3.25,3],"texture":"#3"},"south":{"rotation":180,"uv":[6.25,4.5,7,4.75],"texture":"#3"}}},{"to":[15.7853,5.65,7.77046],"rotation":{"origin":[15.43649,2.51333,7.99863],"angle":-22.5,"axis":"y"},"from":[15.3166,1.6,7.45446],"faces":{"down":{"rotation":90,"uv":[6.5,11.75,6.75,11.5],"texture":"#3"},"east":{"rotation":90,"uv":[3.5,11.75,8.5,11.25],"texture":"#3"},"north":{"rotation":90,"uv":[16,12,6,10.5],"texture":"#0"},"up":{"rotation":180,"uv":[1.25,11.25,1.5,11.5],"texture":"#3"}}},{"to":[15.25731,5.65,7.77214],"rotation":{"origin":[15.13337,2.50499,7.99863],"angle":22.5,"axis":"y"},"from":[14.78861,3.1,7.45614],"faces":{"down":{"uv":[15.75,15.75,16,16],"texture":"#4"},"west":{"rotation":90,"uv":[3.5,11.25,6.75,11.75],"texture":"#3"},"north":{"rotation":90,"uv":[13,9.5,6,11],"texture":"#0"},"up":{"rotation":180,"uv":[1.25,11.25,1.5,11.5],"texture":"#3"}}},{"to":[15.7853,5.65,8.54554],"rotation":{"origin":[15.43649,2.51333,8.00137],"angle":22.5,"axis":"y"},"from":[15.3166,1.6,8.22954],"faces":{"down":{"rotation":90,"uv":[6.5,11.75,6.75,11.5],"texture":"#3"},"east":{"rotation":90,"uv":[3.5,11.25,8.5,11.75],"texture":"#3"},"up":{"rotation":180,"uv":[1.25,11.25,1.5,11.5],"texture":"#3"},"south":{"rotation":90,"uv":[16,12,6,10.5],"texture":"#0"}}},{"to":[15.25731,5.65,8.54386],"rotation":{"origin":[15.13337,2.50499,8.00137],"angle":-22.5,"axis":"y"},"from":[14.78861,3.1,8.22786],"faces":{"down":{"uv":[15.75,15.75,16,16],"texture":"#4"},"west":{"rotation":90,"uv":[3.5,11.75,6.75,11.25],"texture":"#3"},"up":{"rotation":180,"uv":[1.25,11.25,1.5,11.5],"texture":"#3"},"south":{"rotation":90,"uv":[13,9.5,6,11],"texture":"#0"}}},{"to":[15.53397,5.65,8.55],"rotation":{"origin":[15.13998,2.51333,7.9929],"angle":0,"axis":"y"},"from":[15.04027,1.6,7.45],"faces":{"down":{"rotation":90,"uv":[6.5,11.75,6.75,11.5],"texture":"#3"},"west":{"rotation":90,"uv":[3.25,8.75,6.5,7.5],"texture":"#3"},"north":{"rotation":90,"uv":[16,10.5,6,12],"texture":"#0"},"up":{"rotation":180,"uv":[1.25,10.75,2,11.5],"texture":"#3"},"south":{"rotation":90,"uv":[16,10.5,6,12],"texture":"#0"}}},{"to":[15.88808,5.65,8.24685],"rotation":{"origin":[15.13998,2.51333,7.85286],"angle":0,"axis":"y"},"from":[14.67208,1.6,7.75315],"faces":{"down":{"rotation":90,"uv":[6.5,11.75,6.75,11.5],"texture":"#3"},"west":{"uv":[4.75,6.5,5.25,11.5],"texture":"#3"},"east":{"uv":[4,7.25,4.5,12.25],"texture":"#3"},"north":{"uv":[15.75,15.75,16,16],"texture":"#4"},"south":{"uv":[15.75,15.75,16,16],"texture":"#4"}}},{"to":[3.32333,7.7,7.925],"rotation":{"origin":[11.98333,23.9,15.1],"angle":0,"axis":"y"},"from":[2.97333,7.5,7.3],"faces":{"north":{"rotation":270,"uv":[1.25,13.75,1.75,16],"texture":"#3"},"west":{"uv":[2.25,8,3.5,8.5],"texture":"#4"},"up":{"rotation":270,"uv":[15.75,15.75,16,16],"texture":"#3"},"down":{"rotation":270,"uv":[15.75,15.75,16,16],"texture":"#3"},"east":{"uv":[3.75,9.25,3,9.75],"texture":"#4"},"south":{"rotation":180,"uv":[2.25,8,3,8.5],"texture":"#4"}}},{"to":[3.32333,7.7,8.7],"rotation":{"origin":[11.98333,23.9,15.1],"angle":0,"axis":"y"},"from":[2.97333,7.5,8.075],"faces":{"north":{"rotation":180,"uv":[2.25,8,3,8.5],"texture":"#4"},"west":{"uv":[2.25,8,3.5,8.5],"texture":"#4"},"up":{"rotation":270,"uv":[15.75,15.75,16,16],"texture":"#3"},"down":{"rotation":270,"uv":[15.75,15.75,16,16],"texture":"#3"},"east":{"uv":[3.75,9.25,3,9.75],"texture":"#4"},"south":{"rotation":90,"uv":[1.25,13.75,1.75,16],"texture":"#3"}}},{"to":[5.19833,7.85,8.3],"rotation":{"origin":[11.95833,24.125,14.725],"angle":0,"axis":"y"},"from":[2.94833,7.7,8.15],"faces":{"down":{"rotation":270,"uv":[15.75,15.75,16,16],"texture":"#3"},"west":{"rotation":270,"uv":[8.25,2.25,8.75,2.75],"texture":"#3"},"north":{"rotation":270,"uv":[15.75,15.75,16,16],"texture":"#3"},"up":{"rotation":270,"uv":[10,11.5,10.25,11.75],"texture":"#3"},"south":{"rotation":270,"uv":[15.75,15.75,16,16],"texture":"#3"}}},{"to":[5.19833,7.85,7.85],"rotation":{"origin":[11.95833,24.125,15.025],"angle":0,"axis":"y"},"from":[2.94833,7.7,7.7],"faces":{"down":{"rotation":270,"uv":[15.75,15.75,16,16],"texture":"#3"},"west":{"rotation":270,"uv":[8.25,2.25,8.75,2.75],"texture":"#3"},"north":{"rotation":270,"uv":[15.75,15.75,16,16],"texture":"#3"},"up":{"rotation":270,"uv":[10,11.5,10.25,11.75],"texture":"#3"},"south":{"rotation":270,"uv":[15.75,15.75,16,16],"texture":"#3"}}},{"to":[3.14833,8.125,8.35],"rotation":{"origin":[11.98333,23.9,14.9],"angle":0,"axis":"y"},"from":[2.97333,7.7,8.075],"faces":{"west":{"uv":[4,4.75,4.5,5.75],"texture":"#4"},"east":{"rotation":180,"uv":[1,9.25,1.5,10.5],"texture":"#4"},"north":{"rotation":180,"uv":[1,9.25,1.5,10.5],"texture":"#4"},"up":{"rotation":270,"uv":[5,1.75,5.5,2.25],"texture":"#4"}}},{"to":[3.14833,8.125,7.925],"rotation":{"origin":[11.98333,23.9,15.1],"angle":0,"axis":"y"},"from":[2.97333,7.7,7.65],"faces":{"west":{"uv":[2.5,4.75,3,5.75],"texture":"#4"},"east":{"rotation":180,"uv":[1,9.25,1.5,10.5],"texture":"#4"},"up":{"rotation":270,"uv":[5,1.75,5.5,2.25],"texture":"#4"},"south":{"rotation":180,"uv":[1,9.25,1.5,10.5],"texture":"#4"}}},{"to":[3.32333,8.125,7.65],"rotation":{"origin":[11.98333,23.9,15.1],"angle":0,"axis":"y"},"from":[2.97333,7.7,7.3],"faces":{"west":{"uv":[2.5,4.75,3.25,5.75],"texture":"#4"},"east":{"uv":[4.5,5.25,3.75,6.25],"texture":"#4"},"north":{"rotation":270,"uv":[1.25,13.75,2.5,16],"texture":"#3"},"up":{"rotation":270,"uv":[8,1.75,8.75,2.75],"texture":"#4"},"south":{"rotation":180,"uv":[1,9.25,1.5,10.5],"texture":"#4"}}},{"to":[3.32333,8.125,8.7],"rotation":{"origin":[11.98333,23.9,15.5],"angle":0,"axis":"y"},"from":[2.97333,7.7,8.35],"faces":{"west":{"uv":[4.5,4.75,3.75,5.75],"texture":"#4"},"east":{"uv":[4.5,5.25,3.75,6.25],"texture":"#4"},"north":{"rotation":180,"uv":[1,9.25,1.5,10.5],"texture":"#4"},"up":{"rotation":270,"uv":[8.75,1.75,8,2.75],"texture":"#4"},"south":{"rotation":90,"uv":[1.25,13.75,2.5,16],"texture":"#3"}}},{"to":[3.68583,7.2875,8.675],"rotation":{"origin":[3.37333,7.1125,8.5],"angle":-22.5,"axis":"x"},"from":[3.36083,6.9375,8.525],"faces":{"down":{"uv":[7.75,9.75,7.5,10],"texture":"#4"},"west":{"uv":[7.75,9.75,7.5,10],"texture":"#4"},"east":{"uv":[7.75,9.75,7.5,10],"texture":"#4"},"up":{"uv":[7.75,9.75,7.5,10],"texture":"#4"},"south":{"uv":[1.25,12.75,2.5,14.75],"texture":"#4"}}},{"to":[3.58583,7.6875,8.55],"rotation":{"origin":[3.37333,7.3125,8.375],"angle":-22.5,"axis":"x"},"from":[3.46083,7.1375,8.4],"faces":{"down":{"uv":[7.75,9.75,7.5,10],"texture":"#4"},"west":{"uv":[7.75,9.75,7.5,10],"texture":"#4"},"east":{"uv":[7.75,9.75,7.5,10],"texture":"#4"},"up":{"uv":[7.75,9.75,7.5,10],"texture":"#4"},"south":{"uv":[1.25,11.25,1.5,13],"texture":"#3"}}},{"to":[4.15,7.55,8.575],"rotation":{"origin":[12.78333,23.4,15.375],"angle":0,"axis":"y"},"from":[3.8,7.2,7.425],"faces":{"west":{"uv":[0,10,0.5,10.25],"texture":"#3"},"east":{"uv":[1.5,15.75,2,16],"texture":"#3"},"north":{"rotation":90,"uv":[0.5,12.5,2,11],"texture":"#0"},"up":{"rotation":90,"uv":[14.75,6.75,15.25,8],"texture":"#4"},"south":{"rotation":90,"uv":[0.5,11,2,12.5],"texture":"#0"}}},{"to":[4.15,5.8,8.526],"rotation":{"origin":[12.78333,21.65,15.424],"angle":0,"axis":"y"},"from":[3.8,5.45,7.474],"faces":{"north":{"uv":[0.5,14,2,15.5],"texture":"#0"},"south":{"rotation":90,"uv":[0.5,14,2,15.5],"texture":"#0"}}},{"to":[16.17547,6.51618,8.625],"rotation":{"origin":[15.75831,6.41618,7.975],"angle":0,"axis":"z"},"from":[15.67547,6.01618,7.375],"faces":{"north":{"uv":[7,13.5,9,15.5],"texture":"#0"},"west":{"uv":[6.5,4.75,6.75,5.75],"texture":"#4"},"up":{"rotation":90,"uv":[10,4,10.25,5],"texture":"#4"},"down":{"uv":[4.75,9,5,10],"texture":"#4"},"east":{"uv":[9.75,4.5,10,5.5],"texture":"#4"},"south":{"uv":[7,13.5,9,15.5],"texture":"#0"}}},{"to":[15.50047,5.31618,8.5505],"rotation":{"origin":[15.05831,5.21618,8.0495],"angle":0,"axis":"z"},"from":[15.07547,4.89118,7.4495],"faces":{"north":{"uv":[3.5,10.5,5,12],"texture":"#0"},"south":{"rotation":90,"uv":[3.5,10.5,5,12],"texture":"#0"}}},{"to":[12.75047,6.51618,8.625],"rotation":{"origin":[12.33331,6.41618,7.975],"angle":0,"axis":"z"},"from":[12.25047,6.01618,7.375],"faces":{"north":{"uv":[3.5,13.5,5.5,15.5],"texture":"#0"},"west":{"uv":[6.5,4.75,6.75,5.75],"texture":"#4"},"up":{"rotation":90,"uv":[10,4,10.25,5],"texture":"#4"},"down":{"uv":[4.75,9,5,10],"texture":"#4"},"east":{"uv":[9.75,4.5,10,5.5],"texture":"#4"},"south":{"uv":[3.5,13.5,5.5,15.5],"texture":"#0"}}},{"to":[11.35,5.975,8.575],"rotation":{"origin":[10.85,5.825,8],"angle":0,"axis":"z"},"from":[10.35,5.725,7.425],"faces":{"north":{"rotation":180,"uv":[2.5,11.25,3.5,11.75],"texture":"#4"},"west":{"rotation":180,"uv":[3.5,11.25,3.75,11.75],"texture":"#3"},"up":{"rotation":180,"uv":[0,15.75,1,16],"texture":"#4"},"down":{"uv":[2,10.5,2.25,10.75],"texture":"#3"},"east":{"rotation":180,"uv":[3.5,11.25,3.75,11.75],"texture":"#3"},"south":{"rotation":180,"uv":[2.5,11.25,3.5,11.75],"texture":"#4"}}},{"to":[9.55,5.725,8.575],"rotation":{"origin":[8.95,5.55,8],"angle":22.5,"axis":"z"},"from":[8.25,5.375,7.425],"faces":{"north":{"rotation":180,"uv":[3.25,11.25,5.75,12],"texture":"#3"},"west":{"rotation":180,"uv":[4,11,4.25,12.25],"texture":"#3"},"up":{"rotation":180,"uv":[11.5,4.75,14,5],"texture":"#3"},"down":{"uv":[15.75,15.75,16,16],"texture":"#3"},"east":{"uv":[15.75,15.75,16,16],"texture":"#3"},"south":{"rotation":180,"uv":[3.25,11.25,5.75,12],"texture":"#3"}}},{"to":[9.05,5.65,8.75],"rotation":{"origin":[8.95,5.55,7.85],"angle":22.5,"axis":"z"},"from":[8.25,5.425,7.25],"faces":{"north":{"rotation":180,"uv":[14,6.75,16,7.5],"texture":"#3"},"west":{"rotation":180,"uv":[4,11.5,4.75,12.25],"texture":"#3"},"up":{"uv":[5.25,13.75,3.25,15],"texture":"#3"},"down":{"uv":[15.75,15.75,16,16],"texture":"#3"},"east":{"uv":[0,4.75,0.5,5.5],"texture":"#3"},"south":{"rotation":180,"uv":[14,6.75,16,7.5],"texture":"#3"}}},{"to":[11.35,5.81945,8.65428],"rotation":{"origin":[10.85,5.66945,8.67928],"angle":22.5,"axis":"x"},"from":[10.85,5.71945,8.50428],"faces":{"down":{"uv":[2,10.5,2.25,10.75],"texture":"#3"},"west":{"rotation":180,"uv":[3.5,11.25,3.75,11.75],"texture":"#3"},"east":{"rotation":180,"uv":[3.5,11.25,3.75,11.75],"texture":"#3"},"up":{"uv":[4,14,3.25,15],"texture":"#3"},"south":{"uv":[0.25,7.25,0.5,7.75],"texture":"#3"}}},{"to":[9.875,4.44054,8.44826],"rotation":{"origin":[9.725,4.44054,8.34826],"angle":45,"axis":"x"},"from":[9.475,4.34054,8.24826],"faces":{"north":{"rotation":270,"uv":[8.75,8,9.25,8.25],"texture":"#3"},"west":{"rotation":180,"uv":[3.5,11.25,3.75,11.75],"texture":"#3"},"up":{"uv":[4,14,3.25,15],"texture":"#3"},"down":{"uv":[2,10.5,2.25,10.75],"texture":"#3"},"east":{"rotation":180,"uv":[3.5,11.25,3.75,11.75],"texture":"#3"},"south":{"uv":[0.25,7.25,0.5,7.75],"texture":"#3"}}},{"to":[9.875,4.44054,7.75174],"rotation":{"origin":[9.725,4.44054,7.65174],"angle":-45,"axis":"x"},"from":[9.475,4.34054,7.55174],"faces":{"north":{"uv":[0.5,7.25,0.25,7.75],"texture":"#3"},"west":{"rotation":180,"uv":[3.75,11.25,3.5,11.75],"texture":"#3"},"up":{"uv":[4,15,3.25,14],"texture":"#3"},"down":{"uv":[2,10.75,2.25,10.5],"texture":"#3"},"east":{"rotation":180,"uv":[3.75,11.25,3.5,11.75],"texture":"#3"},"south":{"rotation":270,"uv":[8.75,8.25,9.25,8],"texture":"#3"}}},{"to":[11.35,5.81945,7.49572],"rotation":{"origin":[10.85,5.66945,7.32072],"angle":-22.5,"axis":"x"},"from":[10.85,5.71945,7.34572],"faces":{"down":{"uv":[2,10.75,2.25,10.5],"texture":"#3"},"west":{"rotation":180,"uv":[3.75,11.25,3.5,11.75],"texture":"#3"},"east":{"rotation":180,"uv":[3.75,11.25,3.5,11.75],"texture":"#3"},"north":{"uv":[0.5,7.25,0.25,7.75],"texture":"#3"},"up":{"uv":[4,15,3.25,14],"texture":"#3"}}},{"to":[9.65,5.94445,8.65],"rotation":{"origin":[9.15,5.59445,8.675],"angle":0,"axis":"x"},"from":[9.35,5.64445,7.35],"faces":{"north":{"uv":[12,14,10.5,15.5],"texture":"#0"},"west":{"uv":[11.5,14,11,15.5],"texture":"#0"},"up":{"rotation":90,"uv":[13,12.5,12.5,14],"texture":"#0"},"down":{"uv":[15.75,15.75,16,16],"texture":"#3"},"east":{"uv":[11.5,14,11,15.5],"texture":"#0"},"south":{"uv":[12,14,10.5,15.5],"texture":"#0"}}},{"to":[15.08808,2.85,8.54685],"rotation":{"origin":[15.13998,2.51333,7.85286],"angle":0,"axis":"y"},"from":[14.59708,1.8,7.55315],"faces":{"down":{"rotation":90,"uv":[7.25,8,8.25,8.75],"texture":"#4"},"west":{"uv":[5.75,12.75,5,15.25],"texture":"#3"},"north":{"uv":[5.5,12.75,5,15.25],"texture":"#3"},"up":{"rotation":90,"uv":[6.5,11.25,8,12],"texture":"#3"},"south":{"uv":[5.5,12.75,5,15.25],"texture":"#3"}}},{"to":[15.225,8.6,8.5],"rotation":{"origin":[22.8,24.5,15.1],"angle":0,"axis":"y"},"from":[13.5,8.2,7.5],"faces":{"north":{"uv":[1,7.5,4.25,8.25],"texture":"#3"},"west":{"uv":[9.25,5.25,10.75,6],"texture":"#3"},"up":{"uv":[0,6.25,3.25,8.25],"texture":"#3"},"down":{"uv":[15.75,15.75,16,16],"texture":"#3"},"east":{"rotation":180,"uv":[1,11.75,2.5,12.5],"texture":"#3"},"south":{"uv":[1,7.5,4.25,8.25],"texture":"#3"}}},{"to":[5.925,8.6,8.5],"rotation":{"origin":[13.5,24.5,15.1],"angle":0,"axis":"y"},"from":[4.2,8.2,7.5],"faces":{"north":{"uv":[1,7.5,4.25,8.25],"texture":"#3"},"west":{"uv":[9.25,5.25,10.75,6],"texture":"#3"},"up":{"uv":[3.5,6.25,6.75,8.25],"texture":"#3"},"down":{"uv":[15.75,15.75,16,16],"texture":"#3"},"east":{"rotation":180,"uv":[1,11.75,2.5,12.5],"texture":"#3"},"south":{"uv":[1,7.5,4.25,8.25],"texture":"#3"}}},{"to":[15.225,8.70715,8.24131],"rotation":{"origin":[22.8,25.2,15.15869],"angle":0,"axis":"y"},"from":[14.925,8.6,7.75869],"faces":{"west":{"uv":[0.75,9.5,1,9.75],"texture":"#3"},"east":{"uv":[7.25,4.75,8,5],"texture":"#3"},"up":{"uv":[5.75,3.5,6.25,4.5],"texture":"#3"}}},{"to":[5.925,8.70715,8.24131],"rotation":{"origin":[13.5,25.2,15.15869],"angle":0,"axis":"y"},"from":[5.625,8.6,7.75869],"faces":{"west":{"uv":[0.75,9.5,1,9.75],"texture":"#3"},"east":{"uv":[7.25,4.75,8,5],"texture":"#3"},"up":{"uv":[5.75,3.5,6.25,4.5],"texture":"#3"}}},{"to":[14.925,8.70715,8.5],"rotation":{"origin":[22.5,25.19995,15.11631],"angle":0,"axis":"y"},"from":[14.325,8.59995,8.19131],"faces":{"west":{"uv":[0.75,9.5,1,9.75],"texture":"#3"},"east":{"uv":[0.75,9.5,1,9.75],"texture":"#3"},"north":{"uv":[0.75,9.5,1,9.75],"texture":"#3"},"up":{"uv":[4,4.75,5,5.25],"texture":"#3"},"south":{"uv":[1.25,12,1.5,12.25],"texture":"#3"}}},{"to":[5.625,8.70715,8.5],"rotation":{"origin":[13.2,25.19995,15.11631],"angle":0,"axis":"y"},"from":[5.025,8.59995,8.19131],"faces":{"west":{"uv":[0.75,9.5,1,9.75],"texture":"#3"},"east":{"uv":[0.75,9.5,1,9.75],"texture":"#3"},"north":{"uv":[0.75,9.5,1,9.75],"texture":"#3"},"up":{"uv":[4,4.75,5,5.25],"texture":"#3"},"south":{"uv":[0.75,9.5,1,9.75],"texture":"#3"}}},{"to":[5.62472,8.72426,8.7002],"rotation":{"origin":[5.32472,8.6,8.65434],"angle":22.5,"axis":"z"},"from":[5.02472,8.47574,8.5],"faces":{"west":{"uv":[1.75,11,2.25,11.5],"texture":"#3"},"east":{"rotation":180,"uv":[1.5,12,2,12.5],"texture":"#3"},"north":{"uv":[0.75,9.5,1,9.75],"texture":"#3"},"south":{"rotation":90,"uv":[0,6.5,0.5,8],"texture":"#3"}}},{"to":[5.44898,8.9,8.7005],"rotation":{"origin":[5.32472,8.6,8.65434],"angle":22.5,"axis":"z"},"from":[5.20045,8.3,8.5],"faces":{"down":{"rotation":270,"uv":[2,8,2.5,8.5],"texture":"#3"},"north":{"uv":[0.75,9.5,1,9.75],"texture":"#3"},"up":{"rotation":180,"uv":[11,4.5,11.5,5],"texture":"#3"},"south":{"uv":[0,6.5,0.5,8],"texture":"#3"}}},{"to":[5.62472,8.72426,8.7],"rotation":{"origin":[5.32472,8.6,8.65434],"angle":-22.5,"axis":"z"},"from":[5.02472,8.47574,8.5],"faces":{"west":{"uv":[5,4.75,5.5,5.25],"texture":"#3"},"east":{"rotation":180,"uv":[2.5,11.5,3,12],"texture":"#3"},"north":{"uv":[0.75,9.5,1,9.75],"texture":"#3"},"south":{"rotation":90,"uv":[0,6.5,0.5,8],"texture":"#3"}}},{"to":[5.44898,8.9,8.7],"rotation":{"origin":[5.32472,8.6,8.65434],"angle":-22.5,"axis":"z"},"from":[5.20045,8.3,8.5],"faces":{"down":{"rotation":90,"uv":[2,8,2.5,8.5],"texture":"#3"},"north":{"uv":[0.75,9.5,1,9.75],"texture":"#3"},"up":{"rotation":180,"uv":[14.25,7.25,14.75,7.75],"texture":"#3"},"south":{"uv":[0,6.5,0.5,8],"texture":"#3"}}},{"to":[15.2245,8.65358,8.51066],"rotation":{"origin":[14.99,8.65358,8.37066],"angle":22.5,"axis":"x"},"from":[14.925,8.45358,8.23066],"faces":{"east":{"uv":[9.25,4.75,9.5,5],"texture":"#3"},"up":{"uv":[4,4.75,4.5,5.25],"texture":"#3"}}},{"to":[5.9245,8.65358,8.51066],"rotation":{"origin":[5.69,8.65358,8.37066],"angle":22.5,"axis":"x"},"from":[5.625,8.45358,8.23066],"faces":{"east":{"uv":[9.25,4.75,9.5,5],"texture":"#3"},"up":{"uv":[4,4.75,4.5,5.25],"texture":"#3"}}},{"to":[15.2245,8.65358,7.76934],"rotation":{"origin":[14.99,8.65358,7.62934],"angle":-22.5,"axis":"x"},"from":[13.5005,8.50358,7.48934],"faces":{"west":{"uv":[9.25,5,9.5,5.25],"texture":"#3"},"east":{"uv":[9.25,4.75,9.5,5],"texture":"#3"},"up":{"rotation":180,"uv":[4,4.75,7.25,5.25],"texture":"#3"},"south":{"uv":[3.25,7.5,6.5,8],"texture":"#3"}}},{"to":[5.9245,8.65358,7.76934],"rotation":{"origin":[5.69,8.65358,7.62934],"angle":-22.5,"axis":"x"},"from":[4.2005,8.50358,7.48934],"faces":{"west":{"uv":[9.25,5,9.5,5.25],"texture":"#3"},"east":{"uv":[9.25,4.75,9.5,5],"texture":"#3"},"up":{"rotation":180,"uv":[4,4.75,7.25,5.25],"texture":"#3"},"south":{"uv":[3.25,7.5,6.5,8],"texture":"#3"}}},{"to":[-3.56669,5.65622,8.5],"rotation":{"origin":[3.53331,9.742,14.93333],"angle":0,"axis":"y"},"from":[-4.26669,2.94911,7.5],"faces":{"down":{"uv":[15.75,15.75,16,16],"texture":"#3"},"west":{"rotation":180,"uv":[10.75,10.5,12.25,15.25],"texture":"#3"},"north":{"uv":[8.25,7.5,9.25,11.75],"texture":"#3"},"south":{"uv":[8.25,7.5,9.25,11.75],"texture":"#3"}}},{"to":[-3.06669,5.66333,8.5],"rotation":{"origin":[4.23331,9.72411,14.93333],"angle":0,"axis":"y"},"from":[-3.56669,4.15622,7.5],"faces":{"east":{"rotation":180,"uv":[7,9,8.5,11.5],"texture":"#4"},"north":{"uv":[3.75,8.75,4.5,10.75],"texture":"#3"},"south":{"uv":[3.75,8.75,4.5,10.75],"texture":"#3"}}},{"to":[-3.12766,4.20283,8.4995],"rotation":{"origin":[-3.21433,4.02626,8.2005],"angle":-22.5,"axis":"z"},"from":[-3.61099,2.89626,7.5005],"faces":{"east":{"rotation":180,"uv":[8.25,8,9.75,10],"texture":"#3"},"north":{"rotation":180,"uv":[8.75,9.25,9.5,11.25],"texture":"#3"},"south":{"rotation":180,"uv":[8.75,9.25,9.5,11.25],"texture":"#3"}}},{"to":[-3.066,5.72654,8.71522],"rotation":{"origin":[-3.66669,5.72654,8.51522],"angle":22.5,"axis":"x"},"from":[-4.266,5.12654,8.31522],"faces":{"west":{"rotation":180,"uv":[10.75,14.5,11,15.25],"texture":"#3"},"east":{"rotation":180,"uv":[6.75,10.5,7.25,11.5],"texture":"#4"},"south":{"uv":[8,5.5,9.75,6.25],"texture":"#3"}}},{"to":[-3.066,5.72654,7.68478],"rotation":{"origin":[-3.66669,5.72654,7.48478],"angle":-22.5,"axis":"x"},"from":[-4.266,5.12654,7.28478],"faces":{"west":{"rotation":180,"uv":[10.75,14.5,11,15.25],"texture":"#3"},"east":{"rotation":180,"uv":[6.5,10.25,7,11.25],"texture":"#4"},"north":{"uv":[8,5.5,9.75,6.25],"texture":"#3"}}},{"to":[-3.06669,7.15,8.7],"rotation":{"origin":[3.79998,11.57,14.73333],"angle":0,"axis":"y"},"from":[-4.26669,5.65,7.3],"faces":{"west":{"uv":[10,12.25,12,14.75],"texture":"#3"},"east":{"rotation":180,"uv":[7.5,9.5,9.5,12],"texture":"#4"},"north":{"rotation":180,"uv":[7,10.75,8.75,13],"texture":"#3"},"south":{"rotation":180,"uv":[8,10.75,9.75,13],"texture":"#3"}}},{"to":[-3.41254,6.71142,9.05],"rotation":{"origin":[-3.43754,6.61822,8.825],"angle":45,"axis":"x"},"from":[-3.66254,6.12502,8.925],"faces":{"west":{"rotation":180,"uv":[6.25,11.25,6.5,12],"texture":"#4"},"east":{"rotation":180,"uv":[6.25,11.25,6.5,12],"texture":"#4"},"north":{"uv":[16,16,16,16],"texture":"#3"},"south":{"rotation":180,"uv":[6,8,6.25,8.75],"texture":"#3"}}},{"to":[-3.41254,6.71142,7.075],"rotation":{"origin":[-3.43754,6.61822,7.175],"angle":-45,"axis":"x"},"from":[-3.66254,6.12502,6.95],"faces":{"west":{"rotation":180,"uv":[6.25,11.25,6.5,12],"texture":"#4"},"east":{"rotation":180,"uv":[6.25,11.25,6.5,12],"texture":"#4"},"north":{"rotation":180,"uv":[6,8,6.25,8.75],"texture":"#3"},"south":{"uv":[16,16,16,16],"texture":"#3"}}},{"to":[-3.41254,6.51822,8.9432],"rotation":{"origin":[-3.43754,6.61822,8.825],"angle":45,"axis":"x"},"from":[-3.66254,6.29322,8.6818],"faces":{"west":{"rotation":180,"uv":[6.25,11.25,6.5,11.75],"texture":"#4"},"east":{"rotation":180,"uv":[6.25,11.25,6.5,11.75],"texture":"#4"},"up":{"uv":[16,16,16,16],"texture":"#3"}}},{"to":[-3.41254,6.51822,7.3182],"rotation":{"origin":[-3.43754,6.61822,7.175],"angle":-45,"axis":"x"},"from":[-3.66254,6.29322,7.0568],"faces":{"west":{"rotation":180,"uv":[6.25,11.25,6.5,11.75],"texture":"#4"},"east":{"rotation":180,"uv":[6.25,11.25,6.5,11.75],"texture":"#4"},"up":{"uv":[16,16,16,16],"texture":"#3"}}},{"to":[-3.413,6.51822,8.9182],"rotation":{"origin":[-3.43754,6.61822,8.825],"angle":0,"axis":"x"},"from":[-3.662,6.39322,8.7318],"faces":{"west":{"rotation":180,"uv":[6.5,11.75,6.75,12],"texture":"#4"},"east":{"rotation":180,"uv":[6.5,11.75,6.75,12],"texture":"#4"},"up":{"uv":[16,16,16,16],"texture":"#3"}}},{"to":[-3.413,6.51822,7.2682],"rotation":{"origin":[-3.43754,6.61822,7.175],"angle":0,"axis":"x"},"from":[-3.662,6.39322,7.0818],"faces":{"west":{"rotation":180,"uv":[6.5,11.75,6.75,12],"texture":"#4"},"east":{"rotation":180,"uv":[6.5,11.75,6.75,12],"texture":"#4"},"up":{"uv":[16,16,16,16],"texture":"#3"}}},{"to":[-3.413,6.71142,9.05],"rotation":{"origin":[-3.43754,6.61822,8.825],"angle":0,"axis":"x"},"from":[-3.662,6.52502,8.925],"faces":{"west":{"rotation":180,"uv":[6.5,12,6.75,12.25],"texture":"#4"},"east":{"rotation":180,"uv":[6.5,12,6.75,12.25],"texture":"#4"},"north":{"uv":[16,16,16,16],"texture":"#3"},"south":{"uv":[9.25,4.75,9.5,5.25],"texture":"#3"}}},{"to":[-3.413,6.71142,7.075],"rotation":{"origin":[-3.43754,6.61822,7.175],"angle":0,"axis":"x"},"from":[-3.662,6.52502,6.95],"faces":{"west":{"rotation":180,"uv":[6.5,12,6.75,12.25],"texture":"#4"},"east":{"rotation":180,"uv":[6.5,12,6.75,12.25],"texture":"#4"},"north":{"uv":[9.25,4.75,9.5,5.25],"texture":"#3"},"south":{"uv":[16,16,16,16],"texture":"#3"}}},{"to":[-3.41254,6.84322,8.9182],"rotation":{"origin":[-3.43754,6.61822,8.825],"angle":45,"axis":"x"},"from":[-3.66254,6.71822,8.3818],"faces":{"down":{"uv":[16,16,16,16],"texture":"#3"},"west":{"rotation":270,"uv":[5,11.75,5.25,12.5],"texture":"#4"},"east":{"rotation":90,"uv":[5,11.75,5.25,12.5],"texture":"#4"},"up":{"rotation":180,"uv":[9.25,4.5,9.5,5.25],"texture":"#4"}}},{"to":[-3.41254,6.84322,7.6182],"rotation":{"origin":[-3.43754,6.61822,7.175],"angle":-45,"axis":"x"},"from":[-3.66254,6.71822,7.0818],"faces":{"down":{"uv":[16,16,16,16],"texture":"#3"},"west":{"rotation":90,"uv":[5,11.75,5.25,12.5],"texture":"#4"},"east":{"rotation":270,"uv":[5,11.75,5.25,12.5],"texture":"#4"},"up":{"uv":[9.25,4.5,9.5,5.25],"texture":"#4"}}},{"to":[-3.413,6.84322,8.9182],"rotation":{"origin":[-3.43754,6.61822,8.825],"angle":0,"axis":"x"},"from":[-3.662,6.71822,8.7318],"faces":{"down":{"uv":[16,16,16,16],"texture":"#3"},"west":{"rotation":180,"uv":[6.5,12,6.75,12.25],"texture":"#4"},"east":{"rotation":180,"uv":[6.5,12,6.75,12.25],"texture":"#4"}}},{"to":[-3.413,6.84322,7.2682],"rotation":{"origin":[-3.43754,6.61822,7.175],"angle":0,"axis":"x"},"from":[-3.662,6.71822,7.0818],"faces":{"down":{"uv":[16,16,16,16],"texture":"#3"},"west":{"rotation":180,"uv":[6.5,12,6.75,12.25],"texture":"#4"},"east":{"rotation":180,"uv":[6.5,12,6.75,12.25],"texture":"#4"}}},{"to":[-3.41254,6.73642,8.725],"rotation":{"origin":[-3.43754,6.61822,8.825],"angle":45,"axis":"x"},"from":[-3.66254,6.47502,8.55],"faces":{"west":{"rotation":180,"uv":[6.5,11.75,6.75,12.25],"texture":"#4"},"east":{"rotation":180,"uv":[6.5,11.75,6.75,12.25],"texture":"#4"},"south":{"uv":[16,16,16,16],"texture":"#3"}}},{"to":[-3.41254,6.73642,7.45],"rotation":{"origin":[-3.43754,6.61822,7.175],"angle":-45,"axis":"x"},"from":[-3.66254,6.47502,7.275],"faces":{"west":{"rotation":180,"uv":[6.5,11.75,6.75,12.25],"texture":"#4"},"east":{"rotation":180,"uv":[6.5,11.75,6.75,12.25],"texture":"#4"},"north":{"uv":[16,16,16,16],"texture":"#3"}}},{"to":[-3.413,6.71142,8.725],"rotation":{"origin":[-3.43754,6.61822,8.825],"angle":0,"axis":"x"},"from":[-3.662,6.52502,8.6],"faces":{"west":{"rotation":180,"uv":[6.5,11.75,6.75,12],"texture":"#4"},"east":{"rotation":180,"uv":[6.5,11.75,6.75,12],"texture":"#4"},"south":{"uv":[16,16,16,16],"texture":"#3"}}},{"to":[-3.413,6.71142,7.4],"rotation":{"origin":[-3.43754,6.61822,7.175],"angle":0,"axis":"x"},"from":[-3.662,6.52502,7.275],"faces":{"west":{"rotation":180,"uv":[6.5,11.75,6.75,12],"texture":"#4"},"east":{"rotation":180,"uv":[6.5,11.75,6.75,12],"texture":"#4"},"north":{"uv":[16,16,16,16],"texture":"#3"}}},{"to":[9.93331,7.13334,8.575],"rotation":{"origin":[0.73231,5.07501,7.65],"angle":0,"axis":"y"},"from":[-3.46669,6.65834,8.425],"faces":{"down":{"rotation":180,"uv":[0,8,15.75,8.25],"texture":"#4"},"east":{"uv":[9.75,4.5,10,5.25],"texture":"#4"},"north":{"uv":[0.25,7.5,16,8.25],"texture":"#4"},"up":{"rotation":180,"uv":[0.25,4.5,16,4.75],"texture":"#4"},"south":{"rotation":180,"uv":[0,11.5,15.75,12.25],"texture":"#4"}}},{"to":[9.93331,7.13334,7.575],"rotation":{"origin":[0.73231,5.07501,7.65],"angle":0,"axis":"y"},"from":[-3.46669,6.65834,7.425],"faces":{"down":{"rotation":180,"uv":[0,8,15.75,8.25],"texture":"#4"},"east":{"uv":[9.75,4.5,10,5.25],"texture":"#4"},"north":{"rotation":180,"uv":[0,11.5,15.75,12.25],"texture":"#4"},"up":{"rotation":180,"uv":[0.25,4.5,16,4.75],"texture":"#4"},"south":{"uv":[0.25,7.5,16,8.25],"texture":"#4"}}},{"to":[-3.066,7.4224,8.59722],"rotation":{"origin":[-3.50002,7.19814,8.4653],"angle":-45,"axis":"x"},"from":[-4.266,6.99814,8.29722],"faces":{"west":{"rotation":90,"uv":[10.25,4.5,10.75,5.25],"texture":"#3"},"east":{"rotation":270,"uv":[10.25,4.5,10.75,5],"texture":"#3"},"south":{"uv":[7,4.25,8.75,5],"texture":"#3"}}},{"to":[-3.06669,7.45,8.4],"rotation":{"origin":[3.79998,15.14166,1],"angle":0,"axis":"y"},"from":[-4.26669,7.15,7.6],"faces":{"west":{"uv":[9,4.5,10.25,5],"texture":"#3"},"east":{"uv":[9,4.5,10.25,5],"texture":"#3"},"up":{"rotation":180,"uv":[2.75,3.75,4.5,5],"texture":"#4"}}},{"to":[-3.066,7.4224,7.70278],"rotation":{"origin":[-3.50002,7.19814,7.5347],"angle":45,"axis":"x"},"from":[-4.266,6.99814,7.40278],"faces":{"west":{"rotation":270,"uv":[8.75,4.5,9.25,5.25],"texture":"#3"},"east":{"rotation":90,"uv":[10.25,4.5,10.75,5],"texture":"#3"},"north":{"uv":[7,4.25,8.75,5],"texture":"#3"}}},{"to":[9.24375,1.98,8.41253],"rotation":{"origin":[8.14722,3.68501,2.72003],"angle":0,"axis":"y"},"from":[7.43334,0.88,7.58753],"faces":{"west":{"rotation":270,"uv":[12.5,11,11,9.5],"texture":"#0"},"east":{"rotation":270,"uv":[11,11,12.5,9.5],"texture":"#0"},"north":{"rotation":270,"uv":[13,9.5,11,12.5],"texture":"#0"},"south":{"rotation":270,"uv":[12.5,12.5,11,9.5],"texture":"#0"}}},{"to":[10.20735,1.46233,8.41253],"rotation":{"origin":[9.37892,-1.25101,7.99948],"angle":22.5,"axis":"z"},"from":[8.39694,-1.83767,7.58643],"faces":{"west":{"rotation":270,"uv":[16,11,13.5,9.5],"texture":"#0"},"east":{"rotation":270,"uv":[16,11,13.5,9.5],"texture":"#0"},"north":{"rotation":270,"uv":[16,9.5,13.5,12.5],"texture":"#0"},"south":{"rotation":270,"uv":[16,12.5,13.5,9.5],"texture":"#0"}}},{"to":[10.29444,-1.83767,8.60448],"rotation":{"origin":[9.37892,-1.25101,7.99948],"angle":22.5,"axis":"z"},"from":[8.39694,-2.24101,7.39448],"faces":{"north":{"uv":[11.5,9.5,8.5,10.5],"texture":"#0"},"west":{"uv":[9.25,8.5,9.5,8.75],"texture":"#3"},"up":{"rotation":270,"uv":[1.5,10.75,2.5,12.25],"texture":"#3"},"down":{"uv":[8.75,10.75,9,11],"texture":"#3"},"east":{"uv":[6.5,7.25,7.5,7.75],"texture":"#3"},"south":{"uv":[8.5,9.5,11.5,10.5],"texture":"#0"}}},{"to":[14.725,9.29899,8.1875],"rotation":{"origin":[14.625,8.99899,7.7625],"angle":0,"axis":"z"},"from":[14.525,8.52399,7.8125],"faces":{"west":{"rotation":180,"uv":[9,9.5,10,11.75],"texture":"#3"},"east":{"rotation":180,"uv":[9.5,10,10.5,12.25],"texture":"#3"},"north":{"rotation":180,"uv":[10.25,9.75,10.5,12],"texture":"#3"},"up":{"rotation":180,"uv":[6,6.75,6.5,7.75],"texture":"#3"},"south":{"rotation":180,"uv":[10.25,9.75,10.5,12],"texture":"#3"}}},{"to":[14.725,9.57399,7.8625],"rotation":{"origin":[14.625,9.77399,7.7625],"angle":0,"axis":"z"},"from":[14.525,9.29899,7.8125],"faces":{"west":{"uv":[8,10.25,8.25,11],"texture":"#3"},"east":{"uv":[8,10.25,8.25,11],"texture":"#3"},"north":{"uv":[7.5,11.5,7.75,12.25],"texture":"#3"},"south":{"uv":[7.75,11,8,11.75],"texture":"#3"}}},{"to":[14.725,9.62896,7.81178],"rotation":{"origin":[14.625,9.69146,7.78678],"angle":-22.5,"axis":"x"},"from":[14.525,9.55396,7.76178],"faces":{"west":{"uv":[8,10.25,8.25,10.5],"texture":"#3"},"east":{"uv":[8,10.25,8.25,10.5],"texture":"#3"},"north":{"uv":[7.25,8,7.5,8.25],"texture":"#3"},"up":{"uv":[6.75,15.75,7,16],"texture":"#3"},"south":{"uv":[8,11.5,8.25,11.75],"texture":"#3"}}},{"to":[14.725,9.62896,8.23822],"rotation":{"origin":[14.625,9.69146,8.21322],"angle":22.5,"axis":"x"},"from":[14.525,9.55396,8.18822],"faces":{"west":{"uv":[8,10.25,8.25,10.5],"texture":"#3"},"east":{"uv":[8,10.25,8.25,10.5],"texture":"#3"},"north":{"uv":[8,11.5,8.25,11.75],"texture":"#3"},"up":{"uv":[6.75,15.75,7,16],"texture":"#3"},"south":{"uv":[7.25,8,7.5,8.25],"texture":"#3"}}},{"to":[14.725,9.57399,8.1875],"rotation":{"origin":[14.625,9.77399,8.0625],"angle":0,"axis":"z"},"from":[14.525,9.29899,8.1375],"faces":{"west":{"uv":[8,10.25,8.25,11],"texture":"#3"},"east":{"uv":[8,10.25,8.25,11],"texture":"#3"},"north":{"uv":[7.75,11,8,11.75],"texture":"#3"},"south":{"uv":[7.5,11.5,7.75,12.25],"texture":"#3"}}},{"to":[14.65,9.52399,8.025],"rotation":{"origin":[14.725,9.77399,7.925],"angle":0,"axis":"z"},"from":[14.6,9.29899,7.975],"faces":{"west":{"rotation":180,"uv":[8,11,8.25,12],"texture":"#3"},"east":{"rotation":180,"uv":[8,11,8.25,12],"texture":"#3"},"north":{"rotation":180,"uv":[8,11,8.25,12],"texture":"#3"},"up":{"rotation":180,"uv":[7.5,4.5,7.75,4.75],"texture":"#3"},"south":{"rotation":180,"uv":[8,11,8.25,12],"texture":"#3"}}},{"to":[5.425,8.79899,8.1875],"rotation":{"origin":[5.325,8.99899,7.7625],"angle":0,"axis":"z"},"from":[5.225,8.52399,7.8125],"faces":{"west":{"rotation":180,"uv":[0.75,10,1.25,10.5],"texture":"#3"},"east":{"rotation":180,"uv":[0.5,11.5,1,12],"texture":"#3"},"north":{"rotation":180,"uv":[0.5,11.5,1,12],"texture":"#3"},"up":{"uv":[8.25,2,8.75,2.75],"texture":"#3"},"south":{"rotation":180,"uv":[0.5,11.5,1,12],"texture":"#3"}}},{"to":[5.3,9.22399,8.15],"rotation":{"origin":[5.35,9.09899,7.925],"angle":0,"axis":"z"},"from":[5.225,8.79899,7.85],"faces":{"west":{"rotation":180,"uv":[0.5,11.25,1,12],"texture":"#3"},"east":{"rotation":180,"uv":[0.75,11.25,1.25,12],"texture":"#3"},"north":{"uv":[15.25,7.5,15.5,8.25],"texture":"#3"},"up":{"uv":[12.75,3,13,3.25],"texture":"#3"},"south":{"uv":[15.25,7.5,15.5,8.25],"texture":"#3"}}},{"to":[5.3,9.35399,8.1],"rotation":{"origin":[5.35,9.47399,7.875],"angle":0,"axis":"z"},"from":[5.225,9.22399,7.9],"faces":{"west":{"rotation":180,"uv":[2.75,7.5,3.25,8],"texture":"#3"},"east":{"uv":[1.25,11.5,1.75,12],"texture":"#3"},"north":{"rotation":180,"uv":[4.25,4.75,4.5,5.25],"texture":"#3"},"south":{"rotation":180,"uv":[4,4.75,4.25,5.25],"texture":"#3"}}},{"to":[5.3,9.37399,8.03481],"rotation":{"origin":[5.175,9.49899,8],"angle":45,"axis":"x"},"from":[5.1,9.32399,7.96519],"faces":{"down":{"uv":[8.75,8,9,8.5],"texture":"#3"},"west":{"rotation":180,"uv":[7.5,10,7.75,10.25],"texture":"#3"},"east":{"rotation":180,"uv":[4.5,11.5,4.75,11.75],"texture":"#3"},"up":{"rotation":180,"uv":[10.5,8,10.75,8.25],"texture":"#3"}}},{"to":[5.3,9.5338,7.875],"rotation":{"origin":[5.175,9.49899,8],"angle":-22.5,"axis":"x"},"from":[5.1,9.46418,7.825],"faces":{"west":{"rotation":180,"uv":[7.5,10,7.75,10.25],"texture":"#3"},"east":{"rotation":180,"uv":[4.5,11.5,4.75,11.75],"texture":"#3"},"north":{"rotation":180,"uv":[8.5,8.25,8.75,8.75],"texture":"#3"},"south":{"rotation":180,"uv":[15.75,15.75,16,16],"texture":"#3"}}},{"to":[5.3,9.5338,7.875],"rotation":{"origin":[5.175,9.49899,8],"angle":0,"axis":"x"},"from":[5.1,9.46418,7.825],"faces":{"west":{"rotation":180,"uv":[7.5,10,7.75,10.25],"texture":"#3"},"east":{"rotation":180,"uv":[4.5,11.5,4.75,11.75],"texture":"#3"},"north":{"rotation":180,"uv":[7.25,11.25,7.5,11.5],"texture":"#3"},"south":{"rotation":180,"uv":[15.75,15.75,16,16],"texture":"#3"}}},{"to":[5.3,9.5338,7.875],"rotation":{"origin":[5.175,9.49899,8],"angle":22.5,"axis":"x"},"from":[5.1,9.46418,7.825],"faces":{"west":{"rotation":180,"uv":[7.5,10,7.75,10.25],"texture":"#3"},"east":{"rotation":180,"uv":[4.5,11.5,4.75,11.75],"texture":"#3"},"north":{"rotation":180,"uv":[4.5,11.5,4.75,11.75],"texture":"#3"},"south":{"rotation":180,"uv":[15.75,15.75,16,16],"texture":"#3"}}},{"to":[5.3,9.5338,7.875],"rotation":{"origin":[5.175,9.49899,8],"angle":45,"axis":"x"},"from":[5.1,9.46418,7.825],"faces":{"west":{"rotation":180,"uv":[0.5,11.75,0.75,12],"texture":"#3"},"east":{"rotation":180,"uv":[4.5,11.5,4.75,11.75],"texture":"#3"},"north":{"rotation":180,"uv":[2,11.75,2.25,12],"texture":"#3"},"south":{"rotation":180,"uv":[15.75,15.75,16,16],"texture":"#3"}}},{"to":[5.2997,9.67399,8.03481],"rotation":{"origin":[5.175,9.49899,8],"angle":-22.5,"axis":"x"},"from":[5.0997,9.62399,7.96519],"faces":{"down":{"rotation":180,"uv":[15.75,15.75,16,16],"texture":"#3"},"west":{"rotation":180,"uv":[0,11.75,0.25,12],"texture":"#3"},"east":{"rotation":180,"uv":[4.5,11.5,4.75,11.75],"texture":"#3"},"up":{"rotation":180,"uv":[4,4.5,4.25,4.75],"texture":"#3"}}},{"to":[5.3,9.67399,8.03481],"rotation":{"origin":[5.175,9.49899,8],"angle":0,"axis":"z"},"from":[5.1,9.62399,7.96519],"faces":{"down":{"rotation":180,"uv":[15.75,15.75,16,16],"texture":"#3"},"west":{"rotation":180,"uv":[0,15.75,0.25,16],"texture":"#3"},"east":{"rotation":180,"uv":[4.5,11.5,4.75,11.75],"texture":"#3"},"up":{"rotation":180,"uv":[6,1.75,6.25,2],"texture":"#4"}}},{"to":[5.2997,9.67399,8.03481],"rotation":{"origin":[5.175,9.49899,8],"angle":22.5,"axis":"x"},"from":[5.0997,9.62399,7.96519],"faces":{"down":{"rotation":180,"uv":[15.75,15.75,16,16],"texture":"#3"},"west":{"rotation":180,"uv":[0.5,11.75,0.75,12],"texture":"#3"},"east":{"rotation":180,"uv":[4.5,11.5,4.75,11.75],"texture":"#3"},"up":{"uv":[4,4.5,4.25,4.75],"texture":"#3"}}},{"to":[5.3,9.67399,8.03481],"rotation":{"origin":[5.175,9.49899,8],"angle":45,"axis":"x"},"from":[5.1,9.62399,7.96519],"faces":{"down":{"rotation":180,"uv":[15.75,15.75,16,16],"texture":"#3"},"west":{"rotation":180,"uv":[0,11.5,0.25,11.75],"texture":"#3"},"east":{"rotation":180,"uv":[4.5,11.5,4.75,11.75],"texture":"#3"},"up":{"rotation":180,"uv":[2,11.75,2.25,12],"texture":"#3"}}},{"to":[5.3,9.5338,8.175],"rotation":{"origin":[5.175,9.49899,8],"angle":-22.5,"axis":"x"},"from":[5.1,9.46418,8.125],"faces":{"west":{"rotation":180,"uv":[7.5,10,7.75,10.25],"texture":"#3"},"east":{"rotation":180,"uv":[4.5,11.5,4.75,11.75],"texture":"#3"},"north":{"rotation":180,"uv":[15.75,15.75,16,16],"texture":"#3"},"south":{"rotation":180,"uv":[4.5,11.5,4.75,11.75],"texture":"#3"}}},{"to":[5.3,9.5338,8.175],"rotation":{"origin":[5.175,9.49899,8],"angle":0,"axis":"x"},"from":[5.1,9.46418,8.125],"faces":{"west":{"rotation":180,"uv":[7.5,10,7.75,10.25],"texture":"#3"},"east":{"rotation":180,"uv":[4.5,11.5,4.75,11.75],"texture":"#3"},"north":{"rotation":180,"uv":[15.75,15.75,16,16],"texture":"#3"},"south":{"rotation":180,"uv":[7.25,11.25,7.5,11.5],"texture":"#3"}}},{"to":[5.3,9.5338,8.175],"rotation":{"origin":[5.175,9.49899,8],"angle":22.5,"axis":"x"},"from":[5.1,9.46418,8.125],"faces":{"west":{"rotation":180,"uv":[7.5,10,7.75,10.25],"texture":"#3"},"east":{"rotation":180,"uv":[4.5,11.5,4.75,11.75],"texture":"#3"},"north":{"rotation":180,"uv":[15.75,15.75,16,16],"texture":"#3"},"south":{"rotation":180,"uv":[8.5,8.25,8.75,8.75],"texture":"#3"}}},{"to":[5.3,9.5338,8.175],"rotation":{"origin":[5.175,9.49899,8],"angle":45,"axis":"x"},"from":[5.1,9.46418,8.125],"faces":{"west":{"rotation":180,"uv":[7.5,10,7.75,10.25],"texture":"#3"},"east":{"rotation":180,"uv":[4.5,11.5,4.75,11.75],"texture":"#3"},"north":{"rotation":180,"uv":[10.5,8,10.75,8.25],"texture":"#3"},"south":{"rotation":180,"uv":[8.75,8,9,8.5],"texture":"#3"}}},{"to":[5.3005,9.37399,8.03481],"rotation":{"origin":[5.175,9.49899,8],"angle":-22.5,"axis":"x"},"from":[5.1,9.32399,7.96519],"faces":{"down":{"rotation":180,"uv":[15.75,15.75,16,16],"texture":"#3"},"west":{"rotation":180,"uv":[7.5,10,7.75,10.25],"texture":"#3"},"east":{"rotation":180,"uv":[4.5,11.5,4.75,11.75],"texture":"#3"},"up":{"rotation":180,"uv":[10.75,8.25,11,8.5],"texture":"#3"}}},{"to":[5.3005,9.37399,8.03481],"rotation":{"origin":[5.175,9.49899,8],"angle":0,"axis":"z"},"from":[5.1,9.32399,7.96519],"faces":{"down":{"rotation":180,"uv":[15.75,15.75,16,16],"texture":"#3"},"west":{"rotation":180,"uv":[7.5,10,7.75,10.25],"texture":"#3"},"east":{"rotation":180,"uv":[4.5,11.5,4.75,11.75],"texture":"#3"},"up":{"rotation":180,"uv":[9.5,10.5,9.75,10.75],"texture":"#3"}}},{"to":[5.3005,9.37399,8.03481],"rotation":{"origin":[5.175,9.49899,8],"angle":22.5,"axis":"x"},"from":[5.1,9.32399,7.96519],"faces":{"down":{"rotation":180,"uv":[15.75,15.75,16,16],"texture":"#3"},"west":{"rotation":180,"uv":[7.5,10,7.75,10.25],"texture":"#3"},"east":{"rotation":180,"uv":[4.5,11.5,4.75,11.75],"texture":"#3"},"up":{"rotation":180,"uv":[10.75,8.25,11,8.5],"texture":"#3"}}},{"to":[5.125,9.44399,8.05981],"rotation":{"origin":[5.175,9.49899,8],"angle":0,"axis":"x"},"from":[5.1,9.37399,7.94019],"faces":{"west":{"rotation":180,"uv":[7.5,10,7.75,10.25],"texture":"#3"},"east":{"rotation":180,"uv":[15.75,15.75,16,16],"texture":"#3"},"up":{"rotation":180,"uv":[15.75,15.75,16,16],"texture":"#3"}}},{"to":[5.125,9.44399,8.05981],"rotation":{"origin":[5.175,9.49899,8],"angle":-45,"axis":"x"},"from":[5.1,9.37399,7.94019],"faces":{"west":{"rotation":180,"uv":[7.5,10,7.75,10.25],"texture":"#3"},"east":{"rotation":180,"uv":[15.75,15.75,16,16],"texture":"#3"},"up":{"rotation":180,"uv":[15.75,15.75,16,16],"texture":"#3"}}},{"to":[5.125,9.624,8.05981],"rotation":{"origin":[5.175,9.49899,8],"angle":45,"axis":"x"},"from":[5.1,9.554,7.94019],"faces":{"down":{"rotation":180,"uv":[15.75,15.75,16,16],"texture":"#3"},"west":{"rotation":180,"uv":[7.5,10,7.75,10.25],"texture":"#3"},"east":{"rotation":180,"uv":[15.75,15.75,16,16],"texture":"#3"}}},{"to":[5.125,9.5588,8.125],"rotation":{"origin":[5.175,9.49899,8],"angle":0,"axis":"x"},"from":[5.1,9.43918,8.055],"faces":{"west":{"rotation":180,"uv":[7.5,10,7.75,10.25],"texture":"#3"},"east":{"rotation":180,"uv":[15.75,15.75,16,16],"texture":"#3"},"north":{"rotation":180,"uv":[15.75,15.75,16,16],"texture":"#3"}}},{"to":[5.1247,9.624,8.08481],"rotation":{"origin":[5.175,9.49899,8],"angle":0,"axis":"z"},"from":[5.0997,9.554,7.91519],"faces":{"down":{"rotation":180,"uv":[15.75,15.75,16,16],"texture":"#3"},"west":{"rotation":180,"uv":[0.5,11.5,0.75,12],"texture":"#3"},"east":{"rotation":180,"uv":[15.75,15.75,16,16],"texture":"#3"}}},{"to":[5.125,9.44399,8.05981],"rotation":{"origin":[5.175,9.49899,8],"angle":45,"axis":"x"},"from":[5.1,9.37399,7.94019],"faces":{"west":{"rotation":180,"uv":[7.5,10,7.75,10.25],"texture":"#3"},"east":{"rotation":180,"uv":[15.75,15.75,16,16],"texture":"#3"},"up":{"rotation":180,"uv":[15.75,15.75,16,16],"texture":"#3"}}},{"to":[5.125,9.5588,7.945],"rotation":{"origin":[5.175,9.49899,8],"angle":0,"axis":"x"},"from":[5.1,9.43918,7.875],"faces":{"west":{"rotation":180,"uv":[7.5,10,7.75,10.25],"texture":"#3"},"east":{"rotation":180,"uv":[15.75,15.75,16,16],"texture":"#3"},"south":{"rotation":180,"uv":[15.75,15.75,16,16],"texture":"#3"}}},{"to":[5.125,9.5588,7.945],"rotation":{"origin":[5.175,9.49899,8],"angle":45,"axis":"x"},"from":[5.1,9.43918,7.875],"faces":{"west":{"rotation":180,"uv":[7.5,10,7.75,10.25],"texture":"#3"},"east":{"rotation":180,"uv":[15.75,15.75,16,16],"texture":"#3"},"south":{"rotation":180,"uv":[15.75,15.75,16,16],"texture":"#3"}}}],"display":{"thirdperson_righthand":{"rotation":[0,90,0],"scale":[0.7,0.7,0.7],"translation":[0,2,1.5]},"head":{"scale":[1.4,1.4,1.4]},"thirdperson_lefthand":{"rotation":[-180,-90,0],"scale":[0.7,0.7,0.7],"translation":[-1.75,-6,6]},"gui":{"rotation":[0,0,45],"scale":[0.85,0.85,0.85],"translation":[-1,2,0]},"firstperson_lefthand":{"scale":[0,0,0]},"firstperson_righthand":{"rotation":[0,90,0],"scale":[1.4,1.4,1.4],"translation":[-1.75,3.5,-1.75]},"fixed":{"rotation":[0,-180,0],"scale":[1.4,1.4,1.4],"translation":[-0.75,3.25,-1.75]},"ground":{"translation":[0,5,0],"scale":[0.7,0.7,0.7]}}}