{"textures":{"particle":"mgs:gun/mp7details","1":"mgs:gun/brass","0":"mgs:gun/mp7details","2":"mgs:gun/metal_dark","1_2":"mgs:gun/copper","1_0":"mgs:gun/metal_bright"},"ambientocclusion":false,"parent":"bar","gui_light":"front","credit":"thebradqq's guns","elements":[{"to":[8.47231,26.62327,9.43261],"rotation":{"origin":[6.62231,25.485,9.525],"angle":-22.5,"axis":"x"},"from":[5.07231,25.52327,9.23261],"faces":{"west":{"uv":[5.5,8,5.75,8.25],"texture":"#2"},"east":{"uv":[7.5,10,8,9.5],"texture":"#2"},"north":{"uv":[7,8,8,8.5],"texture":"#2"},"up":{"uv":[1,11.5,2,12],"texture":"#2"},"south":{"rotation":90,"uv":[0,8.25,0.75,9.25],"texture":"#2"}}},{"to":[8.47231,26.62327,6.75738],"rotation":{"origin":[6.62231,25.485,6.46499],"angle":22.5,"axis":"x"},"from":[5.07231,25.52327,6.55738],"faces":{"west":{"uv":[5.5,8,5.75,8.25],"texture":"#2"},"east":{"uv":[7.5,10,8,9.5],"texture":"#2"},"north":{"rotation":270,"uv":[0,8.25,0.75,9.25],"texture":"#2"},"up":{"rotation":180,"uv":[1,11.5,2,12],"texture":"#2"},"south":{"uv":[7,8,8,8.5],"texture":"#2"}}},{"to":[12.17396,9.205,9.64513],"rotation":{"origin":[7.78782,16.02504,-13.12487],"angle":0,"axis":"y"},"from":[4.93231,4.805,6.34513],"faces":{"west":{"rotation":270,"uv":[12.5,11,11,9.5],"texture":"#0"},"east":{"rotation":270,"uv":[9.25,12,10.5,10.75],"texture":"#2"},"north":{"rotation":270,"uv":[13,9.5,11,12.5],"texture":"#0"},"south":{"rotation":270,"uv":[12.5,12.5,11,9.5],"texture":"#0"}}},{"to":[12.17396,10.085,10.305],"rotation":{"origin":[7.78782,20.42504,-13.565],"angle":0,"axis":"y"},"from":[4.49231,9.205,5.685],"faces":{"north":{"uv":[3.75,7.5,0,8],"texture":"#2"},"west":{"uv":[2,7.75,0,8.25],"texture":"#2"},"up":{"uv":[7.75,9.5,4,11],"texture":"#2"},"down":{"uv":[16,15.75,15.75,16],"texture":"#2"},"east":{"uv":[16,7.5,14,8],"texture":"#2"},"south":{"uv":[3.75,7.5,0,8],"texture":"#2"}}},{"to":[5.13396,25.484,9.425],"rotation":{"origin":[7.78782,21.30504,-12.905],"angle":0,"axis":"y"},"from":[5.07231,10.085,6.565],"faces":{"west":{"rotation":270,"uv":[9.5,8.25,4.5,9.5],"texture":"#2"},"east":{"rotation":270,"uv":[16,15.75,15.75,16],"texture":"#2"},"up":{"rotation":270,"uv":[7.75,9.75,7.25,10],"texture":"#2"}}},{"to":[12.03396,25.484,9.425],"rotation":{"origin":[7.78782,21.30504,-12.905],"angle":0,"axis":"y"},"from":[11.97231,10.085,6.565],"faces":{"west":{"rotation":270,"uv":[16,15.75,15.75,16],"texture":"#2"},"east":{"rotation":90,"uv":[5,11,0,12.25],"texture":"#2"},"up":{"rotation":270,"uv":[7.75,9.75,7.25,10],"texture":"#2"}}},{"to":[12.03396,25.485,9.425],"rotation":{"origin":[7.78782,21.30504,-12.905],"angle":0,"axis":"y"},"from":[5.07231,10.085,9.265],"faces":{"north":{"rotation":270,"uv":[16,15.75,15.75,16],"texture":"#2"},"up":{"uv":[2,7.5,6.25,8],"texture":"#2"},"south":{"rotation":270,"uv":[5,9.5,0,7.75],"texture":"#2"}}},{"to":[12.03396,25.485,6.735],"rotation":{"origin":[7.78782,21.30504,28.905],"angle":0,"axis":"y"},"from":[5.07231,10.085,6.575],"faces":{"north":{"rotation":270,"uv":[5,7.75,0,9.5],"texture":"#2"},"up":{"uv":[2,8,6.25,7.5],"texture":"#2"},"south":{"rotation":270,"uv":[16,16,15.75,15.75],"texture":"#2"}}},{"to":[16.02836,7.13431,9.64513],"rotation":{"origin":[12.71463,-3.71903,7.99293],"angle":22.5,"axis":"z"},"from":[8.78671,-6.06569,6.34073],"faces":{"west":{"rotation":270,"uv":[16,11,13.5,9.5],"texture":"#0"},"east":{"rotation":270,"uv":[16,12.25,11.25,11],"texture":"#2"},"north":{"rotation":270,"uv":[16,9.5,13.5,12.5],"texture":"#0"},"south":{"rotation":270,"uv":[16,12.5,13.5,9.5],"texture":"#0"}}},{"to":[16.37671,-6.06569,10.41293],"rotation":{"origin":[12.71463,-3.71903,7.99293],"angle":22.5,"axis":"z"},"from":[8.78671,-7.67903,5.57293],"faces":{"north":{"uv":[11.5,9.5,8.5,10.5],"texture":"#0"},"west":{"uv":[9.25,8.5,9.5,8.75],"texture":"#2"},"up":{"rotation":270,"uv":[1.5,10.75,2.5,12.25],"texture":"#2"},"down":{"uv":[8.75,10.75,9,11],"texture":"#2"},"east":{"uv":[6.5,7.25,7.5,7.75],"texture":"#2"},"south":{"uv":[8.5,9.5,11.5,10.5],"texture":"#0"}}},{"to":[9.48994,26.23924,7.76836],"rotation":{"origin":[8.35065,24.92188,7.545],"angle":0,"axis":"y"},"from":[9.246,25.16076,7.32164],"faces":{"down":{"uv":[6.25,7.75,6.75,8.5],"texture":"#1"},"east":{"uv":[9.5,7.25,10.25,8.25],"texture":"#1"},"up":{"rotation":180,"uv":[1.25,3.75,1.75,4.5],"texture":"#1"}}},{"to":[5.25141,25.76384,7.86598],"rotation":{"origin":[9.77565,24.92188,7.545],"angle":0,"axis":"y"},"from":[5.20005,25.63616,7.22403],"faces":{"west":{"uv":[6.25,4.5,6.75,5],"texture":"#1_0"},"north":{"uv":[6.25,4.5,6.5,5],"texture":"#1_0"},"south":{"uv":[6.25,4.5,6.5,5],"texture":"#1_0"}}},{"to":[5.25135,25.70462,7.5682],"rotation":{"origin":[9.77565,24.92188,7.545],"angle":22.5,"axis":"x"},"from":[5.2,25.57693,6.92625],"faces":{"west":{"rotation":270,"uv":[9.25,4.5,9.75,5.25],"texture":"#1_0"},"north":{"uv":[7.25,4.25,7.5,4.75],"texture":"#1_0"},"south":{"uv":[6.25,5,6.5,5.5],"texture":"#1_0"}}},{"to":[5.25135,25.70462,8.16375],"rotation":{"origin":[9.77565,24.92188,7.545],"angle":-22.5,"axis":"x"},"from":[5.2,25.57693,7.5218],"faces":{"west":{"rotation":90,"uv":[9,4.5,9.5,5.25],"texture":"#1_0"},"north":{"uv":[6.25,5,6.5,5.5],"texture":"#1_0"},"south":{"uv":[7.25,4.25,7.5,4.75],"texture":"#1_0"}}},{"to":[5.25141,25.53594,7.31576],"rotation":{"origin":[9.77565,24.92188,7.545],"angle":45,"axis":"x"},"from":[5.20005,25.40824,6.67382],"faces":{"west":{"rotation":270,"uv":[6.25,4.5,6.75,5.25],"texture":"#1_0"},"north":{"uv":[8.25,4.5,8.5,5],"texture":"#1_0"},"south":{"uv":[6,5.5,6.25,6],"texture":"#1_0"}}},{"to":[5.25141,25.53594,8.41619],"rotation":{"origin":[9.77565,24.92188,7.545],"angle":-45,"axis":"x"},"from":[5.20005,25.40824,7.77424],"faces":{"west":{"rotation":90,"uv":[6.25,4.5,6.75,5.25],"texture":"#1_0"},"north":{"uv":[6,5.5,6.25,6],"texture":"#1_0"},"south":{"uv":[3.75,4,4,4.5],"texture":"#1_0"}}},{"to":[5.25135,25.96175,7.90662],"rotation":{"origin":[9.77565,24.92188,7.545],"angle":-22.5,"axis":"x"},"from":[5.2,25.3198,7.77893],"faces":{"down":{"rotation":180,"uv":[9,8,9.25,8.5],"texture":"#1_0"},"west":{"uv":[5.25,4.5,5.75,5.25],"texture":"#1_0"},"up":{"rotation":180,"uv":[7.25,4.25,7.5,4.75],"texture":"#1_0"}}},{"to":[5.25135,25.96175,7.31107],"rotation":{"origin":[9.77565,24.92188,7.545],"angle":22.5,"axis":"x"},"from":[5.2,25.3198,7.18338],"faces":{"down":{"uv":[9,8,9.25,8.5],"texture":"#1_0"},"west":{"uv":[5.25,4.5,5.75,5.25],"texture":"#1_0"},"up":{"uv":[3.25,4,3.5,4.5],"texture":"#1_0"}}},{"to":[5.25141,26.02098,7.60884],"rotation":{"origin":[5.22573,33.48125,7.545],"angle":0,"axis":"y"},"from":[5.20005,25.37903,7.48116],"faces":{"down":{"uv":[9.5,8,9.75,8.25],"texture":"#1_0"},"west":{"uv":[6.25,4.5,6.75,5.25],"texture":"#1_0"},"up":{"uv":[3.25,4,3.5,4.5],"texture":"#1_0"}}},{"to":[9.246,26.28272,7.37492],"rotation":{"origin":[8.35065,24.92188,7.545],"angle":22.5,"axis":"x"},"from":[5.63449,24.99882,7.11953],"faces":{"down":{"rotation":180,"uv":[3,9,7,9.5],"texture":"#1"},"west":{"uv":[12.5,7.5,13,8],"texture":"#1"},"east":{"uv":[9.5,7.25,10.25,8.25],"texture":"#1"},"up":{"uv":[2,3.75,6,4.25],"texture":"#1"}}},{"to":[9.246,26.28272,7.97047],"rotation":{"origin":[8.35065,24.92188,7.545],"angle":-22.5,"axis":"x"},"from":[5.63449,24.99882,7.71508],"faces":{"down":{"rotation":180,"uv":[3.5,8,7.5,8.5],"texture":"#1"},"west":{"uv":[12.5,7.5,13,8],"texture":"#1"},"east":{"uv":[9.5,7.25,10.25,8.25],"texture":"#1"},"up":{"uv":[0,3.25,4,3.75],"texture":"#1"}}},{"to":[9.246,26.11405,7.12248],"rotation":{"origin":[8.35065,24.92188,7.545],"angle":45,"axis":"x"},"from":[5.63449,24.83014,6.86709],"faces":{"down":{"rotation":180,"uv":[5.75,5.5,9.75,6],"texture":"#1"},"west":{"uv":[12.5,7.5,13,8],"texture":"#1"},"east":{"uv":[9.5,7.25,10.25,8.25],"texture":"#1"},"up":{"uv":[5.25,4.25,9.25,4.75],"texture":"#1"}}},{"to":[9.246,26.11405,8.22291],"rotation":{"origin":[8.35065,24.92188,7.545],"angle":-45,"axis":"x"},"from":[5.63449,24.83014,7.96752],"faces":{"down":{"uv":[4.5,5.5,8.5,6],"texture":"#1"},"west":{"uv":[12.5,7.5,13,8],"texture":"#1"},"east":{"uv":[9.5,7.25,10.25,8.25],"texture":"#1"},"up":{"rotation":180,"uv":[1.25,4.25,5.25,4.75],"texture":"#1"}}},{"to":[9.246,25.76846,8.48473],"rotation":{"origin":[8.35065,24.92188,7.545],"angle":-22.5,"axis":"x"},"from":[5.63449,25.51308,7.20082],"faces":{"west":{"rotation":90,"uv":[12.5,7.5,13,8],"texture":"#1"},"east":{"uv":[9.5,7.25,10.25,7.75],"texture":"#1"},"north":{"uv":[6.25,5,10.25,5.5],"texture":"#1"},"south":{"uv":[5.25,4.75,9.25,5.25],"texture":"#1"}}},{"to":[9.246,25.76846,7.88918],"rotation":{"origin":[8.35065,24.92188,7.545],"angle":22.5,"axis":"x"},"from":[5.63449,25.51308,6.60527],"faces":{"west":{"rotation":270,"uv":[12.5,7.5,13,8],"texture":"#1"},"east":{"uv":[9.5,7.25,10.25,7.75],"texture":"#1"},"north":{"uv":[5.25,4.75,9.25,5.25],"texture":"#1"},"south":{"uv":[6.25,5,10.25,5.5],"texture":"#1"}}},{"to":[9.246,25.8277,8.18696],"rotation":{"origin":[8.35065,24.92188,7.545],"angle":0,"axis":"y"},"from":[5.63449,25.57231,6.90305],"faces":{"west":{"uv":[12.5,7.5,13,8],"texture":"#1"},"north":{"uv":[3,12.25,7,12.75],"texture":"#1"},"south":{"uv":[0,12,4,12.5],"texture":"#1"}}},{"to":[12.74301,26.83099,7.6727],"rotation":{"origin":[9.44427,33.76314,7.545],"angle":-22.5,"axis":"z"},"from":[12.10106,26.31742,7.41731],"faces":{"north":{"rotation":180,"uv":[10.5,2.75,11,3.25],"texture":"#1"},"up":{"uv":[2,3.25,2.75,3.75],"texture":"#1"},"south":{"rotation":180,"uv":[10.5,2.75,11,3.25],"texture":"#1"}}},{"to":[9.8719,25.21861,7.6727],"rotation":{"origin":[8.35065,24.92188,7.545],"angle":22.5,"axis":"z"},"from":[9.22995,24.70504,7.41731],"faces":{"down":{"rotation":180,"uv":[5.5,7.75,6.25,8.25],"texture":"#1"},"north":{"rotation":180,"uv":[7.5,8,7.75,8.25],"texture":"#1"},"south":{"rotation":180,"uv":[7.5,8,7.75,8.25],"texture":"#1"}}},{"to":[9.57413,25.8277,8.48072],"rotation":{"origin":[8.35065,24.92188,7.545],"angle":22.5,"axis":"y"},"from":[8.93217,25.57231,7.96716],"faces":{"down":{"rotation":180,"uv":[4.5,12,5,12.5],"texture":"#1"},"up":{"rotation":180,"uv":[4.5,12,5,12.5],"texture":"#1"},"south":{"uv":[0,12,0.75,12.5],"texture":"#1"}}},{"to":[9.57413,25.8277,7.12284],"rotation":{"origin":[8.35065,24.92188,7.545],"angle":-22.5,"axis":"y"},"from":[8.93217,25.57231,6.60928],"faces":{"down":{"rotation":180,"uv":[4.5,12,5,12.5],"texture":"#1"},"north":{"uv":[0,12,0.75,12.5],"texture":"#1"},"up":{"rotation":180,"uv":[4.5,12,5,12.5],"texture":"#1"}}},{"to":[9.246,26.34196,7.6727],"rotation":{"origin":[8.35065,24.92188,7.545],"angle":0,"axis":"y"},"from":[5.63449,25.05805,7.41731],"faces":{"down":{"rotation":180,"uv":[5.5,7.75,9.5,8.25],"texture":"#1"},"west":{"uv":[12.5,7.5,13,8],"texture":"#1"},"up":{"uv":[2,3.25,6,3.75],"texture":"#1"}}},{"to":[9.48994,26.01133,8.31857],"rotation":{"origin":[8.35065,24.92188,7.545],"angle":-45,"axis":"x"},"from":[9.246,24.93285,7.87186],"faces":{"down":{"rotation":180,"uv":[2,5.75,2.5,6.5],"texture":"#1"},"east":{"uv":[9.5,7.25,10.25,8.25],"texture":"#1"},"up":{"rotation":180,"uv":[1.25,4.25,1.75,5],"texture":"#1"}}},{"to":[9.48994,26.01133,7.21814],"rotation":{"origin":[8.35065,24.92188,7.545],"angle":45,"axis":"x"},"from":[9.246,24.93285,6.77143],"faces":{"down":{"uv":[2,5.75,2.5,6.5],"texture":"#1"},"east":{"uv":[9.5,7.25,10.25,8.25],"texture":"#1"},"up":{"uv":[1.25,4.25,1.75,5],"texture":"#1"}}},{"to":[9.48994,25.92336,8.08424],"rotation":{"origin":[8.35065,24.92188,7.545],"angle":0,"axis":"y"},"from":[9.246,25.47664,7.00576],"faces":{"east":{"uv":[9.5,7.25,10.25,8.25],"texture":"#1"},"north":{"uv":[3,4.75,3.5,5.5],"texture":"#1"},"south":{"uv":[3,4.75,3.5,5.5],"texture":"#1"}}},{"to":[10.37292,26.10852,7.62626],"rotation":{"origin":[7.98468,25.7,7.545],"angle":0,"axis":"y"},"from":[9.36417,25.29148,7.46374],"faces":{"down":{"rotation":180,"uv":[7.25,8,8.25,8.25],"texture":"#1"},"east":{"uv":[5.25,10.5,5.75,11],"texture":"#1"},"up":{"rotation":180,"uv":[3.5,4,4.5,4.25],"texture":"#1"}}},{"to":[10.37292,26.10852,7.62626],"rotation":{"origin":[7.98468,25.7,7.545],"angle":22.5,"axis":"x"},"from":[9.36417,25.29148,7.46374],"faces":{"down":{"rotation":180,"uv":[5.25,7.75,6.25,8],"texture":"#1"},"east":{"uv":[5.25,10.5,5.75,11],"texture":"#1"},"up":{"rotation":180,"uv":[5.25,4.25,6.25,4.5],"texture":"#1"}}},{"to":[10.37292,26.10852,7.62626],"rotation":{"origin":[7.98468,25.7,7.545],"angle":-22.5,"axis":"x"},"from":[9.36417,25.29148,7.46374],"faces":{"down":{"rotation":180,"uv":[2.5,8.25,3.5,8.5],"texture":"#1"},"east":{"uv":[5.25,10.5,5.75,11],"texture":"#1"},"up":{"rotation":180,"uv":[4.75,4.25,5.75,4.5],"texture":"#1"}}},{"to":[10.37292,26.10852,7.62626],"rotation":{"origin":[7.98468,25.7,7.545],"angle":45,"axis":"x"},"from":[9.36417,25.29148,7.46375],"faces":{"down":{"rotation":180,"uv":[4.75,5.5,5.75,5.75],"texture":"#1"},"east":{"uv":[5.25,10.5,5.75,11],"texture":"#1"},"up":{"rotation":180,"uv":[6.75,4.5,7.75,4.75],"texture":"#1"}}},{"to":[10.37292,26.10852,7.62626],"rotation":{"origin":[7.98468,25.7,7.545],"angle":-45,"axis":"x"},"from":[9.36417,25.29148,7.46374],"faces":{"down":{"rotation":180,"uv":[4.25,5.75,5.25,6],"texture":"#1"},"east":{"uv":[5.25,10.5,5.75,11],"texture":"#1"},"up":{"rotation":180,"uv":[1.25,4.25,2.25,4.5],"texture":"#1"}}},{"to":[10.37292,25.78126,7.95352],"rotation":{"origin":[7.98468,25.7,7.545],"angle":-22.5,"axis":"x"},"from":[9.36417,25.61874,7.13648],"faces":{"east":{"uv":[5.25,10.5,5.75,11],"texture":"#1"},"north":{"rotation":180,"uv":[3,5.25,4,5.5],"texture":"#1"},"south":{"rotation":180,"uv":[6.75,4.75,7.75,5],"texture":"#1"}}},{"to":[10.37292,25.78126,7.95352],"rotation":{"origin":[7.98468,25.7,7.545],"angle":22.5,"axis":"x"},"from":[9.36417,25.61874,7.13648],"faces":{"east":{"uv":[5.25,10.5,5.75,11],"texture":"#1"},"north":{"rotation":180,"uv":[1.5,4.75,2.5,5],"texture":"#1"},"south":{"rotation":180,"uv":[8,5.25,9,5.5],"texture":"#1"}}},{"to":[10.37292,25.78126,7.95352],"rotation":{"origin":[7.98468,25.7,7.545],"angle":0,"axis":"y"},"from":[9.36417,25.61874,7.13648],"faces":{"east":{"uv":[5.25,10.5,5.75,11],"texture":"#1"},"north":{"rotation":180,"uv":[2,5,3,5.25],"texture":"#1"},"south":{"rotation":180,"uv":[5,5,6,5.25],"texture":"#1"}}},{"to":[10.81861,26.0735,7.6193],"rotation":{"origin":[8.13468,25.7,7.545],"angle":0,"axis":"y"},"from":[10.35173,25.3265,7.47071],"faces":{"down":{"rotation":180,"uv":[7.75,8,8.25,8.25],"texture":"#1_2"},"east":{"uv":[11,7.5,11.5,8],"texture":"#1_2"},"up":{"uv":[3.25,4,3.75,4.25],"texture":"#1_2"}}},{"to":[10.81861,26.0735,7.6193],"rotation":{"origin":[8.13468,25.7,7.545],"angle":-22.5,"axis":"x"},"from":[10.35173,25.3265,7.47071],"faces":{"down":{"rotation":180,"uv":[4.25,8,4.75,8.25],"texture":"#1_2"},"east":{"uv":[11,7.5,11.5,8],"texture":"#1_2"},"up":{"uv":[7.5,4.25,8,4.5],"texture":"#1_2"}}},{"to":[10.81861,26.0735,7.6193],"rotation":{"origin":[8.13468,25.7,7.545],"angle":22.5,"axis":"x"},"from":[10.35173,25.3265,7.47071],"faces":{"down":{"uv":[4.25,8,4.75,8.25],"texture":"#1_2"},"east":{"uv":[11,7.5,11.5,8],"texture":"#1_2"},"up":{"uv":[5.5,4.25,6,4.5],"texture":"#1_2"}}},{"to":[10.81861,26.0735,7.61929],"rotation":{"origin":[8.13468,25.7,7.545],"angle":-45,"axis":"x"},"from":[10.35173,25.3265,7.47071],"faces":{"down":{"rotation":180,"uv":[2.75,9.25,3.25,9.5],"texture":"#1_2"},"east":{"uv":[11,7.5,11.5,8],"texture":"#1_2"},"up":{"rotation":180,"uv":[6.5,4.75,7,5],"texture":"#1_2"}}},{"to":[10.81861,26.0735,7.6193],"rotation":{"origin":[8.13468,25.7,7.545],"angle":45,"axis":"x"},"from":[10.35173,25.3265,7.47071],"faces":{"down":{"rotation":180,"uv":[2.75,9.25,3.25,9.75],"texture":"#1_2"},"east":{"uv":[11,7.5,11.5,8],"texture":"#1_2"},"up":{"uv":[8.5,4.75,9,5],"texture":"#1_2"}}},{"to":[10.81861,25.7743,7.9185],"rotation":{"origin":[8.13468,25.7,7.545],"angle":22.5,"axis":"x"},"from":[10.35173,25.62571,7.1715],"faces":{"east":{"rotation":90,"uv":[11,7.5,11.5,8],"texture":"#1_2"},"north":{"rotation":180,"uv":[5.5,11.5,6,11.75],"texture":"#1_2"},"south":{"rotation":180,"uv":[1.25,9.75,1.75,10],"texture":"#1_2"}}},{"to":[10.81861,25.7743,7.9185],"rotation":{"origin":[8.13468,25.7,7.545],"angle":-22.5,"axis":"x"},"from":[10.35173,25.62571,7.1715],"faces":{"east":{"rotation":270,"uv":[11,7.5,11.5,8],"texture":"#1_2"},"north":{"rotation":180,"uv":[2.5,10,3,10.5],"texture":"#1_2"},"south":{"rotation":180,"uv":[5.5,11.5,6,11.75],"texture":"#1_2"}}},{"to":[10.81861,25.7743,7.9185],"rotation":{"origin":[8.13468,25.7,7.545],"angle":0,"axis":"y"},"from":[10.35173,25.62571,7.1715],"faces":{"east":{"uv":[11,7.5,11.5,8],"texture":"#1_2"},"north":{"rotation":180,"uv":[5.5,11,6,11.25],"texture":"#1_2"},"south":{"rotation":180,"uv":[5.5,11,6,11.25],"texture":"#1_2"}}},{"to":[11.14542,26.05016,7.61465],"rotation":{"origin":[8.13468,25.7,7.545],"angle":0,"axis":"y"},"from":[10.81861,25.34985,7.47536],"faces":{"down":{"rotation":180,"uv":[7.75,8,8.25,8.25],"texture":"#1_2"},"east":{"uv":[11,7.5,11.5,8],"texture":"#1_2"},"up":{"uv":[3.25,4,3.75,4.25],"texture":"#1_2"}}},{"to":[11.14542,26.05016,7.61465],"rotation":{"origin":[8.13468,25.7,7.545],"angle":22.5,"axis":"x"},"from":[10.81861,25.34985,7.47536],"faces":{"down":{"uv":[4.25,8,4.75,8.25],"texture":"#1_2"},"east":{"uv":[11,7.5,11.5,8],"texture":"#1_2"},"up":{"uv":[12.75,2.25,13.25,2.5],"texture":"#1_2"}}},{"to":[11.14542,26.05016,7.61465],"rotation":{"origin":[8.13468,25.7,7.545],"angle":-22.5,"axis":"x"},"from":[10.81861,25.34985,7.47535],"faces":{"down":{"rotation":180,"uv":[4.25,8,4.75,8.25],"texture":"#1_2"},"east":{"uv":[11,7.5,11.5,8],"texture":"#1_2"},"up":{"uv":[8.5,4.25,9,4.5],"texture":"#1_2"}}},{"to":[11.14542,26.05016,7.61465],"rotation":{"origin":[8.13468,25.7,7.545],"angle":45,"axis":"x"},"from":[10.81861,25.34985,7.47536],"faces":{"down":{"rotation":180,"uv":[2.75,9.25,3.25,9.75],"texture":"#1_2"},"east":{"uv":[11,7.5,11.5,8],"texture":"#1_2"},"up":{"uv":[9.25,4.75,9.75,5],"texture":"#1_2"}}},{"to":[11.14542,26.05016,7.61465],"rotation":{"origin":[8.13468,25.7,7.545],"angle":-45,"axis":"x"},"from":[10.81861,25.34985,7.47535],"faces":{"down":{"rotation":180,"uv":[2.75,9.25,3.25,9.5],"texture":"#1_2"},"east":{"uv":[11,7.5,11.5,8],"texture":"#1_2"},"up":{"rotation":180,"uv":[5.75,4.75,6.25,5],"texture":"#1_2"}}},{"to":[11.14542,25.76965,7.89516],"rotation":{"origin":[8.13468,25.7,7.545],"angle":-22.5,"axis":"x"},"from":[10.81861,25.63036,7.19485],"faces":{"east":{"rotation":270,"uv":[11,7.5,11.5,8],"texture":"#1_2"},"north":{"rotation":180,"uv":[2.5,10,3,10.5],"texture":"#1_2"},"south":{"rotation":180,"uv":[6.25,11.5,6.75,11.75],"texture":"#1_2"}}},{"to":[11.14542,25.76965,7.89516],"rotation":{"origin":[8.13468,25.7,7.545],"angle":22.5,"axis":"x"},"from":[10.81861,25.63036,7.19485],"faces":{"east":{"rotation":90,"uv":[11,7.5,11.5,8],"texture":"#1_2"},"north":{"rotation":180,"uv":[4.75,11.5,5.25,11.75],"texture":"#1_2"},"south":{"rotation":180,"uv":[1.25,9.75,1.75,10],"texture":"#1_2"}}},{"to":[11.14542,25.76965,7.89516],"rotation":{"origin":[8.13468,25.7,7.545],"angle":0,"axis":"y"},"from":[10.81861,25.63036,7.19485],"faces":{"east":{"uv":[11,7.5,11.5,8],"texture":"#1_2"},"north":{"rotation":180,"uv":[6.5,11,7,11.25],"texture":"#1_2"},"south":{"rotation":180,"uv":[5.5,11,6,11.25],"texture":"#1_2"}}},{"to":[11.28052,26.02681,7.61001],"rotation":{"origin":[8.05968,25.7,7.545],"angle":0,"axis":"y"},"from":[11.07042,25.37319,7.47999],"faces":{"down":{"rotation":180,"uv":[7.75,8,8.25,8.25],"texture":"#1_2"},"east":{"uv":[11,7.5,11.5,8],"texture":"#1_2"},"up":{"uv":[3.25,4,3.75,4.25],"texture":"#1_2"}}},{"to":[11.28052,26.02681,7.61001],"rotation":{"origin":[8.05968,25.7,7.545],"angle":-22.5,"axis":"x"},"from":[11.07042,25.37319,7.47999],"faces":{"down":{"rotation":180,"uv":[4.25,8,4.75,8.25],"texture":"#1_2"},"east":{"uv":[11,7.5,11.5,8],"texture":"#1_2"},"up":{"uv":[8.75,4.25,9.25,4.5],"texture":"#1_2"}}},{"to":[11.28052,26.02681,7.61001],"rotation":{"origin":[8.05968,25.7,7.545],"angle":22.5,"axis":"x"},"from":[11.07042,25.37319,7.47999],"faces":{"down":{"uv":[4.25,8,4.75,8.25],"texture":"#1_2"},"east":{"uv":[11,7.5,11.5,8],"texture":"#1_2"},"up":{"uv":[10.5,2.75,11,3],"texture":"#1_2"}}},{"to":[11.28052,26.02681,7.61001],"rotation":{"origin":[8.05968,25.7,7.545],"angle":-45,"axis":"x"},"from":[11.07042,25.37319,7.47999],"faces":{"down":{"rotation":180,"uv":[2.75,9.25,3.25,9.5],"texture":"#1_2"},"east":{"uv":[11,7.5,11.5,8],"texture":"#1_2"},"up":{"rotation":180,"uv":[7.5,4.75,8,5],"texture":"#1_2"}}},{"to":[11.28052,25.76501,7.87181],"rotation":{"origin":[8.05968,25.7,7.545],"angle":22.5,"axis":"x"},"from":[11.07042,25.63499,7.21819],"faces":{"east":{"rotation":90,"uv":[11,7.5,11.5,8],"texture":"#1_2"},"north":{"rotation":180,"uv":[6.75,11.5,7.25,11.75],"texture":"#1_2"},"south":{"rotation":180,"uv":[1.25,9.75,1.75,10],"texture":"#1_2"}}},{"to":[11.28052,26.02681,7.61001],"rotation":{"origin":[8.05968,25.7,7.545],"angle":45,"axis":"x"},"from":[11.07042,25.37319,7.47999],"faces":{"down":{"rotation":180,"uv":[2.75,9.25,3.25,9.75],"texture":"#1_2"},"east":{"uv":[11,7.5,11.5,8],"texture":"#1_2"},"up":{"uv":[9,4.75,9.5,5],"texture":"#1_2"}}},{"to":[11.28052,25.76501,7.87181],"rotation":{"origin":[8.05968,25.7,7.545],"angle":-22.5,"axis":"x"},"from":[11.07042,25.63499,7.21819],"faces":{"east":{"rotation":270,"uv":[11,7.5,11.5,8],"texture":"#1_2"},"north":{"rotation":180,"uv":[2.5,10,3,10.5],"texture":"#1_2"},"south":{"rotation":180,"uv":[6.25,11.5,6.75,11.75],"texture":"#1_2"}}},{"to":[11.28052,25.76501,7.87181],"rotation":{"origin":[8.05968,25.7,7.545],"angle":0,"axis":"y"},"from":[11.07042,25.63499,7.21819],"faces":{"east":{"uv":[11,7.5,11.5,8],"texture":"#1_2"},"north":{"rotation":180,"uv":[4.75,11,5.25,11.25],"texture":"#1_2"},"south":{"rotation":180,"uv":[5.5,11,6,11.25],"texture":"#1_2"}}},{"to":[11.39723,26.00347,7.60537],"rotation":{"origin":[8.05968,25.7,7.545],"angle":0,"axis":"y"},"from":[11.28052,25.39654,7.48463],"faces":{"down":{"rotation":180,"uv":[7.75,8,8.25,8.25],"texture":"#1_2"},"east":{"uv":[11,7.5,11.5,8],"texture":"#1_2"},"up":{"uv":[3.25,4,3.75,4.25],"texture":"#1_2"}}},{"to":[11.39723,26.00347,7.60537],"rotation":{"origin":[8.05968,25.7,7.545],"angle":22.5,"axis":"x"},"from":[11.28052,25.39654,7.48463],"faces":{"down":{"uv":[4.25,8,4.75,8.25],"texture":"#1_2"},"east":{"uv":[11,7.5,11.5,8],"texture":"#1_2"},"up":{"uv":[11.25,3.25,11.75,3.5],"texture":"#1_2"}}},{"to":[11.39723,26.00347,7.60537],"rotation":{"origin":[8.05968,25.7,7.545],"angle":-22.5,"axis":"x"},"from":[11.28052,25.39654,7.48463],"faces":{"down":{"rotation":180,"uv":[4.25,8,4.75,8.25],"texture":"#1_2"},"east":{"uv":[11,7.5,11.5,8],"texture":"#1_2"},"up":{"uv":[11,3,11.5,3.25],"texture":"#1_2"}}},{"to":[11.39723,26.00347,7.60537],"rotation":{"origin":[8.05968,25.7,7.545],"angle":45,"axis":"x"},"from":[11.28052,25.39654,7.48464],"faces":{"down":{"rotation":180,"uv":[2.75,9.25,3.25,9.75],"texture":"#1_2"},"east":{"uv":[11,7.5,11.5,8],"texture":"#1_2"},"up":{"uv":[6.5,4.75,7,5],"texture":"#1_2"}}},{"to":[11.39723,26.00347,7.60536],"rotation":{"origin":[8.05968,25.7,7.545],"angle":-45,"axis":"x"},"from":[11.28052,25.39654,7.48463],"faces":{"down":{"rotation":180,"uv":[2.75,9.25,3.25,9.5],"texture":"#1_2"},"east":{"uv":[11,7.5,11.5,8],"texture":"#1_2"},"up":{"rotation":180,"uv":[8,4.75,8.5,5],"texture":"#1_2"}}},{"to":[11.39723,25.76037,7.84847],"rotation":{"origin":[8.05968,25.7,7.545],"angle":-22.5,"axis":"x"},"from":[11.28052,25.63963,7.24154],"faces":{"east":{"rotation":270,"uv":[11,7.5,11.5,8],"texture":"#1_2"},"north":{"rotation":180,"uv":[2.5,10,3,10.5],"texture":"#1_2"},"south":{"rotation":180,"uv":[7.5,11.5,8,11.75],"texture":"#1_2"}}},{"to":[11.39723,25.76037,7.84847],"rotation":{"origin":[8.05968,25.7,7.545],"angle":22.5,"axis":"x"},"from":[11.28052,25.63963,7.24154],"faces":{"east":{"rotation":90,"uv":[11,7.5,11.5,8],"texture":"#1_2"},"north":{"rotation":180,"uv":[7,11.5,7.5,11.75],"texture":"#1_2"},"south":{"rotation":180,"uv":[1.25,9.75,1.75,10],"texture":"#1_2"}}},{"to":[11.39723,25.76037,7.84847],"rotation":{"origin":[8.05968,25.7,7.545],"angle":0,"axis":"y"},"from":[11.28052,25.63963,7.24154],"faces":{"east":{"uv":[11,7.5,11.5,8],"texture":"#1_2"},"north":{"rotation":180,"uv":[6.25,11,6.75,11.25],"texture":"#1_2"},"south":{"rotation":180,"uv":[5.5,11,6,11.25],"texture":"#1_2"}}},{"to":[11.5262,27.23603,7.63838],"rotation":{"origin":[8.05968,25.7,7.545],"angle":-22.5,"axis":"z"},"from":[11.03598,27.04928,7.45163],"faces":{"east":{"uv":[7.5,2,8,2.5],"texture":"#1_2"},"north":{"uv":[6,4.5,6.5,5],"texture":"#1_2"},"up":{"uv":[4,4,4.5,4.5],"texture":"#1_2"},"south":{"uv":[5.75,4.5,6.25,5],"texture":"#1_2"}}},{"to":[11.5262,24.35073,7.63838],"rotation":{"origin":[8.05968,25.7,7.545],"angle":22.5,"axis":"z"},"from":[11.03598,24.16398,7.45163],"faces":{"down":{"rotation":180,"uv":[15,8,15.5,8.5],"texture":"#1_2"},"east":{"uv":[7.5,2,8,2.5],"texture":"#1_2"},"north":{"rotation":180,"uv":[5,8,5.5,8.5],"texture":"#1_2"},"south":{"rotation":180,"uv":[5,8,5.5,8.5],"texture":"#1_2"}}},{"to":[11.5262,25.79338,9.08103],"rotation":{"origin":[8.05968,25.7,7.545],"angle":22.5,"axis":"y"},"from":[11.03598,25.60662,8.87094],"faces":{"down":{"rotation":180,"uv":[9,10.25,9.5,10.75],"texture":"#1_2"},"east":{"uv":[7.5,2,8,2.5],"texture":"#1_2"},"up":{"uv":[6.5,4.75,7,5.25],"texture":"#1_2"},"south":{"rotation":180,"uv":[4.75,11.25,5.25,11.75],"texture":"#1_2"}}},{"to":[11.5262,25.79338,6.21906],"rotation":{"origin":[8.05968,25.7,7.545],"angle":-22.5,"axis":"y"},"from":[11.03598,25.60662,6.00897],"faces":{"down":{"rotation":180,"uv":[9,10.25,9.5,10.75],"texture":"#1_2"},"east":{"uv":[7.5,2,8,2.5],"texture":"#1_2"},"north":{"rotation":180,"uv":[4.75,11.25,5.25,11.75],"texture":"#1_2"},"up":{"rotation":180,"uv":[6.5,4.75,7,5.25],"texture":"#1_2"}}},{"to":[5.37975,26.34196,7.6727],"rotation":{"origin":[9.77565,24.92188,7.545],"angle":0,"axis":"y"},"from":[5.25131,25.05805,7.4173],"faces":{"down":{"rotation":180,"uv":[6.25,8,6.75,8.25],"texture":"#1"},"west":{"uv":[8.25,4,8.75,6],"texture":"#1"},"east":{"uv":[12.5,7.5,13,8],"texture":"#1"},"up":{"rotation":180,"uv":[3.5,3.75,4,4.25],"texture":"#1"}}},{"to":[5.3798,26.28272,7.37492],"rotation":{"origin":[9.77565,24.92188,7.545],"angle":22.5,"axis":"x"},"from":[5.25135,24.99882,7.11953],"faces":{"down":{"rotation":180,"uv":[6.25,8,6.75,8.25],"texture":"#1"},"west":{"uv":[7.25,4,7.75,6],"texture":"#1"},"east":{"uv":[12.5,7.5,13,8],"texture":"#1"},"up":{"uv":[3.5,4.25,4,4.75],"texture":"#1"}}},{"to":[5.3798,26.28272,7.97048],"rotation":{"origin":[9.77565,24.92188,7.545],"angle":-22.5,"axis":"x"},"from":[5.25135,24.99882,7.71508],"faces":{"down":{"rotation":180,"uv":[6.25,8,6.75,8.25],"texture":"#1"},"west":{"uv":[7.25,4,7.75,6],"texture":"#1"},"east":{"uv":[12.5,7.5,13,8],"texture":"#1"},"up":{"rotation":180,"uv":[3.5,4.25,4,4.75],"texture":"#1"}}},{"to":[5.37975,26.11405,7.12249],"rotation":{"origin":[9.77565,24.92188,7.545],"angle":45,"axis":"x"},"from":[5.25131,24.83014,6.86708],"faces":{"down":{"rotation":180,"uv":[6.25,8,6.75,8.25],"texture":"#1"},"west":{"uv":[10.75,4.5,11.25,6.5],"texture":"#1"},"east":{"uv":[12.5,7.5,13,8],"texture":"#1"},"up":{"uv":[3.75,4.75,4.25,5.25],"texture":"#1"}}},{"to":[5.37975,26.11405,8.22292],"rotation":{"origin":[9.77565,24.92188,7.545],"angle":-45,"axis":"x"},"from":[5.25131,24.83014,7.96751],"faces":{"down":{"rotation":180,"uv":[6.25,8,6.75,8.25],"texture":"#1"},"west":{"uv":[6.75,4.5,7.25,6.5],"texture":"#1"},"east":{"uv":[12.5,7.5,13,8],"texture":"#1"},"up":{"rotation":180,"uv":[7.75,4.75,8.25,5.25],"texture":"#1"}}},{"to":[5.3798,25.76847,8.48473],"rotation":{"origin":[9.77565,24.92188,7.545],"angle":-22.5,"axis":"x"},"from":[5.25135,25.51308,7.20082],"faces":{"west":{"rotation":90,"uv":[0.5,4.75,1,6.75],"texture":"#1"},"east":{"rotation":270,"uv":[12.5,7.5,13,8],"texture":"#1"},"north":{"rotation":180,"uv":[6.75,8,7.25,8.5],"texture":"#1"},"south":{"uv":[5.25,5.5,5.75,6],"texture":"#1"}}},{"to":[5.3798,25.76847,7.88918],"rotation":{"origin":[9.77565,24.92188,7.545],"angle":22.5,"axis":"x"},"from":[5.25135,25.51308,6.60527],"faces":{"west":{"rotation":270,"uv":[0.75,4.75,1.25,6.75],"texture":"#1"},"east":{"rotation":90,"uv":[12.5,7.5,13,8],"texture":"#1"},"north":{"uv":[6.75,5.5,7.25,6],"texture":"#1"},"south":{"rotation":180,"uv":[6,8,6.5,8.5],"texture":"#1"}}},{"to":[5.37975,25.8277,8.18696],"rotation":{"origin":[9.77565,24.92188,7.545],"angle":0,"axis":"y"},"from":[5.25131,25.5723,6.90305],"faces":{"west":{"rotation":90,"uv":[7.25,9.5,7.75,11.5],"texture":"#1"},"east":{"uv":[12.5,7.5,13,8],"texture":"#1"},"north":{"rotation":180,"uv":[4.25,8.25,4.75,8.75],"texture":"#1"},"south":{"rotation":180,"uv":[6.25,8.25,6.75,8.75],"texture":"#1"}}},{"to":[5.66017,26.21356,7.64715],"rotation":{"origin":[9.77565,24.92188,7.545],"angle":0,"axis":"y"},"from":[5.3797,25.18644,7.44285],"faces":{"down":{"uv":[5.75,8,6.25,8.25],"texture":"#1"},"up":{"rotation":180,"uv":[10,2.75,10.5,3.25],"texture":"#1"}}},{"to":[5.66017,26.15434,7.34938],"rotation":{"origin":[9.77565,24.92188,7.545],"angle":22.5,"axis":"x"},"from":[5.3797,25.12721,7.14508],"faces":{"down":{"uv":[5.75,8,6.25,8.25],"texture":"#1"},"up":{"rotation":180,"uv":[11,2.5,11.5,3],"texture":"#1"}}},{"to":[5.66017,26.15434,7.94492],"rotation":{"origin":[9.77565,24.92188,7.545],"angle":-22.5,"axis":"x"},"from":[5.3797,25.12721,7.74062],"faces":{"down":{"uv":[5.75,8,6.25,8.25],"texture":"#1"},"up":{"rotation":180,"uv":[8.5,4,9,4.5],"texture":"#1"}}},{"to":[5.66017,25.98565,7.09694],"rotation":{"origin":[9.77565,24.92188,7.545],"angle":45,"axis":"x"},"from":[5.3797,24.95853,6.89264],"faces":{"down":{"uv":[5.75,8,6.25,8.25],"texture":"#1"},"up":{"uv":[3.25,4.25,3.75,4.75],"texture":"#1"}}},{"to":[5.66017,25.74292,8.35634],"rotation":{"origin":[9.77565,24.92188,7.545],"angle":-22.5,"axis":"x"},"from":[5.3797,25.53862,7.32921],"faces":{"north":{"rotation":180,"uv":[3,8,3.5,8.5],"texture":"#1"},"south":{"uv":[3.25,4.75,3.75,5.25],"texture":"#1"}}},{"to":[5.66017,25.98565,8.19737],"rotation":{"origin":[9.77565,24.92188,7.545],"angle":-45,"axis":"x"},"from":[5.3797,24.95853,7.99307],"faces":{"down":{"uv":[5.75,8,6.25,8.25],"texture":"#1"},"up":{"rotation":180,"uv":[3.25,4.25,3.75,4.75],"texture":"#1"}}},{"to":[5.66017,25.74292,7.76079],"rotation":{"origin":[9.77565,24.92188,7.545],"angle":22.5,"axis":"x"},"from":[5.3797,25.53862,6.73367],"faces":{"north":{"uv":[3.25,4.75,3.75,5.25],"texture":"#1"},"south":{"rotation":180,"uv":[3,8,3.5,8.5],"texture":"#1"}}},{"to":[5.66017,25.80215,8.05856],"rotation":{"origin":[9.77565,24.92188,7.545],"angle":0,"axis":"y"},"from":[5.3797,25.59785,7.03144],"faces":{"north":{"uv":[3.25,5.25,3.75,5.75],"texture":"#1"},"south":{"uv":[3.25,5.25,3.75,5.75],"texture":"#1"}}},{"to":[9.48994,25.53924,8.84336],"rotation":{"origin":[8.35065,24.22188,8.62],"angle":0,"axis":"y"},"from":[9.246,24.46076,8.39664],"faces":{"down":{"uv":[6.25,7.75,6.75,8.5],"texture":"#1"},"east":{"uv":[9.5,7.25,10.25,8.25],"texture":"#1"},"up":{"rotation":180,"uv":[1.25,3.75,1.75,4.5],"texture":"#1"}}},{"to":[5.25141,25.06384,8.94098],"rotation":{"origin":[9.77565,24.22188,8.62],"angle":0,"axis":"y"},"from":[5.20005,24.93616,8.29903],"faces":{"west":{"uv":[6.25,4.5,6.75,5],"texture":"#1_0"},"north":{"uv":[6.25,4.5,6.5,5],"texture":"#1_0"},"south":{"uv":[6.25,4.5,6.5,5],"texture":"#1_0"}}},{"to":[5.25135,25.00462,8.6432],"rotation":{"origin":[9.77565,24.22188,8.62],"angle":22.5,"axis":"x"},"from":[5.2,24.87693,8.00125],"faces":{"west":{"rotation":270,"uv":[9.25,4.5,9.75,5.25],"texture":"#1_0"},"north":{"uv":[7.25,4.25,7.5,4.75],"texture":"#1_0"},"south":{"uv":[6.25,5,6.5,5.5],"texture":"#1_0"}}},{"to":[5.25135,25.00462,9.23875],"rotation":{"origin":[9.77565,24.22188,8.62],"angle":-22.5,"axis":"x"},"from":[5.2,24.87693,8.5968],"faces":{"west":{"rotation":90,"uv":[9,4.5,9.5,5.25],"texture":"#1_0"},"north":{"uv":[6.25,5,6.5,5.5],"texture":"#1_0"},"south":{"uv":[7.25,4.25,7.5,4.75],"texture":"#1_0"}}},{"to":[5.25141,24.83594,8.39076],"rotation":{"origin":[9.77565,24.22188,8.62],"angle":45,"axis":"x"},"from":[5.20005,24.70824,7.74882],"faces":{"west":{"rotation":270,"uv":[6.25,4.5,6.75,5.25],"texture":"#1_0"},"north":{"uv":[8.25,4.5,8.5,5],"texture":"#1_0"},"south":{"uv":[6,5.5,6.25,6],"texture":"#1_0"}}},{"to":[5.25141,24.83594,9.49118],"rotation":{"origin":[9.77565,24.22188,8.62],"angle":-45,"axis":"x"},"from":[5.20005,24.70824,8.84924],"faces":{"west":{"rotation":90,"uv":[6.25,4.5,6.75,5.25],"texture":"#1_0"},"north":{"uv":[6,5.5,6.25,6],"texture":"#1_0"},"south":{"uv":[3.75,4,4,4.5],"texture":"#1_0"}}},{"to":[5.25135,25.26175,8.98162],"rotation":{"origin":[9.77565,24.22188,8.62],"angle":-22.5,"axis":"x"},"from":[5.2,24.6198,8.85393],"faces":{"down":{"rotation":180,"uv":[9,8,9.25,8.5],"texture":"#1_0"},"west":{"uv":[5.25,4.5,5.75,5.25],"texture":"#1_0"},"up":{"rotation":180,"uv":[7.25,4.25,7.5,4.75],"texture":"#1_0"}}},{"to":[5.25135,25.26175,8.38607],"rotation":{"origin":[9.77565,24.22188,8.62],"angle":22.5,"axis":"x"},"from":[5.2,24.6198,8.25838],"faces":{"down":{"uv":[9,8,9.25,8.5],"texture":"#1_0"},"west":{"uv":[5.25,4.5,5.75,5.25],"texture":"#1_0"},"up":{"uv":[3.25,4,3.5,4.5],"texture":"#1_0"}}},{"to":[5.25141,25.32098,8.68384],"rotation":{"origin":[5.22573,32.78125,8.62],"angle":0,"axis":"y"},"from":[5.20005,24.67903,8.55616],"faces":{"down":{"uv":[9.5,8,9.75,8.25],"texture":"#1_0"},"west":{"uv":[6.25,4.5,6.75,5.25],"texture":"#1_0"},"up":{"uv":[3.25,4,3.5,4.5],"texture":"#1_0"}}},{"to":[9.246,25.58272,8.44992],"rotation":{"origin":[8.35065,24.22188,8.62],"angle":22.5,"axis":"x"},"from":[5.63449,24.29882,8.19453],"faces":{"down":{"rotation":180,"uv":[3,9,7,9.5],"texture":"#1"},"west":{"uv":[12.5,7.5,13,8],"texture":"#1"},"east":{"uv":[9.5,7.25,10.25,8.25],"texture":"#1"},"up":{"uv":[2,3.75,6,4.25],"texture":"#1"}}},{"to":[9.246,25.58272,9.04547],"rotation":{"origin":[8.35065,24.22188,8.62],"angle":-22.5,"axis":"x"},"from":[5.63449,24.29882,8.79008],"faces":{"down":{"rotation":180,"uv":[3.5,8,7.5,8.5],"texture":"#1"},"west":{"uv":[12.5,7.5,13,8],"texture":"#1"},"east":{"uv":[9.5,7.25,10.25,8.25],"texture":"#1"},"up":{"uv":[0,3.25,4,3.75],"texture":"#1"}}},{"to":[9.246,25.41405,8.19748],"rotation":{"origin":[8.35065,24.22188,8.62],"angle":45,"axis":"x"},"from":[5.63449,24.13014,7.94209],"faces":{"down":{"rotation":180,"uv":[5.75,5.5,9.75,6],"texture":"#1"},"west":{"uv":[12.5,7.5,13,8],"texture":"#1"},"east":{"uv":[9.5,7.25,10.25,8.25],"texture":"#1"},"up":{"uv":[5.25,4.25,9.25,4.75],"texture":"#1"}}},{"to":[9.246,25.41405,9.29791],"rotation":{"origin":[8.35065,24.22188,8.62],"angle":-45,"axis":"x"},"from":[5.63449,24.13014,9.04252],"faces":{"down":{"uv":[4.5,5.5,8.5,6],"texture":"#1"},"west":{"uv":[12.5,7.5,13,8],"texture":"#1"},"east":{"uv":[9.5,7.25,10.25,8.25],"texture":"#1"},"up":{"rotation":180,"uv":[1.25,4.25,5.25,4.75],"texture":"#1"}}},{"to":[9.246,25.06846,9.55973],"rotation":{"origin":[8.35065,24.22188,8.62],"angle":-22.5,"axis":"x"},"from":[5.63449,24.81308,8.27582],"faces":{"west":{"rotation":90,"uv":[12.5,7.5,13,8],"texture":"#1"},"east":{"uv":[9.5,7.25,10.25,7.75],"texture":"#1"},"north":{"uv":[6.25,5,10.25,5.5],"texture":"#1"},"south":{"uv":[5.25,4.75,9.25,5.25],"texture":"#1"}}},{"to":[9.246,25.06846,8.96418],"rotation":{"origin":[8.35065,24.22188,8.62],"angle":22.5,"axis":"x"},"from":[5.63449,24.81308,7.68027],"faces":{"west":{"rotation":270,"uv":[12.5,7.5,13,8],"texture":"#1"},"east":{"uv":[9.5,7.25,10.25,7.75],"texture":"#1"},"north":{"uv":[5.25,4.75,9.25,5.25],"texture":"#1"},"south":{"uv":[6.25,5,10.25,5.5],"texture":"#1"}}},{"to":[9.246,25.1277,9.26195],"rotation":{"origin":[8.35065,24.22188,8.62],"angle":0,"axis":"y"},"from":[5.63449,24.87231,7.97805],"faces":{"west":{"uv":[12.5,7.5,13,8],"texture":"#1"},"north":{"uv":[3,12.25,7,12.75],"texture":"#1"},"south":{"uv":[0,12,4,12.5],"texture":"#1"}}},{"to":[12.74301,26.13099,8.7477],"rotation":{"origin":[9.44427,33.06314,8.62],"angle":-22.5,"axis":"z"},"from":[12.10106,25.61742,8.4923],"faces":{"north":{"rotation":180,"uv":[10.5,2.75,11,3.25],"texture":"#1"},"up":{"uv":[2,3.25,2.75,3.75],"texture":"#1"},"south":{"rotation":180,"uv":[10.5,2.75,11,3.25],"texture":"#1"}}},{"to":[9.8719,24.51861,8.7477],"rotation":{"origin":[8.35065,24.22188,8.62],"angle":22.5,"axis":"z"},"from":[9.22995,24.00504,8.4923],"faces":{"down":{"rotation":180,"uv":[5.5,7.75,6.25,8.25],"texture":"#1"},"north":{"rotation":180,"uv":[7.5,8,7.75,8.25],"texture":"#1"},"south":{"rotation":180,"uv":[7.5,8,7.75,8.25],"texture":"#1"}}},{"to":[9.57413,25.1277,9.55572],"rotation":{"origin":[8.35065,24.22188,8.62],"angle":22.5,"axis":"y"},"from":[8.93217,24.87231,9.04216],"faces":{"down":{"rotation":180,"uv":[4.5,12,5,12.5],"texture":"#1"},"up":{"rotation":180,"uv":[4.5,12,5,12.5],"texture":"#1"},"south":{"uv":[0,12,0.75,12.5],"texture":"#1"}}},{"to":[9.57413,25.1277,8.19784],"rotation":{"origin":[8.35065,24.22188,8.62],"angle":-22.5,"axis":"y"},"from":[8.93217,24.87231,7.68428],"faces":{"down":{"rotation":180,"uv":[4.5,12,5,12.5],"texture":"#1"},"north":{"uv":[0,12,0.75,12.5],"texture":"#1"},"up":{"rotation":180,"uv":[4.5,12,5,12.5],"texture":"#1"}}},{"to":[9.246,25.64196,8.7477],"rotation":{"origin":[8.35065,24.22188,8.62],"angle":0,"axis":"y"},"from":[5.63449,24.35805,8.4923],"faces":{"down":{"rotation":180,"uv":[5.5,7.75,9.5,8.25],"texture":"#1"},"west":{"uv":[12.5,7.5,13,8],"texture":"#1"},"up":{"uv":[2,3.25,6,3.75],"texture":"#1"}}},{"to":[9.48994,25.31133,9.39357],"rotation":{"origin":[8.35065,24.22188,8.62],"angle":-45,"axis":"x"},"from":[9.246,24.23285,8.94686],"faces":{"down":{"rotation":180,"uv":[2,5.75,2.5,6.5],"texture":"#1"},"east":{"uv":[9.5,7.25,10.25,8.25],"texture":"#1"},"up":{"rotation":180,"uv":[1.25,4.25,1.75,5],"texture":"#1"}}},{"to":[9.48994,25.31133,8.29314],"rotation":{"origin":[8.35065,24.22188,8.62],"angle":45,"axis":"x"},"from":[9.246,24.23285,7.84643],"faces":{"down":{"uv":[2,5.75,2.5,6.5],"texture":"#1"},"east":{"uv":[9.5,7.25,10.25,8.25],"texture":"#1"},"up":{"uv":[1.25,4.25,1.75,5],"texture":"#1"}}},{"to":[9.48994,25.22336,9.15924],"rotation":{"origin":[8.35065,24.22188,8.62],"angle":0,"axis":"y"},"from":[9.246,24.77664,8.08076],"faces":{"east":{"uv":[9.5,7.25,10.25,8.25],"texture":"#1"},"north":{"uv":[3,4.75,3.5,5.5],"texture":"#1"},"south":{"uv":[3,4.75,3.5,5.5],"texture":"#1"}}},{"to":[10.37292,25.40852,8.70126],"rotation":{"origin":[7.98468,25,8.62],"angle":0,"axis":"y"},"from":[9.36417,24.59148,8.53874],"faces":{"down":{"rotation":180,"uv":[7.25,8,8.25,8.25],"texture":"#1"},"east":{"uv":[5.25,10.5,5.75,11],"texture":"#1"},"up":{"rotation":180,"uv":[3.5,4,4.5,4.25],"texture":"#1"}}},{"to":[10.37292,25.40852,8.70126],"rotation":{"origin":[7.98468,25,8.62],"angle":22.5,"axis":"x"},"from":[9.36417,24.59148,8.53874],"faces":{"down":{"rotation":180,"uv":[5.25,7.75,6.25,8],"texture":"#1"},"east":{"uv":[5.25,10.5,5.75,11],"texture":"#1"},"up":{"rotation":180,"uv":[5.25,4.25,6.25,4.5],"texture":"#1"}}},{"to":[10.37292,25.40852,8.70126],"rotation":{"origin":[7.98468,25,8.62],"angle":-22.5,"axis":"x"},"from":[9.36417,24.59148,8.53874],"faces":{"down":{"rotation":180,"uv":[2.5,8.25,3.5,8.5],"texture":"#1"},"east":{"uv":[5.25,10.5,5.75,11],"texture":"#1"},"up":{"rotation":180,"uv":[4.75,4.25,5.75,4.5],"texture":"#1"}}},{"to":[10.37292,25.40852,8.70126],"rotation":{"origin":[7.98468,25,8.62],"angle":45,"axis":"x"},"from":[9.36417,24.59148,8.53874],"faces":{"down":{"rotation":180,"uv":[4.75,5.5,5.75,5.75],"texture":"#1"},"east":{"uv":[5.25,10.5,5.75,11],"texture":"#1"},"up":{"rotation":180,"uv":[6.75,4.5,7.75,4.75],"texture":"#1"}}},{"to":[10.37292,25.40852,8.70126],"rotation":{"origin":[7.98468,25,8.62],"angle":-45,"axis":"x"},"from":[9.36417,24.59148,8.53874],"faces":{"down":{"rotation":180,"uv":[4.25,5.75,5.25,6],"texture":"#1"},"east":{"uv":[5.25,10.5,5.75,11],"texture":"#1"},"up":{"rotation":180,"uv":[1.25,4.25,2.25,4.5],"texture":"#1"}}},{"to":[10.37292,25.08126,9.02852],"rotation":{"origin":[7.98468,25,8.62],"angle":-22.5,"axis":"x"},"from":[9.36417,24.91874,8.21148],"faces":{"east":{"uv":[5.25,10.5,5.75,11],"texture":"#1"},"north":{"rotation":180,"uv":[3,5.25,4,5.5],"texture":"#1"},"south":{"rotation":180,"uv":[6.75,4.75,7.75,5],"texture":"#1"}}},{"to":[10.37292,25.08126,9.02852],"rotation":{"origin":[7.98468,25,8.62],"angle":22.5,"axis":"x"},"from":[9.36417,24.91874,8.21148],"faces":{"east":{"uv":[5.25,10.5,5.75,11],"texture":"#1"},"north":{"rotation":180,"uv":[1.5,4.75,2.5,5],"texture":"#1"},"south":{"rotation":180,"uv":[8,5.25,9,5.5],"texture":"#1"}}},{"to":[10.37292,25.08126,9.02852],"rotation":{"origin":[7.98468,25,8.62],"angle":0,"axis":"y"},"from":[9.36417,24.91874,8.21148],"faces":{"east":{"uv":[5.25,10.5,5.75,11],"texture":"#1"},"north":{"rotation":180,"uv":[2,5,3,5.25],"texture":"#1"},"south":{"rotation":180,"uv":[5,5,6,5.25],"texture":"#1"}}},{"to":[10.81861,25.3735,8.69429],"rotation":{"origin":[8.13468,25,8.62],"angle":0,"axis":"y"},"from":[10.35173,24.6265,8.54571],"faces":{"down":{"rotation":180,"uv":[7.75,8,8.25,8.25],"texture":"#1_2"},"east":{"uv":[11,7.5,11.5,8],"texture":"#1_2"},"up":{"uv":[3.25,4,3.75,4.25],"texture":"#1_2"}}},{"to":[10.81861,25.3735,8.69429],"rotation":{"origin":[8.13468,25,8.62],"angle":-22.5,"axis":"x"},"from":[10.35173,24.6265,8.54571],"faces":{"down":{"rotation":180,"uv":[4.25,8,4.75,8.25],"texture":"#1_2"},"east":{"uv":[11,7.5,11.5,8],"texture":"#1_2"},"up":{"uv":[7.5,4.25,8,4.5],"texture":"#1_2"}}},{"to":[10.81861,25.3735,8.69429],"rotation":{"origin":[8.13468,25,8.62],"angle":22.5,"axis":"x"},"from":[10.35173,24.6265,8.54571],"faces":{"down":{"uv":[4.25,8,4.75,8.25],"texture":"#1_2"},"east":{"uv":[11,7.5,11.5,8],"texture":"#1_2"},"up":{"uv":[5.5,4.25,6,4.5],"texture":"#1_2"}}},{"to":[10.81861,25.3735,8.69429],"rotation":{"origin":[8.13468,25,8.62],"angle":-45,"axis":"x"},"from":[10.35173,24.6265,8.54571],"faces":{"down":{"rotation":180,"uv":[2.75,9.25,3.25,9.5],"texture":"#1_2"},"east":{"uv":[11,7.5,11.5,8],"texture":"#1_2"},"up":{"rotation":180,"uv":[6.5,4.75,7,5],"texture":"#1_2"}}},{"to":[10.81861,25.3735,8.69429],"rotation":{"origin":[8.13468,25,8.62],"angle":45,"axis":"x"},"from":[10.35173,24.6265,8.54571],"faces":{"down":{"rotation":180,"uv":[2.75,9.25,3.25,9.75],"texture":"#1_2"},"east":{"uv":[11,7.5,11.5,8],"texture":"#1_2"},"up":{"uv":[8.5,4.75,9,5],"texture":"#1_2"}}},{"to":[10.81861,25.0743,8.9935],"rotation":{"origin":[8.13468,25,8.62],"angle":22.5,"axis":"x"},"from":[10.35173,24.92571,8.2465],"faces":{"east":{"rotation":90,"uv":[11,7.5,11.5,8],"texture":"#1_2"},"north":{"rotation":180,"uv":[5.5,11.5,6,11.75],"texture":"#1_2"},"south":{"rotation":180,"uv":[1.25,9.75,1.75,10],"texture":"#1_2"}}},{"to":[10.81861,25.0743,8.9935],"rotation":{"origin":[8.13468,25,8.62],"angle":-22.5,"axis":"x"},"from":[10.35173,24.92571,8.2465],"faces":{"east":{"rotation":270,"uv":[11,7.5,11.5,8],"texture":"#1_2"},"north":{"rotation":180,"uv":[2.5,10,3,10.5],"texture":"#1_2"},"south":{"rotation":180,"uv":[5.5,11.5,6,11.75],"texture":"#1_2"}}},{"to":[10.81861,25.0743,8.9935],"rotation":{"origin":[8.13468,25,8.62],"angle":0,"axis":"y"},"from":[10.35173,24.92571,8.2465],"faces":{"east":{"uv":[11,7.5,11.5,8],"texture":"#1_2"},"north":{"rotation":180,"uv":[5.5,11,6,11.25],"texture":"#1_2"},"south":{"rotation":180,"uv":[5.5,11,6,11.25],"texture":"#1_2"}}},{"to":[11.14542,25.35016,8.68964],"rotation":{"origin":[8.13468,25,8.62],"angle":0,"axis":"y"},"from":[10.81861,24.64985,8.55036],"faces":{"down":{"rotation":180,"uv":[7.75,8,8.25,8.25],"texture":"#1_2"},"east":{"uv":[11,7.5,11.5,8],"texture":"#1_2"},"up":{"uv":[3.25,4,3.75,4.25],"texture":"#1_2"}}},{"to":[11.14542,25.35016,8.68965],"rotation":{"origin":[8.13468,25,8.62],"angle":22.5,"axis":"x"},"from":[10.81861,24.64985,8.55036],"faces":{"down":{"uv":[4.25,8,4.75,8.25],"texture":"#1_2"},"east":{"uv":[11,7.5,11.5,8],"texture":"#1_2"},"up":{"uv":[12.75,2.25,13.25,2.5],"texture":"#1_2"}}},{"to":[11.14542,25.35016,8.68964],"rotation":{"origin":[8.13468,25,8.62],"angle":-22.5,"axis":"x"},"from":[10.81861,24.64985,8.55035],"faces":{"down":{"rotation":180,"uv":[4.25,8,4.75,8.25],"texture":"#1_2"},"east":{"uv":[11,7.5,11.5,8],"texture":"#1_2"},"up":{"uv":[8.5,4.25,9,4.5],"texture":"#1_2"}}},{"to":[11.14542,25.35016,8.68965],"rotation":{"origin":[8.13468,25,8.62],"angle":45,"axis":"x"},"from":[10.81861,24.64985,8.55036],"faces":{"down":{"rotation":180,"uv":[2.75,9.25,3.25,9.75],"texture":"#1_2"},"east":{"uv":[11,7.5,11.5,8],"texture":"#1_2"},"up":{"uv":[9.25,4.75,9.75,5],"texture":"#1_2"}}},{"to":[11.14542,25.35016,8.68964],"rotation":{"origin":[8.13468,25,8.62],"angle":-45,"axis":"x"},"from":[10.81861,24.64985,8.55035],"faces":{"down":{"rotation":180,"uv":[2.75,9.25,3.25,9.5],"texture":"#1_2"},"east":{"uv":[11,7.5,11.5,8],"texture":"#1_2"},"up":{"rotation":180,"uv":[5.75,4.75,6.25,5],"texture":"#1_2"}}},{"to":[11.14542,25.06965,8.97016],"rotation":{"origin":[8.13468,25,8.62],"angle":-22.5,"axis":"x"},"from":[10.81861,24.93036,8.26985],"faces":{"east":{"rotation":270,"uv":[11,7.5,11.5,8],"texture":"#1_2"},"north":{"rotation":180,"uv":[2.5,10,3,10.5],"texture":"#1_2"},"south":{"rotation":180,"uv":[6.25,11.5,6.75,11.75],"texture":"#1_2"}}},{"to":[11.14542,25.06965,8.97016],"rotation":{"origin":[8.13468,25,8.62],"angle":22.5,"axis":"x"},"from":[10.81861,24.93036,8.26985],"faces":{"east":{"rotation":90,"uv":[11,7.5,11.5,8],"texture":"#1_2"},"north":{"rotation":180,"uv":[4.75,11.5,5.25,11.75],"texture":"#1_2"},"south":{"rotation":180,"uv":[1.25,9.75,1.75,10],"texture":"#1_2"}}},{"to":[11.14542,25.06965,8.97016],"rotation":{"origin":[8.13468,25,8.62],"angle":0,"axis":"y"},"from":[10.81861,24.93036,8.26985],"faces":{"east":{"uv":[11,7.5,11.5,8],"texture":"#1_2"},"north":{"rotation":180,"uv":[6.5,11,7,11.25],"texture":"#1_2"},"south":{"rotation":180,"uv":[5.5,11,6,11.25],"texture":"#1_2"}}},{"to":[11.28052,25.32681,8.68501],"rotation":{"origin":[8.05968,25,8.62],"angle":0,"axis":"y"},"from":[11.07042,24.67319,8.55499],"faces":{"down":{"rotation":180,"uv":[7.75,8,8.25,8.25],"texture":"#1_2"},"east":{"uv":[11,7.5,11.5,8],"texture":"#1_2"},"up":{"uv":[3.25,4,3.75,4.25],"texture":"#1_2"}}},{"to":[11.28052,25.32681,8.68501],"rotation":{"origin":[8.05968,25,8.62],"angle":-22.5,"axis":"x"},"from":[11.07042,24.67319,8.55499],"faces":{"down":{"rotation":180,"uv":[4.25,8,4.75,8.25],"texture":"#1_2"},"east":{"uv":[11,7.5,11.5,8],"texture":"#1_2"},"up":{"uv":[8.75,4.25,9.25,4.5],"texture":"#1_2"}}},{"to":[11.28052,25.32681,8.68501],"rotation":{"origin":[8.05968,25,8.62],"angle":22.5,"axis":"x"},"from":[11.07042,24.67319,8.55499],"faces":{"down":{"uv":[4.25,8,4.75,8.25],"texture":"#1_2"},"east":{"uv":[11,7.5,11.5,8],"texture":"#1_2"},"up":{"uv":[10.5,2.75,11,3],"texture":"#1_2"}}},{"to":[11.28052,25.32681,8.68501],"rotation":{"origin":[8.05968,25,8.62],"angle":-45,"axis":"x"},"from":[11.07042,24.67319,8.55499],"faces":{"down":{"rotation":180,"uv":[2.75,9.25,3.25,9.5],"texture":"#1_2"},"east":{"uv":[11,7.5,11.5,8],"texture":"#1_2"},"up":{"rotation":180,"uv":[7.5,4.75,8,5],"texture":"#1_2"}}},{"to":[11.28052,25.06501,8.94681],"rotation":{"origin":[8.05968,25,8.62],"angle":22.5,"axis":"x"},"from":[11.07042,24.93499,8.29319],"faces":{"east":{"rotation":90,"uv":[11,7.5,11.5,8],"texture":"#1_2"},"north":{"rotation":180,"uv":[6.75,11.5,7.25,11.75],"texture":"#1_2"},"south":{"rotation":180,"uv":[1.25,9.75,1.75,10],"texture":"#1_2"}}},{"to":[11.28052,25.32681,8.68501],"rotation":{"origin":[8.05968,25,8.62],"angle":45,"axis":"x"},"from":[11.07042,24.67319,8.55499],"faces":{"down":{"rotation":180,"uv":[2.75,9.25,3.25,9.75],"texture":"#1_2"},"east":{"uv":[11,7.5,11.5,8],"texture":"#1_2"},"up":{"uv":[9,4.75,9.5,5],"texture":"#1_2"}}},{"to":[11.28052,25.06501,8.94681],"rotation":{"origin":[8.05968,25,8.62],"angle":-22.5,"axis":"x"},"from":[11.07042,24.93499,8.29319],"faces":{"east":{"rotation":270,"uv":[11,7.5,11.5,8],"texture":"#1_2"},"north":{"rotation":180,"uv":[2.5,10,3,10.5],"texture":"#1_2"},"south":{"rotation":180,"uv":[6.25,11.5,6.75,11.75],"texture":"#1_2"}}},{"to":[11.28052,25.06501,8.94681],"rotation":{"origin":[8.05968,25,8.62],"angle":0,"axis":"y"},"from":[11.07042,24.93499,8.29319],"faces":{"east":{"uv":[11,7.5,11.5,8],"texture":"#1_2"},"north":{"rotation":180,"uv":[4.75,11,5.25,11.25],"texture":"#1_2"},"south":{"rotation":180,"uv":[5.5,11,6,11.25],"texture":"#1_2"}}},{"to":[11.39723,25.30347,8.68037],"rotation":{"origin":[8.05968,25,8.62],"angle":0,"axis":"y"},"from":[11.28052,24.69654,8.55963],"faces":{"down":{"rotation":180,"uv":[7.75,8,8.25,8.25],"texture":"#1_2"},"east":{"uv":[11,7.5,11.5,8],"texture":"#1_2"},"up":{"uv":[3.25,4,3.75,4.25],"texture":"#1_2"}}},{"to":[11.39723,25.30347,8.68037],"rotation":{"origin":[8.05968,25,8.62],"angle":22.5,"axis":"x"},"from":[11.28052,24.69654,8.55963],"faces":{"down":{"uv":[4.25,8,4.75,8.25],"texture":"#1_2"},"east":{"uv":[11,7.5,11.5,8],"texture":"#1_2"},"up":{"uv":[11.25,3.25,11.75,3.5],"texture":"#1_2"}}},{"to":[11.39723,25.30347,8.68037],"rotation":{"origin":[8.05968,25,8.62],"angle":-22.5,"axis":"x"},"from":[11.28052,24.69654,8.55963],"faces":{"down":{"rotation":180,"uv":[4.25,8,4.75,8.25],"texture":"#1_2"},"east":{"uv":[11,7.5,11.5,8],"texture":"#1_2"},"up":{"uv":[11,3,11.5,3.25],"texture":"#1_2"}}},{"to":[11.39723,25.30347,8.68037],"rotation":{"origin":[8.05968,25,8.62],"angle":45,"axis":"x"},"from":[11.28052,24.69654,8.55964],"faces":{"down":{"rotation":180,"uv":[2.75,9.25,3.25,9.75],"texture":"#1_2"},"east":{"uv":[11,7.5,11.5,8],"texture":"#1_2"},"up":{"uv":[6.5,4.75,7,5],"texture":"#1_2"}}},{"to":[11.39723,25.30347,8.68036],"rotation":{"origin":[8.05968,25,8.62],"angle":-45,"axis":"x"},"from":[11.28052,24.69654,8.55963],"faces":{"down":{"rotation":180,"uv":[2.75,9.25,3.25,9.5],"texture":"#1_2"},"east":{"uv":[11,7.5,11.5,8],"texture":"#1_2"},"up":{"rotation":180,"uv":[8,4.75,8.5,5],"texture":"#1_2"}}},{"to":[11.39723,25.06037,8.92347],"rotation":{"origin":[8.05968,25,8.62],"angle":-22.5,"axis":"x"},"from":[11.28052,24.93963,8.31654],"faces":{"east":{"rotation":270,"uv":[11,7.5,11.5,8],"texture":"#1_2"},"north":{"rotation":180,"uv":[2.5,10,3,10.5],"texture":"#1_2"},"south":{"rotation":180,"uv":[7.5,11.5,8,11.75],"texture":"#1_2"}}},{"to":[11.39723,25.06037,8.92347],"rotation":{"origin":[8.05968,25,8.62],"angle":22.5,"axis":"x"},"from":[11.28052,24.93963,8.31654],"faces":{"east":{"rotation":90,"uv":[11,7.5,11.5,8],"texture":"#1_2"},"north":{"rotation":180,"uv":[7,11.5,7.5,11.75],"texture":"#1_2"},"south":{"rotation":180,"uv":[1.25,9.75,1.75,10],"texture":"#1_2"}}},{"to":[11.39723,25.06037,8.92347],"rotation":{"origin":[8.05968,25,8.62],"angle":0,"axis":"y"},"from":[11.28052,24.93963,8.31654],"faces":{"east":{"uv":[11,7.5,11.5,8],"texture":"#1_2"},"north":{"rotation":180,"uv":[6.25,11,6.75,11.25],"texture":"#1_2"},"south":{"rotation":180,"uv":[5.5,11,6,11.25],"texture":"#1_2"}}},{"to":[11.5262,26.53603,8.71337],"rotation":{"origin":[8.05968,25,8.62],"angle":-22.5,"axis":"z"},"from":[11.03598,26.34928,8.52662],"faces":{"east":{"uv":[7.5,2,8,2.5],"texture":"#1_2"},"north":{"uv":[6,4.5,6.5,5],"texture":"#1_2"},"up":{"uv":[4,4,4.5,4.5],"texture":"#1_2"},"south":{"uv":[5.75,4.5,6.25,5],"texture":"#1_2"}}},{"to":[11.5262,23.65073,8.71337],"rotation":{"origin":[8.05968,25,8.62],"angle":22.5,"axis":"z"},"from":[11.03598,23.46398,8.52662],"faces":{"down":{"rotation":180,"uv":[15,8,15.5,8.5],"texture":"#1_2"},"east":{"uv":[7.5,2,8,2.5],"texture":"#1_2"},"north":{"rotation":180,"uv":[5,8,5.5,8.5],"texture":"#1_2"},"south":{"rotation":180,"uv":[5,8,5.5,8.5],"texture":"#1_2"}}},{"to":[11.5262,25.09338,10.15603],"rotation":{"origin":[8.05968,25,8.62],"angle":22.5,"axis":"y"},"from":[11.03598,24.90663,9.94594],"faces":{"down":{"rotation":180,"uv":[9,10.25,9.5,10.75],"texture":"#1_2"},"east":{"uv":[7.5,2,8,2.5],"texture":"#1_2"},"up":{"uv":[6.5,4.75,7,5.25],"texture":"#1_2"},"south":{"rotation":180,"uv":[4.75,11.25,5.25,11.75],"texture":"#1_2"}}},{"to":[11.5262,25.09338,7.29406],"rotation":{"origin":[8.05968,25,8.62],"angle":-22.5,"axis":"y"},"from":[11.03598,24.90663,7.08397],"faces":{"down":{"rotation":180,"uv":[9,10.25,9.5,10.75],"texture":"#1_2"},"east":{"uv":[7.5,2,8,2.5],"texture":"#1_2"},"north":{"rotation":180,"uv":[4.75,11.25,5.25,11.75],"texture":"#1_2"},"up":{"rotation":180,"uv":[6.5,4.75,7,5.25],"texture":"#1_2"}}},{"to":[5.37975,25.64196,8.7477],"rotation":{"origin":[9.77565,24.22188,8.62],"angle":0,"axis":"y"},"from":[5.25131,24.35805,8.4923],"faces":{"down":{"rotation":180,"uv":[6.25,8,6.75,8.25],"texture":"#1"},"west":{"uv":[8.25,4,8.75,6],"texture":"#1"},"east":{"uv":[12.5,7.5,13,8],"texture":"#1"},"up":{"rotation":180,"uv":[3.5,3.75,4,4.25],"texture":"#1"}}},{"to":[5.3798,25.58272,8.44992],"rotation":{"origin":[9.77565,24.22188,8.62],"angle":22.5,"axis":"x"},"from":[5.25135,24.29882,8.19452],"faces":{"down":{"rotation":180,"uv":[6.25,8,6.75,8.25],"texture":"#1"},"west":{"uv":[7.25,4,7.75,6],"texture":"#1"},"east":{"uv":[12.5,7.5,13,8],"texture":"#1"},"up":{"uv":[3.5,4.25,4,4.75],"texture":"#1"}}},{"to":[5.3798,25.58272,9.04547],"rotation":{"origin":[9.77565,24.22188,8.62],"angle":-22.5,"axis":"x"},"from":[5.25135,24.29882,8.79008],"faces":{"down":{"rotation":180,"uv":[6.25,8,6.75,8.25],"texture":"#1"},"west":{"uv":[7.25,4,7.75,6],"texture":"#1"},"east":{"uv":[12.5,7.5,13,8],"texture":"#1"},"up":{"rotation":180,"uv":[3.5,4.25,4,4.75],"texture":"#1"}}},{"to":[5.37975,25.41405,8.19749],"rotation":{"origin":[9.77565,24.22188,8.62],"angle":45,"axis":"x"},"from":[5.25131,24.13014,7.94208],"faces":{"down":{"rotation":180,"uv":[6.25,8,6.75,8.25],"texture":"#1"},"west":{"uv":[10.75,4.5,11.25,6.5],"texture":"#1"},"east":{"uv":[12.5,7.5,13,8],"texture":"#1"},"up":{"uv":[3.75,4.75,4.25,5.25],"texture":"#1"}}},{"to":[5.37975,25.41405,9.29792],"rotation":{"origin":[9.77565,24.22188,8.62],"angle":-45,"axis":"x"},"from":[5.25131,24.13014,9.04251],"faces":{"down":{"rotation":180,"uv":[6.25,8,6.75,8.25],"texture":"#1"},"west":{"uv":[6.75,4.5,7.25,6.5],"texture":"#1"},"east":{"uv":[12.5,7.5,13,8],"texture":"#1"},"up":{"rotation":180,"uv":[7.75,4.75,8.25,5.25],"texture":"#1"}}},{"to":[5.3798,25.06847,9.55973],"rotation":{"origin":[9.77565,24.22188,8.62],"angle":-22.5,"axis":"x"},"from":[5.25135,24.81308,8.27582],"faces":{"west":{"rotation":90,"uv":[0.5,4.75,1,6.75],"texture":"#1"},"east":{"rotation":270,"uv":[12.5,7.5,13,8],"texture":"#1"},"north":{"rotation":180,"uv":[6.75,8,7.25,8.5],"texture":"#1"},"south":{"uv":[5.25,5.5,5.75,6],"texture":"#1"}}},{"to":[5.3798,25.06847,8.96418],"rotation":{"origin":[9.77565,24.22188,8.62],"angle":22.5,"axis":"x"},"from":[5.25135,24.81308,7.68027],"faces":{"west":{"rotation":270,"uv":[0.75,4.75,1.25,6.75],"texture":"#1"},"east":{"rotation":90,"uv":[12.5,7.5,13,8],"texture":"#1"},"north":{"uv":[6.75,5.5,7.25,6],"texture":"#1"},"south":{"rotation":180,"uv":[6,8,6.5,8.5],"texture":"#1"}}},{"to":[5.37975,25.1277,9.26195],"rotation":{"origin":[9.77565,24.22188,8.62],"angle":0,"axis":"y"},"from":[5.25131,24.8723,7.97805],"faces":{"west":{"rotation":90,"uv":[7.25,9.5,7.75,11.5],"texture":"#1"},"east":{"uv":[12.5,7.5,13,8],"texture":"#1"},"north":{"rotation":180,"uv":[4.25,8.25,4.75,8.75],"texture":"#1"},"south":{"rotation":180,"uv":[6.25,8.25,6.75,8.75],"texture":"#1"}}},{"to":[5.66017,25.51356,8.72215],"rotation":{"origin":[9.77565,24.22188,8.62],"angle":0,"axis":"y"},"from":[5.3797,24.48644,8.51785],"faces":{"down":{"uv":[5.75,8,6.25,8.25],"texture":"#1"},"up":{"rotation":180,"uv":[10,2.75,10.5,3.25],"texture":"#1"}}},{"to":[5.66017,25.45434,8.42438],"rotation":{"origin":[9.77565,24.22188,8.62],"angle":22.5,"axis":"x"},"from":[5.3797,24.42721,8.22008],"faces":{"down":{"uv":[5.75,8,6.25,8.25],"texture":"#1"},"up":{"rotation":180,"uv":[11,2.5,11.5,3],"texture":"#1"}}},{"to":[5.66017,25.45434,9.01992],"rotation":{"origin":[9.77565,24.22188,8.62],"angle":-22.5,"axis":"x"},"from":[5.3797,24.42721,8.81562],"faces":{"down":{"uv":[5.75,8,6.25,8.25],"texture":"#1"},"up":{"rotation":180,"uv":[8.5,4,9,4.5],"texture":"#1"}}},{"to":[5.66017,25.28565,8.17194],"rotation":{"origin":[9.77565,24.22188,8.62],"angle":45,"axis":"x"},"from":[5.3797,24.25853,7.96764],"faces":{"down":{"uv":[5.75,8,6.25,8.25],"texture":"#1"},"up":{"uv":[3.25,4.25,3.75,4.75],"texture":"#1"}}},{"to":[5.66017,25.04292,9.43133],"rotation":{"origin":[9.77565,24.22188,8.62],"angle":-22.5,"axis":"x"},"from":[5.3797,24.83862,8.40421],"faces":{"north":{"rotation":180,"uv":[3,8,3.5,8.5],"texture":"#1"},"south":{"uv":[3.25,4.75,3.75,5.25],"texture":"#1"}}},{"to":[5.66017,25.28565,9.27236],"rotation":{"origin":[9.77565,24.22188,8.62],"angle":-45,"axis":"x"},"from":[5.3797,24.25853,9.06806],"faces":{"down":{"uv":[5.75,8,6.25,8.25],"texture":"#1"},"up":{"rotation":180,"uv":[3.25,4.25,3.75,4.75],"texture":"#1"}}},{"to":[5.66017,25.04292,8.83579],"rotation":{"origin":[9.77565,24.22188,8.62],"angle":22.5,"axis":"x"},"from":[5.3797,24.83862,7.80867],"faces":{"north":{"uv":[3.25,4.75,3.75,5.25],"texture":"#1"},"south":{"rotation":180,"uv":[3,8,3.5,8.5],"texture":"#1"}}},{"to":[5.66017,25.10215,9.13356],"rotation":{"origin":[9.77565,24.22188,8.62],"angle":0,"axis":"y"},"from":[5.3797,24.89785,8.10644],"faces":{"north":{"uv":[3.25,5.25,3.75,5.75],"texture":"#1"},"south":{"uv":[3.25,5.25,3.75,5.75],"texture":"#1"}}},{"to":[11.75,24.502,7.75],"rotation":{"origin":[4.85,16.3,8.25],"angle":0,"axis":"z"},"from":[10.35,23.3,7.05],"faces":{"up":{"uv":[8,5.25,9.25,4],"texture":"#1_2"}}},{"to":[11.75,24.502,8.95],"rotation":{"origin":[4.85,16.3,9.65],"angle":0,"axis":"z"},"from":[10.35,23.3,8.25],"faces":{"up":{"rotation":180,"uv":[8,5.25,9.25,4],"texture":"#1_2"}}},{"to":[8.95,24.502,8],"rotation":{"origin":[3.45,16.3,8.3],"angle":0,"axis":"z"},"from":[5.25,23.3,6.8],"faces":{"up":{"uv":[1.5,5.25,5.5,4],"texture":"#1"}}},{"to":[10.35,24.502,7.85],"rotation":{"origin":[6.45,16.3,8.15],"angle":0,"axis":"z"},"from":[8.95,23.3,6.95],"faces":{"up":{"uv":[1.5,5.25,5.5,4],"texture":"#1"}}},{"to":[11.95,24.501,9.4],"rotation":{"origin":[6.95,16.3,9.9],"angle":0,"axis":"z"},"from":[5.15,23.3,6.6],"faces":{"up":{"uv":[6.75,10,7.25,9.5],"texture":"#2"}}},{"to":[8.95,24.502,9.2],"rotation":{"origin":[3.45,16.3,9.8],"angle":0,"axis":"z"},"from":[5.25,23.3,8],"faces":{"up":{"rotation":180,"uv":[1.5,5.25,5.5,4],"texture":"#1"}}},{"to":[10.35,24.502,9.05],"rotation":{"origin":[6.45,16.3,9.65],"angle":0,"axis":"z"},"from":[8.95,23.3,8.15],"faces":{"up":{"rotation":180,"uv":[1.5,5.25,5.5,4],"texture":"#1"}}}],"display":{"thirdperson_righthand":{"rotation":[25,111,-23],"scale":[0.2,0.2,0.2],"translation":[-0.5,-2,0]},"head":{"scale":[0.5,0.5,0.5]},"thirdperson_lefthand":{"rotation":[69,-71,65],"scale":[0.2,0.2,0.2],"translation":[-0.25,-2.5,0]},"gui":{"rotation":[0,180,26],"scale":[0.55,0.55,0.55],"translation":[0.5,-0.75,0]},"firstperson_lefthand":{"rotation":[-40,-110,-27],"scale":[0.4,0.4,0.4],"translation":[4.25,-3,0]},"firstperson_righthand":{"rotation":[-87,65,68],"scale":[0.4,0.4,0.4],"translation":[5.5,-3,0]},"fixed":{"rotation":[0,180,0],"scale":[0.4,0.4,0.4],"translation":[0,-0.5,-2]},"ground":{"translation":[0,3.5,0],"scale":[0.2,0.2,0.2]}}}