{"textures":{"particle":"mgs:gun/tan_polymer","1":"mgs:gun/brass","0":"mgs:gun/metal_bright","2":"mgs:gun/copper","1_3":"mgs:gun/tan_polymer","1_1":"mgs:gun/metal_dark"},"gui_light":"front","elements":[{"to":[7.11517,12.35781,9.59389],"rotation":{"origin":[9.63359,14.39322,8],"angle":0,"axis":"y"},"from":[5.31517,2.45781,6.55389],"faces":{"down":{"rotation":180,"uv":[3.25,9,3.75,10],"texture":"#1_3"},"west":{"rotation":90,"uv":[10.25,11,14.25,12],"texture":"#1_3"},"east":{"rotation":90,"uv":[10.5,11.75,14.5,12],"texture":"#1_3"},"north":{"rotation":90,"uv":[10.25,11.75,14.25,12.25],"texture":"#1_3"},"south":{"rotation":270,"uv":[10.25,11.75,14.25,12.25],"texture":"#1_3"}}},{"to":[11.91517,12.35781,9.59389],"rotation":{"origin":[9.63359,14.39322,8],"angle":0,"axis":"y"},"from":[7.51517,2.45781,6.55389],"faces":{"down":{"rotation":270,"uv":[9.5,10.25,9.75,10.5],"texture":"#1_3"},"west":{"rotation":90,"uv":[10.5,11.75,14.5,12],"texture":"#1_3"},"east":{"rotation":90,"uv":[10.5,11.75,14.5,12],"texture":"#1_3"},"north":{"rotation":90,"uv":[9.25,14.75,13.25,16],"texture":"#1_3"},"south":{"rotation":270,"uv":[9.25,14.75,13.25,16],"texture":"#1_3"}}},{"to":[12.31517,12.35781,9.41389],"rotation":{"origin":[9.63359,14.39322,8],"angle":0,"axis":"y"},"from":[7.11517,2.45781,6.73389],"faces":{"down":{"rotation":270,"uv":[9.5,10.25,9.75,10.5],"texture":"#1_3"},"north":{"rotation":90,"uv":[10.5,11.75,14.5,12],"texture":"#1_3"},"south":{"rotation":90,"uv":[10.5,11.75,14.5,12],"texture":"#1_3"}}},{"to":[14.11517,12.35781,9.59389],"rotation":{"origin":[9.63359,14.39322,8],"angle":0,"axis":"y"},"from":[12.31517,2.45781,6.55389],"faces":{"down":{"rotation":180,"uv":[4.75,9,5.25,10],"texture":"#1_3"},"west":{"rotation":90,"uv":[10.5,11.75,14.5,12],"texture":"#1_3"},"east":{"rotation":90,"uv":[10.25,11.75,14.25,12.75],"texture":"#1_3"},"north":{"rotation":270,"uv":[10.5,4.25,14.5,4.75],"texture":"#1_3"},"south":{"rotation":90,"uv":[10.5,4.25,14.5,4.75],"texture":"#1_3"}}},{"to":[5.51517,18.25781,9.59389],"rotation":{"origin":[9.63359,14.39322,8],"angle":0,"axis":"y"},"from":[5.31517,12.35781,6.55389],"faces":{"west":{"rotation":90,"uv":[10.25,11,12.5,12],"texture":"#1_1"},"east":{"rotation":180,"uv":[9.5,10,9.75,12.25],"texture":"#1_1"},"up":{"rotation":180,"uv":[8,6.75,8.25,7.75],"texture":"#1_1"}}},{"to":[14.11517,17.95367,10.95148],"rotation":{"origin":[9.63359,14.39322,8],"angle":-22.5,"axis":"x"},"from":[5.31517,17.35367,10.70876],"faces":{"down":{"uv":[7.75,8.25,10.25,8],"texture":"#1_1"},"west":{"rotation":90,"uv":[10,11.75,10.25,11.5],"texture":"#1_1"},"east":{"rotation":90,"uv":[8.5,12.25,8.75,12],"texture":"#1_1"},"north":{"uv":[7.25,11,4.75,11.5],"texture":"#1_1"},"south":{"uv":[2.5,4.75,0,5],"texture":"#1_1"}}},{"to":[14.11517,17.15317,12.08934],"rotation":{"origin":[9.63359,14.39322,8],"angle":-45,"axis":"x"},"from":[5.31517,16.55317,11.84662],"faces":{"west":{"rotation":90,"uv":[10,11.75,10.25,11.5],"texture":"#1_1"},"east":{"rotation":90,"uv":[8.5,12.25,8.75,12],"texture":"#1_1"},"north":{"uv":[7.25,11,4.75,11.5],"texture":"#1_1"},"up":{"uv":[12.75,4.75,15.25,4.5],"texture":"#1_1"},"south":{"uv":[2.5,4.5,0,4.75],"texture":"#1_1"}}},{"to":[14.11517,17.25767,4.25789],"rotation":{"origin":[9.63359,14.39322,8],"angle":45,"axis":"x"},"from":[5.31517,16.65767,4.01517],"faces":{"west":{"rotation":90,"uv":[10,11.5,10.25,11.75],"texture":"#1_1"},"east":{"rotation":90,"uv":[8.5,11.75,8.75,12],"texture":"#1_1"},"north":{"uv":[0,4.5,2.5,4.75],"texture":"#1_1"},"up":{"uv":[12.75,4.5,15.25,4.75],"texture":"#1_1"},"south":{"uv":[4.75,11,7.25,11.5],"texture":"#1_1"}}},{"to":[14.11517,18.01023,5.42778],"rotation":{"origin":[9.63359,14.39322,8],"angle":22.5,"axis":"x"},"from":[5.31517,17.41023,5.18506],"faces":{"down":{"uv":[7.75,8,10.25,8.25],"texture":"#1_1"},"west":{"rotation":90,"uv":[10,11.5,10.25,11.75],"texture":"#1_1"},"east":{"rotation":90,"uv":[8.5,11.75,8.75,12],"texture":"#1_1"},"north":{"uv":[0,4.75,2.5,5],"texture":"#1_1"},"south":{"uv":[4.75,11,7.25,11.5],"texture":"#1_1"}}},{"to":[8.81517,16.25781,6.78989],"rotation":{"origin":[9.63359,14.39322,8],"angle":0,"axis":"y"},"from":[7.51517,15.55781,6.54989],"faces":{"north":{"rotation":270,"uv":[15.75,16,16,15.75],"texture":"#1_1"}}},{"to":[14.11517,18.25781,9.59389],"rotation":{"origin":[9.63359,14.39322,8],"angle":0,"axis":"y"},"from":[13.91517,12.35781,6.55389],"faces":{"west":{"rotation":180,"uv":[9.5,10,9.75,12.25],"texture":"#1_1"},"east":{"rotation":90,"uv":[10.25,11.75,12.5,12.75],"texture":"#1_1"},"up":{"rotation":180,"uv":[8,6.75,8.25,7.75],"texture":"#1_1"}}},{"to":[11.91517,18.25781,6.79389],"rotation":{"origin":[9.63359,14.39322,8],"angle":0,"axis":"y"},"from":[7.51517,12.35781,6.55389],"faces":{"west":{"rotation":90,"uv":[10.5,11.75,12.75,12],"texture":"#1_1"},"east":{"rotation":90,"uv":[10.5,11.75,12.75,12],"texture":"#1_1"},"north":{"rotation":90,"uv":[9.25,14.75,11.5,16],"texture":"#1_1"}}},{"to":[14.01517,18.25781,6.79389],"rotation":{"origin":[9.63359,14.39322,8],"angle":0,"axis":"y"},"from":[5.41517,12.35781,6.73389],"faces":{"north":{"rotation":90,"uv":[6.25,9.25,8.5,9.5],"texture":"#1_1"},"south":{"rotation":180,"uv":[9.5,9.5,9.75,11.75],"texture":"#1_1"}}},{"to":[14.11517,18.25781,6.79389],"rotation":{"origin":[9.63359,14.39322,8],"angle":0,"axis":"y"},"from":[12.31517,12.35781,6.55389],"faces":{"west":{"rotation":90,"uv":[10.5,11.75,12.75,12],"texture":"#1_1"},"north":{"rotation":270,"uv":[2.75,4.5,5,5],"texture":"#1_1"}}},{"to":[7.11517,18.25781,6.79389],"rotation":{"origin":[9.63359,14.39322,8],"angle":0,"axis":"y"},"from":[5.31517,12.35781,6.55389],"faces":{"east":{"rotation":90,"uv":[10.5,11.75,12.75,12],"texture":"#1_1"},"north":{"rotation":90,"uv":[10.25,11.75,12.5,12.25],"texture":"#1_1"}}},{"to":[7.11517,18.25781,9.59389],"rotation":{"origin":[9.63359,14.39322,8],"angle":0,"axis":"y"},"from":[5.31517,12.35781,9.35389],"faces":{"east":{"rotation":90,"uv":[10.5,11.75,12.75,12],"texture":"#1_1"},"south":{"rotation":270,"uv":[10.25,11.75,12.5,12.25],"texture":"#1_1"}}},{"to":[14.01517,18.25781,9.41389],"rotation":{"origin":[9.63359,14.39322,8],"angle":0,"axis":"y"},"from":[5.41517,12.35781,9.35389],"faces":{"north":{"rotation":180,"uv":[9.5,9.5,9.75,11.75],"texture":"#1_1"},"south":{"rotation":90,"uv":[7,9.5,9.25,9.75],"texture":"#1_1"}}},{"to":[11.91517,18.25781,9.59389],"rotation":{"origin":[9.63359,14.39322,8],"angle":0,"axis":"y"},"from":[7.51517,12.35781,9.35389],"faces":{"west":{"rotation":90,"uv":[10.5,11.75,12.75,12],"texture":"#1_1"},"east":{"rotation":90,"uv":[10.5,11.75,12.75,12],"texture":"#1_1"},"south":{"rotation":270,"uv":[9.25,14.75,11.5,16],"texture":"#1_1"}}},{"to":[14.11517,18.25781,9.59389],"rotation":{"origin":[9.63359,14.39322,8],"angle":0,"axis":"y"},"from":[12.31517,12.35781,9.35389],"faces":{"west":{"rotation":90,"uv":[10.5,11.75,12.75,12],"texture":"#1_1"},"south":{"rotation":90,"uv":[2.75,4.5,5,5],"texture":"#1_1"}}},{"to":[5.975,18.59946,8.2],"rotation":{"origin":[10.05481,18.5,7.7],"angle":0,"axis":"y"},"from":[5.77495,18.40055,7.2],"faces":{"north":{"uv":[3.25,5.25,3.75,5.75],"texture":"#1"},"south":{"uv":[3.25,5.25,3.75,5.75],"texture":"#1"}}},{"to":[10.5625,19.025,7.91746],"rotation":{"origin":[10.05481,18.5,7.7],"angle":0,"axis":"y"},"from":[10.325,17.975,7.48254],"faces":{"down":{"uv":[6.25,7.75,6.75,8.5],"texture":"#1"},"east":{"uv":[9.5,7.25,10.25,8.25],"texture":"#1"},"up":{"rotation":180,"uv":[1.25,3.75,1.75,4.5],"texture":"#1"}}},{"to":[5.65005,18.56216,8.0125],"rotation":{"origin":[10.05481,18.5,7.7],"angle":0,"axis":"y"},"from":[5.60005,18.43784,7.3875],"faces":{"west":{"uv":[6.25,4.5,6.75,5],"texture":"#0"},"north":{"uv":[6.25,4.5,6.5,5],"texture":"#0"},"south":{"uv":[6.25,4.5,6.5,5],"texture":"#0"}}},{"to":[5.65,18.56216,8.0125],"rotation":{"origin":[10.05481,18.5,7.7],"angle":22.5,"axis":"x"},"from":[5.6,18.43784,7.3875],"faces":{"west":{"rotation":270,"uv":[9.25,4.5,9.75,5.25],"texture":"#0"},"north":{"uv":[7.25,4.25,7.5,4.75],"texture":"#0"},"south":{"uv":[6.25,5,6.5,5.5],"texture":"#0"}}},{"to":[5.65,18.56216,8.0125],"rotation":{"origin":[10.05481,18.5,7.7],"angle":-22.5,"axis":"x"},"from":[5.6,18.43784,7.3875],"faces":{"west":{"rotation":90,"uv":[9,4.5,9.5,5.25],"texture":"#0"},"north":{"uv":[6.25,5,6.5,5.5],"texture":"#0"},"south":{"uv":[7.25,4.25,7.5,4.75],"texture":"#0"}}},{"to":[5.65005,18.56216,8.0125],"rotation":{"origin":[10.05481,18.5,7.7],"angle":45,"axis":"x"},"from":[5.60005,18.43784,7.3875],"faces":{"west":{"rotation":270,"uv":[6.25,4.5,6.75,5.25],"texture":"#0"},"north":{"uv":[8.25,4.5,8.5,5],"texture":"#0"},"south":{"uv":[6,5.5,6.25,6],"texture":"#0"}}},{"to":[5.65005,18.56216,8.0125],"rotation":{"origin":[10.05481,18.5,7.7],"angle":-45,"axis":"x"},"from":[5.60005,18.43784,7.3875],"faces":{"west":{"rotation":90,"uv":[6.25,4.5,6.75,5.25],"texture":"#0"},"north":{"uv":[6,5.5,6.25,6],"texture":"#0"},"south":{"uv":[3.75,4,4,4.5],"texture":"#0"}}},{"to":[5.65,18.8125,7.76216],"rotation":{"origin":[10.05481,18.5,7.7],"angle":-22.5,"axis":"x"},"from":[5.6,18.1875,7.63784],"faces":{"down":{"rotation":180,"uv":[9,8,9.25,8.5],"texture":"#0"},"west":{"uv":[5.25,4.5,5.75,5.25],"texture":"#0"},"up":{"rotation":180,"uv":[7.25,4.25,7.5,4.75],"texture":"#0"}}},{"to":[5.65,18.8125,7.76216],"rotation":{"origin":[10.05481,18.5,7.7],"angle":22.5,"axis":"x"},"from":[5.6,18.1875,7.63784],"faces":{"down":{"uv":[9,8,9.25,8.5],"texture":"#0"},"west":{"uv":[5.25,4.5,5.75,5.25],"texture":"#0"},"up":{"uv":[3.25,4,3.5,4.5],"texture":"#0"}}},{"to":[5.65005,18.8125,7.76216],"rotation":{"origin":[10.05481,18.5,7.7],"angle":0,"axis":"y"},"from":[5.60005,18.1875,7.63784],"faces":{"down":{"uv":[9.5,8,9.75,8.25],"texture":"#0"},"west":{"uv":[6.25,4.5,6.75,5.25],"texture":"#0"},"up":{"uv":[3.25,4,3.5,4.5],"texture":"#0"}}},{"to":[10.325,19.125,7.82432],"rotation":{"origin":[10.05481,18.5,7.7],"angle":22.5,"axis":"x"},"from":[5.975,17.875,7.57568],"faces":{"down":{"rotation":180,"uv":[3,9,7,9.5],"texture":"#1"},"west":{"uv":[12.5,7.5,13,8],"texture":"#1"},"east":{"uv":[9.5,7.25,10.25,8.25],"texture":"#1"},"up":{"uv":[2,3.75,6,4.25],"texture":"#1"}}},{"to":[10.325,19.125,7.82432],"rotation":{"origin":[10.05481,18.5,7.7],"angle":-22.5,"axis":"x"},"from":[5.975,17.875,7.57568],"faces":{"down":{"rotation":180,"uv":[3.5,8,7.5,8.5],"texture":"#1"},"west":{"uv":[12.5,7.5,13,8],"texture":"#1"},"east":{"uv":[9.5,7.25,10.25,8.25],"texture":"#1"},"up":{"uv":[0,3.25,4,3.75],"texture":"#1"}}},{"to":[10.325,19.125,7.82432],"rotation":{"origin":[10.05481,18.5,7.7],"angle":45,"axis":"x"},"from":[5.975,17.875,7.57568],"faces":{"down":{"rotation":180,"uv":[5.75,5.5,9.75,6],"texture":"#1"},"west":{"uv":[12.5,7.5,13,8],"texture":"#1"},"east":{"uv":[9.5,7.25,10.25,8.25],"texture":"#1"},"up":{"uv":[5.25,4.25,9.25,4.75],"texture":"#1"}}},{"to":[10.325,19.125,7.82432],"rotation":{"origin":[10.05481,18.5,7.7],"angle":-45,"axis":"x"},"from":[5.975,17.875,7.57568],"faces":{"down":{"uv":[4.5,5.5,8.5,6],"texture":"#1"},"west":{"uv":[12.5,7.5,13,8],"texture":"#1"},"east":{"uv":[9.5,7.25,10.25,8.25],"texture":"#1"},"up":{"rotation":180,"uv":[1.25,4.25,5.25,4.75],"texture":"#1"}}},{"to":[10.325,18.62432,8.325],"rotation":{"origin":[10.05481,18.5,7.7],"angle":-22.5,"axis":"x"},"from":[5.975,18.37568,7.075],"faces":{"west":{"rotation":90,"uv":[12.5,7.5,13,8],"texture":"#1"},"east":{"uv":[9.5,7.25,10.25,7.75],"texture":"#1"},"north":{"uv":[6.25,5,10.25,5.5],"texture":"#1"},"south":{"uv":[5.25,4.75,9.25,5.25],"texture":"#1"}}},{"to":[10.325,18.62432,8.325],"rotation":{"origin":[10.05481,18.5,7.7],"angle":22.5,"axis":"x"},"from":[5.975,18.37568,7.075],"faces":{"west":{"rotation":270,"uv":[12.5,7.5,13,8],"texture":"#1"},"east":{"uv":[9.5,7.25,10.25,7.75],"texture":"#1"},"north":{"uv":[5.25,4.75,9.25,5.25],"texture":"#1"},"south":{"uv":[6.25,5,10.25,5.5],"texture":"#1"}}},{"to":[10.325,18.62432,8.325],"rotation":{"origin":[10.05481,18.5,7.7],"angle":0,"axis":"y"},"from":[5.975,18.37568,7.075],"faces":{"west":{"uv":[12.5,7.5,13,8],"texture":"#1"},"north":{"uv":[3,12.25,7,12.75],"texture":"#1"},"south":{"uv":[0,12,4,12.5],"texture":"#1"}}},{"to":[10.69025,19.18082,7.82432],"rotation":{"origin":[10.05481,18.5,7.7],"angle":-22.5,"axis":"z"},"from":[10.06525,18.68082,7.57568],"faces":{"north":{"rotation":180,"uv":[10.5,2.75,11,3.25],"texture":"#1"},"up":{"uv":[2,3.25,2.75,3.75],"texture":"#1"},"south":{"rotation":180,"uv":[10.5,2.75,11,3.25],"texture":"#1"}}},{"to":[10.69026,18.31918,7.82432],"rotation":{"origin":[10.05481,18.5,7.7],"angle":22.5,"axis":"z"},"from":[10.06526,17.81918,7.57568],"faces":{"down":{"rotation":180,"uv":[5.5,7.75,6.25,8.25],"texture":"#1"},"north":{"rotation":180,"uv":[7.5,8,7.75,8.25],"texture":"#1"},"south":{"rotation":180,"uv":[7.5,8,7.75,8.25],"texture":"#1"}}},{"to":[10.69025,18.62432,8.38082],"rotation":{"origin":[10.05481,18.5,7.7],"angle":22.5,"axis":"y"},"from":[10.06525,18.37568,7.88082],"faces":{"down":{"rotation":180,"uv":[4.5,12,5,12.5],"texture":"#1"},"up":{"rotation":180,"uv":[4.5,12,5,12.5],"texture":"#1"},"south":{"uv":[0,12,0.75,12.5],"texture":"#1"}}},{"to":[10.69025,18.62432,7.51918],"rotation":{"origin":[10.05481,18.5,7.7],"angle":-22.5,"axis":"y"},"from":[10.06525,18.37568,7.01918],"faces":{"down":{"rotation":180,"uv":[4.5,12,5,12.5],"texture":"#1"},"north":{"uv":[0,12,0.75,12.5],"texture":"#1"},"up":{"rotation":180,"uv":[4.5,12,5,12.5],"texture":"#1"}}},{"to":[10.325,19.125,7.82433],"rotation":{"origin":[10.05481,18.5,7.7],"angle":0,"axis":"y"},"from":[5.975,17.875,7.57568],"faces":{"down":{"rotation":180,"uv":[5.5,7.75,9.5,8.25],"texture":"#1"},"west":{"uv":[12.5,7.5,13,8],"texture":"#1"},"up":{"uv":[2,3.25,6,3.75],"texture":"#1"}}},{"to":[10.5625,19.025,7.91746],"rotation":{"origin":[10.05481,18.5,7.7],"angle":-45,"axis":"x"},"from":[10.325,17.975,7.48254],"faces":{"down":{"rotation":180,"uv":[2,5.75,2.5,6.5],"texture":"#1"},"east":{"uv":[9.5,7.25,10.25,8.25],"texture":"#1"},"up":{"rotation":180,"uv":[1.25,4.25,1.75,5],"texture":"#1"}}},{"to":[10.5625,19.025,7.91746],"rotation":{"origin":[10.05481,18.5,7.7],"angle":45,"axis":"x"},"from":[10.325,17.975,7.48254],"faces":{"down":{"uv":[2,5.75,2.5,6.5],"texture":"#1"},"east":{"uv":[9.5,7.25,10.25,8.25],"texture":"#1"},"up":{"uv":[1.25,4.25,1.75,5],"texture":"#1"}}},{"to":[10.5625,18.71746,8.225],"rotation":{"origin":[10.05481,18.5,7.7],"angle":0,"axis":"y"},"from":[10.325,18.28254,7.175],"faces":{"east":{"uv":[9.5,7.25,10.25,8.25],"texture":"#1"},"north":{"uv":[3,4.75,3.5,5.5],"texture":"#1"},"south":{"uv":[3,4.75,3.5,5.5],"texture":"#1"}}},{"to":[11.4625,18.9375,7.78703],"rotation":{"origin":[10.05481,18.5,7.7],"angle":0,"axis":"y"},"from":[10.4625,18.0625,7.61298],"faces":{"down":{"rotation":180,"uv":[7.25,8,8.25,8.25],"texture":"#1"},"east":{"uv":[5.25,10.5,5.75,11],"texture":"#1"},"up":{"rotation":180,"uv":[3.5,4,4.5,4.25],"texture":"#1"}}},{"to":[11.4625,18.9375,7.78703],"rotation":{"origin":[10.05481,18.5,7.7],"angle":22.5,"axis":"x"},"from":[10.4625,18.0625,7.61298],"faces":{"down":{"rotation":180,"uv":[5.25,7.75,6.25,8],"texture":"#1"},"east":{"uv":[5.25,10.5,5.75,11],"texture":"#1"},"up":{"rotation":180,"uv":[5.25,4.25,6.25,4.5],"texture":"#1"}}},{"to":[11.4625,18.9375,7.78703],"rotation":{"origin":[10.05481,18.5,7.7],"angle":-22.5,"axis":"x"},"from":[10.4625,18.0625,7.61298],"faces":{"down":{"rotation":180,"uv":[2.5,8.25,3.5,8.5],"texture":"#1"},"east":{"uv":[5.25,10.5,5.75,11],"texture":"#1"},"up":{"rotation":180,"uv":[4.75,4.25,5.75,4.5],"texture":"#1"}}},{"to":[11.4625,18.9375,7.78703],"rotation":{"origin":[10.05481,18.5,7.7],"angle":45,"axis":"x"},"from":[10.4625,18.0625,7.61298],"faces":{"down":{"rotation":180,"uv":[4.75,5.5,5.75,5.75],"texture":"#1"},"east":{"uv":[5.25,10.5,5.75,11],"texture":"#1"},"up":{"rotation":180,"uv":[6.75,4.5,7.75,4.75],"texture":"#1"}}},{"to":[11.4625,18.9375,7.78703],"rotation":{"origin":[10.05481,18.5,7.7],"angle":-45,"axis":"x"},"from":[10.4625,18.0625,7.61298],"faces":{"down":{"rotation":180,"uv":[4.25,5.75,5.25,6],"texture":"#1"},"east":{"uv":[5.25,10.5,5.75,11],"texture":"#1"},"up":{"rotation":180,"uv":[1.25,4.25,2.25,4.5],"texture":"#1"}}},{"to":[11.4625,18.58703,8.1375],"rotation":{"origin":[10.05481,18.5,7.7],"angle":-22.5,"axis":"x"},"from":[10.4625,18.41298,7.2625],"faces":{"east":{"uv":[5.25,10.5,5.75,11],"texture":"#1"},"north":{"rotation":180,"uv":[3,5.25,4,5.5],"texture":"#1"},"south":{"rotation":180,"uv":[6.75,4.75,7.75,5],"texture":"#1"}}},{"to":[11.4625,18.58703,8.1375],"rotation":{"origin":[10.05481,18.5,7.7],"angle":22.5,"axis":"x"},"from":[10.4625,18.41298,7.2625],"faces":{"east":{"uv":[5.25,10.5,5.75,11],"texture":"#1"},"north":{"rotation":180,"uv":[1.5,4.75,2.5,5],"texture":"#1"},"south":{"rotation":180,"uv":[8,5.25,9,5.5],"texture":"#1"}}},{"to":[11.4625,18.58703,8.1375],"rotation":{"origin":[10.05481,18.5,7.7],"angle":0,"axis":"y"},"from":[10.4625,18.41298,7.2625],"faces":{"east":{"uv":[5.25,10.5,5.75,11],"texture":"#1"},"north":{"rotation":180,"uv":[2,5,3,5.25],"texture":"#1"},"south":{"rotation":180,"uv":[5,5,6,5.25],"texture":"#1"}}},{"to":[12.0625,18.9,7.77956],"rotation":{"origin":[10.05481,18.5,7.7],"angle":0,"axis":"y"},"from":[11.4625,18.1,7.62044],"faces":{"down":{"rotation":180,"uv":[7.75,8,8.25,8.25],"texture":"#2"},"east":{"uv":[11,7.5,11.5,8],"texture":"#2"},"up":{"uv":[3.25,4,3.75,4.25],"texture":"#2"}}},{"to":[12.0625,18.9,7.77956],"rotation":{"origin":[10.05481,18.5,7.7],"angle":-22.5,"axis":"x"},"from":[11.4625,18.1,7.62044],"faces":{"down":{"rotation":180,"uv":[4.25,8,4.75,8.25],"texture":"#2"},"east":{"uv":[11,7.5,11.5,8],"texture":"#2"},"up":{"uv":[7.5,4.25,8,4.5],"texture":"#2"}}},{"to":[12.0625,18.9,7.77956],"rotation":{"origin":[10.05481,18.5,7.7],"angle":22.5,"axis":"x"},"from":[11.4625,18.1,7.62044],"faces":{"down":{"uv":[4.25,8,4.75,8.25],"texture":"#2"},"east":{"uv":[11,7.5,11.5,8],"texture":"#2"},"up":{"uv":[5.5,4.25,6,4.5],"texture":"#2"}}},{"to":[12.0625,18.9,7.77956],"rotation":{"origin":[10.05481,18.5,7.7],"angle":-45,"axis":"x"},"from":[11.4625,18.1,7.62044],"faces":{"down":{"rotation":180,"uv":[2.75,9.25,3.25,9.5],"texture":"#2"},"east":{"uv":[11,7.5,11.5,8],"texture":"#2"},"up":{"rotation":180,"uv":[6.5,4.75,7,5],"texture":"#2"}}},{"to":[12.0625,18.9,7.77956],"rotation":{"origin":[10.05481,18.5,7.7],"angle":45,"axis":"x"},"from":[11.4625,18.1,7.62044],"faces":{"down":{"rotation":180,"uv":[2.75,9.25,3.25,9.75],"texture":"#2"},"east":{"uv":[11,7.5,11.5,8],"texture":"#2"},"up":{"uv":[8.5,4.75,9,5],"texture":"#2"}}},{"to":[12.0625,18.57956,8.1],"rotation":{"origin":[10.05481,18.5,7.7],"angle":22.5,"axis":"x"},"from":[11.4625,18.42043,7.3],"faces":{"east":{"rotation":90,"uv":[11,7.5,11.5,8],"texture":"#2"},"north":{"rotation":180,"uv":[5.5,11.5,6,11.75],"texture":"#2"},"south":{"rotation":180,"uv":[1.25,9.75,1.75,10],"texture":"#2"}}},{"to":[12.0625,18.57956,8.1],"rotation":{"origin":[10.05481,18.5,7.7],"angle":-22.5,"axis":"x"},"from":[11.4625,18.42043,7.3],"faces":{"east":{"rotation":270,"uv":[11,7.5,11.5,8],"texture":"#2"},"north":{"rotation":180,"uv":[2.5,10,3,10.5],"texture":"#2"},"south":{"rotation":180,"uv":[5.5,11.5,6,11.75],"texture":"#2"}}},{"to":[12.0625,18.57956,8.1],"rotation":{"origin":[10.05481,18.5,7.7],"angle":0,"axis":"y"},"from":[11.4625,18.42043,7.3],"faces":{"east":{"uv":[11,7.5,11.5,8],"texture":"#2"},"north":{"rotation":180,"uv":[5.5,11,6,11.25],"texture":"#2"},"south":{"rotation":180,"uv":[5.5,11,6,11.25],"texture":"#2"}}},{"to":[12.4125,18.875,7.77459],"rotation":{"origin":[10.05481,18.5,7.7],"angle":0,"axis":"y"},"from":[12.0625,18.125,7.62541],"faces":{"down":{"rotation":180,"uv":[7.75,8,8.25,8.25],"texture":"#2"},"east":{"uv":[11,7.5,11.5,8],"texture":"#2"},"up":{"uv":[3.25,4,3.75,4.25],"texture":"#2"}}},{"to":[12.4125,18.875,7.77459],"rotation":{"origin":[10.05481,18.5,7.7],"angle":22.5,"axis":"x"},"from":[12.0625,18.125,7.62541],"faces":{"down":{"uv":[4.25,8,4.75,8.25],"texture":"#2"},"east":{"uv":[11,7.5,11.5,8],"texture":"#2"},"up":{"uv":[12.75,2.25,13.25,2.5],"texture":"#2"}}},{"to":[12.4125,18.875,7.77459],"rotation":{"origin":[10.05481,18.5,7.7],"angle":-22.5,"axis":"x"},"from":[12.0625,18.125,7.62541],"faces":{"down":{"rotation":180,"uv":[4.25,8,4.75,8.25],"texture":"#2"},"east":{"uv":[11,7.5,11.5,8],"texture":"#2"},"up":{"uv":[8.5,4.25,9,4.5],"texture":"#2"}}},{"to":[12.4125,18.875,7.77459],"rotation":{"origin":[10.05481,18.5,7.7],"angle":45,"axis":"x"},"from":[12.0625,18.125,7.62541],"faces":{"down":{"rotation":180,"uv":[2.75,9.25,3.25,9.75],"texture":"#2"},"east":{"uv":[11,7.5,11.5,8],"texture":"#2"},"up":{"uv":[9.25,4.75,9.75,5],"texture":"#2"}}},{"to":[12.4125,18.875,7.77459],"rotation":{"origin":[10.05481,18.5,7.7],"angle":-45,"axis":"x"},"from":[12.0625,18.125,7.62541],"faces":{"down":{"rotation":180,"uv":[2.75,9.25,3.25,9.5],"texture":"#2"},"east":{"uv":[11,7.5,11.5,8],"texture":"#2"},"up":{"rotation":180,"uv":[5.75,4.75,6.25,5],"texture":"#2"}}},{"to":[12.4125,18.57459,8.075],"rotation":{"origin":[10.05481,18.5,7.7],"angle":-22.5,"axis":"x"},"from":[12.0625,18.42541,7.325],"faces":{"east":{"rotation":270,"uv":[11,7.5,11.5,8],"texture":"#2"},"north":{"rotation":180,"uv":[2.5,10,3,10.5],"texture":"#2"},"south":{"rotation":180,"uv":[6.25,11.5,6.75,11.75],"texture":"#2"}}},{"to":[12.4125,18.57459,8.075],"rotation":{"origin":[10.05481,18.5,7.7],"angle":22.5,"axis":"x"},"from":[12.0625,18.42541,7.325],"faces":{"east":{"rotation":90,"uv":[11,7.5,11.5,8],"texture":"#2"},"north":{"rotation":180,"uv":[4.75,11.5,5.25,11.75],"texture":"#2"},"south":{"rotation":180,"uv":[1.25,9.75,1.75,10],"texture":"#2"}}},{"to":[12.4125,18.57459,8.075],"rotation":{"origin":[10.05481,18.5,7.7],"angle":0,"axis":"y"},"from":[12.0625,18.42541,7.325],"faces":{"east":{"uv":[11,7.5,11.5,8],"texture":"#2"},"north":{"rotation":180,"uv":[6.5,11,7,11.25],"texture":"#2"},"south":{"rotation":180,"uv":[5.5,11,6,11.25],"texture":"#2"}}},{"to":[12.6375,18.85,7.76962],"rotation":{"origin":[10.05481,18.5,7.7],"angle":0,"axis":"y"},"from":[12.4125,18.15,7.63038],"faces":{"down":{"rotation":180,"uv":[7.75,8,8.25,8.25],"texture":"#2"},"east":{"uv":[11,7.5,11.5,8],"texture":"#2"},"up":{"uv":[3.25,4,3.75,4.25],"texture":"#2"}}},{"to":[12.6375,18.85,7.76962],"rotation":{"origin":[10.05481,18.5,7.7],"angle":-22.5,"axis":"x"},"from":[12.4125,18.15,7.63038],"faces":{"down":{"rotation":180,"uv":[4.25,8,4.75,8.25],"texture":"#2"},"east":{"uv":[11,7.5,11.5,8],"texture":"#2"},"up":{"uv":[8.75,4.25,9.25,4.5],"texture":"#2"}}},{"to":[12.6375,18.85,7.76962],"rotation":{"origin":[10.05481,18.5,7.7],"angle":22.5,"axis":"x"},"from":[12.4125,18.15,7.63038],"faces":{"down":{"uv":[4.25,8,4.75,8.25],"texture":"#2"},"east":{"uv":[11,7.5,11.5,8],"texture":"#2"},"up":{"uv":[10.5,2.75,11,3],"texture":"#2"}}},{"to":[12.6375,18.85,7.76962],"rotation":{"origin":[10.05481,18.5,7.7],"angle":-45,"axis":"x"},"from":[12.4125,18.15,7.63038],"faces":{"down":{"rotation":180,"uv":[2.75,9.25,3.25,9.5],"texture":"#2"},"east":{"uv":[11,7.5,11.5,8],"texture":"#2"},"up":{"rotation":180,"uv":[7.5,4.75,8,5],"texture":"#2"}}},{"to":[12.6375,18.56962,8.05],"rotation":{"origin":[10.05481,18.5,7.7],"angle":22.5,"axis":"x"},"from":[12.4125,18.43038,7.35],"faces":{"east":{"rotation":90,"uv":[11,7.5,11.5,8],"texture":"#2"},"north":{"rotation":180,"uv":[6.75,11.5,7.25,11.75],"texture":"#2"},"south":{"rotation":180,"uv":[1.25,9.75,1.75,10],"texture":"#2"}}},{"to":[12.6375,18.85,7.76962],"rotation":{"origin":[10.05481,18.5,7.7],"angle":45,"axis":"x"},"from":[12.4125,18.15,7.63038],"faces":{"down":{"rotation":180,"uv":[2.75,9.25,3.25,9.75],"texture":"#2"},"east":{"uv":[11,7.5,11.5,8],"texture":"#2"},"up":{"uv":[9,4.75,9.5,5],"texture":"#2"}}},{"to":[12.6375,18.56962,8.05],"rotation":{"origin":[10.05481,18.5,7.7],"angle":-22.5,"axis":"x"},"from":[12.4125,18.43038,7.35],"faces":{"east":{"rotation":270,"uv":[11,7.5,11.5,8],"texture":"#2"},"north":{"rotation":180,"uv":[2.5,10,3,10.5],"texture":"#2"},"south":{"rotation":180,"uv":[6.25,11.5,6.75,11.75],"texture":"#2"}}},{"to":[12.6375,18.56962,8.05],"rotation":{"origin":[10.05481,18.5,7.7],"angle":0,"axis":"y"},"from":[12.4125,18.43038,7.35],"faces":{"east":{"uv":[11,7.5,11.5,8],"texture":"#2"},"north":{"rotation":180,"uv":[4.75,11,5.25,11.25],"texture":"#2"},"south":{"rotation":180,"uv":[5.5,11,6,11.25],"texture":"#2"}}},{"to":[12.8125,18.825,7.76464],"rotation":{"origin":[10.05481,18.5,7.7],"angle":0,"axis":"y"},"from":[12.6375,18.175,7.63536],"faces":{"down":{"rotation":180,"uv":[7.75,8,8.25,8.25],"texture":"#2"},"east":{"uv":[11,7.5,11.5,8],"texture":"#2"},"up":{"uv":[3.25,4,3.75,4.25],"texture":"#2"}}},{"to":[12.8125,18.825,7.76464],"rotation":{"origin":[10.05481,18.5,7.7],"angle":22.5,"axis":"x"},"from":[12.6375,18.175,7.63536],"faces":{"down":{"uv":[4.25,8,4.75,8.25],"texture":"#2"},"east":{"uv":[11,7.5,11.5,8],"texture":"#2"},"up":{"uv":[11.25,3.25,11.75,3.5],"texture":"#2"}}},{"to":[12.8125,18.825,7.76464],"rotation":{"origin":[10.05481,18.5,7.7],"angle":-22.5,"axis":"x"},"from":[12.6375,18.175,7.63536],"faces":{"down":{"rotation":180,"uv":[4.25,8,4.75,8.25],"texture":"#2"},"east":{"uv":[11,7.5,11.5,8],"texture":"#2"},"up":{"uv":[11,3,11.5,3.25],"texture":"#2"}}},{"to":[12.8125,18.825,7.76464],"rotation":{"origin":[10.05481,18.5,7.7],"angle":45,"axis":"x"},"from":[12.6375,18.175,7.63536],"faces":{"down":{"rotation":180,"uv":[2.75,9.25,3.25,9.75],"texture":"#2"},"east":{"uv":[11,7.5,11.5,8],"texture":"#2"},"up":{"uv":[6.5,4.75,7,5],"texture":"#2"}}},{"to":[12.8125,18.825,7.76464],"rotation":{"origin":[10.05481,18.5,7.7],"angle":-45,"axis":"x"},"from":[12.6375,18.175,7.63536],"faces":{"down":{"rotation":180,"uv":[2.75,9.25,3.25,9.5],"texture":"#2"},"east":{"uv":[11,7.5,11.5,8],"texture":"#2"},"up":{"rotation":180,"uv":[8,4.75,8.5,5],"texture":"#2"}}},{"to":[12.8125,18.56464,8.025],"rotation":{"origin":[10.05481,18.5,7.7],"angle":-22.5,"axis":"x"},"from":[12.6375,18.43536,7.375],"faces":{"east":{"rotation":270,"uv":[11,7.5,11.5,8],"texture":"#2"},"north":{"rotation":180,"uv":[2.5,10,3,10.5],"texture":"#2"},"south":{"rotation":180,"uv":[7.5,11.5,8,11.75],"texture":"#2"}}},{"to":[12.8125,18.56464,8.025],"rotation":{"origin":[10.05481,18.5,7.7],"angle":22.5,"axis":"x"},"from":[12.6375,18.43536,7.375],"faces":{"east":{"rotation":90,"uv":[11,7.5,11.5,8],"texture":"#2"},"north":{"rotation":180,"uv":[7,11.5,7.5,11.75],"texture":"#2"},"south":{"rotation":180,"uv":[1.25,9.75,1.75,10],"texture":"#2"}}},{"to":[12.8125,18.56464,8.025],"rotation":{"origin":[10.05481,18.5,7.7],"angle":0,"axis":"y"},"from":[12.6375,18.43536,7.375],"faces":{"east":{"uv":[11,7.5,11.5,8],"texture":"#2"},"north":{"rotation":180,"uv":[6.25,11,6.75,11.25],"texture":"#2"},"south":{"rotation":180,"uv":[5.5,11,6,11.25],"texture":"#2"}}},{"to":[13.01277,19.83249,7.8],"rotation":{"origin":[10.05481,18.5,7.7],"angle":-22.5,"axis":"z"},"from":[12.48777,19.63249,7.6],"faces":{"east":{"uv":[7.5,2,8,2.5],"texture":"#2"},"north":{"uv":[6,4.5,6.5,5],"texture":"#2"},"up":{"uv":[4,4,4.5,4.5],"texture":"#2"},"south":{"uv":[5.75,4.5,6.25,5],"texture":"#2"}}},{"to":[13.01278,17.36752,7.8],"rotation":{"origin":[10.05481,18.5,7.7],"angle":22.5,"axis":"z"},"from":[12.48778,17.16752,7.6],"faces":{"down":{"rotation":180,"uv":[15,8,15.5,8.5],"texture":"#2"},"east":{"uv":[7.5,2,8,2.5],"texture":"#2"},"north":{"rotation":180,"uv":[5,8,5.5,8.5],"texture":"#2"},"south":{"rotation":180,"uv":[5,8,5.5,8.5],"texture":"#2"}}},{"to":[13.01278,18.6,9.03249],"rotation":{"origin":[10.05481,18.5,7.7],"angle":22.5,"axis":"y"},"from":[12.48778,18.4,8.80749],"faces":{"down":{"rotation":180,"uv":[9,10.25,9.5,10.75],"texture":"#2"},"east":{"uv":[7.5,2,8,2.5],"texture":"#2"},"up":{"uv":[6.5,4.75,7,5.25],"texture":"#2"},"south":{"rotation":180,"uv":[4.75,11.25,5.25,11.75],"texture":"#2"}}},{"to":[13.01278,18.6,6.59251],"rotation":{"origin":[10.05481,18.5,7.7],"angle":-22.5,"axis":"y"},"from":[12.48778,18.4,6.36751],"faces":{"down":{"rotation":180,"uv":[9,10.25,9.5,10.75],"texture":"#2"},"east":{"uv":[7.5,2,8,2.5],"texture":"#2"},"north":{"rotation":180,"uv":[4.75,11.25,5.25,11.75],"texture":"#2"},"up":{"rotation":180,"uv":[6.5,4.75,7,5.25],"texture":"#2"}}},{"to":[5.775,19.125,7.82432],"rotation":{"origin":[10.05481,18.5,7.7],"angle":0,"axis":"y"},"from":[5.64995,17.875,7.57568],"faces":{"down":{"rotation":180,"uv":[6.25,8,6.75,8.25],"texture":"#1"},"west":{"uv":[8.25,4,8.75,6],"texture":"#1"},"east":{"uv":[12.5,7.5,13,8],"texture":"#1"},"up":{"rotation":180,"uv":[3.5,3.75,4,4.25],"texture":"#1"}}},{"to":[5.77505,19.125,7.82432],"rotation":{"origin":[10.05481,18.5,7.7],"angle":22.5,"axis":"x"},"from":[5.65,17.875,7.57568],"faces":{"down":{"rotation":180,"uv":[6.25,8,6.75,8.25],"texture":"#1"},"west":{"uv":[7.25,4,7.75,6],"texture":"#1"},"east":{"uv":[12.5,7.5,13,8],"texture":"#1"},"up":{"uv":[3.5,4.25,4,4.75],"texture":"#1"}}},{"to":[5.77505,19.125,7.82432],"rotation":{"origin":[10.05481,18.5,7.7],"angle":-22.5,"axis":"x"},"from":[5.65,17.875,7.57568],"faces":{"down":{"rotation":180,"uv":[6.25,8,6.75,8.25],"texture":"#1"},"west":{"uv":[7.25,4,7.75,6],"texture":"#1"},"east":{"uv":[12.5,7.5,13,8],"texture":"#1"},"up":{"rotation":180,"uv":[3.5,4.25,4,4.75],"texture":"#1"}}},{"to":[5.775,19.125,7.82432],"rotation":{"origin":[10.05481,18.5,7.7],"angle":45,"axis":"x"},"from":[5.64995,17.875,7.57568],"faces":{"down":{"rotation":180,"uv":[6.25,8,6.75,8.25],"texture":"#1"},"west":{"uv":[10.75,4.5,11.25,6.5],"texture":"#1"},"east":{"uv":[12.5,7.5,13,8],"texture":"#1"},"up":{"uv":[3.75,4.75,4.25,5.25],"texture":"#1"}}},{"to":[5.775,19.125,7.82432],"rotation":{"origin":[10.05481,18.5,7.7],"angle":-45,"axis":"x"},"from":[5.64995,17.875,7.57568],"faces":{"down":{"rotation":180,"uv":[6.25,8,6.75,8.25],"texture":"#1"},"west":{"uv":[6.75,4.5,7.25,6.5],"texture":"#1"},"east":{"uv":[12.5,7.5,13,8],"texture":"#1"},"up":{"rotation":180,"uv":[7.75,4.75,8.25,5.25],"texture":"#1"}}},{"to":[5.77505,18.62433,8.325],"rotation":{"origin":[10.05481,18.5,7.7],"angle":-22.5,"axis":"x"},"from":[5.65,18.37568,7.075],"faces":{"west":{"rotation":90,"uv":[0.5,4.75,1,6.75],"texture":"#1"},"east":{"rotation":270,"uv":[12.5,7.5,13,8],"texture":"#1"},"north":{"rotation":180,"uv":[6.75,8,7.25,8.5],"texture":"#1"},"south":{"uv":[5.25,5.5,5.75,6],"texture":"#1"}}},{"to":[5.77505,18.62433,8.325],"rotation":{"origin":[10.05481,18.5,7.7],"angle":22.5,"axis":"x"},"from":[5.65,18.37568,7.075],"faces":{"west":{"rotation":270,"uv":[0.75,4.75,1.25,6.75],"texture":"#1"},"east":{"rotation":90,"uv":[12.5,7.5,13,8],"texture":"#1"},"north":{"uv":[6.75,5.5,7.25,6],"texture":"#1"},"south":{"rotation":180,"uv":[6,8,6.5,8.5],"texture":"#1"}}},{"to":[5.775,18.62433,8.325],"rotation":{"origin":[10.05481,18.5,7.7],"angle":0,"axis":"y"},"from":[5.64995,18.37568,7.075],"faces":{"west":{"rotation":90,"uv":[7.25,9.5,7.75,11.5],"texture":"#1"},"east":{"uv":[12.5,7.5,13,8],"texture":"#1"},"north":{"rotation":180,"uv":[4.25,8.25,4.75,8.75],"texture":"#1"},"south":{"rotation":180,"uv":[6.25,8.25,6.75,8.75],"texture":"#1"}}},{"to":[5.975,19,7.79945],"rotation":{"origin":[10.05481,18.5,7.7],"angle":0,"axis":"y"},"from":[5.77495,18,7.60055],"faces":{"down":{"uv":[5.75,8,6.25,8.25],"texture":"#1"},"up":{"rotation":180,"uv":[10,2.75,10.5,3.25],"texture":"#1"}}},{"to":[5.975,19,7.79945],"rotation":{"origin":[10.05481,18.5,7.7],"angle":22.5,"axis":"x"},"from":[5.77495,18,7.60055],"faces":{"down":{"uv":[5.75,8,6.25,8.25],"texture":"#1"},"up":{"rotation":180,"uv":[11,2.5,11.5,3],"texture":"#1"}}},{"to":[5.975,19,7.79945],"rotation":{"origin":[10.05481,18.5,7.7],"angle":-22.5,"axis":"x"},"from":[5.77495,18,7.60055],"faces":{"down":{"uv":[5.75,8,6.25,8.25],"texture":"#1"},"up":{"rotation":180,"uv":[8.5,4,9,4.5],"texture":"#1"}}},{"to":[5.975,19,7.79945],"rotation":{"origin":[10.05481,18.5,7.7],"angle":45,"axis":"x"},"from":[5.77495,18,7.60055],"faces":{"down":{"uv":[5.75,8,6.25,8.25],"texture":"#1"},"up":{"uv":[3.25,4.25,3.75,4.75],"texture":"#1"}}},{"to":[5.975,18.59946,8.2],"rotation":{"origin":[10.05481,18.5,7.7],"angle":-22.5,"axis":"x"},"from":[5.77495,18.40055,7.2],"faces":{"north":{"rotation":180,"uv":[3,8,3.5,8.5],"texture":"#1"},"south":{"uv":[3.25,4.75,3.75,5.25],"texture":"#1"}}},{"to":[5.975,19,7.79945],"rotation":{"origin":[10.05481,18.5,7.7],"angle":-45,"axis":"x"},"from":[5.77495,18,7.60055],"faces":{"down":{"uv":[5.75,8,6.25,8.25],"texture":"#1"},"up":{"rotation":180,"uv":[3.25,4.25,3.75,4.75],"texture":"#1"}}},{"to":[5.975,18.59946,8.2],"rotation":{"origin":[10.05481,18.5,7.7],"angle":22.5,"axis":"x"},"from":[5.77495,18.40055,7.2],"faces":{"north":{"uv":[3.25,4.75,3.75,5.25],"texture":"#1"},"south":{"rotation":180,"uv":[3,8,3.5,8.5],"texture":"#1"}}},{"to":[5.975,17.84946,9.2],"rotation":{"origin":[10.05481,17.75,8.7],"angle":0,"axis":"y"},"from":[5.77495,17.65055,8.2],"faces":{"north":{"uv":[3.25,5.25,3.75,5.75],"texture":"#1"},"south":{"uv":[3.25,5.25,3.75,5.75],"texture":"#1"}}},{"to":[10.5625,18.275,8.91746],"rotation":{"origin":[10.05481,17.75,8.7],"angle":0,"axis":"y"},"from":[10.325,17.225,8.48254],"faces":{"down":{"uv":[6.25,7.75,6.75,8.5],"texture":"#1"},"east":{"uv":[9.5,7.25,10.25,8.25],"texture":"#1"},"up":{"rotation":180,"uv":[1.25,3.75,1.75,4.5],"texture":"#1"}}},{"to":[5.65005,17.81216,9.0125],"rotation":{"origin":[10.05481,17.75,8.7],"angle":0,"axis":"y"},"from":[5.60005,17.68784,8.3875],"faces":{"west":{"uv":[6.25,4.5,6.75,5],"texture":"#0"},"north":{"uv":[6.25,4.5,6.5,5],"texture":"#0"},"south":{"uv":[6.25,4.5,6.5,5],"texture":"#0"}}},{"to":[5.65,17.81216,9.0125],"rotation":{"origin":[10.05481,17.75,8.7],"angle":22.5,"axis":"x"},"from":[5.6,17.68784,8.3875],"faces":{"west":{"rotation":270,"uv":[9.25,4.5,9.75,5.25],"texture":"#0"},"north":{"uv":[7.25,4.25,7.5,4.75],"texture":"#0"},"south":{"uv":[6.25,5,6.5,5.5],"texture":"#0"}}},{"to":[5.65,17.81216,9.0125],"rotation":{"origin":[10.05481,17.75,8.7],"angle":-22.5,"axis":"x"},"from":[5.6,17.68784,8.3875],"faces":{"west":{"rotation":90,"uv":[9,4.5,9.5,5.25],"texture":"#0"},"north":{"uv":[6.25,5,6.5,5.5],"texture":"#0"},"south":{"uv":[7.25,4.25,7.5,4.75],"texture":"#0"}}},{"to":[5.65005,17.81216,9.0125],"rotation":{"origin":[10.05481,17.75,8.7],"angle":45,"axis":"x"},"from":[5.60005,17.68784,8.3875],"faces":{"west":{"rotation":270,"uv":[6.25,4.5,6.75,5.25],"texture":"#0"},"north":{"uv":[8.25,4.5,8.5,5],"texture":"#0"},"south":{"uv":[6,5.5,6.25,6],"texture":"#0"}}},{"to":[5.65005,17.81216,9.0125],"rotation":{"origin":[10.05481,17.75,8.7],"angle":-45,"axis":"x"},"from":[5.60005,17.68784,8.3875],"faces":{"west":{"rotation":90,"uv":[6.25,4.5,6.75,5.25],"texture":"#0"},"north":{"uv":[6,5.5,6.25,6],"texture":"#0"},"south":{"uv":[3.75,4,4,4.5],"texture":"#0"}}},{"to":[5.65,18.0625,8.76216],"rotation":{"origin":[10.05481,17.75,8.7],"angle":-22.5,"axis":"x"},"from":[5.6,17.4375,8.63784],"faces":{"down":{"rotation":180,"uv":[9,8,9.25,8.5],"texture":"#0"},"west":{"uv":[5.25,4.5,5.75,5.25],"texture":"#0"},"up":{"rotation":180,"uv":[7.25,4.25,7.5,4.75],"texture":"#0"}}},{"to":[5.65,18.0625,8.76216],"rotation":{"origin":[10.05481,17.75,8.7],"angle":22.5,"axis":"x"},"from":[5.6,17.4375,8.63784],"faces":{"down":{"uv":[9,8,9.25,8.5],"texture":"#0"},"west":{"uv":[5.25,4.5,5.75,5.25],"texture":"#0"},"up":{"uv":[3.25,4,3.5,4.5],"texture":"#0"}}},{"to":[5.65005,18.0625,8.76216],"rotation":{"origin":[10.05481,17.75,8.7],"angle":0,"axis":"y"},"from":[5.60005,17.4375,8.63784],"faces":{"down":{"uv":[9.5,8,9.75,8.25],"texture":"#0"},"west":{"uv":[6.25,4.5,6.75,5.25],"texture":"#0"},"up":{"uv":[3.25,4,3.5,4.5],"texture":"#0"}}},{"to":[10.325,18.375,8.82432],"rotation":{"origin":[10.05481,17.75,8.7],"angle":22.5,"axis":"x"},"from":[5.975,17.125,8.57568],"faces":{"down":{"rotation":180,"uv":[3,9,7,9.5],"texture":"#1"},"west":{"uv":[12.5,7.5,13,8],"texture":"#1"},"east":{"uv":[9.5,7.25,10.25,8.25],"texture":"#1"},"up":{"uv":[2,3.75,6,4.25],"texture":"#1"}}},{"to":[10.325,18.375,8.82432],"rotation":{"origin":[10.05481,17.75,8.7],"angle":-22.5,"axis":"x"},"from":[5.975,17.125,8.57568],"faces":{"down":{"rotation":180,"uv":[3.5,8,7.5,8.5],"texture":"#1"},"west":{"uv":[12.5,7.5,13,8],"texture":"#1"},"east":{"uv":[9.5,7.25,10.25,8.25],"texture":"#1"},"up":{"uv":[0,3.25,4,3.75],"texture":"#1"}}},{"to":[10.325,18.375,8.82432],"rotation":{"origin":[10.05481,17.75,8.7],"angle":45,"axis":"x"},"from":[5.975,17.125,8.57568],"faces":{"down":{"rotation":180,"uv":[5.75,5.5,9.75,6],"texture":"#1"},"west":{"uv":[12.5,7.5,13,8],"texture":"#1"},"east":{"uv":[9.5,7.25,10.25,8.25],"texture":"#1"},"up":{"uv":[5.25,4.25,9.25,4.75],"texture":"#1"}}},{"to":[10.325,18.375,8.82432],"rotation":{"origin":[10.05481,17.75,8.7],"angle":-45,"axis":"x"},"from":[5.975,17.125,8.57568],"faces":{"down":{"uv":[4.5,5.5,8.5,6],"texture":"#1"},"west":{"uv":[12.5,7.5,13,8],"texture":"#1"},"east":{"uv":[9.5,7.25,10.25,8.25],"texture":"#1"},"up":{"rotation":180,"uv":[1.25,4.25,5.25,4.75],"texture":"#1"}}},{"to":[10.325,17.87432,9.325],"rotation":{"origin":[10.05481,17.75,8.7],"angle":-22.5,"axis":"x"},"from":[5.975,17.62568,8.075],"faces":{"west":{"rotation":90,"uv":[12.5,7.5,13,8],"texture":"#1"},"east":{"uv":[9.5,7.25,10.25,7.75],"texture":"#1"},"north":{"uv":[6.25,5,10.25,5.5],"texture":"#1"},"south":{"uv":[5.25,4.75,9.25,5.25],"texture":"#1"}}},{"to":[10.325,17.87432,9.325],"rotation":{"origin":[10.05481,17.75,8.7],"angle":22.5,"axis":"x"},"from":[5.975,17.62568,8.075],"faces":{"west":{"rotation":270,"uv":[12.5,7.5,13,8],"texture":"#1"},"east":{"uv":[9.5,7.25,10.25,7.75],"texture":"#1"},"north":{"uv":[5.25,4.75,9.25,5.25],"texture":"#1"},"south":{"uv":[6.25,5,10.25,5.5],"texture":"#1"}}},{"to":[10.325,17.87432,9.325],"rotation":{"origin":[10.05481,17.75,8.7],"angle":0,"axis":"y"},"from":[5.975,17.62568,8.075],"faces":{"west":{"uv":[12.5,7.5,13,8],"texture":"#1"},"north":{"uv":[3,12.25,7,12.75],"texture":"#1"},"south":{"uv":[0,12,4,12.5],"texture":"#1"}}},{"to":[10.69025,18.43083,8.82432],"rotation":{"origin":[10.05481,17.75,8.7],"angle":-22.5,"axis":"z"},"from":[10.06525,17.93083,8.57568],"faces":{"north":{"rotation":180,"uv":[10.5,2.75,11,3.25],"texture":"#1"},"up":{"uv":[2,3.25,2.75,3.75],"texture":"#1"},"south":{"rotation":180,"uv":[10.5,2.75,11,3.25],"texture":"#1"}}},{"to":[10.69026,17.56918,8.82432],"rotation":{"origin":[10.05481,17.75,8.7],"angle":22.5,"axis":"z"},"from":[10.06526,17.06918,8.57568],"faces":{"down":{"rotation":180,"uv":[5.5,7.75,6.25,8.25],"texture":"#1"},"north":{"rotation":180,"uv":[7.5,8,7.75,8.25],"texture":"#1"},"south":{"rotation":180,"uv":[7.5,8,7.75,8.25],"texture":"#1"}}},{"to":[10.69025,17.87432,9.38083],"rotation":{"origin":[10.05481,17.75,8.7],"angle":22.5,"axis":"y"},"from":[10.06525,17.62568,8.88083],"faces":{"down":{"rotation":180,"uv":[4.5,12,5,12.5],"texture":"#1"},"up":{"rotation":180,"uv":[4.5,12,5,12.5],"texture":"#1"},"south":{"uv":[0,12,0.75,12.5],"texture":"#1"}}},{"to":[10.69025,17.87432,8.51918],"rotation":{"origin":[10.05481,17.75,8.7],"angle":-22.5,"axis":"y"},"from":[10.06525,17.62568,8.01918],"faces":{"down":{"rotation":180,"uv":[4.5,12,5,12.5],"texture":"#1"},"north":{"uv":[0,12,0.75,12.5],"texture":"#1"},"up":{"rotation":180,"uv":[4.5,12,5,12.5],"texture":"#1"}}},{"to":[10.325,18.375,8.82433],"rotation":{"origin":[10.05481,17.75,8.7],"angle":0,"axis":"y"},"from":[5.975,17.125,8.57568],"faces":{"down":{"rotation":180,"uv":[5.5,7.75,9.5,8.25],"texture":"#1"},"west":{"uv":[12.5,7.5,13,8],"texture":"#1"},"up":{"uv":[2,3.25,6,3.75],"texture":"#1"}}},{"to":[10.5625,18.275,8.91746],"rotation":{"origin":[10.05481,17.75,8.7],"angle":-45,"axis":"x"},"from":[10.325,17.225,8.48254],"faces":{"down":{"rotation":180,"uv":[2,5.75,2.5,6.5],"texture":"#1"},"east":{"uv":[9.5,7.25,10.25,8.25],"texture":"#1"},"up":{"rotation":180,"uv":[1.25,4.25,1.75,5],"texture":"#1"}}},{"to":[10.5625,18.275,8.91746],"rotation":{"origin":[10.05481,17.75,8.7],"angle":45,"axis":"x"},"from":[10.325,17.225,8.48254],"faces":{"down":{"uv":[2,5.75,2.5,6.5],"texture":"#1"},"east":{"uv":[9.5,7.25,10.25,8.25],"texture":"#1"},"up":{"uv":[1.25,4.25,1.75,5],"texture":"#1"}}},{"to":[10.5625,17.96746,9.225],"rotation":{"origin":[10.05481,17.75,8.7],"angle":0,"axis":"y"},"from":[10.325,17.53254,8.175],"faces":{"east":{"uv":[9.5,7.25,10.25,8.25],"texture":"#1"},"north":{"uv":[3,4.75,3.5,5.5],"texture":"#1"},"south":{"uv":[3,4.75,3.5,5.5],"texture":"#1"}}},{"to":[11.4625,18.1875,8.78703],"rotation":{"origin":[10.05481,17.75,8.7],"angle":0,"axis":"y"},"from":[10.4625,17.3125,8.61298],"faces":{"down":{"rotation":180,"uv":[7.25,8,8.25,8.25],"texture":"#1"},"east":{"uv":[5.25,10.5,5.75,11],"texture":"#1"},"up":{"rotation":180,"uv":[3.5,4,4.5,4.25],"texture":"#1"}}},{"to":[11.4625,18.1875,8.78703],"rotation":{"origin":[10.05481,17.75,8.7],"angle":22.5,"axis":"x"},"from":[10.4625,17.3125,8.61298],"faces":{"down":{"rotation":180,"uv":[5.25,7.75,6.25,8],"texture":"#1"},"east":{"uv":[5.25,10.5,5.75,11],"texture":"#1"},"up":{"rotation":180,"uv":[5.25,4.25,6.25,4.5],"texture":"#1"}}},{"to":[11.4625,18.1875,8.78703],"rotation":{"origin":[10.05481,17.75,8.7],"angle":-22.5,"axis":"x"},"from":[10.4625,17.3125,8.61298],"faces":{"down":{"rotation":180,"uv":[2.5,8.25,3.5,8.5],"texture":"#1"},"east":{"uv":[5.25,10.5,5.75,11],"texture":"#1"},"up":{"rotation":180,"uv":[4.75,4.25,5.75,4.5],"texture":"#1"}}},{"to":[11.4625,18.1875,8.78703],"rotation":{"origin":[10.05481,17.75,8.7],"angle":45,"axis":"x"},"from":[10.4625,17.3125,8.61298],"faces":{"down":{"rotation":180,"uv":[4.75,5.5,5.75,5.75],"texture":"#1"},"east":{"uv":[5.25,10.5,5.75,11],"texture":"#1"},"up":{"rotation":180,"uv":[6.75,4.5,7.75,4.75],"texture":"#1"}}},{"to":[11.4625,18.1875,8.78703],"rotation":{"origin":[10.05481,17.75,8.7],"angle":-45,"axis":"x"},"from":[10.4625,17.3125,8.61298],"faces":{"down":{"rotation":180,"uv":[4.25,5.75,5.25,6],"texture":"#1"},"east":{"uv":[5.25,10.5,5.75,11],"texture":"#1"},"up":{"rotation":180,"uv":[1.25,4.25,2.25,4.5],"texture":"#1"}}},{"to":[11.4625,17.83703,9.1375],"rotation":{"origin":[10.05481,17.75,8.7],"angle":-22.5,"axis":"x"},"from":[10.4625,17.66298,8.2625],"faces":{"east":{"uv":[5.25,10.5,5.75,11],"texture":"#1"},"north":{"rotation":180,"uv":[3,5.25,4,5.5],"texture":"#1"},"south":{"rotation":180,"uv":[6.75,4.75,7.75,5],"texture":"#1"}}},{"to":[11.4625,17.83703,9.1375],"rotation":{"origin":[10.05481,17.75,8.7],"angle":22.5,"axis":"x"},"from":[10.4625,17.66298,8.2625],"faces":{"east":{"uv":[5.25,10.5,5.75,11],"texture":"#1"},"north":{"rotation":180,"uv":[1.5,4.75,2.5,5],"texture":"#1"},"south":{"rotation":180,"uv":[8,5.25,9,5.5],"texture":"#1"}}},{"to":[11.4625,17.83703,9.1375],"rotation":{"origin":[10.05481,17.75,8.7],"angle":0,"axis":"y"},"from":[10.4625,17.66298,8.2625],"faces":{"east":{"uv":[5.25,10.5,5.75,11],"texture":"#1"},"north":{"rotation":180,"uv":[2,5,3,5.25],"texture":"#1"},"south":{"rotation":180,"uv":[5,5,6,5.25],"texture":"#1"}}},{"to":[12.0625,18.15,8.77957],"rotation":{"origin":[10.05481,17.75,8.7],"angle":0,"axis":"y"},"from":[11.4625,17.35,8.62044],"faces":{"down":{"rotation":180,"uv":[7.75,8,8.25,8.25],"texture":"#2"},"east":{"uv":[11,7.5,11.5,8],"texture":"#2"},"up":{"uv":[3.25,4,3.75,4.25],"texture":"#2"}}},{"to":[12.0625,18.15,8.77957],"rotation":{"origin":[10.05481,17.75,8.7],"angle":-22.5,"axis":"x"},"from":[11.4625,17.35,8.62044],"faces":{"down":{"rotation":180,"uv":[4.25,8,4.75,8.25],"texture":"#2"},"east":{"uv":[11,7.5,11.5,8],"texture":"#2"},"up":{"uv":[7.5,4.25,8,4.5],"texture":"#2"}}},{"to":[12.0625,18.15,8.77957],"rotation":{"origin":[10.05481,17.75,8.7],"angle":22.5,"axis":"x"},"from":[11.4625,17.35,8.62044],"faces":{"down":{"uv":[4.25,8,4.75,8.25],"texture":"#2"},"east":{"uv":[11,7.5,11.5,8],"texture":"#2"},"up":{"uv":[5.5,4.25,6,4.5],"texture":"#2"}}},{"to":[12.0625,18.15,8.77957],"rotation":{"origin":[10.05481,17.75,8.7],"angle":-45,"axis":"x"},"from":[11.4625,17.35,8.62044],"faces":{"down":{"rotation":180,"uv":[2.75,9.25,3.25,9.5],"texture":"#2"},"east":{"uv":[11,7.5,11.5,8],"texture":"#2"},"up":{"rotation":180,"uv":[6.5,4.75,7,5],"texture":"#2"}}},{"to":[12.0625,18.15,8.77957],"rotation":{"origin":[10.05481,17.75,8.7],"angle":45,"axis":"x"},"from":[11.4625,17.35,8.62044],"faces":{"down":{"rotation":180,"uv":[2.75,9.25,3.25,9.75],"texture":"#2"},"east":{"uv":[11,7.5,11.5,8],"texture":"#2"},"up":{"uv":[8.5,4.75,9,5],"texture":"#2"}}},{"to":[12.0625,17.82957,9.1],"rotation":{"origin":[10.05481,17.75,8.7],"angle":22.5,"axis":"x"},"from":[11.4625,17.67044,8.3],"faces":{"east":{"rotation":90,"uv":[11,7.5,11.5,8],"texture":"#2"},"north":{"rotation":180,"uv":[5.5,11.5,6,11.75],"texture":"#2"},"south":{"rotation":180,"uv":[1.25,9.75,1.75,10],"texture":"#2"}}},{"to":[12.0625,17.82957,9.1],"rotation":{"origin":[10.05481,17.75,8.7],"angle":-22.5,"axis":"x"},"from":[11.4625,17.67044,8.3],"faces":{"east":{"rotation":270,"uv":[11,7.5,11.5,8],"texture":"#2"},"north":{"rotation":180,"uv":[2.5,10,3,10.5],"texture":"#2"},"south":{"rotation":180,"uv":[5.5,11.5,6,11.75],"texture":"#2"}}},{"to":[12.0625,17.82957,9.1],"rotation":{"origin":[10.05481,17.75,8.7],"angle":0,"axis":"y"},"from":[11.4625,17.67044,8.3],"faces":{"east":{"uv":[11,7.5,11.5,8],"texture":"#2"},"north":{"rotation":180,"uv":[5.5,11,6,11.25],"texture":"#2"},"south":{"rotation":180,"uv":[5.5,11,6,11.25],"texture":"#2"}}},{"to":[12.4125,18.125,8.77459],"rotation":{"origin":[10.05481,17.75,8.7],"angle":0,"axis":"y"},"from":[12.0625,17.375,8.62541],"faces":{"down":{"rotation":180,"uv":[7.75,8,8.25,8.25],"texture":"#2"},"east":{"uv":[11,7.5,11.5,8],"texture":"#2"},"up":{"uv":[3.25,4,3.75,4.25],"texture":"#2"}}},{"to":[12.4125,18.125,8.77459],"rotation":{"origin":[10.05481,17.75,8.7],"angle":22.5,"axis":"x"},"from":[12.0625,17.375,8.62541],"faces":{"down":{"uv":[4.25,8,4.75,8.25],"texture":"#2"},"east":{"uv":[11,7.5,11.5,8],"texture":"#2"},"up":{"uv":[12.75,2.25,13.25,2.5],"texture":"#2"}}},{"to":[12.4125,18.125,8.77459],"rotation":{"origin":[10.05481,17.75,8.7],"angle":-22.5,"axis":"x"},"from":[12.0625,17.375,8.62541],"faces":{"down":{"rotation":180,"uv":[4.25,8,4.75,8.25],"texture":"#2"},"east":{"uv":[11,7.5,11.5,8],"texture":"#2"},"up":{"uv":[8.5,4.25,9,4.5],"texture":"#2"}}},{"to":[12.4125,18.125,8.77459],"rotation":{"origin":[10.05481,17.75,8.7],"angle":45,"axis":"x"},"from":[12.0625,17.375,8.62541],"faces":{"down":{"rotation":180,"uv":[2.75,9.25,3.25,9.75],"texture":"#2"},"east":{"uv":[11,7.5,11.5,8],"texture":"#2"},"up":{"uv":[9.25,4.75,9.75,5],"texture":"#2"}}},{"to":[12.4125,18.125,8.77459],"rotation":{"origin":[10.05481,17.75,8.7],"angle":-45,"axis":"x"},"from":[12.0625,17.375,8.62541],"faces":{"down":{"rotation":180,"uv":[2.75,9.25,3.25,9.5],"texture":"#2"},"east":{"uv":[11,7.5,11.5,8],"texture":"#2"},"up":{"rotation":180,"uv":[5.75,4.75,6.25,5],"texture":"#2"}}},{"to":[12.4125,17.82459,9.075],"rotation":{"origin":[10.05481,17.75,8.7],"angle":-22.5,"axis":"x"},"from":[12.0625,17.67541,8.325],"faces":{"east":{"rotation":270,"uv":[11,7.5,11.5,8],"texture":"#2"},"north":{"rotation":180,"uv":[2.5,10,3,10.5],"texture":"#2"},"south":{"rotation":180,"uv":[6.25,11.5,6.75,11.75],"texture":"#2"}}},{"to":[12.4125,17.82459,9.075],"rotation":{"origin":[10.05481,17.75,8.7],"angle":22.5,"axis":"x"},"from":[12.0625,17.67541,8.325],"faces":{"east":{"rotation":90,"uv":[11,7.5,11.5,8],"texture":"#2"},"north":{"rotation":180,"uv":[4.75,11.5,5.25,11.75],"texture":"#2"},"south":{"rotation":180,"uv":[1.25,9.75,1.75,10],"texture":"#2"}}},{"to":[12.4125,17.82459,9.075],"rotation":{"origin":[10.05481,17.75,8.7],"angle":0,"axis":"y"},"from":[12.0625,17.67541,8.325],"faces":{"east":{"uv":[11,7.5,11.5,8],"texture":"#2"},"north":{"rotation":180,"uv":[6.5,11,7,11.25],"texture":"#2"},"south":{"rotation":180,"uv":[5.5,11,6,11.25],"texture":"#2"}}},{"to":[12.6375,18.1,8.76962],"rotation":{"origin":[10.05481,17.75,8.7],"angle":0,"axis":"y"},"from":[12.4125,17.4,8.63038],"faces":{"down":{"rotation":180,"uv":[7.75,8,8.25,8.25],"texture":"#2"},"east":{"uv":[11,7.5,11.5,8],"texture":"#2"},"up":{"uv":[3.25,4,3.75,4.25],"texture":"#2"}}},{"to":[12.6375,18.1,8.76962],"rotation":{"origin":[10.05481,17.75,8.7],"angle":-22.5,"axis":"x"},"from":[12.4125,17.4,8.63038],"faces":{"down":{"rotation":180,"uv":[4.25,8,4.75,8.25],"texture":"#2"},"east":{"uv":[11,7.5,11.5,8],"texture":"#2"},"up":{"uv":[8.75,4.25,9.25,4.5],"texture":"#2"}}},{"to":[12.6375,18.1,8.76962],"rotation":{"origin":[10.05481,17.75,8.7],"angle":22.5,"axis":"x"},"from":[12.4125,17.4,8.63038],"faces":{"down":{"uv":[4.25,8,4.75,8.25],"texture":"#2"},"east":{"uv":[11,7.5,11.5,8],"texture":"#2"},"up":{"uv":[10.5,2.75,11,3],"texture":"#2"}}},{"to":[12.6375,18.1,8.76962],"rotation":{"origin":[10.05481,17.75,8.7],"angle":-45,"axis":"x"},"from":[12.4125,17.4,8.63038],"faces":{"down":{"rotation":180,"uv":[2.75,9.25,3.25,9.5],"texture":"#2"},"east":{"uv":[11,7.5,11.5,8],"texture":"#2"},"up":{"rotation":180,"uv":[7.5,4.75,8,5],"texture":"#2"}}},{"to":[12.6375,17.81962,9.05],"rotation":{"origin":[10.05481,17.75,8.7],"angle":22.5,"axis":"x"},"from":[12.4125,17.68038,8.35],"faces":{"east":{"rotation":90,"uv":[11,7.5,11.5,8],"texture":"#2"},"north":{"rotation":180,"uv":[6.75,11.5,7.25,11.75],"texture":"#2"},"south":{"rotation":180,"uv":[1.25,9.75,1.75,10],"texture":"#2"}}},{"to":[12.6375,18.1,8.76962],"rotation":{"origin":[10.05481,17.75,8.7],"angle":45,"axis":"x"},"from":[12.4125,17.4,8.63038],"faces":{"down":{"rotation":180,"uv":[2.75,9.25,3.25,9.75],"texture":"#2"},"east":{"uv":[11,7.5,11.5,8],"texture":"#2"},"up":{"uv":[9,4.75,9.5,5],"texture":"#2"}}},{"to":[12.6375,17.81962,9.05],"rotation":{"origin":[10.05481,17.75,8.7],"angle":-22.5,"axis":"x"},"from":[12.4125,17.68038,8.35],"faces":{"east":{"rotation":270,"uv":[11,7.5,11.5,8],"texture":"#2"},"north":{"rotation":180,"uv":[2.5,10,3,10.5],"texture":"#2"},"south":{"rotation":180,"uv":[6.25,11.5,6.75,11.75],"texture":"#2"}}},{"to":[12.6375,17.81962,9.05],"rotation":{"origin":[10.05481,17.75,8.7],"angle":0,"axis":"y"},"from":[12.4125,17.68038,8.35],"faces":{"east":{"uv":[11,7.5,11.5,8],"texture":"#2"},"north":{"rotation":180,"uv":[4.75,11,5.25,11.25],"texture":"#2"},"south":{"rotation":180,"uv":[5.5,11,6,11.25],"texture":"#2"}}},{"to":[12.8125,18.075,8.76465],"rotation":{"origin":[10.05481,17.75,8.7],"angle":0,"axis":"y"},"from":[12.6375,17.425,8.63536],"faces":{"down":{"rotation":180,"uv":[7.75,8,8.25,8.25],"texture":"#2"},"east":{"uv":[11,7.5,11.5,8],"texture":"#2"},"up":{"uv":[3.25,4,3.75,4.25],"texture":"#2"}}},{"to":[12.8125,18.075,8.76465],"rotation":{"origin":[10.05481,17.75,8.7],"angle":22.5,"axis":"x"},"from":[12.6375,17.425,8.63536],"faces":{"down":{"uv":[4.25,8,4.75,8.25],"texture":"#2"},"east":{"uv":[11,7.5,11.5,8],"texture":"#2"},"up":{"uv":[11.25,3.25,11.75,3.5],"texture":"#2"}}},{"to":[12.8125,18.075,8.76465],"rotation":{"origin":[10.05481,17.75,8.7],"angle":-22.5,"axis":"x"},"from":[12.6375,17.425,8.63536],"faces":{"down":{"rotation":180,"uv":[4.25,8,4.75,8.25],"texture":"#2"},"east":{"uv":[11,7.5,11.5,8],"texture":"#2"},"up":{"uv":[11,3,11.5,3.25],"texture":"#2"}}},{"to":[12.8125,18.075,8.76465],"rotation":{"origin":[10.05481,17.75,8.7],"angle":45,"axis":"x"},"from":[12.6375,17.425,8.63536],"faces":{"down":{"rotation":180,"uv":[2.75,9.25,3.25,9.75],"texture":"#2"},"east":{"uv":[11,7.5,11.5,8],"texture":"#2"},"up":{"uv":[6.5,4.75,7,5],"texture":"#2"}}},{"to":[12.8125,18.075,8.76465],"rotation":{"origin":[10.05481,17.75,8.7],"angle":-45,"axis":"x"},"from":[12.6375,17.425,8.63536],"faces":{"down":{"rotation":180,"uv":[2.75,9.25,3.25,9.5],"texture":"#2"},"east":{"uv":[11,7.5,11.5,8],"texture":"#2"},"up":{"rotation":180,"uv":[8,4.75,8.5,5],"texture":"#2"}}},{"to":[12.8125,17.81465,9.025],"rotation":{"origin":[10.05481,17.75,8.7],"angle":-22.5,"axis":"x"},"from":[12.6375,17.68536,8.375],"faces":{"east":{"rotation":270,"uv":[11,7.5,11.5,8],"texture":"#2"},"north":{"rotation":180,"uv":[2.5,10,3,10.5],"texture":"#2"},"south":{"rotation":180,"uv":[7.5,11.5,8,11.75],"texture":"#2"}}},{"to":[12.8125,17.81465,9.025],"rotation":{"origin":[10.05481,17.75,8.7],"angle":22.5,"axis":"x"},"from":[12.6375,17.68536,8.375],"faces":{"east":{"rotation":90,"uv":[11,7.5,11.5,8],"texture":"#2"},"north":{"rotation":180,"uv":[7,11.5,7.5,11.75],"texture":"#2"},"south":{"rotation":180,"uv":[1.25,9.75,1.75,10],"texture":"#2"}}},{"to":[12.8125,17.81465,9.025],"rotation":{"origin":[10.05481,17.75,8.7],"angle":0,"axis":"y"},"from":[12.6375,17.68536,8.375],"faces":{"east":{"uv":[11,7.5,11.5,8],"texture":"#2"},"north":{"rotation":180,"uv":[6.25,11,6.75,11.25],"texture":"#2"},"south":{"rotation":180,"uv":[5.5,11,6,11.25],"texture":"#2"}}},{"to":[13.01277,19.08249,8.8],"rotation":{"origin":[10.05481,17.75,8.7],"angle":-22.5,"axis":"z"},"from":[12.48777,18.88249,8.6],"faces":{"east":{"uv":[7.5,2,8,2.5],"texture":"#2"},"north":{"uv":[6,4.5,6.5,5],"texture":"#2"},"up":{"uv":[4,4,4.5,4.5],"texture":"#2"},"south":{"uv":[5.75,4.5,6.25,5],"texture":"#2"}}},{"to":[13.01278,16.61752,8.8],"rotation":{"origin":[10.05481,17.75,8.7],"angle":22.5,"axis":"z"},"from":[12.48778,16.41752,8.6],"faces":{"down":{"rotation":180,"uv":[15,8,15.5,8.5],"texture":"#2"},"east":{"uv":[7.5,2,8,2.5],"texture":"#2"},"north":{"rotation":180,"uv":[5,8,5.5,8.5],"texture":"#2"},"south":{"rotation":180,"uv":[5,8,5.5,8.5],"texture":"#2"}}},{"to":[13.01278,17.85,10.03249],"rotation":{"origin":[10.05481,17.75,8.7],"angle":22.5,"axis":"y"},"from":[12.48778,17.65,9.80749],"faces":{"down":{"rotation":180,"uv":[9,10.25,9.5,10.75],"texture":"#2"},"east":{"uv":[7.5,2,8,2.5],"texture":"#2"},"up":{"uv":[6.5,4.75,7,5.25],"texture":"#2"},"south":{"rotation":180,"uv":[4.75,11.25,5.25,11.75],"texture":"#2"}}},{"to":[13.01278,17.85,7.59251],"rotation":{"origin":[10.05481,17.75,8.7],"angle":-22.5,"axis":"y"},"from":[12.48778,17.65,7.36751],"faces":{"down":{"rotation":180,"uv":[9,10.25,9.5,10.75],"texture":"#2"},"east":{"uv":[7.5,2,8,2.5],"texture":"#2"},"north":{"rotation":180,"uv":[4.75,11.25,5.25,11.75],"texture":"#2"},"up":{"rotation":180,"uv":[6.5,4.75,7,5.25],"texture":"#2"}}},{"to":[5.775,18.375,8.82433],"rotation":{"origin":[10.05481,17.75,8.7],"angle":0,"axis":"y"},"from":[5.64995,17.125,8.57568],"faces":{"down":{"rotation":180,"uv":[6.25,8,6.75,8.25],"texture":"#1"},"west":{"uv":[8.25,4,8.75,6],"texture":"#1"},"east":{"uv":[12.5,7.5,13,8],"texture":"#1"},"up":{"rotation":180,"uv":[3.5,3.75,4,4.25],"texture":"#1"}}},{"to":[5.77505,18.375,8.82433],"rotation":{"origin":[10.05481,17.75,8.7],"angle":22.5,"axis":"x"},"from":[5.65,17.125,8.57568],"faces":{"down":{"rotation":180,"uv":[6.25,8,6.75,8.25],"texture":"#1"},"west":{"uv":[7.25,4,7.75,6],"texture":"#1"},"east":{"uv":[12.5,7.5,13,8],"texture":"#1"},"up":{"uv":[3.5,4.25,4,4.75],"texture":"#1"}}},{"to":[5.77505,18.375,8.82433],"rotation":{"origin":[10.05481,17.75,8.7],"angle":-22.5,"axis":"x"},"from":[5.65,17.125,8.57568],"faces":{"down":{"rotation":180,"uv":[6.25,8,6.75,8.25],"texture":"#1"},"west":{"uv":[7.25,4,7.75,6],"texture":"#1"},"east":{"uv":[12.5,7.5,13,8],"texture":"#1"},"up":{"rotation":180,"uv":[3.5,4.25,4,4.75],"texture":"#1"}}},{"to":[5.775,18.375,8.82433],"rotation":{"origin":[10.05481,17.75,8.7],"angle":45,"axis":"x"},"from":[5.64995,17.125,8.57568],"faces":{"down":{"rotation":180,"uv":[6.25,8,6.75,8.25],"texture":"#1"},"west":{"uv":[10.75,4.5,11.25,6.5],"texture":"#1"},"east":{"uv":[12.5,7.5,13,8],"texture":"#1"},"up":{"uv":[3.75,4.75,4.25,5.25],"texture":"#1"}}},{"to":[5.775,18.375,8.82433],"rotation":{"origin":[10.05481,17.75,8.7],"angle":-45,"axis":"x"},"from":[5.64995,17.125,8.57568],"faces":{"down":{"rotation":180,"uv":[6.25,8,6.75,8.25],"texture":"#1"},"west":{"uv":[6.75,4.5,7.25,6.5],"texture":"#1"},"east":{"uv":[12.5,7.5,13,8],"texture":"#1"},"up":{"rotation":180,"uv":[7.75,4.75,8.25,5.25],"texture":"#1"}}},{"to":[5.77505,17.87433,9.325],"rotation":{"origin":[10.05481,17.75,8.7],"angle":-22.5,"axis":"x"},"from":[5.65,17.62568,8.075],"faces":{"west":{"rotation":90,"uv":[0.5,4.75,1,6.75],"texture":"#1"},"east":{"rotation":270,"uv":[12.5,7.5,13,8],"texture":"#1"},"north":{"rotation":180,"uv":[6.75,8,7.25,8.5],"texture":"#1"},"south":{"uv":[5.25,5.5,5.75,6],"texture":"#1"}}},{"to":[5.77505,17.87433,9.325],"rotation":{"origin":[10.05481,17.75,8.7],"angle":22.5,"axis":"x"},"from":[5.65,17.62568,8.075],"faces":{"west":{"rotation":270,"uv":[0.75,4.75,1.25,6.75],"texture":"#1"},"east":{"rotation":90,"uv":[12.5,7.5,13,8],"texture":"#1"},"north":{"uv":[6.75,5.5,7.25,6],"texture":"#1"},"south":{"rotation":180,"uv":[6,8,6.5,8.5],"texture":"#1"}}},{"to":[5.775,17.87433,9.325],"rotation":{"origin":[10.05481,17.75,8.7],"angle":0,"axis":"y"},"from":[5.64995,17.62568,8.075],"faces":{"west":{"rotation":90,"uv":[7.25,9.5,7.75,11.5],"texture":"#1"},"east":{"uv":[12.5,7.5,13,8],"texture":"#1"},"north":{"rotation":180,"uv":[4.25,8.25,4.75,8.75],"texture":"#1"},"south":{"rotation":180,"uv":[6.25,8.25,6.75,8.75],"texture":"#1"}}},{"to":[5.975,18.25,8.79946],"rotation":{"origin":[10.05481,17.75,8.7],"angle":0,"axis":"y"},"from":[5.77495,17.25,8.60055],"faces":{"down":{"uv":[5.75,8,6.25,8.25],"texture":"#1"},"up":{"rotation":180,"uv":[10,2.75,10.5,3.25],"texture":"#1"}}},{"to":[5.975,18.25,8.79946],"rotation":{"origin":[10.05481,17.75,8.7],"angle":22.5,"axis":"x"},"from":[5.77495,17.25,8.60055],"faces":{"down":{"uv":[5.75,8,6.25,8.25],"texture":"#1"},"up":{"rotation":180,"uv":[11,2.5,11.5,3],"texture":"#1"}}},{"to":[5.975,18.25,8.79946],"rotation":{"origin":[10.05481,17.75,8.7],"angle":-22.5,"axis":"x"},"from":[5.77495,17.25,8.60055],"faces":{"down":{"uv":[5.75,8,6.25,8.25],"texture":"#1"},"up":{"rotation":180,"uv":[8.5,4,9,4.5],"texture":"#1"}}},{"to":[5.975,18.25,8.79946],"rotation":{"origin":[10.05481,17.75,8.7],"angle":45,"axis":"x"},"from":[5.77495,17.25,8.60055],"faces":{"down":{"uv":[5.75,8,6.25,8.25],"texture":"#1"},"up":{"uv":[3.25,4.25,3.75,4.75],"texture":"#1"}}},{"to":[5.975,17.84946,9.2],"rotation":{"origin":[10.05481,17.75,8.7],"angle":-22.5,"axis":"x"},"from":[5.77495,17.65055,8.2],"faces":{"north":{"rotation":180,"uv":[3,8,3.5,8.5],"texture":"#1"},"south":{"uv":[3.25,4.75,3.75,5.25],"texture":"#1"}}},{"to":[5.975,18.25,8.79946],"rotation":{"origin":[10.05481,17.75,8.7],"angle":-45,"axis":"x"},"from":[5.77495,17.25,8.60055],"faces":{"down":{"uv":[5.75,8,6.25,8.25],"texture":"#1"},"up":{"rotation":180,"uv":[3.25,4.25,3.75,4.75],"texture":"#1"}}},{"to":[5.975,17.84946,9.2],"rotation":{"origin":[10.05481,17.75,8.7],"angle":22.5,"axis":"x"},"from":[5.77495,17.65055,8.2],"faces":{"north":{"uv":[3.25,4.75,3.75,5.25],"texture":"#1"},"south":{"rotation":180,"uv":[3,8,3.5,8.5],"texture":"#1"}}},{"to":[5.975,17.34946,8.025],"rotation":{"origin":[10.05481,17.25,7.525],"angle":0,"axis":"y"},"from":[5.77495,17.15055,7.025],"faces":{"north":{"uv":[3.25,5.25,3.75,5.75],"texture":"#1"},"south":{"uv":[3.25,5.25,3.75,5.75],"texture":"#1"}}},{"to":[10.5625,17.775,7.74246],"rotation":{"origin":[10.05481,17.25,7.525],"angle":0,"axis":"y"},"from":[10.325,16.725,7.30754],"faces":{"east":{"uv":[9.5,7.25,10.25,8.25],"texture":"#1"},"up":{"uv":[11.5,15.25,12,16],"texture":"#1"}}},{"to":[5.65005,17.31216,7.8375],"rotation":{"origin":[10.05481,17.25,7.525],"angle":0,"axis":"y"},"from":[5.60005,17.18784,7.2125],"faces":{"west":{"uv":[6.25,4.5,6.75,5],"texture":"#0"},"north":{"uv":[6.25,4.5,6.5,5],"texture":"#0"},"south":{"uv":[6.25,4.5,6.5,5],"texture":"#0"}}},{"to":[5.65,17.31216,7.8375],"rotation":{"origin":[10.05481,17.25,7.525],"angle":22.5,"axis":"x"},"from":[5.6,17.18784,7.2125],"faces":{"west":{"rotation":270,"uv":[9.25,4.5,9.75,5.25],"texture":"#0"},"north":{"uv":[7.25,4.25,7.5,4.75],"texture":"#0"},"south":{"uv":[6.25,5,6.5,5.5],"texture":"#0"}}},{"to":[5.65,17.31216,7.8375],"rotation":{"origin":[10.05481,17.25,7.525],"angle":-22.5,"axis":"x"},"from":[5.6,17.18784,7.2125],"faces":{"west":{"rotation":90,"uv":[9,4.5,9.5,5.25],"texture":"#0"},"north":{"uv":[6.25,5,6.5,5.5],"texture":"#0"},"south":{"uv":[7.25,4.25,7.5,4.75],"texture":"#0"}}},{"to":[5.65005,17.31216,7.8375],"rotation":{"origin":[10.05481,17.25,7.525],"angle":45,"axis":"x"},"from":[5.60005,17.18784,7.2125],"faces":{"west":{"rotation":270,"uv":[6.25,4.5,6.75,5.25],"texture":"#0"},"north":{"uv":[8.25,4.5,8.5,5],"texture":"#0"}}},{"to":[5.65005,17.31216,7.8375],"rotation":{"origin":[10.05481,17.25,7.525],"angle":-45,"axis":"x"},"from":[5.60005,17.18784,7.2125],"faces":{"west":{"rotation":90,"uv":[6.25,4.5,6.75,5.25],"texture":"#0"},"south":{"uv":[3.75,4,4,4.5],"texture":"#0"}}},{"to":[5.65,17.5625,7.58716],"rotation":{"origin":[10.05481,17.25,7.525],"angle":-22.5,"axis":"x"},"from":[5.6,16.9375,7.46284],"faces":{"west":{"uv":[5.25,4.5,5.75,5.25],"texture":"#0"},"up":{"rotation":180,"uv":[7.25,4.25,7.5,4.75],"texture":"#0"}}},{"to":[5.65,17.5625,7.58716],"rotation":{"origin":[10.05481,17.25,7.525],"angle":22.5,"axis":"x"},"from":[5.6,16.9375,7.46284],"faces":{"west":{"uv":[5.25,4.5,5.75,5.25],"texture":"#0"},"up":{"uv":[3.25,4,3.5,4.5],"texture":"#0"}}},{"to":[5.65005,17.5625,7.58716],"rotation":{"origin":[10.05481,17.25,7.525],"angle":0,"axis":"y"},"from":[5.60005,16.9375,7.46284],"faces":{"west":{"uv":[6.25,4.5,6.75,5.25],"texture":"#0"},"up":{"uv":[3.25,4,3.5,4.5],"texture":"#0"}}},{"to":[10.325,17.875,7.64932],"rotation":{"origin":[10.05481,17.25,7.525],"angle":22.5,"axis":"x"},"from":[5.975,16.625,7.40068],"faces":{"west":{"uv":[12.5,7.5,13,8],"texture":"#1"},"east":{"uv":[9.5,7.25,10.25,8.25],"texture":"#1"},"up":{"rotation":180,"uv":[7.75,15.5,11.75,16],"texture":"#1"}}},{"to":[10.325,17.875,7.64932],"rotation":{"origin":[10.05481,17.25,7.525],"angle":-22.5,"axis":"x"},"from":[5.975,16.625,7.40068],"faces":{"west":{"uv":[12.5,7.5,13,8],"texture":"#1"},"east":{"uv":[9.5,7.25,10.25,8.25],"texture":"#1"},"up":{"rotation":180,"uv":[7,12.25,11,12.75],"texture":"#1"}}},{"to":[10.325,17.875,7.64932],"rotation":{"origin":[10.05481,17.25,7.525],"angle":45,"axis":"x"},"from":[5.975,16.625,7.40068],"faces":{"west":{"uv":[12.5,7.5,13,8],"texture":"#1"},"east":{"uv":[9.5,7.25,10.25,8.25],"texture":"#1"},"up":{"rotation":180,"uv":[5.75,12,9.75,12.5],"texture":"#1"}}},{"to":[10.325,17.875,7.64932],"rotation":{"origin":[10.05481,17.25,7.525],"angle":-45,"axis":"x"},"from":[5.975,16.625,7.40068],"faces":{"west":{"uv":[12.5,7.5,13,8],"texture":"#1"},"east":{"uv":[9.5,7.25,10.25,8.25],"texture":"#1"},"up":{"rotation":180,"uv":[3,12.25,7,12.75],"texture":"#1"}}},{"to":[10.325,17.37432,8.15],"rotation":{"origin":[10.05481,17.25,7.525],"angle":-22.5,"axis":"x"},"from":[5.975,17.12568,6.9],"faces":{"west":{"rotation":90,"uv":[12.5,7.5,13,8],"texture":"#1"},"east":{"uv":[9.5,7.25,10.25,7.75],"texture":"#1"},"north":{"uv":[6.25,5,10.25,5.5],"texture":"#1"},"south":{"uv":[5.25,4.75,9.25,5.25],"texture":"#1"}}},{"to":[10.325,17.37432,8.15],"rotation":{"origin":[10.05481,17.25,7.525],"angle":22.5,"axis":"x"},"from":[5.975,17.12568,6.9],"faces":{"west":{"rotation":270,"uv":[12.5,7.5,13,8],"texture":"#1"},"east":{"uv":[9.5,7.25,10.25,7.75],"texture":"#1"},"north":{"uv":[0.5,4.75,4.5,5.25],"texture":"#1"},"south":{"uv":[6.25,5,10.25,5.5],"texture":"#1"}}},{"to":[10.325,17.37432,8.15],"rotation":{"origin":[10.05481,17.25,7.525],"angle":0,"axis":"y"},"from":[5.975,17.12568,6.9],"faces":{"west":{"uv":[12.5,7.5,13,8],"texture":"#1"},"north":{"uv":[3,12.25,7,12.75],"texture":"#1"},"south":{"uv":[0,12,4,12.5],"texture":"#1"}}},{"to":[10.69025,17.93083,7.64932],"rotation":{"origin":[10.05481,17.25,7.525],"angle":-22.5,"axis":"z"},"from":[10.06525,17.43083,7.40068],"faces":{"north":{"rotation":180,"uv":[8.75,10.75,9.25,11.25],"texture":"#1"},"up":{"uv":[6.25,15.5,7,16],"texture":"#1"},"south":{"rotation":180,"uv":[11.25,10,11.75,10.5],"texture":"#1"}}},{"to":[10.69025,17.37432,8.20583],"rotation":{"origin":[10.05481,17.25,7.525],"angle":22.5,"axis":"y"},"from":[10.06525,17.12568,7.70583],"faces":{"down":{"rotation":180,"uv":[4.5,12,5,12.5],"texture":"#1"},"up":{"rotation":180,"uv":[4.5,12,5,12.5],"texture":"#1"},"south":{"uv":[0,12,0.75,12.5],"texture":"#1"}}},{"to":[10.69025,17.37432,7.34418],"rotation":{"origin":[10.05481,17.25,7.525],"angle":-22.5,"axis":"y"},"from":[10.06525,17.12568,6.84418],"faces":{"down":{"rotation":180,"uv":[4.5,12,5,12.5],"texture":"#1"},"north":{"uv":[0,12,0.75,12.5],"texture":"#1"},"up":{"rotation":180,"uv":[4.5,12,5,12.5],"texture":"#1"}}},{"to":[10.325,17.875,7.64933],"rotation":{"origin":[10.05481,17.25,7.525],"angle":0,"axis":"y"},"from":[5.975,16.625,7.40068],"faces":{"west":{"uv":[12.5,7.5,13,8],"texture":"#1"},"up":{"rotation":180,"uv":[7.5,12.25,11.5,12.75],"texture":"#1"}}},{"to":[10.5625,17.775,7.74246],"rotation":{"origin":[10.05481,17.25,7.525],"angle":-45,"axis":"x"},"from":[10.325,16.725,7.30754],"faces":{"east":{"uv":[9.5,7.25,10.25,8.25],"texture":"#1"},"up":{"uv":[4.75,12.25,5.25,13],"texture":"#1"}}},{"to":[10.5625,17.775,7.74246],"rotation":{"origin":[10.05481,17.25,7.525],"angle":45,"axis":"x"},"from":[10.325,16.725,7.30754],"faces":{"east":{"uv":[9.5,7.25,10.25,8.25],"texture":"#1"},"up":{"rotation":180,"uv":[4.75,12.25,5.25,13],"texture":"#1"}}},{"to":[10.5625,17.46746,8.05],"rotation":{"origin":[10.05481,17.25,7.525],"angle":0,"axis":"y"},"from":[10.325,17.03254,7],"faces":{"east":{"uv":[9.5,7.25,10.25,8.25],"texture":"#1"},"north":{"uv":[3,4.75,3.5,5.5],"texture":"#1"},"south":{"uv":[3,4.75,3.5,5.5],"texture":"#1"}}},{"to":[11.4625,17.6875,7.61203],"rotation":{"origin":[10.05481,17.25,7.525],"angle":0,"axis":"y"},"from":[10.4625,16.8125,7.43798],"faces":{"east":{"uv":[5.25,10.5,5.75,11],"texture":"#1"},"up":{"rotation":180,"uv":[14,15.75,15,16],"texture":"#1"}}},{"to":[11.4625,17.6875,7.61203],"rotation":{"origin":[10.05481,17.25,7.525],"angle":22.5,"axis":"x"},"from":[10.4625,16.8125,7.43798],"faces":{"east":{"uv":[5.25,10.5,5.75,11],"texture":"#1"},"up":{"rotation":180,"uv":[14,15.75,15,16],"texture":"#1"}}},{"to":[11.4625,17.6875,7.61203],"rotation":{"origin":[10.05481,17.25,7.525],"angle":-22.5,"axis":"x"},"from":[10.4625,16.8125,7.43798],"faces":{"east":{"uv":[5.25,10.5,5.75,11],"texture":"#1"},"up":{"rotation":180,"uv":[14,15.75,15,16],"texture":"#1"}}},{"to":[11.4625,17.6875,7.61203],"rotation":{"origin":[10.05481,17.25,7.525],"angle":45,"axis":"x"},"from":[10.4625,16.8125,7.43798],"faces":{"east":{"uv":[5.25,10.5,5.75,11],"texture":"#1"},"up":{"rotation":180,"uv":[14,15.75,15,16],"texture":"#1"}}},{"to":[11.4625,17.6875,7.61203],"rotation":{"origin":[10.05481,17.25,7.525],"angle":-45,"axis":"x"},"from":[10.4625,16.8125,7.43798],"faces":{"east":{"uv":[5.25,10.5,5.75,11],"texture":"#1"},"up":{"rotation":180,"uv":[14,15.75,15,16],"texture":"#1"}}},{"to":[11.4625,17.33703,7.9625],"rotation":{"origin":[10.05481,17.25,7.525],"angle":-22.5,"axis":"x"},"from":[10.4625,17.16298,7.0875],"faces":{"east":{"uv":[5.25,10.5,5.75,11],"texture":"#1"},"north":{"rotation":180,"uv":[3,5.25,4,5.5],"texture":"#1"},"south":{"rotation":180,"uv":[6.75,4.75,7.75,5],"texture":"#1"}}},{"to":[11.4625,17.33703,7.9625],"rotation":{"origin":[10.05481,17.25,7.525],"angle":22.5,"axis":"x"},"from":[10.4625,17.16298,7.0875],"faces":{"east":{"uv":[5.25,10.5,5.75,11],"texture":"#1"},"north":{"rotation":180,"uv":[1.5,4.75,2.5,5],"texture":"#1"},"south":{"rotation":180,"uv":[8,5.25,9,5.5],"texture":"#1"}}},{"to":[11.4625,17.33703,7.9625],"rotation":{"origin":[10.05481,17.25,7.525],"angle":0,"axis":"y"},"from":[10.4625,17.16298,7.0875],"faces":{"east":{"uv":[5.25,10.5,5.75,11],"texture":"#1"},"north":{"rotation":180,"uv":[2,5,3,5.25],"texture":"#1"},"south":{"rotation":180,"uv":[5,5,6,5.25],"texture":"#1"}}},{"to":[12.0625,17.65,7.60457],"rotation":{"origin":[10.05481,17.25,7.525],"angle":0,"axis":"y"},"from":[11.4625,16.85,7.44544],"faces":{"east":{"uv":[11,7.5,11.5,8],"texture":"#2"},"up":{"uv":[2.25,4.5,2.75,4.75],"texture":"#2"}}},{"to":[12.0625,17.65,7.60457],"rotation":{"origin":[10.05481,17.25,7.525],"angle":-22.5,"axis":"x"},"from":[11.4625,16.85,7.44544],"faces":{"east":{"uv":[11,7.5,11.5,8],"texture":"#2"},"up":{"uv":[7.5,4.25,8,4.5],"texture":"#2"}}},{"to":[12.0625,17.65,7.60457],"rotation":{"origin":[10.05481,17.25,7.525],"angle":22.5,"axis":"x"},"from":[11.4625,16.85,7.44544],"faces":{"east":{"uv":[11,7.5,11.5,8],"texture":"#2"},"up":{"uv":[5.5,4.25,6,4.5],"texture":"#2"}}},{"to":[12.0625,17.65,7.60457],"rotation":{"origin":[10.05481,17.25,7.525],"angle":-45,"axis":"x"},"from":[11.4625,16.85,7.44544],"faces":{"east":{"uv":[11,7.5,11.5,8],"texture":"#2"},"up":{"rotation":180,"uv":[6.5,4.75,7,5],"texture":"#2"}}},{"to":[12.0625,17.65,7.60457],"rotation":{"origin":[10.05481,17.25,7.525],"angle":45,"axis":"x"},"from":[11.4625,16.85,7.44544],"faces":{"east":{"uv":[11,7.5,11.5,8],"texture":"#2"},"up":{"uv":[8.5,4.75,9,5],"texture":"#2"}}},{"to":[12.0625,17.32957,7.925],"rotation":{"origin":[10.05481,17.25,7.525],"angle":22.5,"axis":"x"},"from":[11.4625,17.17044,7.125],"faces":{"east":{"rotation":90,"uv":[11,7.5,11.5,8],"texture":"#2"},"north":{"rotation":180,"uv":[5.5,11.5,6,11.75],"texture":"#2"},"south":{"rotation":180,"uv":[1.25,9.75,1.75,10],"texture":"#2"}}},{"to":[12.0625,17.32957,7.925],"rotation":{"origin":[10.05481,17.25,7.525],"angle":-22.5,"axis":"x"},"from":[11.4625,17.17044,7.125],"faces":{"east":{"rotation":270,"uv":[11,7.5,11.5,8],"texture":"#2"},"north":{"rotation":180,"uv":[2.5,10,3,10.5],"texture":"#2"},"south":{"rotation":180,"uv":[5.5,11.5,6,11.75],"texture":"#2"}}},{"to":[12.0625,17.32957,7.925],"rotation":{"origin":[10.05481,17.25,7.525],"angle":0,"axis":"y"},"from":[11.4625,17.17044,7.125],"faces":{"east":{"uv":[11,7.5,11.5,8],"texture":"#2"},"north":{"rotation":180,"uv":[5.5,11,6,11.25],"texture":"#2"},"south":{"rotation":180,"uv":[5.5,11,6,11.25],"texture":"#2"}}},{"to":[12.4125,17.625,7.59959],"rotation":{"origin":[10.05481,17.25,7.525],"angle":0,"axis":"y"},"from":[12.0625,16.875,7.45041],"faces":{"east":{"uv":[11,7.5,11.5,8],"texture":"#2"},"up":{"uv":[4.75,4.5,5.25,4.75],"texture":"#2"}}},{"to":[12.4125,17.625,7.59959],"rotation":{"origin":[10.05481,17.25,7.525],"angle":22.5,"axis":"x"},"from":[12.0625,16.875,7.45041],"faces":{"east":{"uv":[11,7.5,11.5,8],"texture":"#2"},"up":{"uv":[12.75,2.25,13.25,2.5],"texture":"#2"}}},{"to":[12.4125,17.625,7.59959],"rotation":{"origin":[10.05481,17.25,7.525],"angle":-22.5,"axis":"x"},"from":[12.0625,16.875,7.45041],"faces":{"east":{"uv":[11,7.5,11.5,8],"texture":"#2"},"up":{"uv":[8.5,4.25,9,4.5],"texture":"#2"}}},{"to":[12.4125,17.625,7.59959],"rotation":{"origin":[10.05481,17.25,7.525],"angle":45,"axis":"x"},"from":[12.0625,16.875,7.45041],"faces":{"east":{"uv":[11,7.5,11.5,8],"texture":"#2"},"up":{"uv":[9.25,4.75,9.75,5],"texture":"#2"}}},{"to":[12.4125,17.625,7.59959],"rotation":{"origin":[10.05481,17.25,7.525],"angle":-45,"axis":"x"},"from":[12.0625,16.875,7.45041],"faces":{"east":{"uv":[11,7.5,11.5,8],"texture":"#2"},"up":{"rotation":180,"uv":[5.75,4.75,6.25,5],"texture":"#2"}}},{"to":[12.4125,17.32459,7.9],"rotation":{"origin":[10.05481,17.25,7.525],"angle":-22.5,"axis":"x"},"from":[12.0625,17.17541,7.15],"faces":{"east":{"rotation":270,"uv":[11,7.5,11.5,8],"texture":"#2"},"north":{"rotation":180,"uv":[2.5,10,3,10.5],"texture":"#2"},"south":{"rotation":180,"uv":[6.25,11.5,6.75,11.75],"texture":"#2"}}},{"to":[12.4125,17.32459,7.9],"rotation":{"origin":[10.05481,17.25,7.525],"angle":22.5,"axis":"x"},"from":[12.0625,17.17541,7.15],"faces":{"east":{"rotation":90,"uv":[11,7.5,11.5,8],"texture":"#2"},"north":{"rotation":180,"uv":[4.75,11.5,5.25,11.75],"texture":"#2"},"south":{"rotation":180,"uv":[1.25,9.75,1.75,10],"texture":"#2"}}},{"to":[12.4125,17.32459,7.9],"rotation":{"origin":[10.05481,17.25,7.525],"angle":0,"axis":"y"},"from":[12.0625,17.17541,7.15],"faces":{"east":{"uv":[11,7.5,11.5,8],"texture":"#2"},"north":{"rotation":180,"uv":[6.5,11,7,11.25],"texture":"#2"},"south":{"rotation":180,"uv":[5.5,11,6,11.25],"texture":"#2"}}},{"to":[12.6375,17.6,7.59462],"rotation":{"origin":[10.05481,17.25,7.525],"angle":0,"axis":"y"},"from":[12.4125,16.9,7.45538],"faces":{"east":{"uv":[11,7.5,11.5,8],"texture":"#2"},"up":{"uv":[4.5,4,5,4.25],"texture":"#2"}}},{"to":[12.6375,17.6,7.59462],"rotation":{"origin":[10.05481,17.25,7.525],"angle":-22.5,"axis":"x"},"from":[12.4125,16.9,7.45538],"faces":{"east":{"uv":[11,7.5,11.5,8],"texture":"#2"},"up":{"uv":[8.75,4.25,9.25,4.5],"texture":"#2"}}},{"to":[12.6375,17.6,7.59462],"rotation":{"origin":[10.05481,17.25,7.525],"angle":22.5,"axis":"x"},"from":[12.4125,16.9,7.45538],"faces":{"east":{"uv":[11,7.5,11.5,8],"texture":"#2"},"up":{"uv":[10.5,2.75,11,3],"texture":"#2"}}},{"to":[12.6375,17.6,7.59462],"rotation":{"origin":[10.05481,17.25,7.525],"angle":-45,"axis":"x"},"from":[12.4125,16.9,7.45538],"faces":{"east":{"uv":[11,7.5,11.5,8],"texture":"#2"},"up":{"rotation":180,"uv":[7.5,4.75,8,5],"texture":"#2"}}},{"to":[12.6375,17.31962,7.875],"rotation":{"origin":[10.05481,17.25,7.525],"angle":22.5,"axis":"x"},"from":[12.4125,17.18038,7.175],"faces":{"east":{"rotation":90,"uv":[11,7.5,11.5,8],"texture":"#2"},"north":{"rotation":180,"uv":[6.75,11.5,7.25,11.75],"texture":"#2"},"south":{"rotation":180,"uv":[1.25,9.75,1.75,10],"texture":"#2"}}},{"to":[12.6375,17.6,7.59462],"rotation":{"origin":[10.05481,17.25,7.525],"angle":45,"axis":"x"},"from":[12.4125,16.9,7.45538],"faces":{"east":{"uv":[11,7.5,11.5,8],"texture":"#2"},"up":{"uv":[9,4.75,9.5,5],"texture":"#2"}}},{"to":[12.6375,17.31962,7.875],"rotation":{"origin":[10.05481,17.25,7.525],"angle":-22.5,"axis":"x"},"from":[12.4125,17.18038,7.175],"faces":{"east":{"rotation":270,"uv":[11,7.5,11.5,8],"texture":"#2"},"north":{"rotation":180,"uv":[2.5,10,3,10.5],"texture":"#2"},"south":{"rotation":180,"uv":[6.25,11.5,6.75,11.75],"texture":"#2"}}},{"to":[12.6375,17.31962,7.875],"rotation":{"origin":[10.05481,17.25,7.525],"angle":0,"axis":"y"},"from":[12.4125,17.18038,7.175],"faces":{"east":{"uv":[11,7.5,11.5,8],"texture":"#2"},"north":{"rotation":180,"uv":[4.75,11,5.25,11.25],"texture":"#2"},"south":{"rotation":180,"uv":[5.5,11,6,11.25],"texture":"#2"}}},{"to":[12.8125,17.575,7.58965],"rotation":{"origin":[10.05481,17.25,7.525],"angle":0,"axis":"y"},"from":[12.6375,16.925,7.46036],"faces":{"east":{"uv":[11,7.5,11.5,8],"texture":"#2"},"up":{"uv":[3.25,4,3.75,4.25],"texture":"#2"}}},{"to":[12.8125,17.575,7.58965],"rotation":{"origin":[10.05481,17.25,7.525],"angle":22.5,"axis":"x"},"from":[12.6375,16.925,7.46036],"faces":{"east":{"uv":[11,7.5,11.5,8],"texture":"#2"},"up":{"uv":[11.25,3.25,11.75,3.5],"texture":"#2"}}},{"to":[12.8125,17.575,7.58965],"rotation":{"origin":[10.05481,17.25,7.525],"angle":-22.5,"axis":"x"},"from":[12.6375,16.925,7.46036],"faces":{"east":{"uv":[11,7.5,11.5,8],"texture":"#2"},"up":{"uv":[11,3,11.5,3.25],"texture":"#2"}}},{"to":[12.8125,17.575,7.58965],"rotation":{"origin":[10.05481,17.25,7.525],"angle":45,"axis":"x"},"from":[12.6375,16.925,7.46036],"faces":{"east":{"uv":[11,7.5,11.5,8],"texture":"#2"},"up":{"uv":[6.5,4.75,7,5],"texture":"#2"}}},{"to":[12.8125,17.575,7.58965],"rotation":{"origin":[10.05481,17.25,7.525],"angle":-45,"axis":"x"},"from":[12.6375,16.925,7.46036],"faces":{"east":{"uv":[11,7.5,11.5,8],"texture":"#2"},"up":{"rotation":180,"uv":[8,4.75,8.5,5],"texture":"#2"}}},{"to":[12.8125,17.31465,7.85],"rotation":{"origin":[10.05481,17.25,7.525],"angle":-22.5,"axis":"x"},"from":[12.6375,17.18536,7.2],"faces":{"east":{"rotation":270,"uv":[11,7.5,11.5,8],"texture":"#2"},"north":{"rotation":180,"uv":[2.5,10,3,10.5],"texture":"#2"},"south":{"rotation":180,"uv":[7.5,11.5,8,11.75],"texture":"#2"}}},{"to":[12.8125,17.31465,7.85],"rotation":{"origin":[10.05481,17.25,7.525],"angle":22.5,"axis":"x"},"from":[12.6375,17.18536,7.2],"faces":{"east":{"rotation":90,"uv":[11,7.5,11.5,8],"texture":"#2"},"north":{"rotation":180,"uv":[7,11.5,7.5,11.75],"texture":"#2"},"south":{"rotation":180,"uv":[1.25,9.75,1.75,10],"texture":"#2"}}},{"to":[12.8125,17.31465,7.85],"rotation":{"origin":[10.05481,17.25,7.525],"angle":0,"axis":"y"},"from":[12.6375,17.18536,7.2],"faces":{"east":{"uv":[11,7.5,11.5,8],"texture":"#2"},"north":{"rotation":180,"uv":[6.25,11,6.75,11.25],"texture":"#2"},"south":{"rotation":180,"uv":[5.5,11,6,11.25],"texture":"#2"}}},{"to":[13.01277,18.58249,7.625],"rotation":{"origin":[10.05481,17.25,7.525],"angle":-22.5,"axis":"z"},"from":[12.48777,18.38249,7.425],"faces":{"east":{"uv":[7.5,2,8,2.5],"texture":"#2"},"north":{"uv":[6,4.5,6.5,5],"texture":"#2"},"up":{"uv":[4,4,4.5,4.5],"texture":"#2"},"south":{"uv":[5.75,4.5,6.25,5],"texture":"#2"}}},{"to":[13.01278,17.35,8.85749],"rotation":{"origin":[10.05481,17.25,7.525],"angle":22.5,"axis":"y"},"from":[12.48778,17.15,8.63249],"faces":{"east":{"uv":[7.5,2,8,2.5],"texture":"#2"},"up":{"uv":[6.5,4.75,7,5.25],"texture":"#2"},"south":{"rotation":180,"uv":[4.75,11.25,5.25,11.75],"texture":"#2"}}},{"to":[13.01278,17.35,6.41751],"rotation":{"origin":[10.05481,17.25,7.525],"angle":-22.5,"axis":"y"},"from":[12.48778,17.15,6.19251],"faces":{"east":{"uv":[7.5,2,8,2.5],"texture":"#2"},"north":{"rotation":180,"uv":[4.75,11.25,5.25,11.75],"texture":"#2"},"up":{"rotation":180,"uv":[6.5,4.75,7,5.25],"texture":"#2"}}},{"to":[5.775,17.875,7.64933],"rotation":{"origin":[10.05481,17.25,7.525],"angle":0,"axis":"y"},"from":[5.64995,16.625,7.40068],"faces":{"west":{"uv":[8.25,4,8.75,6],"texture":"#1"},"east":{"uv":[12.5,7.5,13,8],"texture":"#1"},"up":{"rotation":180,"uv":[8.25,15.5,8.75,16],"texture":"#1"}}},{"to":[5.77505,17.875,7.64933],"rotation":{"origin":[10.05481,17.25,7.525],"angle":22.5,"axis":"x"},"from":[5.65,16.625,7.40068],"faces":{"west":{"uv":[7.25,4,7.75,6],"texture":"#1"},"east":{"uv":[12.5,7.5,13,8],"texture":"#1"},"up":{"rotation":180,"uv":[8.25,15.5,8.75,16],"texture":"#1"}}},{"to":[5.77505,17.875,7.64933],"rotation":{"origin":[10.05481,17.25,7.525],"angle":-22.5,"axis":"x"},"from":[5.65,16.625,7.40068],"faces":{"west":{"uv":[7.25,4,7.75,6],"texture":"#1"},"east":{"uv":[12.5,7.5,13,8],"texture":"#1"},"up":{"rotation":180,"uv":[8.25,15.5,8.75,16],"texture":"#1"}}},{"to":[5.775,17.875,7.64933],"rotation":{"origin":[10.05481,17.25,7.525],"angle":45,"axis":"x"},"from":[5.64995,16.625,7.40068],"faces":{"west":{"uv":[10.75,4.5,11.25,6.5],"texture":"#1"},"east":{"uv":[12.5,7.5,13,8],"texture":"#1"},"up":{"uv":[3.75,4.75,4.25,5.25],"texture":"#1"}}},{"to":[5.775,17.875,7.64933],"rotation":{"origin":[10.05481,17.25,7.525],"angle":-45,"axis":"x"},"from":[5.64995,16.625,7.40068],"faces":{"west":{"uv":[6.75,4.5,7.25,6.5],"texture":"#1"},"east":{"uv":[12.5,7.5,13,8],"texture":"#1"},"up":{"rotation":180,"uv":[7.75,4.75,8.25,5.25],"texture":"#1"}}},{"to":[5.77505,17.37433,8.15],"rotation":{"origin":[10.05481,17.25,7.525],"angle":-22.5,"axis":"x"},"from":[5.65,17.12568,6.9],"faces":{"west":{"rotation":90,"uv":[0.5,4.75,1,6.75],"texture":"#1"},"east":{"rotation":270,"uv":[12.5,7.5,13,8],"texture":"#1"},"north":{"rotation":180,"uv":[6.75,8,7.25,8.5],"texture":"#1"},"south":{"uv":[5.25,5.5,5.75,6],"texture":"#1"}}},{"to":[5.77505,17.37433,8.15],"rotation":{"origin":[10.05481,17.25,7.525],"angle":22.5,"axis":"x"},"from":[5.65,17.12568,6.9],"faces":{"west":{"rotation":270,"uv":[0.75,4.75,1.25,6.75],"texture":"#1"},"east":{"rotation":90,"uv":[12.5,7.5,13,8],"texture":"#1"},"north":{"uv":[6.75,5.5,7.25,6],"texture":"#1"},"south":{"rotation":180,"uv":[6,8,6.5,8.5],"texture":"#1"}}},{"to":[5.775,17.37433,8.15],"rotation":{"origin":[10.05481,17.25,7.525],"angle":0,"axis":"y"},"from":[5.64995,17.12568,6.9],"faces":{"west":{"rotation":90,"uv":[7.25,9.5,7.75,11.5],"texture":"#1"},"east":{"uv":[12.5,7.5,13,8],"texture":"#1"},"north":{"rotation":180,"uv":[4.25,8.25,4.75,8.75],"texture":"#1"},"south":{"rotation":180,"uv":[6.25,8.25,6.75,8.75],"texture":"#1"}}},{"to":[5.975,17.75,7.62446],"rotation":{"origin":[10.05481,17.25,7.525],"angle":0,"axis":"y"},"from":[5.77495,16.75,7.42555],"faces":{"up":{"rotation":180,"uv":[6.75,12.25,7.25,12.75],"texture":"#1"}}},{"to":[5.975,17.75,7.62446],"rotation":{"origin":[10.05481,17.25,7.525],"angle":22.5,"axis":"x"},"from":[5.77495,16.75,7.42555],"faces":{"up":{"rotation":180,"uv":[6.75,12.25,7.25,12.75],"texture":"#1"}}},{"to":[5.975,17.75,7.62446],"rotation":{"origin":[10.05481,17.25,7.525],"angle":-22.5,"axis":"x"},"from":[5.77495,16.75,7.42555],"faces":{"up":{"rotation":180,"uv":[6.75,12.25,7.25,12.75],"texture":"#1"}}},{"to":[5.975,17.75,7.62446],"rotation":{"origin":[10.05481,17.25,7.525],"angle":45,"axis":"x"},"from":[5.77495,16.75,7.42555],"faces":{"up":{"rotation":180,"uv":[6.75,12.25,7.25,12.75],"texture":"#1"}}},{"to":[5.975,17.34946,8.025],"rotation":{"origin":[10.05481,17.25,7.525],"angle":-22.5,"axis":"x"},"from":[5.77495,17.15055,7.025],"faces":{"north":{"rotation":180,"uv":[3,8,3.5,8.5],"texture":"#1"},"south":{"uv":[3.25,4.75,3.75,5.25],"texture":"#1"}}},{"to":[5.975,17.75,7.62446],"rotation":{"origin":[10.05481,17.25,7.525],"angle":-45,"axis":"x"},"from":[5.77495,16.75,7.42555],"faces":{"up":{"rotation":180,"uv":[6.75,12.25,7.25,12.75],"texture":"#1"}}},{"to":[5.975,17.34946,8.025],"rotation":{"origin":[10.05481,17.25,7.525],"angle":22.5,"axis":"x"},"from":[5.77495,17.15055,7.025],"faces":{"north":{"uv":[3.25,4.75,3.75,5.25],"texture":"#1"},"south":{"rotation":180,"uv":[3,8,3.5,8.5],"texture":"#1"}}},{"to":[10.41517,17.06,9.34389],"rotation":{"origin":[9.53359,14.39322,12.5],"angle":0,"axis":"y"},"from":[5.46517,15.86,8.10389],"faces":{"up":{"rotation":180,"uv":[1.5,10.75,3.75,11.75],"texture":"#1"}}},{"to":[11.46517,17.06,7.94389],"rotation":{"origin":[9.53359,14.39322,12.5],"angle":0,"axis":"y"},"from":[10.41517,15.86,6.90389],"faces":{"up":{"rotation":180,"uv":[6.5,11,7.5,12],"texture":"#1"}}},{"to":[10.41517,17.06,8.04389],"rotation":{"origin":[9.53359,14.39322,12.5],"angle":0,"axis":"y"},"from":[5.46517,15.86,6.80389],"faces":{"up":{"rotation":180,"uv":[6.5,11,8.75,12],"texture":"#1"}}},{"to":[11.46517,17.06,9.24389],"rotation":{"origin":[9.53359,14.39322,12.5],"angle":0,"axis":"y"},"from":[10.41517,15.86,8.20389],"faces":{"up":{"rotation":180,"uv":[11,10,12,11],"texture":"#1"}}},{"to":[13.04017,17.061,7.89389],"rotation":{"origin":[9.53359,14.39322,12.5],"angle":0,"axis":"y"},"from":[11.46517,15.861,6.95389],"faces":{"up":{"rotation":180,"uv":[6.5,11,7.5,12],"texture":"#2"}}},{"to":[13.04017,17.061,9.19389],"rotation":{"origin":[9.53359,14.39322,12.5],"angle":0,"axis":"y"},"from":[11.46517,15.861,8.25389],"faces":{"up":{"rotation":180,"uv":[11,10,12,11],"texture":"#2"}}},{"to":[13.39017,17.06,8.92889],"rotation":{"origin":[13.19017,16.46,8.72889],"angle":45,"axis":"y"},"from":[12.79017,15.86,8.32889],"faces":{"up":{"rotation":180,"uv":[11,10,12,11],"texture":"#2"}}},{"to":[14.01517,17.05781,9.39389],"rotation":{"origin":[9.63359,14.39322,12.5],"angle":0,"axis":"y"},"from":[5.41517,15.85781,6.75389],"faces":{"up":{"rotation":180,"uv":[7,10.25,9.25,11.25],"texture":"#1_1"}}},{"to":[13.39017,17.06,7.62889],"rotation":{"origin":[13.19017,16.46,7.42889],"angle":45,"axis":"y"},"from":[12.79017,15.86,7.02889],"faces":{"up":{"rotation":180,"uv":[11,10,12,11],"texture":"#2"}}}],"display":{"thirdperson_righthand":{"rotation":[0,100,0],"scale":[0.25,0.25,0.25],"translation":[0,-1.5,0]},"head":{"scale":[0.5,0.5,0.5]},"thirdperson_lefthand":{"rotation":[0,-80,0],"scale":[0.25,0.25,0.25],"translation":[0,-1.5,0]},"gui":{"rotation":[0,0,-30],"translation":[-3,-1.5,0]},"firstperson_lefthand":{"rotation":[123,-71,140],"scale":[0.5,0.5,0.5],"translation":[1.5,0,3]},"firstperson_righthand":{"rotation":[-71,71,60],"scale":[0.5,0.5,0.5],"translation":[1.5,0,3]},"fixed":{"rotation":[0,-180,0],"scale":[0.5,0.5,0.5],"translation":[0.75,-2,-1]},"ground":{"translation":[0,1.5,0],"scale":[0.25,0.25,0.25]}},"credit":"thebradqq's guns"}