{"textures":{"particle":"mgs:gun/metal","1":"mgs:gun/stendetails2","0":"mgs:gun/stendetails","3":"mgs:gun/metal","2":"mgs:gun/metal_bright","5":"mgs:misc/reticles","4":"mgs:gun/metal_dark"},"credit":"thebradqq's guns","elements":[{"to":[32,8.09946,8.5],"rotation":{"origin":[27,8,8],"angle":45,"axis":"x"},"from":[15.501,7.90054,8.3],"faces":{"east":{"rotation":90,"uv":[8.25,11.25,8.5,11.75],"texture":"#4"},"north":{"uv":[0,11.75,16,12],"texture":"#4"},"south":{"uv":[0,5.25,16,5.5],"texture":"#4"}}},{"to":[32,8.09946,8.5],"rotation":{"origin":[27,8,8],"angle":22.5,"axis":"x"},"from":[15.5,7.90054,8.3],"faces":{"east":{"rotation":90,"uv":[4,11.5,4.25,12],"texture":"#4"},"north":{"uv":[0,11.5,16,11.75],"texture":"#4"},"south":{"uv":[0,5,16,5.25],"texture":"#4"}}},{"to":[32,8.09946,8.5],"rotation":{"origin":[27,8,8],"angle":0,"axis":"x"},"from":[15.501,7.90054,8.3],"faces":{"east":{"rotation":270,"uv":[0,5,0.25,5.5],"texture":"#4"},"north":{"uv":[0,11.25,16,11.5],"texture":"#4"},"south":{"uv":[0,12.25,16,12.5],"texture":"#4"}}},{"to":[32,8.09946,8.5],"rotation":{"origin":[27,8,8],"angle":-22.5,"axis":"x"},"from":[15.5,7.90054,8.3],"faces":{"east":{"rotation":270,"uv":[2,4.75,2.25,5.25],"texture":"#4"},"north":{"uv":[0,10.25,16,10.5],"texture":"#4"},"south":{"uv":[0,4.75,16,5],"texture":"#4"}}},{"to":[32,8.09946,8.5],"rotation":{"origin":[27,8,8],"angle":-45,"axis":"x"},"from":[15.501,7.90054,8.3],"faces":{"east":{"rotation":270,"uv":[10.5,4.5,10.75,5],"texture":"#4"},"north":{"uv":[0,8.5,16,8.75],"texture":"#4"},"south":{"uv":[0,4.5,16,4.75],"texture":"#4"}}},{"to":[32,8.09946,7.7],"rotation":{"origin":[27,8,8],"angle":45,"axis":"x"},"from":[15.501,7.90054,7.5],"faces":{"east":{"rotation":90,"uv":[10.5,4.5,10.75,5],"texture":"#4"},"north":{"uv":[16,4.5,0,4.75],"texture":"#4"},"south":{"uv":[0,8.5,16,8.75],"texture":"#4"}}},{"to":[32,8.09946,7.7],"rotation":{"origin":[27,8,8],"angle":22.5,"axis":"x"},"from":[15.5,7.90054,7.5],"faces":{"east":{"rotation":90,"uv":[2,4.75,2.25,5.25],"texture":"#4"},"north":{"uv":[0,4.75,16,5],"texture":"#4"},"south":{"uv":[0,10.25,16,10.5],"texture":"#4"}}},{"to":[32,8.09946,7.7],"rotation":{"origin":[27,8,8],"angle":0,"axis":"x"},"from":[15.501,7.90054,7.5],"faces":{"east":{"rotation":90,"uv":[0,5,0.25,5.5],"texture":"#4"},"north":{"uv":[0,12,16,12.25],"texture":"#4"},"south":{"uv":[0,11.25,16,11.5],"texture":"#4"}}},{"to":[32,8.09946,7.7],"rotation":{"origin":[27,8,8],"angle":-22.5,"axis":"x"},"from":[15.5,7.90054,7.5],"faces":{"east":{"rotation":270,"uv":[4,11.5,4.25,12],"texture":"#4"},"north":{"uv":[0,11.5,16,11.75],"texture":"#4"},"south":{"uv":[0,11.5,16,11.75],"texture":"#4"}}},{"to":[32,8.09946,7.7],"rotation":{"origin":[27,8,8],"angle":-45,"axis":"x"},"from":[15.501,7.90054,7.5],"faces":{"east":{"rotation":270,"uv":[8.25,11.25,8.5,11.75],"texture":"#4"},"north":{"uv":[0,5.25,16,5.5],"texture":"#4"},"south":{"uv":[0,11.75,16,12],"texture":"#4"}}},{"to":[32,7.7,8.09946],"rotation":{"origin":[27,8,8],"angle":22.5,"axis":"x"},"from":[15.5,7.5,7.90054],"faces":{"down":{"uv":[16,5.75,0,5.5],"texture":"#4"},"east":{"uv":[8.25,11.25,8.5,11.75],"texture":"#4"},"up":{"uv":[16,12.5,0,12.25],"texture":"#4"}}},{"to":[32,7.7,8.09946],"rotation":{"origin":[27,8,8],"angle":0,"axis":"x"},"from":[15.501,7.5,7.90054],"faces":{"down":{"uv":[16,8.25,0,8],"texture":"#4"},"east":{"uv":[8.25,11.25,8.5,11.75],"texture":"#4"},"up":{"uv":[16,12.5,0,12.25],"texture":"#4"}}},{"to":[32,7.7,8.09946],"rotation":{"origin":[27,8,8],"angle":-22.5,"axis":"x"},"from":[15.5,7.5,7.90054],"faces":{"down":{"uv":[16,5.75,0,5.5],"texture":"#4"},"east":{"uv":[8.25,11.25,8.5,11.75],"texture":"#4"},"up":{"uv":[16,12.5,0,12.25],"texture":"#4"}}},{"to":[32,8.5,8.09946],"rotation":{"origin":[27,8,8],"angle":22.5,"axis":"x"},"from":[15.5,8.3,7.90054],"faces":{"down":{"uv":[16,8.5,0,8.25],"texture":"#4"},"east":{"uv":[1.25,4.5,1.5,5],"texture":"#4"},"up":{"uv":[16,4.75,0,4.5],"texture":"#4"}}},{"to":[32,8.5,8.09946],"rotation":{"origin":[27,8,8],"angle":0,"axis":"x"},"from":[15.501,8.3,7.90054],"faces":{"down":{"uv":[16,8.25,0,8],"texture":"#4"},"east":{"uv":[1.25,4.5,1.5,5],"texture":"#4"},"up":{"uv":[16,4,0,3.75],"texture":"#4"}}},{"to":[32,8.5,8.09946],"rotation":{"origin":[27,8,8],"angle":-22.5,"axis":"x"},"from":[15.5,8.3,7.90054],"faces":{"down":{"uv":[16,8.5,0,8.25],"texture":"#4"},"east":{"uv":[1.25,4.5,1.5,5],"texture":"#4"},"up":{"uv":[16,4.75,0,4.5],"texture":"#4"}}},{"to":[22.5,8.2188,9.1],"rotation":{"origin":[15.25,8,8],"angle":45,"axis":"x"},"from":[3.5,7.7812,9],"faces":{"north":{"rotation":180,"uv":[3.25,12.5,16,12],"texture":"#4"},"south":{"rotation":180,"uv":[16,11.75,0,12.25],"texture":"#4"}}},{"to":[27,8.2188,9.1],"rotation":{"origin":[34.75,8,8],"angle":45,"axis":"x"},"from":[22.5,7.7812,9],"faces":{"east":{"uv":[9.5,10.75,9.75,10.5],"texture":"#4"},"north":{"rotation":180,"uv":[3.25,12.5,7.25,12],"texture":"#4"},"up":{"rotation":180,"uv":[13.25,4.75,9.5,5],"texture":"#4"},"south":{"rotation":180,"uv":[16,11.75,12.25,12.25],"texture":"#4"}}},{"to":[22.5,8.2188,9.1],"rotation":{"origin":[15.25,8,8],"angle":22.5,"axis":"x"},"from":[3.5,7.7812,9],"faces":{"north":{"rotation":180,"uv":[0.75,12.75,13.5,12.25],"texture":"#4"},"south":{"uv":[16,12.25,0,12.75],"texture":"#4"}}},{"to":[23.15,8.2188,9.1],"rotation":{"origin":[34.75,8,8],"angle":22.5,"axis":"x"},"from":[22.5,7.7812,9],"faces":{"east":{"uv":[9.75,12,10,11.5],"texture":"#4"},"north":{"rotation":180,"uv":[0.75,12.75,1,12.25],"texture":"#4"},"south":{"uv":[9.5,12.25,9.25,12.75],"texture":"#4"}}},{"to":[23.15,8.2188,7],"rotation":{"origin":[34.75,8,8],"angle":-22.5,"axis":"x"},"from":[22.5,7.7812,6.9],"faces":{"east":{"uv":[10,12,9.75,11.5],"texture":"#4"},"north":{"uv":[9.25,12.25,9.5,12.75],"texture":"#4"},"south":{"rotation":180,"uv":[1,12.75,0.75,12.25],"texture":"#4"}}},{"to":[24.65,8.2188,9.1],"rotation":{"origin":[34.75,8,8],"angle":22.5,"axis":"x"},"from":[23.65,7.7812,9],"faces":{"west":{"uv":[9.75,12,10,11.5],"texture":"#4"},"east":{"uv":[9.75,12,10,11.5],"texture":"#4"},"north":{"rotation":180,"uv":[0.75,12.75,1,12.25],"texture":"#4"},"south":{"uv":[10,12.25,9.25,12.75],"texture":"#4"}}},{"to":[24.65,8.2188,7],"rotation":{"origin":[34.75,8,8],"angle":-22.5,"axis":"x"},"from":[23.65,7.7812,6.9],"faces":{"west":{"uv":[10,12,9.75,11.5],"texture":"#4"},"east":{"uv":[10,12,9.75,11.5],"texture":"#4"},"north":{"uv":[9.25,12.25,10,12.75],"texture":"#4"},"south":{"rotation":180,"uv":[1,12.75,0.75,12.25],"texture":"#4"}}},{"to":[26.15,8.2188,9.1],"rotation":{"origin":[36.25,8,8],"angle":22.5,"axis":"x"},"from":[25.15,7.7812,9],"faces":{"west":{"uv":[9.75,12,10,11.5],"texture":"#4"},"east":{"uv":[9.75,12,10,11.5],"texture":"#4"},"north":{"rotation":180,"uv":[0.75,12.75,1,12.25],"texture":"#4"},"south":{"uv":[11,12.25,10.25,12.75],"texture":"#4"}}},{"to":[26.15,8.2188,7],"rotation":{"origin":[36.25,8,8],"angle":-22.5,"axis":"x"},"from":[25.15,7.7812,6.9],"faces":{"west":{"uv":[10,12,9.75,11.5],"texture":"#4"},"east":{"uv":[10,12,9.75,11.5],"texture":"#4"},"north":{"uv":[10.25,12.25,11,12.75],"texture":"#4"},"south":{"rotation":180,"uv":[1,12.75,0.75,12.25],"texture":"#4"}}},{"to":[27,8.2188,9.1],"rotation":{"origin":[37.75,8,8],"angle":22.5,"axis":"x"},"from":[26.65,7.7812,9],"faces":{"west":{"uv":[9.75,12,10,11.5],"texture":"#4"},"east":{"uv":[9.75,12,10,11.5],"texture":"#4"},"north":{"rotation":180,"uv":[0.75,12.75,1,12.25],"texture":"#4"},"south":{"uv":[9.5,12.25,9.25,12.75],"texture":"#4"}}},{"to":[27,8.2188,7],"rotation":{"origin":[37.75,8,8],"angle":-22.5,"axis":"x"},"from":[26.65,7.7812,6.9],"faces":{"west":{"uv":[10,12,9.75,11.5],"texture":"#4"},"east":{"uv":[10,12,9.75,11.5],"texture":"#4"},"north":{"uv":[9.25,12.25,9.5,12.75],"texture":"#4"},"south":{"rotation":180,"uv":[1,12.75,0.75,12.25],"texture":"#4"}}},{"to":[22.5,8.21882,9.09999],"rotation":{"origin":[15.25,8.00002,7.99999],"angle":0,"axis":"x"},"from":[3.5,7.78122,8.99999],"faces":{"north":{"rotation":180,"uv":[1,12.25,13.75,11.75],"texture":"#4"},"up":{"uv":[16,3.5,0,3.75],"texture":"#3"},"south":{"uv":[16,4.5,0,5],"texture":"#4"}}},{"to":[27,8.21882,9.09999],"rotation":{"origin":[34.75,8.00002,7.99999],"angle":0,"axis":"x"},"from":[22.5,7.78122,8.99999],"faces":{"down":{"rotation":180,"uv":[12,5.75,8.25,6],"texture":"#4"},"east":{"uv":[9.75,12.5,10,12],"texture":"#4"},"north":{"rotation":180,"uv":[1,12.25,5,11.75],"texture":"#4"},"south":{"uv":[11,4.5,14.75,5],"texture":"#4"}}},{"to":[22.5,8.21881,9.09999],"rotation":{"origin":[15.25,8.00001,7.99999],"angle":-22.5,"axis":"x"},"from":[14.7,7.78121,8.99999],"faces":{"west":{"uv":[7.75,4.25,8,4.75],"texture":"#4"},"north":{"rotation":180,"uv":[1,12,13.75,11.5],"texture":"#4"},"south":{"uv":[7.75,4.25,14.5,4.75],"texture":"#4"}}},{"to":[27,8.21881,9.09999],"rotation":{"origin":[34.75,8.00001,7.99999],"angle":-22.5,"axis":"x"},"from":[22.5,7.78121,8.99999],"faces":{"east":{"rotation":180,"uv":[11.5,5,11.75,4.5],"texture":"#4"},"north":{"rotation":180,"uv":[1,12,5,11.5],"texture":"#4"},"south":{"uv":[12.25,4.25,16,4.75],"texture":"#4"}}},{"to":[14.7,8.2,10.4],"rotation":{"origin":[14.5,8,8],"angle":-22.5,"axis":"x"},"from":[14.3,7.8,8.4],"faces":{"down":{"rotation":270,"uv":[10.5,8.25,8,7.75],"texture":"#4"},"west":{"rotation":180,"uv":[13.5,12.5,16,13],"texture":"#4"},"east":{"uv":[4,4.5,6.5,5],"texture":"#4"},"up":{"rotation":270,"uv":[7.75,2.25,5.25,1.75],"texture":"#4"}}},{"to":[14.9,8.75,8.75],"rotation":{"origin":[13.3,8,8],"angle":-22.5,"axis":"x"},"from":[11.8,7.25,7.25],"faces":{"down":{"uv":[16,11.75,13,10.25],"texture":"#4"},"west":{"rotation":180,"uv":[2.5,10.75,4,12.25],"texture":"#4"},"north":{"uv":[13,10.25,16,11.75],"texture":"#4"},"up":{"rotation":180,"uv":[16,12.25,13,10.75],"texture":"#4"},"south":{"rotation":180,"uv":[13,11.25,16,12.75],"texture":"#4"}}},{"to":[14.8,8.3,10.6],"rotation":{"origin":[14.5,8,8],"angle":-22.5,"axis":"x"},"from":[14.2,7.7,10.4],"faces":{"north":{"uv":[0.5,5,0,5.5],"texture":"#4"},"west":{"uv":[2,4.75,2.25,5.5],"texture":"#4"},"up":{"rotation":270,"uv":[5.25,2.25,5,1.5],"texture":"#4"},"down":{"uv":[6,8.5,5.75,7.75],"texture":"#4"},"east":{"uv":[3.25,4,3.5,4.75],"texture":"#4"},"south":{"uv":[8,2,8.75,2.75],"texture":"#4"}}},{"to":[14.8,8.3,9.7],"rotation":{"origin":[14.5,8,8],"angle":-22.5,"axis":"x"},"from":[14.2,7.7,9.5],"faces":{"north":{"uv":[0.5,5,0,5.5],"texture":"#4"},"west":{"uv":[2,4.75,2.25,5.5],"texture":"#4"},"up":{"rotation":270,"uv":[5.25,2.25,5,1.5],"texture":"#4"},"down":{"uv":[6,8.5,5.75,7.75],"texture":"#4"},"east":{"uv":[3.25,4,3.5,4.75],"texture":"#4"},"south":{"uv":[8,2,8.75,2.75],"texture":"#4"}}},{"to":[5.3,8.2188,9.1],"rotation":{"origin":[4.05,8,8],"angle":-22.5,"axis":"x"},"from":[3.5,7.7812,9],"faces":{"east":{"rotation":180,"uv":[7.75,4.25,8,4.75],"texture":"#4"},"south":{"uv":[7.75,4.25,9,4.75],"texture":"#4"}}},{"to":[22.5,8.2188,9.09999],"rotation":{"origin":[15.25,8,7.99999],"angle":-45,"axis":"x"},"from":[7.5,7.7812,8.99999],"faces":{"down":{"uv":[2.75,5.5,16,5.25],"texture":"#4"},"west":{"uv":[10.5,4.25,10.75,4.75],"texture":"#4"},"north":{"rotation":180,"uv":[1,11.75,13.75,11.25],"texture":"#4"},"up":{"uv":[2.75,4.75,16,4.5],"texture":"#4"},"south":{"uv":[2.75,4,15.25,3.5],"texture":"#4"}}},{"to":[27,8.2188,9.09999],"rotation":{"origin":[34.75,8,7.99999],"angle":-45,"axis":"x"},"from":[22.5,7.7812,8.99999],"faces":{"east":{"rotation":180,"uv":[11.75,4.75,12,4.25],"texture":"#4"},"north":{"rotation":180,"uv":[1,11.75,5,11.25],"texture":"#4"},"south":{"uv":[2.75,4,6.5,3.5],"texture":"#4"}}},{"to":[7,8.2188,9.09999],"rotation":{"origin":[15.25,8,7.99999],"angle":-45,"axis":"x"},"from":[3.5,7.7812,8.99999],"faces":{"down":{"uv":[2.75,8.75,5.25,8.5],"texture":"#4"},"east":{"uv":[9,3.75,9.25,4.25],"texture":"#4"},"north":{"rotation":180,"uv":[1,11.75,2,11.25],"texture":"#4"},"south":{"uv":[2.75,4,5.25,3.5],"texture":"#4"}}},{"to":[22.5,8.2188,7],"rotation":{"origin":[15.25,8,8],"angle":45,"axis":"x"},"from":[3.5,7.7812,6.9],"faces":{"north":{"uv":[0,4,16,3.5],"texture":"#4"},"south":{"rotation":180,"uv":[1,11.75,13.75,11.25],"texture":"#4"}}},{"to":[27,8.2188,7],"rotation":{"origin":[34.75,8,8],"angle":45,"axis":"x"},"from":[22.5,7.7812,6.9],"faces":{"east":{"rotation":180,"uv":[11.75,4.75,12,4.25],"texture":"#4"},"north":{"uv":[2.75,4,0,3.5],"texture":"#4"},"south":{"rotation":180,"uv":[1,11.75,5,11.25],"texture":"#4"}}},{"to":[22.5,8.2188,7],"rotation":{"origin":[15.25,8,8],"angle":22.5,"axis":"x"},"from":[3.5,7.7812,6.9],"faces":{"north":{"uv":[0,4.25,16,4.75],"texture":"#4"},"south":{"rotation":180,"uv":[1,12,13.75,11.5],"texture":"#4"}}},{"to":[27,8.2188,7],"rotation":{"origin":[34.75,8,8],"angle":22.5,"axis":"x"},"from":[22.5,7.7812,6.9],"faces":{"east":{"rotation":180,"uv":[11.5,5,11.75,4.5],"texture":"#4"},"north":{"uv":[7.75,4.25,4,4.75],"texture":"#4"},"south":{"rotation":180,"uv":[1,12,5,11.5],"texture":"#4"}}},{"to":[22.5,8.2188,7],"rotation":{"origin":[15.25,8,8],"angle":0,"axis":"x"},"from":[3.5,7.7812,6.9],"faces":{"north":{"uv":[16,4.5,0,5],"texture":"#4"},"south":{"rotation":180,"uv":[1,12.25,13.75,11.75],"texture":"#4"}}},{"to":[27,8.2188,7],"rotation":{"origin":[34.75,8,8],"angle":0,"axis":"x"},"from":[22.5,7.7812,6.9],"faces":{"down":{"rotation":180,"uv":[13,5.25,9.25,5.5],"texture":"#4"},"east":{"uv":[9.75,12.5,10,12],"texture":"#4"},"north":{"uv":[16,4.5,12.25,5],"texture":"#4"},"south":{"rotation":180,"uv":[1,12.25,5,11.75],"texture":"#4"}}},{"to":[22.5,8.2188,7],"rotation":{"origin":[15.25,8,8],"angle":-22.5,"axis":"x"},"from":[3.5,7.7812,6.9],"faces":{"north":{"uv":[16,12.25,0,12.75],"texture":"#4"},"south":{"rotation":180,"uv":[0.75,12.75,13.5,12.25],"texture":"#4"}}},{"to":[22.5,8.2188,7],"rotation":{"origin":[15.25,8,8],"angle":-45,"axis":"x"},"from":[3.5,7.7812,6.9],"faces":{"north":{"rotation":180,"uv":[16,11.75,0,12.25],"texture":"#4"},"south":{"rotation":180,"uv":[3.25,12.5,16,12],"texture":"#4"}}},{"to":[27,8.2188,7],"rotation":{"origin":[34.75,8,8],"angle":-45,"axis":"x"},"from":[22.5,7.7812,6.9],"faces":{"east":{"uv":[9.5,10.75,9.75,10.5],"texture":"#4"},"north":{"rotation":180,"uv":[16,11.75,12.25,12.25],"texture":"#4"},"up":{"rotation":180,"uv":[12.75,12.25,9,12.5],"texture":"#4"},"south":{"rotation":180,"uv":[3.25,12.5,7.25,12],"texture":"#4"}}},{"to":[22.5,7,8.2188],"rotation":{"origin":[15.25,8,8],"angle":22.5,"axis":"x"},"from":[3.5,6.9,7.7812],"faces":{"down":{"rotation":180,"uv":[0,12,16,11.5],"texture":"#4"},"up":{"uv":[3.25,12.25,16,11.75],"texture":"#4"}}},{"to":[27,7,8.2188],"rotation":{"origin":[34.75,8,8],"angle":22.5,"axis":"x"},"from":[22.5,6.9,7.7812],"faces":{"down":{"rotation":180,"uv":[0,12,3.75,11.5],"texture":"#4"},"east":{"uv":[9.5,10.75,9.75,10.5],"texture":"#4"},"up":{"uv":[3.25,12.25,7.25,11.75],"texture":"#4"}}},{"to":[22.5,7,8.2188],"rotation":{"origin":[15.25,8,8],"angle":0,"axis":"x"},"from":[3.5,6.9,7.7812],"faces":{"down":{"uv":[0,11.75,16,11.25],"texture":"#4"},"up":{"uv":[3.25,12,16,11.5],"texture":"#4"}}},{"to":[27,7,8.2188],"rotation":{"origin":[34.75,8,8],"angle":0,"axis":"x"},"from":[22.5,6.9,7.7812],"faces":{"down":{"uv":[0,11.75,3.75,11.25],"texture":"#4"},"east":{"uv":[9.5,10.75,9.75,10.5],"texture":"#4"},"up":{"uv":[3.25,12,7.25,11.5],"texture":"#4"}}},{"to":[22.5,7,8.2188],"rotation":{"origin":[15.25,8,8],"angle":-22.5,"axis":"x"},"from":[3.5,6.9,7.7812],"faces":{"down":{"uv":[0,12,16,11.5],"texture":"#4"},"up":{"rotation":180,"uv":[3.25,12.25,16,11.75],"texture":"#4"}}},{"to":[27,7,8.2188],"rotation":{"origin":[34.75,8,8],"angle":-22.5,"axis":"x"},"from":[22.5,6.9,7.7812],"faces":{"down":{"uv":[0,12,3.75,11.5],"texture":"#4"},"east":{"uv":[9.5,10.75,9.75,10.5],"texture":"#4"},"up":{"rotation":180,"uv":[3.25,12.25,7.25,11.75],"texture":"#4"}}},{"to":[22.5,9.1,8.2188],"rotation":{"origin":[15.25,8,8],"angle":22.5,"axis":"x"},"from":[8.2,9,7.7812],"faces":{"down":{"uv":[1.5,8.75,14.25,8.25],"texture":"#4"},"west":{"rotation":270,"uv":[10.5,4,10.75,4.5],"texture":"#4"},"up":{"rotation":180,"uv":[3.25,4.75,15.25,4.25],"texture":"#3"}}},{"to":[27,9.1,8.2188],"rotation":{"origin":[34.75,8,8],"angle":22.5,"axis":"x"},"from":[22.5,9,7.7812],"faces":{"down":{"uv":[1.5,8.75,5.5,8.25],"texture":"#4"},"east":{"rotation":180,"uv":[12.25,4.5,12.75,4.25],"texture":"#4"},"north":{"uv":[15.5,5.25,11.75,5],"texture":"#3"},"up":{"rotation":180,"uv":[4.75,4.75,8.5,4.25],"texture":"#3"}}},{"to":[7,9.1,8.2188],"rotation":{"origin":[15.25,8,8],"angle":22.5,"axis":"x"},"from":[3.5,9,7.7812],"faces":{"down":{"uv":[1.5,8.75,2.5,8.25],"texture":"#4"},"east":{"rotation":180,"uv":[12.25,1,12.5,1.5],"texture":"#4"},"up":{"rotation":180,"uv":[8.25,4.75,10.75,4.25],"texture":"#3"}}},{"to":[22.5,9.1,8.2188],"rotation":{"origin":[15.25,8,8],"angle":0,"axis":"x"},"from":[3.5,9,7.7812],"faces":{"down":{"uv":[1.5,8.5,14.25,8],"texture":"#4"},"up":{"rotation":180,"uv":[0,4.25,16,3.75],"texture":"#3"},"south":{"rotation":180,"uv":[3.25,5.25,16,5],"texture":"#3"}}},{"to":[23.15,9.1,8.2188],"rotation":{"origin":[34.75,8,8],"angle":0,"axis":"x"},"from":[22.5,9,7.7812],"faces":{"down":{"uv":[1.5,8.5,1.75,8],"texture":"#4"},"east":{"rotation":180,"uv":[12,4.5,12.5,4.25],"texture":"#4"},"up":{"rotation":180,"uv":[5,4.25,5.5,3.75],"texture":"#3"}}},{"to":[24.65,9.1,8.2188],"rotation":{"origin":[34.75,8,8],"angle":0,"axis":"x"},"from":[23.65,9,7.7812],"faces":{"down":{"uv":[1.5,8.5,1.75,8],"texture":"#4"},"west":{"rotation":180,"uv":[12,4.5,12.5,4.25],"texture":"#4"},"east":{"rotation":180,"uv":[12,4.5,12.5,4.25],"texture":"#4"},"up":{"rotation":180,"uv":[12.25,3.5,13,3],"texture":"#3"}}},{"to":[26.15,9.1,8.2188],"rotation":{"origin":[36.25,8,8],"angle":0,"axis":"x"},"from":[25.15,9,7.7812],"faces":{"down":{"uv":[1.5,8.5,1.75,8],"texture":"#4"},"west":{"rotation":180,"uv":[12,4.5,12.5,4.25],"texture":"#4"},"east":{"rotation":180,"uv":[12,4.5,12.5,4.25],"texture":"#4"},"up":{"rotation":180,"uv":[15.25,2,16,1.5],"texture":"#3"}}},{"to":[27,9.1,8.2188],"rotation":{"origin":[37.75,8,8],"angle":0,"axis":"x"},"from":[26.65,9,7.7812],"faces":{"down":{"uv":[1.5,8.5,1.75,8],"texture":"#4"},"west":{"rotation":180,"uv":[12,4.5,12.5,4.25],"texture":"#4"},"east":{"rotation":180,"uv":[12,4.5,12.5,4.25],"texture":"#4"},"up":{"rotation":180,"uv":[12.75,4,13,3.5],"texture":"#3"}}},{"to":[22.5,9.1,8.2188],"rotation":{"origin":[15.25,8,8],"angle":-22.5,"axis":"x"},"from":[3.5,9,7.7812],"faces":{"down":{"rotation":180,"uv":[1.5,8.75,14.25,8.25],"texture":"#4"},"up":{"uv":[16,4.75,0,4.25],"texture":"#3"}}},{"to":[27,9.1,8.2188],"rotation":{"origin":[34.75,8,8],"angle":-22.5,"axis":"x"},"from":[22.5,9,7.7812],"faces":{"down":{"rotation":180,"uv":[1.5,8.75,5.5,8.25],"texture":"#4"},"east":{"rotation":180,"uv":[10.5,4.5,11,4.25],"texture":"#4"},"up":{"uv":[16,4.75,12.25,4.25],"texture":"#3"},"south":{"uv":[15.5,5.25,11.75,5],"texture":"#3"}}},{"to":[2.9,9.3,8.25859],"rotation":{"origin":[2.1,8,8],"angle":-22.5,"axis":"x"},"from":[2.3,9.1,7.74141],"faces":{"down":{"rotation":90,"uv":[10,11.5,9.75,11.75],"texture":"#4"},"west":{"rotation":90,"uv":[4.25,4.25,4,4.75],"texture":"#4"},"up":{"uv":[11.25,1,10.75,1.5],"texture":"#4"}}},{"to":[3.501,9.3,8.25859],"rotation":{"origin":[3,8,8],"angle":-22.5,"axis":"x"},"from":[2.9,6.7,7.74141],"faces":{"down":{"uv":[5.75,8,5.25,8.5],"texture":"#4"},"west":{"rotation":90,"uv":[8.25,10.25,8,10.5],"texture":"#4"},"east":{"uv":[9.75,4.5,9.25,6.75],"texture":"#4"},"up":{"uv":[11.5,1,11,1.5],"texture":"#4"}}},{"to":[21.4,9.3,8.25859],"rotation":{"origin":[17.2,8,8],"angle":-22.5,"axis":"x"},"from":[16.7,6.7,7.74141],"faces":{"down":{"rotation":180,"uv":[5,8.25,8.5,7.75],"texture":"#4"},"west":{"uv":[7.25,12.5,7.75,11.25],"texture":"#4"},"east":{"uv":[7.25,12.5,7.75,11.25],"texture":"#4"},"up":{"uv":[10.75,5,14.25,4.5],"texture":"#3"}}},{"to":[2.9,8.25859,6.9],"rotation":{"origin":[2.1,8,8],"angle":45,"axis":"x"},"from":[2.3,7.74141,6.7],"faces":{"west":{"uv":[4.25,4.5,4,5],"texture":"#4"},"north":{"uv":[3.5,4.25,3,4.75],"texture":"#4"},"south":{"rotation":90,"uv":[10,11.5,9.75,11.75],"texture":"#4"}}},{"to":[3.5,8.25859,9.3],"rotation":{"origin":[3,8,8],"angle":45,"axis":"x"},"from":[2.9,7.74141,6.7],"faces":{"west":{"rotation":90,"uv":[8.25,10.25,8,10.5],"texture":"#4"},"east":{"rotation":90,"uv":[9.5,4.75,9,7],"texture":"#4"},"north":{"uv":[0.75,4.25,0.25,4.75],"texture":"#4"},"south":{"uv":[5,5.25,4.5,5.75],"texture":"#4"}}},{"to":[21.4,8.25859,9.3],"rotation":{"origin":[21.4,8,8],"angle":45,"axis":"x"},"from":[16.7,7.74141,6.7],"faces":{"north":{"uv":[13.5,4.5,10,5],"texture":"#4"},"west":{"rotation":270,"uv":[7.25,12.5,7.75,11.25],"texture":"#4"},"up":{"uv":[10.75,12.25,7.25,12.5],"texture":"#4"},"down":{"uv":[5.5,10,5.25,9.75],"texture":"#4"},"east":{"rotation":90,"uv":[7.25,12.5,7.75,11.25],"texture":"#4"},"south":{"uv":[8.75,9.75,5.25,10.25],"texture":"#4"}}},{"to":[2.9,8.25859,6.9],"rotation":{"origin":[2.1,8,8],"angle":22.5,"axis":"x"},"from":[2.3,7.74141,6.7],"faces":{"down":{"rotation":90,"uv":[8,11.75,7.75,12],"texture":"#4"},"west":{"uv":[4.25,4.75,4,5.25],"texture":"#4"},"north":{"uv":[6.5,4.5,6,5],"texture":"#4"},"south":{"rotation":90,"uv":[10,11.5,9.75,11.75],"texture":"#4"}}},{"to":[3.501,8.25859,9.3],"rotation":{"origin":[3,8,8],"angle":22.5,"axis":"x"},"from":[2.9,7.74141,6.7],"faces":{"west":{"rotation":90,"uv":[8.25,10.25,8,10.5],"texture":"#4"},"east":{"rotation":90,"uv":[9.75,4.75,11,7],"texture":"#4"},"north":{"uv":[5.75,4.5,5.25,5],"texture":"#4"},"south":{"uv":[5,5,4.5,5.5],"texture":"#4"}}},{"to":[17.2,8.25859,9.3],"rotation":{"origin":[17.2,8,8],"angle":22.5,"axis":"x"},"from":[16.7,7.74141,6.7],"faces":{"west":{"rotation":270,"uv":[7.25,12.5,7.75,11.25],"texture":"#4"},"east":{"rotation":180,"uv":[9.5,12.25,9.25,12.75],"texture":"#4"},"north":{"uv":[12.25,4.75,11.75,5.25],"texture":"#4"},"south":{"rotation":180,"uv":[0.5,11.5,0,12],"texture":"#4"}}},{"to":[20.4,8.25859,9.125],"rotation":{"origin":[17.7,8,7.825],"angle":22.5,"axis":"x"},"from":[17.2,7.74141,8.025],"faces":{"south":{"rotation":180,"uv":[7.5,11.5,10.5,12],"texture":"#4"}}},{"to":[21.4,8.25859,9.3],"rotation":{"origin":[21.4,8,8],"angle":22.5,"axis":"x"},"from":[20.4,7.74141,6.7],"faces":{"west":{"rotation":180,"uv":[9.5,12.25,9.25,12.75],"texture":"#4"},"east":{"rotation":90,"uv":[7.25,12.5,7.75,11.25],"texture":"#4"},"north":{"uv":[11,4.75,10.25,5.25],"texture":"#4"},"south":{"rotation":180,"uv":[1,11.5,0.25,12],"texture":"#4"}}},{"to":[3.5,8.25859,9.3],"rotation":{"origin":[3,8,8],"angle":0,"axis":"x"},"from":[2.9,7.74141,6.7],"faces":{"west":{"rotation":90,"uv":[8.25,10.25,8,10.5],"texture":"#4"},"east":{"uv":[9.5,5,9,5.5],"texture":"#4"},"north":{"uv":[5,4.75,4.5,5.25],"texture":"#4"},"south":{"uv":[0.75,4.75,0.25,5.25],"texture":"#4"}}},{"to":[17.2,8.25859,9.3],"rotation":{"origin":[17.2,8,8],"angle":0,"axis":"x"},"from":[16.7,7.74141,6.7],"faces":{"west":{"uv":[7.25,12.25,7.75,11.75],"texture":"#4"},"east":{"uv":[9.25,11.75,9,12.25],"texture":"#4"},"north":{"uv":[12.5,5,12,5.5],"texture":"#4"},"south":{"rotation":180,"uv":[1.25,11.75,0.75,12.25],"texture":"#4"}}},{"to":[20.4,8.25859,9.125],"rotation":{"origin":[17.7,8,7.825],"angle":0,"axis":"x"},"from":[17.2,7.74141,8.025],"faces":{"south":{"uv":[8,2,11,2.5],"texture":"#4"}}},{"to":[21.4,8.25859,9.3],"rotation":{"origin":[21.4,8,8],"angle":0,"axis":"x"},"from":[20.4,7.74141,6.7],"faces":{"west":{"uv":[9.25,11.75,9,12.25],"texture":"#4"},"east":{"uv":[7.25,12.25,7.75,11.75],"texture":"#4"},"north":{"uv":[10.75,5.25,10,5.75],"texture":"#4"},"south":{"rotation":180,"uv":[1.5,11.75,0.75,12.25],"texture":"#4"}}},{"to":[2.9,8.25859,9.3],"rotation":{"origin":[2.1,8,8],"angle":-22.5,"axis":"x"},"from":[2.3,7.74141,9.1],"faces":{"down":{"rotation":90,"uv":[8,11.75,7.75,12],"texture":"#4"},"west":{"uv":[4.25,4.75,4,5.25],"texture":"#4"},"north":{"rotation":90,"uv":[10,11.5,9.75,11.75],"texture":"#4"},"south":{"uv":[2.25,4.5,1.75,5],"texture":"#4"}}},{"to":[3.501,8.25859,9.3],"rotation":{"origin":[3,8,8],"angle":-22.5,"axis":"x"},"from":[2.9,7.74141,6.7],"faces":{"west":{"rotation":90,"uv":[8.25,10.25,8,10.5],"texture":"#4"},"east":{"rotation":270,"uv":[9.75,4.75,11,7],"texture":"#4"},"north":{"uv":[6,5,5.5,5.5],"texture":"#4"},"south":{"uv":[1.5,4.5,1,5],"texture":"#4"}}},{"to":[17.2,8.25859,9.3],"rotation":{"origin":[17.2,8,8],"angle":-22.5,"axis":"x"},"from":[16.7,7.74141,6.7],"faces":{"west":{"rotation":90,"uv":[7.25,12.5,7.75,11.25],"texture":"#4"},"east":{"uv":[9.5,11.5,9.25,12],"texture":"#4"},"north":{"uv":[12.75,5.25,12.25,5.75],"texture":"#4"},"south":{"uv":[12.25,4.5,11.75,5],"texture":"#4"}}},{"to":[20.4,8.25859,9.125],"rotation":{"origin":[17.7,8,7.825],"angle":-22.5,"axis":"x"},"from":[17.2,7.74141,8.025],"faces":{"south":{"uv":[0,12.5,3,13],"texture":"#4"}}},{"to":[21.4,8.25859,9.3],"rotation":{"origin":[21.4,8,8],"angle":-22.5,"axis":"x"},"from":[20.4,7.74141,6.7],"faces":{"west":{"uv":[9.5,11.5,9.25,12],"texture":"#4"},"east":{"rotation":270,"uv":[7.25,12.5,7.75,11.25],"texture":"#4"},"north":{"uv":[13,5.25,12.25,5.75],"texture":"#4"},"south":{"uv":[10.75,4.5,10,5],"texture":"#4"}}},{"to":[2.9,8.25859,9.3],"rotation":{"origin":[2.1,8,8],"angle":-45,"axis":"x"},"from":[2.3,7.74141,9.1],"faces":{"west":{"uv":[4.25,4.5,4,5],"texture":"#4"},"north":{"rotation":90,"uv":[10,11.5,9.75,11.75],"texture":"#4"},"south":{"uv":[4,4.25,3.5,4.75],"texture":"#4"}}},{"to":[3.5,8.25859,9.3],"rotation":{"origin":[3,8,8],"angle":-45,"axis":"x"},"from":[2.9,7.74141,6.7],"faces":{"west":{"rotation":90,"uv":[8.25,10.25,8,10.5],"texture":"#4"},"east":{"rotation":270,"uv":[9.75,4.75,11,7],"texture":"#4"},"north":{"uv":[7,5.25,6.5,5.75],"texture":"#4"},"south":{"uv":[2.25,4.25,1.75,4.75],"texture":"#4"}}},{"to":[21.4,8.25859,9.3],"rotation":{"origin":[21.4,8,8],"angle":-45,"axis":"x"},"from":[16.7,7.74141,6.7],"faces":{"north":{"uv":[8.75,9.75,5.25,10.25],"texture":"#4"},"west":{"rotation":90,"uv":[7.25,12.5,7.75,11.25],"texture":"#4"},"up":{"uv":[5.5,10,5.25,9.75],"texture":"#4"},"down":{"uv":[12.75,5.25,9.25,5.5],"texture":"#4"},"east":{"rotation":270,"uv":[7.25,12.5,7.75,11.25],"texture":"#4"},"south":{"uv":[13.5,4.25,10,4.75],"texture":"#4"}}},{"to":[2.9,9.3,8.25859],"rotation":{"origin":[2.1,8,8],"angle":22.5,"axis":"x"},"from":[2.3,9.1,7.74141],"faces":{"down":{"rotation":90,"uv":[10,11.5,9.75,11.75],"texture":"#4"},"west":{"rotation":270,"uv":[4.25,4.25,4,4.75],"texture":"#4"},"up":{"rotation":270,"uv":[12.5,1.25,12,1.75],"texture":"#4"}}},{"to":[3.501,9.3,8.25859],"rotation":{"origin":[3,8,8],"angle":22.5,"axis":"x"},"from":[2.9,6.7,7.74141],"faces":{"down":{"uv":[7,7.75,6.5,8.25],"texture":"#4"},"west":{"rotation":90,"uv":[8.25,10.25,8,10.5],"texture":"#4"},"east":{"uv":[9.75,4.5,9.25,6.75],"texture":"#4"},"up":{"uv":[9.5,3.5,9,4],"texture":"#4"}}},{"to":[21.4,9.3,8.25859],"rotation":{"origin":[17.2,8,8],"angle":22.5,"axis":"x"},"from":[16.7,6.7,7.74141],"faces":{"down":{"uv":[5,8.25,8.5,7.75],"texture":"#4"},"west":{"uv":[7.25,12.5,7.75,11.25],"texture":"#4"},"east":{"uv":[7.25,12.5,7.75,11.25],"texture":"#4"},"up":{"rotation":180,"uv":[10.75,4.75,14.25,4.25],"texture":"#3"}}},{"to":[2.9,9.3,8.25859],"rotation":{"origin":[2.1,8,8],"angle":0,"axis":"x"},"from":[2.3,9.1,7.74141],"faces":{"down":{"rotation":90,"uv":[8.25,10.25,8,10.5],"texture":"#4"},"west":{"rotation":90,"uv":[4.25,4.25,4,4.5],"texture":"#4"},"up":{"rotation":90,"uv":[11.25,1,10.75,1.5],"texture":"#4"}}},{"to":[3.5,9.3,8.25859],"rotation":{"origin":[3,8,8],"angle":0,"axis":"x"},"from":[2.9,6.7,7.74141],"faces":{"east":{"uv":[9.75,4.5,9.25,6.75],"texture":"#4"},"up":{"uv":[12.25,0.75,11.75,1.25],"texture":"#4"}}},{"to":[21.4,9.3,8.25859],"rotation":{"origin":[17.2,8,8],"angle":0,"axis":"x"},"from":[16.7,6.7,7.74141],"faces":{"down":{"rotation":180,"uv":[5,8.25,8.5,8],"texture":"#4"},"west":{"uv":[7.25,12.5,7.75,11.25],"texture":"#4"},"east":{"uv":[7.25,12.5,7.75,11.25],"texture":"#4"},"up":{"rotation":180,"uv":[11.5,1.25,15,0.75],"texture":"#3"}}},{"to":[21.93744,8.36244,4.6],"rotation":{"origin":[21.06244,8,4.45],"angle":0,"axis":"z"},"from":[20.18744,7.63756,4.299],"faces":{"east":{"uv":[5,5,5.25,5.5],"texture":"#4"},"north":{"rotation":180,"uv":[6.5,11.5,7,12],"texture":"#3"},"south":{"rotation":180,"uv":[6.5,11.5,7,12],"texture":"#3"}}},{"to":[21.93744,8.36244,4.599],"rotation":{"origin":[21.06244,8,4.45],"angle":-45,"axis":"z"},"from":[20.18744,7.63756,4.301],"faces":{"east":{"uv":[5.75,9.75,6,10.25],"texture":"#4"},"north":{"rotation":270,"uv":[6.5,11,7,11.75],"texture":"#3"},"south":{"rotation":90,"uv":[6.5,11,7,11.75],"texture":"#3"}}},{"to":[21.42487,8.875,4.6],"rotation":{"origin":[21.06244,8,4.45],"angle":0,"axis":"z"},"from":[20.7,7.125,4.3],"faces":{"down":{"rotation":90,"uv":[6,8.5,5.75,8],"texture":"#4"},"north":{"rotation":180,"uv":[6.5,11,7,12.25],"texture":"#3"},"up":{"rotation":270,"uv":[5.5,4.75,5.25,4.25],"texture":"#4"},"south":{"rotation":180,"uv":[6.5,10.75,7,12],"texture":"#3"}}},{"to":[21.42487,8.875,4.599],"rotation":{"origin":[21.06244,8,4.45],"angle":-45,"axis":"z"},"from":[20.7,7.125,4.301],"faces":{"north":{"rotation":180,"uv":[6.5,11,7,12.25],"texture":"#3"},"up":{"rotation":90,"uv":[5.5,5,5.25,4.5],"texture":"#4"},"south":{"rotation":180,"uv":[6.5,10.75,7,12],"texture":"#3"}}},{"to":[3.7,5.5,8.5],"rotation":{"origin":[-1.3,5,8.25],"angle":22.5,"axis":"z"},"from":[-13.4,4.5,7.5],"faces":{"down":{"rotation":180,"uv":[0,9.5,16,10.5],"texture":"#3"},"north":{"rotation":180,"uv":[0,11,16,12],"texture":"#3"},"up":{"rotation":180,"uv":[0,11.75,16,12.75],"texture":"#3"},"south":{"rotation":180,"uv":[0,11,16,12],"texture":"#3"}}},{"to":[-12.25506,0.75221,9.2],"rotation":{"origin":[-12.15506,-0.24779,7.3],"angle":0,"axis":"z"},"from":[-12.65506,-3.24779,6.8],"faces":{"down":{"rotation":90,"uv":[4.75,10.25,6.25,10.5],"texture":"#4"},"west":{"rotation":180,"uv":[9,16,15,6],"texture":"#1"},"east":{"rotation":180,"uv":[1,16,7,6],"texture":"#1"},"north":{"uv":[4.5,9.25,4.75,11.75],"texture":"#3"},"south":{"uv":[4.5,9.25,4.75,11.75],"texture":"#3"}}},{"to":[-12.95552,4.47365,9.2],"rotation":{"origin":[-13.30552,2.37365,12.8],"angle":22.5,"axis":"z"},"from":[-13.35552,0.47365,6.8],"faces":{"west":{"rotation":180,"uv":[9,10,15,0],"texture":"#1"},"east":{"rotation":180,"uv":[1,10,7,0],"texture":"#1"},"north":{"rotation":180,"uv":[4.25,10.25,4.5,12.75],"texture":"#3"},"up":{"rotation":90,"uv":[6.25,4.25,7.75,4.5],"texture":"#4"},"south":{"rotation":180,"uv":[4.25,10.25,4.5,12.75],"texture":"#3"}}},{"to":[-12.95552,4.07365,7.2],"rotation":{"origin":[-13.30552,2.37365,7.3],"angle":22.5,"axis":"z"},"from":[-13.35552,2.47365,8.8],"faces":{"down":{"rotation":180,"uv":[5.75,15,6,16],"texture":"#4"},"north":{"rotation":180,"uv":[5.25,7,5.5,8],"texture":"#4"},"up":{"rotation":180,"uv":[6.75,9.5,7,10.5],"texture":"#4"},"south":{"rotation":180,"uv":[5.25,7,5.5,8],"texture":"#4"}}},{"to":[-12.25506,-1.24779,7.2],"rotation":{"origin":[-13.00506,2.65221,7.7],"angle":0,"axis":"z"},"from":[-12.65506,-2.84779,8.8],"faces":{"down":{"rotation":180,"uv":[0,11.75,0.25,12.75],"texture":"#4"},"north":{"rotation":180,"uv":[0,7.25,0.25,8.25],"texture":"#4"},"up":{"rotation":180,"uv":[2.75,7.75,3,8.75],"texture":"#4"},"south":{"rotation":180,"uv":[0,7.25,0.25,8.25],"texture":"#4"}}},{"to":[4.4,5.1,8.2],"rotation":{"origin":[1.05,3.3,7.95],"angle":45,"axis":"z"},"from":[1.8,3.2,7.8],"faces":{"down":{"uv":[1.5,9.25,4,9.5],"texture":"#3"},"west":{"uv":[4.25,8.25,4.5,8.75],"texture":"#3"},"north":{"uv":[1.5,10.25,4,12],"texture":"#3"},"south":{"uv":[1.5,10.25,4,12],"texture":"#3"}}},{"to":[0.2,5.1,8.2],"rotation":{"origin":[1.05,3.3,7.95],"angle":45,"axis":"z"},"from":[-0.5,3.2,7.8],"faces":{"down":{"uv":[0.5,9.25,1.25,9.5],"texture":"#3"},"west":{"uv":[8,10.5,8.25,10.75],"texture":"#3"},"east":{"uv":[1.25,11.5,1.5,12],"texture":"#3"},"north":{"uv":[4,10.25,4.75,12],"texture":"#3"},"south":{"uv":[4,10.25,4.75,12],"texture":"#3"}}},{"to":[1.8,3.5,8.2],"rotation":{"origin":[1.05,3.3,7.95],"angle":45,"axis":"z"},"from":[0.2,3.2,7.8],"faces":{"down":{"uv":[8,10.5,9.5,10.75],"texture":"#3"},"north":{"uv":[7,11.75,8.5,12],"texture":"#3"},"up":{"rotation":180,"uv":[1.25,11.75,1.75,12],"texture":"#3"},"south":{"uv":[7,11.75,8.5,12],"texture":"#3"}}},{"to":[0.65754,3.17175,8.199],"rotation":{"origin":[0.30754,3.97175,7.951],"angle":0,"axis":"z"},"from":[-0.04246,2.77175,7.801],"faces":{"north":{"uv":[10,11.25,10.5,11.75],"texture":"#3"},"up":{"uv":[8.25,12,8.75,12.25],"texture":"#3"},"south":{"uv":[10,11.25,10.5,11.75],"texture":"#3"}}},{"to":[0.65754,5.17175,8.199],"rotation":{"origin":[0.30754,3.97175,7.951],"angle":0,"axis":"z"},"from":[-0.04246,4.77175,7.801],"faces":{"down":{"rotation":90,"uv":[15.75,15.75,16,16],"texture":"#3"},"north":{"uv":[9.75,10.25,10.25,10.75],"texture":"#3"},"south":{"uv":[9.75,10.25,10.25,10.75],"texture":"#3"}}},{"to":[1.50754,4.32175,8.199],"rotation":{"origin":[0.30754,3.97175,7.951],"angle":0,"axis":"z"},"from":[1.10754,3.62175,7.801],"faces":{"west":{"uv":[4.25,11.5,4.5,12],"texture":"#3"},"north":{"rotation":90,"uv":[10,11.25,10.5,11.75],"texture":"#3"},"south":{"rotation":270,"uv":[10,11.25,10.5,11.75],"texture":"#3"}}},{"to":[-0.49246,4.32175,8.199],"rotation":{"origin":[0.30754,3.97175,7.951],"angle":0,"axis":"z"},"from":[-0.89246,3.62175,7.801],"faces":{"east":{"uv":[4.25,11.25,4.5,11.75],"texture":"#3"},"north":{"uv":[9.75,10.25,10.25,10.75],"texture":"#3"},"south":{"uv":[9.75,10.25,10.25,10.75],"texture":"#3"}}},{"to":[2,6.1,8.2],"rotation":{"origin":[1.05,3.3,7.95],"angle":45,"axis":"z"},"from":[-0.5,5.1,7.8],"faces":{"down":{"rotation":90,"uv":[4.25,8.25,4.5,8.75],"texture":"#3"},"west":{"uv":[8,10.5,8.25,10.75],"texture":"#3"},"north":{"uv":[1.25,8,3.75,9],"texture":"#3"},"south":{"uv":[1.25,8,3.75,9],"texture":"#3"}}},{"to":[11,7.1,8.625],"rotation":{"origin":[9,13.8,-0.125],"angle":0,"axis":"y"},"from":[2.9,4.6,7.375],"faces":{"down":{"uv":[5.75,10.5,12,11.25],"texture":"#3"},"north":{"uv":[6.5,9.25,0.25,11.75],"texture":"#2"},"south":{"uv":[0.25,9.25,6.5,11.75],"texture":"#2"}}},{"to":[2.9,7.075,8.625],"rotation":{"origin":[9,13.8,-0.125],"angle":0,"axis":"y"},"from":[2.499,4.6,7.375],"faces":{"down":{"uv":[5.75,10.5,6,11.25],"texture":"#4"},"west":{"rotation":90,"uv":[0,12,2.5,12.25],"texture":"#4"},"north":{"rotation":270,"uv":[0,11.75,2.5,12],"texture":"#4"},"south":{"rotation":270,"uv":[0,11.75,2.5,12],"texture":"#4"}}},{"to":[10.7,7.4,8.925],"rotation":{"origin":[9,13.8,-0.525],"angle":0,"axis":"y"},"from":[9.5,6.9,7.075],"faces":{"north":{"uv":[2,2,3.25,2.5],"texture":"#4"},"west":{"rotation":180,"uv":[2,2.25,2.5,2.75],"texture":"#4"},"up":{"rotation":180,"uv":[5.5,9.75,6,10.25],"texture":"#4"},"down":{"rotation":180,"uv":[4.75,9.5,5.25,10],"texture":"#4"},"east":{"rotation":180,"uv":[2,2.25,2.5,2.75],"texture":"#4"},"south":{"uv":[2,2,3.25,2.5],"texture":"#4"}}},{"to":[9.88461,5.40594,8.775],"rotation":{"origin":[9.08461,13.80594,-0.275],"angle":0,"axis":"y"},"from":[6.88461,4.45594,7.225],"faces":{"west":{"rotation":180,"uv":[0.25,7,1.75,8],"texture":"#4"},"north":{"uv":[6.25,10.5,9.5,11.5],"texture":"#4"},"up":{"uv":[7,12.25,10.25,12.5],"texture":"#4"},"south":{"uv":[6.25,10.5,9.5,11.5],"texture":"#4"}}},{"to":[7.78461,5.40594,8.925],"rotation":{"origin":[9.08461,13.80594,-0.475],"angle":0,"axis":"y"},"from":[6.88461,4.70594,8.775],"faces":{"down":{"uv":[4.25,9.25,4.5,9.5],"texture":"#4"},"west":{"rotation":180,"uv":[3,11.75,3.25,12.5],"texture":"#4"},"east":{"rotation":180,"uv":[3,11.25,3.25,12],"texture":"#4"},"up":{"rotation":180,"uv":[7.75,4.5,8.75,4.75],"texture":"#4"},"south":{"rotation":180,"uv":[3.25,11.75,4.25,12.5],"texture":"#4"}}},{"to":[7.38461,5.70594,8.875],"rotation":{"origin":[5.53461,5.28094,8.7],"angle":-22.5,"axis":"z"},"from":[4.68461,5.50594,8.725],"faces":{"down":{"uv":[2.25,8,5,8.25],"texture":"#3"},"west":{"uv":[1.5,5,1.75,5.25],"texture":"#3"},"up":{"uv":[1.5,4.75,4.25,5],"texture":"#3"},"south":{"uv":[0.25,7.75,3,8],"texture":"#3"}}},{"to":[4.88461,5.70594,8.725],"rotation":{"origin":[5.53461,5.28094,8.55],"angle":-22.5,"axis":"z"},"from":[4.68461,5.50594,7.175],"faces":{"down":{"uv":[2.25,8,2.75,8.25],"texture":"#3"},"west":{"uv":[1.5,5,1.75,5.25],"texture":"#3"},"east":{"uv":[5.25,11,5.75,11.25],"texture":"#3"},"north":{"uv":[5.75,12.25,6,12.5],"texture":"#3"},"up":{"uv":[1.5,4.75,1.75,5],"texture":"#3"}}},{"to":[10.9,6.9,8.775],"rotation":{"origin":[9,13.8,-0.275],"angle":0,"axis":"y"},"from":[9.2,5.4,7.225],"faces":{"west":{"uv":[9.75,10.25,10,12.25],"texture":"#4"},"north":{"uv":[6.5,7.75,10.25,9.75],"texture":"#4"},"up":{"uv":[7.25,11.25,9.5,11.5],"texture":"#4"},"south":{"uv":[7.25,9.5,9.5,11.5],"texture":"#4"}}},{"to":[10.4,6.9,8.925],"rotation":{"origin":[9,13.8,-0.425],"angle":0,"axis":"y"},"from":[9.7,6.2,7.075],"faces":{"down":{"uv":[4.25,9.25,4.5,9.5],"texture":"#4"},"west":{"uv":[0.25,7,0.5,7.75],"texture":"#4"},"east":{"uv":[0.25,7,0.5,7.75],"texture":"#4"},"north":{"uv":[0,7,0.75,7.75],"texture":"#4"},"south":{"uv":[0,7,0.75,7.75],"texture":"#4"}}},{"to":[14,7.4,8.775],"rotation":{"origin":[9,13.8,-0.275],"angle":0,"axis":"y"},"from":[10.9,5.825,7.225],"faces":{"west":{"uv":[6.5,7.75,6.75,9.75],"texture":"#4"},"north":{"uv":[6.5,7.75,10.25,9.75],"texture":"#4"},"south":{"uv":[6.5,7.75,10.25,9.75],"texture":"#4"}}},{"to":[20.7,8.875,7.4],"rotation":{"origin":[18.9,8,8],"angle":0,"axis":"x"},"from":[17.4,7.125,3.4],"faces":{"down":{"rotation":270,"uv":[7.75,11.25,11.25,9],"texture":"#4"},"west":{"rotation":180,"uv":[12.5,10.5,9,12],"texture":"#4"},"east":{"uv":[13.5,4.5,10,6],"texture":"#4"},"north":{"uv":[12.5,5,9.75,6.5],"texture":"#4"},"up":{"rotation":90,"uv":[16,5.5,9.5,0],"texture":"#0"}}},{"to":[21.374,8.325,6.2],"rotation":{"origin":[21.05,8,5.8],"angle":0,"axis":"x"},"from":[20.724,7.675,4.6],"faces":{"down":{"rotation":270,"uv":[12,16,6.5,15.01],"texture":"#0"},"west":{"uv":[6.5,15.01,12,16],"texture":"#0"},"east":{"uv":[0.5,14.51,6,15.5],"texture":"#0"},"up":{"rotation":270,"uv":[6,14.5,0.5,13.51],"texture":"#0"}}},{"to":[21.275,8.225,6.7],"rotation":{"origin":[21.05,8,5.8],"angle":0,"axis":"x"},"from":[20.825,7.775,4.6],"faces":{"down":{"rotation":180,"uv":[5.5,8.25,4,8],"texture":"#4"},"west":{"rotation":180,"uv":[4.25,8.25,5.75,8.75],"texture":"#4"},"east":{"rotation":180,"uv":[4.5,11.5,6,12],"texture":"#4"},"up":{"rotation":90,"uv":[5.5,12.5,4,12],"texture":"#4"},"south":{"rotation":90,"uv":[6.75,9.25,7.25,9.75],"texture":"#4"}}},{"to":[21.675,8.425,6.5],"rotation":{"origin":[21.05,8,5.8],"angle":0,"axis":"x"},"from":[20.625,7.575,6.2],"faces":{"down":{"rotation":90,"uv":[6.25,8.25,6,8],"texture":"#3"},"north":{"uv":[5.25,5,6,5.75],"texture":"#4"},"up":{"rotation":270,"uv":[1.5,5,0.75,4.75],"texture":"#3"},"south":{"rotation":90,"uv":[6,8,6.25,8.25],"texture":"#3"}}},{"to":[22.42002,8.426,6.72776],"rotation":{"origin":[22.19502,8,6.57776],"angle":-22.5,"axis":"y"},"from":[21.57002,7.575,6.42776],"faces":{"down":{"rotation":90,"uv":[6.25,8.25,6,8],"texture":"#3"},"north":{"uv":[5,4.75,5.75,5.5],"texture":"#4"},"up":{"uv":[1.25,5,0.5,4.75],"texture":"#3"},"south":{"rotation":90,"uv":[6,8,6.25,8.25],"texture":"#3"}}},{"to":[22.4603,8.425,7.00028],"rotation":{"origin":[22.3103,8,7.15028],"angle":0,"axis":"y"},"from":[22.1603,7.575,6.52528],"faces":{"down":{"rotation":90,"uv":[6.25,8.25,6,8],"texture":"#3"},"west":{"rotation":90,"uv":[6,8,6.25,8.25],"texture":"#3"},"east":{"uv":[5,5,5.75,5.75],"texture":"#4"},"up":{"rotation":180,"uv":[11.25,4.75,11,4.25],"texture":"#4"}}},{"to":[17.4,8.675,7.4],"rotation":{"origin":[18.9,8,8],"angle":0,"axis":"x"},"from":[17.2,7.325,3.4],"faces":{"down":{"rotation":90,"uv":[6.5,8.25,10,8],"texture":"#4"},"west":{"rotation":180,"uv":[12.5,11.25,9,12.5],"texture":"#4"},"north":{"uv":[10.25,5,10,6.25],"texture":"#4"},"up":{"rotation":90,"uv":[8.5,4.25,12,4],"texture":"#4"}}},{"to":[17.599,9.475,6.6],"rotation":{"origin":[19.1,9.35,8.8],"angle":0,"axis":"x"},"from":[17.399,8.675,5.5],"faces":{"west":{"rotation":180,"uv":[11.5,5.5,12.25,4.75],"texture":"#4"},"east":{"rotation":180,"uv":[11.5,5.75,12.25,5],"texture":"#4"},"north":{"rotation":180,"uv":[11.5,6,11.75,5.25],"texture":"#4"},"south":{"rotation":180,"uv":[11.5,6,11.75,5.25],"texture":"#4"}}},{"to":[17.2,8.175,5.6],"rotation":{"origin":[18.7,8.45,8.5],"angle":0,"axis":"x"},"from":[17,7.775,5.2],"faces":{"down":{"uv":[10,8,10.25,8.5],"texture":"#4"},"west":{"uv":[8.25,2,8.75,2.5],"texture":"#4"},"north":{"uv":[8.25,5,8.5,5.5],"texture":"#4"},"up":{"uv":[2.25,12.25,2.5,12.75],"texture":"#4"},"south":{"uv":[7.5,5,7.75,5.5],"texture":"#4"}}},{"to":[18.299,9.675,6.6],"rotation":{"origin":[19.1,9.35,8.8],"angle":0,"axis":"x"},"from":[17.399,9.475,5.5],"faces":{"north":{"rotation":90,"uv":[11.5,5.5,11.75,4.75],"texture":"#4"},"west":{"rotation":180,"uv":[11.25,4.8,12,4.925],"texture":"#4"},"up":{"rotation":270,"uv":[11.5,5,12.25,4.25],"texture":"#4"},"down":{"rotation":270,"uv":[7.75,9,8.5,8.25],"texture":"#4"},"east":{"rotation":180,"uv":[11.5,4.75,12.25,4.5],"texture":"#4"},"south":{"rotation":270,"uv":[11.5,5.5,11.75,4.75],"texture":"#4"}}},{"to":[18.2,9.676,6.25],"rotation":{"origin":[19,9.35,8.8],"angle":0,"axis":"x"},"from":[17.8,8.875,5.85],"faces":{"west":{"rotation":270,"uv":[7.5,15.01,11,16],"texture":"#0"},"east":{"rotation":270,"uv":[0.5,14.01,4,15],"texture":"#0"},"north":{"rotation":270,"uv":[2.5,14.51,6,15.5],"texture":"#0"},"up":{"uv":[8.75,2.5,8.25,2],"texture":"#4"},"south":{"rotation":90,"uv":[2.5,14.51,6,15.5],"texture":"#0"}}},{"to":[21.701,9.96822,8.26849],"rotation":{"origin":[21.55,9.56772,8.06849],"angle":-22.5,"axis":"x"},"from":[21.399,8.81722,8.06849],"faces":{"west":{"rotation":180,"uv":[12.75,11.25,12.5,12.25],"texture":"#3"},"east":{"rotation":180,"uv":[12.75,11.25,12.5,12.25],"texture":"#3"},"south":{"rotation":180,"uv":[12.75,11.25,12.5,12.25],"texture":"#3"}}},{"to":[21.701,9.96822,7.93151],"rotation":{"origin":[21.55,9.56772,7.93151],"angle":22.5,"axis":"x"},"from":[21.399,8.81722,7.73151],"faces":{"west":{"rotation":180,"uv":[12.75,11.25,12.5,12.25],"texture":"#3"},"east":{"rotation":180,"uv":[12.75,11.25,12.5,12.25],"texture":"#3"},"north":{"rotation":180,"uv":[12.75,11.25,12.5,12.25],"texture":"#3"}}},{"to":[21.7,10.01427,8.1],"rotation":{"origin":[21.55,9.61377,8],"angle":0,"axis":"z"},"from":[21.4,9.51327,7.9],"faces":{"west":{"rotation":180,"uv":[12.75,11.75,12.5,12.25],"texture":"#3"},"east":{"rotation":180,"uv":[12.75,11.75,12.5,12.25],"texture":"#3"},"up":{"rotation":180,"uv":[6.25,4.5,6,4.75],"texture":"#3"}}},{"to":[21.7,9.51427,8.3],"rotation":{"origin":[21.55,9.11377,8],"angle":0,"axis":"z"},"from":[21.4,9.01327,7.7],"faces":{"west":{"rotation":180,"uv":[12.75,11.25,12.5,11.75],"texture":"#3"},"east":{"rotation":180,"uv":[12.75,11.25,12.5,11.75],"texture":"#3"}}},{"to":[3.4,9.66427,8.425],"rotation":{"origin":[3.25,9.11377,8],"angle":0,"axis":"z"},"from":[3.1,9.11327,7.575],"faces":{"west":{"rotation":180,"uv":[12.75,11.5,12.5,12.25],"texture":"#3"},"east":{"rotation":180,"uv":[12.75,11.5,12.5,12.25],"texture":"#3"}}},{"to":[3.89289,4.6,8.5505],"rotation":{"origin":[9.19289,13.8,-0.0505],"angle":0,"axis":"y"},"from":[3.69289,2.8,7.4495],"faces":{"west":{"uv":[9.25,10,10,11.75],"texture":"#3"},"east":{"uv":[9.25,10.5,10,12.25],"texture":"#3"},"north":{"uv":[7.25,11.25,7.5,12.99],"texture":"#3"},"south":{"uv":[11.5,11.25,11.75,12.99],"texture":"#3"}}},{"to":[4.69289,4.6,8.3255],"rotation":{"origin":[9.89289,13.8,0.1745],"angle":0,"axis":"y"},"from":[4.39289,3.1,7.6745],"faces":{"west":{"uv":[7.75,8,8,8.25],"texture":"#3"},"east":{"uv":[10.75,10.25,11,12],"texture":"#3"},"north":{"uv":[10.75,10,11,11.75],"texture":"#3"},"south":{"uv":[10.75,10,11,11.75],"texture":"#3"}}},{"to":[4.75801,3.17263,8.325],"rotation":{"origin":[4.60801,2.97263,8.05],"angle":22.5,"axis":"z"},"from":[4.45801,2.77263,7.675],"faces":{"down":{"uv":[7.75,8,8,8.25],"texture":"#3"},"west":{"uv":[7.75,8,8,8.25],"texture":"#3"},"east":{"uv":[10.75,11.75,11,12],"texture":"#3"},"north":{"uv":[10.75,11.5,11,11.75],"texture":"#3"},"south":{"uv":[10.75,11.5,11,11.75],"texture":"#3"}}},{"to":[4.99289,4.7,8.325],"rotation":{"origin":[4.84289,4.6,8.05],"angle":-22.5,"axis":"z"},"from":[4.69289,3.8,7.675],"faces":{"east":{"uv":[10.75,10.25,11,10.75],"texture":"#3"},"north":{"uv":[10.75,10.25,11,10.75],"texture":"#3"},"south":{"uv":[10.75,10.25,11,10.75],"texture":"#3"}}},{"to":[6.54645,2.64645,8.5505],"rotation":{"origin":[5.64645,2.54645,8.6995],"angle":0,"axis":"z"},"from":[4.04645,2.44645,7.4495],"faces":{"down":{"uv":[4.75,10.25,6.25,11],"texture":"#3"},"north":{"uv":[6.75,15.75,8.25,16],"texture":"#3"},"up":{"uv":[7.5,4,9,4.75],"texture":"#3"},"south":{"uv":[6.75,15.75,8.25,16],"texture":"#3"}}},{"to":[4.04038,2.94393,8.55],"rotation":{"origin":[3.94038,2.69393,8.7],"angle":45,"axis":"z"},"from":[3.84038,2.44393,7.45],"faces":{"west":{"rotation":180,"uv":[6,11.5,6.75,12],"texture":"#3"},"east":{"uv":[7.75,5,8.5,5.25],"texture":"#3"},"north":{"rotation":90,"uv":[4.25,15.75,4.75,16],"texture":"#3"},"south":{"rotation":90,"uv":[4.25,15.75,4.75,16],"texture":"#3"}}},{"to":[6.75251,2.94393,8.55],"rotation":{"origin":[6.65251,2.69393,8.7],"angle":-45,"axis":"z"},"from":[6.55251,2.44393,7.45],"faces":{"west":{"uv":[7.75,4.75,8.5,5],"texture":"#3"},"east":{"rotation":180,"uv":[6,11.5,6.75,12],"texture":"#3"},"north":{"rotation":90,"uv":[4.25,15.75,4.75,16],"texture":"#3"},"south":{"rotation":90,"uv":[4.25,15.75,4.75,16],"texture":"#3"}}},{"to":[6.9,4.6,8.5505],"rotation":{"origin":[9,13.8,-0.0505],"angle":0,"axis":"y"},"from":[6.7,2.8,7.4495],"faces":{"west":{"uv":[5,10.75,5.75,12.5],"texture":"#3"},"east":{"uv":[9.25,10.5,10,12.25],"texture":"#3"},"north":{"uv":[4.5,11.25,4.75,12.99],"texture":"#3"},"south":{"uv":[4.5,11.25,4.75,12.99],"texture":"#3"}}},{"to":[13.8,5.475,8.7755],"rotation":{"origin":[10.05,5.3,7.4745],"angle":22.5,"axis":"z"},"from":[9.2,4.2,7.2245],"faces":{"down":{"uv":[4.5,9.75,9.75,11.25],"texture":"#4"},"north":{"uv":[0,10.75,5.25,12.25],"texture":"#4"},"south":{"uv":[4.5,10.75,9.75,12.25],"texture":"#4"}}},{"to":[15.20872,7.19765,8.776],"rotation":{"origin":[13.75872,7.09765,7.474],"angle":45,"axis":"z"},"from":[12.90872,5.99765,7.224],"faces":{"down":{"uv":[5.5,9.75,8.25,11.25],"texture":"#4"},"north":{"uv":[5.75,10.75,8.5,12.25],"texture":"#4"},"south":{"uv":[4.5,10.75,7.25,12.25],"texture":"#4"}}},{"to":[9.68565,4.63345,8.776],"rotation":{"origin":[8.53565,5.05845,7.474],"angle":0,"axis":"z"},"from":[8.08565,3.95845,7.224],"faces":{"down":{"uv":[6,9.5,7.5,11],"texture":"#4"},"north":{"uv":[7.5,11.5,9,12.25],"texture":"#4"},"south":{"uv":[5.75,11.5,7.25,12.25],"texture":"#4"}}},{"to":[8.38565,6.625,8.775],"rotation":{"origin":[8.53565,5.05845,8.625],"angle":0,"axis":"z"},"from":[7.63565,5.875,7.025],"faces":{"north":{"rotation":270,"uv":[12.5,12.5,14.5,10.5],"texture":"#0"},"west":{"rotation":180,"uv":[12.75,10.75,12.5,11.75],"texture":"#3"},"up":{"rotation":270,"uv":[11.25,11.25,11,12.25],"texture":"#3"},"down":{"rotation":270,"uv":[11.5,8,11.25,9],"texture":"#3"},"east":{"rotation":180,"uv":[12.25,11.5,12,12.5],"texture":"#3"},"south":{"rotation":270,"uv":[12.5,10.5,14.5,12.5],"texture":"#0"}}},{"to":[11.76065,6.35,8.875],"rotation":{"origin":[8.53565,5.05845,7.375],"angle":0,"axis":"z"},"from":[11.26065,5.85,7.125],"faces":{"north":{"uv":[16,11,14.5,12.5],"texture":"#0"},"west":{"uv":[14.5,11,15,12.5],"texture":"#0"},"up":{"rotation":90,"uv":[15.5,11,16,12.5],"texture":"#0"},"down":{"rotation":90,"uv":[15,11,15.5,12.5],"texture":"#0"},"east":{"uv":[14.5,11,15,12.5],"texture":"#0"},"south":{"uv":[14.5,11,16,12.5],"texture":"#0"}}},{"to":[8.31876,5.13034,8.7755],"rotation":{"origin":[7.51876,4.68034,7.4745],"angle":-22.5,"axis":"z"},"from":[7.01876,4.23034,7.2245],"faces":{"down":{"uv":[6,9.5,7.5,11],"texture":"#4"},"north":{"uv":[10.5,11.25,12,12.25],"texture":"#4"},"south":{"uv":[10.5,11.25,12,12.25],"texture":"#4"}}},{"to":[3.4,9.97347,8.35],"rotation":{"origin":[3.25,9.9138,8],"angle":45,"axis":"x"},"from":[3.1,9.85413,8.125],"faces":{"west":{"rotation":180,"uv":[12.75,12,12.5,12.25],"texture":"#3"},"east":{"rotation":180,"uv":[12.75,12,12.5,12.25],"texture":"#3"},"north":{"rotation":180,"uv":[6.75,10.5,6.5,10.75],"texture":"#3"}}},{"to":[3.3997,9.97347,8.3],"rotation":{"origin":[3.25,9.9138,8],"angle":22.5,"axis":"x"},"from":[3.0997,9.85413,8.125],"faces":{"west":{"rotation":180,"uv":[12.75,12.25,12.5,12.5],"texture":"#3"},"east":{"rotation":180,"uv":[12.75,12.25,12.5,12.5],"texture":"#3"},"north":{"rotation":180,"uv":[1.5,9.25,1.25,9.5],"texture":"#3"}}},{"to":[3.4,9.97347,8.3],"rotation":{"origin":[3.25,9.9138,8],"angle":0,"axis":"x"},"from":[3.1,9.85413,8.125],"faces":{"west":{"rotation":180,"uv":[12.75,12.25,12.5,12.5],"texture":"#3"},"east":{"rotation":180,"uv":[12.75,12.25,12.5,12.5],"texture":"#3"},"north":{"rotation":180,"uv":[4,8.25,3.75,8.5],"texture":"#3"}}},{"to":[3.4005,9.97347,8.3],"rotation":{"origin":[3.25,9.9138,8],"angle":-22.5,"axis":"x"},"from":[3.0995,8.95413,8.125],"faces":{"west":{"rotation":180,"uv":[12.75,11.5,12.5,12.5],"texture":"#3"},"east":{"rotation":180,"uv":[12.75,11.5,12.5,12.5],"texture":"#3"},"north":{"rotation":180,"uv":[4.25,8,4,8.25],"texture":"#3"},"south":{"rotation":180,"uv":[12.75,11.5,12.5,12.5],"texture":"#3"}}},{"to":[3.4,9.97347,8.3],"rotation":{"origin":[3.25,9.9138,8],"angle":-45,"axis":"x"},"from":[3.1,9.85413,8.125],"faces":{"west":{"rotation":180,"uv":[12.75,12.25,12.5,12.5],"texture":"#3"},"east":{"rotation":180,"uv":[12.75,12.25,12.5,12.5],"texture":"#3"},"north":{"rotation":180,"uv":[4.25,8,4,8.25],"texture":"#3"},"south":{"rotation":180,"uv":[8.25,12.25,8.5,12.5],"texture":"#3"}}},{"to":[3.4,9.97347,7.875],"rotation":{"origin":[3.25,9.9138,8],"angle":45,"axis":"x"},"from":[3.1,9.85413,7.7],"faces":{"west":{"rotation":180,"uv":[12.75,12.25,12.5,12.5],"texture":"#3"},"east":{"rotation":180,"uv":[12.75,12.25,12.5,12.5],"texture":"#3"},"north":{"rotation":180,"uv":[8.25,12.25,8.5,12.5],"texture":"#3"},"south":{"rotation":180,"uv":[4.25,8,4,8.25],"texture":"#3"}}},{"to":[3.4005,9.97347,7.875],"rotation":{"origin":[3.25,9.9138,8],"angle":22.5,"axis":"x"},"from":[3.0995,8.95413,7.7],"faces":{"west":{"rotation":180,"uv":[12.75,11.5,12.5,12.5],"texture":"#3"},"east":{"rotation":180,"uv":[12.75,11.5,12.5,12.5],"texture":"#3"},"north":{"rotation":180,"uv":[12.75,11.5,12.5,12.5],"texture":"#3"},"south":{"rotation":180,"uv":[4.25,8,4,8.25],"texture":"#3"}}},{"to":[3.4,9.97347,7.875],"rotation":{"origin":[3.25,9.9138,8],"angle":0,"axis":"x"},"from":[3.1,9.85413,7.7],"faces":{"west":{"rotation":180,"uv":[12.75,12.25,12.5,12.5],"texture":"#3"},"east":{"rotation":180,"uv":[12.75,12.25,12.5,12.5],"texture":"#3"},"south":{"rotation":180,"uv":[4,8.25,3.75,8.5],"texture":"#3"}}},{"to":[3.3997,9.97347,7.875],"rotation":{"origin":[3.25,9.9138,8],"angle":-22.5,"axis":"x"},"from":[3.0997,9.85413,7.7],"faces":{"west":{"rotation":180,"uv":[12.75,12.25,12.5,12.5],"texture":"#3"},"east":{"rotation":180,"uv":[12.75,12.25,12.5,12.5],"texture":"#3"},"south":{"rotation":180,"uv":[1.5,9.25,1.25,9.5],"texture":"#3"}}},{"to":[3.4,9.97347,7.875],"rotation":{"origin":[3.25,9.9138,8],"angle":-45,"axis":"x"},"from":[3.1,9.85413,7.65],"faces":{"west":{"rotation":180,"uv":[12.75,12,12.5,12.25],"texture":"#3"},"east":{"rotation":180,"uv":[12.75,12,12.5,12.25],"texture":"#3"},"south":{"rotation":180,"uv":[6.75,10.5,6.5,10.75],"texture":"#3"}}},{"to":[3.4,9.7888,8.05967],"rotation":{"origin":[3.25,9.9138,8],"angle":22.5,"axis":"x"},"from":[3.1,9.6138,7.94033],"faces":{"west":{"rotation":180,"uv":[12.75,12,12.5,12.25],"texture":"#3"},"east":{"rotation":180,"uv":[12.75,12,12.5,12.25],"texture":"#3"},"up":{"rotation":180,"uv":[6.75,11.25,6.5,11.5],"texture":"#3"}}},{"to":[3.4,9.7888,8.05967],"rotation":{"origin":[3.25,9.9138,8],"angle":0,"axis":"x"},"from":[3.1,9.6138,7.94033],"faces":{"west":{"rotation":180,"uv":[12.75,12,12.5,12.25],"texture":"#3"},"east":{"rotation":180,"uv":[12.75,12,12.5,12.25],"texture":"#3"},"up":{"rotation":180,"uv":[6.75,11.5,6.5,11.75],"texture":"#3"}}},{"to":[3.4,9.7888,8.05967],"rotation":{"origin":[3.25,9.9138,8],"angle":-22.5,"axis":"x"},"from":[3.1,9.6138,7.94033],"faces":{"west":{"rotation":180,"uv":[12.75,12,12.5,12.25],"texture":"#3"},"east":{"rotation":180,"uv":[12.75,12,12.5,12.25],"texture":"#3"},"up":{"rotation":180,"uv":[6.75,11.25,6.5,11.5],"texture":"#3"}}},{"to":[3.3994,10.2138,8.05967],"rotation":{"origin":[3.25,9.9138,8],"angle":22.5,"axis":"x"},"from":[3.0994,10.0388,7.94033],"faces":{"down":{"rotation":180,"uv":[4.25,8,4,8.25],"texture":"#3"},"west":{"rotation":180,"uv":[12.75,12.5,12.5,12.75],"texture":"#3"},"east":{"rotation":180,"uv":[12.75,12.25,12.5,12.5],"texture":"#3"},"up":{"rotation":180,"uv":[15,12.5,15.25,12.75],"texture":"#3"}}},{"to":[3.3994,10.2138,8.05967],"rotation":{"origin":[3.25,9.9138,8],"angle":0,"axis":"x"},"from":[3.0994,10.0388,7.94033],"faces":{"down":{"rotation":180,"uv":[4.25,8,4,8.25],"texture":"#3"},"west":{"rotation":180,"uv":[12.75,12.5,12.5,12.75],"texture":"#3"},"east":{"rotation":180,"uv":[12.75,12.25,12.5,12.5],"texture":"#3"},"up":{"rotation":180,"uv":[15,12.5,15.25,12.75],"texture":"#3"}}},{"to":[3.3994,10.2138,8.05967],"rotation":{"origin":[3.25,9.9138,8],"angle":-22.5,"axis":"x"},"from":[3.0994,10.0388,7.94033],"faces":{"down":{"rotation":180,"uv":[4.25,8,4,8.25],"texture":"#3"},"west":{"rotation":180,"uv":[12.75,12.5,12.5,12.75],"texture":"#3"},"east":{"rotation":180,"uv":[12.75,12.25,12.5,12.5],"texture":"#3"},"up":{"rotation":180,"uv":[15,12.5,15.25,12.75],"texture":"#3"}}},{"to":[13.15,8.36244,8.875],"rotation":{"origin":[8,8,8],"angle":-45,"axis":"x"},"from":[4.35,7.63756,7.125],"faces":{"north":{"uv":[0.5,15.5,16,16],"texture":"#0"},"south":{"uv":[0.5,13.5,16,15],"texture":"#0"}}},{"to":[13.15,8.36244,8.875],"from":[4.35,7.63756,7.125],"faces":{"north":{"uv":[0.5,15.5,16,16],"texture":"#0"},"south":{"uv":[0.5,14.5,16,16],"texture":"#0"}}},{"to":[13.15,8.875,8.36244],"rotation":{"origin":[8,8,8],"angle":-45,"axis":"x"},"from":[4.35,7.125,7.63756],"faces":{"down":{"uv":[16,16,0.5,15.5],"texture":"#0"},"up":{"uv":[16,16,0.5,14.5],"texture":"#0"}}},{"to":[13.15,8.875,8.36244],"from":[4.35,7.125,7.63756],"faces":{"down":{"uv":[16,16,0.5,15.5],"texture":"#0"},"up":{"uv":[16,15,0.5,13.5],"texture":"#0"}}},{"to":[2.9,8.45563,9.1],"rotation":{"origin":[2.7,8,8],"angle":-45,"axis":"x"},"from":[2.5,7.54437,6.9],"faces":{"west":{"rotation":270,"uv":[15,6,13.5,10.5],"texture":"#0"},"north":{"rotation":180,"uv":[5.5,11.25,5.25,12.25],"texture":"#4"}}},{"to":[2.9,8.45563,9.1],"rotation":{"origin":[2.7,8,8],"angle":0,"axis":"x"},"from":[2.499,7.54437,6.9],"faces":{"west":{"rotation":90,"uv":[12.5,6.5,11,10],"texture":"#0"},"north":{"uv":[5.5,11.5,5.25,12.5],"texture":"#4"},"south":{"uv":[5.5,11.5,5.25,12.5],"texture":"#4"}}},{"to":[2.9,9.1,8.45563],"rotation":{"origin":[2.7,8,8],"angle":-45,"axis":"x"},"from":[2.5,6.9,7.54437],"faces":{"down":{"rotation":180,"uv":[5.5,11.25,5.25,12.25],"texture":"#4"},"west":{"rotation":180,"uv":[15.5,6,14,10.5],"texture":"#0"}}},{"to":[2.9,9.1,8.45563],"rotation":{"origin":[2.7,8,8],"angle":0,"axis":"x"},"from":[2.498,6.9,7.54437],"faces":{"west":{"rotation":180,"uv":[16,7,14.5,10.5],"texture":"#0"}}},{"to":[2.6,8.3,8.3],"rotation":{"origin":[2.4,8,7.84437],"angle":0,"axis":"x"},"from":[2.4,7.7,7.7],"faces":{"down":{"uv":[15.75,15.75,16,16],"texture":"#3"},"west":{"rotation":270,"uv":[11,11,12.5,12.5],"texture":"#0"},"north":{"uv":[0,7.5,0.25,8.25],"texture":"#3"},"up":{"rotation":180,"uv":[0.75,7,1,7.75],"texture":"#3"},"south":{"uv":[8.75,7.25,9,8],"texture":"#3"}}},{"to":[22.6,8.219,9.101],"rotation":{"origin":[22.55,8,8],"angle":-45,"axis":"x"},"from":[22.5,7.781,6.899],"faces":{"north":{"rotation":180,"uv":[2.5,8.25,2.75,8.5],"texture":"#3"},"south":{"rotation":180,"uv":[8.5,11.75,8.75,12],"texture":"#3"}}},{"to":[22.6,8.219,9.101],"rotation":{"origin":[22.55,8,8],"angle":-22.5,"axis":"x"},"from":[22.5,7.781,6.899],"faces":{"north":{"rotation":180,"uv":[2.25,9.5,2.5,9.75],"texture":"#3"},"south":{"rotation":180,"uv":[8.5,11.5,8.75,11.75],"texture":"#3"}}},{"to":[22.6,8.219,9.101],"rotation":{"origin":[22.55,8,8],"angle":0,"axis":"x"},"from":[22.5,7.781,6.899],"faces":{"north":{"rotation":180,"uv":[6,10.75,6.25,11],"texture":"#3"},"south":{"rotation":180,"uv":[8.5,11.25,8.75,11.5],"texture":"#3"}}},{"to":[22.6,8.219,9.101],"rotation":{"origin":[22.55,8,8],"angle":22.5,"axis":"x"},"from":[22.5,7.781,6.899],"faces":{"north":{"rotation":180,"uv":[4.25,11.5,4.5,11.75],"texture":"#3"},"south":{"rotation":180,"uv":[2.25,9.5,2.5,9.75],"texture":"#3"}}},{"to":[22.6,8.219,9.101],"rotation":{"origin":[22.55,8,8],"angle":45,"axis":"x"},"from":[22.5,7.781,6.899],"faces":{"north":{"rotation":180,"uv":[4.5,11.75,4.75,12],"texture":"#3"},"south":{"rotation":180,"uv":[2.5,8.25,2.75,8.5],"texture":"#3"}}},{"to":[22.6,9.101,8.219],"rotation":{"origin":[22.55,8,8],"angle":-22.5,"axis":"x"},"from":[22.5,6.899,7.781],"faces":{"down":{"rotation":180,"uv":[2.5,8,2.75,8.25],"texture":"#3"},"up":{"rotation":180,"uv":[4.75,11.75,5,12],"texture":"#3"}}},{"to":[22.6,9.101,8.219],"rotation":{"origin":[22.55,8,8],"angle":0,"axis":"x"},"from":[22.5,6.899,7.781],"faces":{"down":{"rotation":180,"uv":[15.75,15.75,16,16],"texture":"#3"},"up":{"rotation":180,"uv":[8.5,11.75,8.75,12],"texture":"#3"}}},{"to":[22.6,9.101,8.219],"rotation":{"origin":[22.55,8,8],"angle":22.5,"axis":"x"},"from":[22.5,6.899,7.781],"faces":{"down":{"rotation":180,"uv":[2.5,8,2.75,8.25],"texture":"#3"},"up":{"rotation":180,"uv":[8.5,11.75,8.75,12],"texture":"#3"}}},{"to":[20.5,8.875,-11.6],"rotation":{"origin":[18.9,8,7.7],"angle":0,"axis":"x"},"from":[17.6,7.125,-11.9],"faces":{"north":{"rotation":180,"uv":[0.25,9.75,2.75,11.25],"texture":"#2"},"west":{"rotation":180,"uv":[6.75,10.75,7,12.25],"texture":"#3"},"up":{"rotation":180,"uv":[4.75,12.25,7.25,12.5],"texture":"#3"},"down":{"rotation":180,"uv":[6.25,8,8.75,8.25],"texture":"#4"},"east":{"rotation":180,"uv":[6.75,10.75,7,12.25],"texture":"#3"},"south":{"rotation":180,"uv":[6.75,10.5,9.25,12],"texture":"#4"}}},{"to":[20.5,8.725,7.4],"rotation":{"origin":[18.9,8,8],"angle":0,"axis":"x"},"from":[17.6,7.275,-11.6],"faces":{"down":{"rotation":270,"uv":[0,8.75,16,11.25],"texture":"#4"},"west":{"uv":[0,7.25,16,8.5],"texture":"#3"},"east":{"uv":[0,7.25,16,8.5],"texture":"#3"},"up":{"rotation":270,"uv":[0,9.25,16,11.75],"texture":"#2"}}}],"display":{"thirdperson_righthand":{"rotation":[0,90,0],"scale":[0.46,0.46,0.46],"translation":[-0.75,0.75,-0.75]},"head":{"scale":[0.92,0.92,0.92]},"thirdperson_lefthand":{"rotation":[-91,45,91],"scale":[0.46,0.46,0.46],"translation":[-1.25,-4.25,5.75]},"gui":{"rotation":[0,0,45],"scale":[0.46,0.46,0.46],"translation":[-1.5,0.5,0]},"firstperson_lefthand":{"scale":[0,0,0]},"firstperson_righthand":{"rotation":[0,90,0],"scale":[0.92,0.92,0.92],"translation":[-8.960149253731343,6.559480853731342,3]},"fixed":{"rotation":[0,-180,0],"scale":[0.92,0.92,0.92],"translation":[0,1,-3]},"ground":{"translation":[0,4,0],"scale":[0.46,0.46,0.46]}}}