{"textures":{"particle":"mgs:gun/metal","1":"mgs:gun/metal","0":"mgs:gun/metal_bright","3":"mgs:gun/brass","2":"mgs:gun/metal_dark","4":"mgs:gun/copper"},"gui_light":"front","elements":[{"to":[10.9,-8.995,9.7625],"rotation":{"origin":[28.995,-21.0725,8.185],"angle":0,"axis":"x"},"from":[5.29,-9.565,6.2375],"faces":{"north":{"uv":[4.75,12.25,7.25,12.5],"texture":"#1"},"west":{"rotation":90,"uv":[8,10.25,8.25,11.75],"texture":"#0"},"up":{"rotation":180,"uv":[6.75,10.75,9.25,12.25],"texture":"#2"},"down":{"uv":[0.25,9.75,2.75,11.25],"texture":"#1"},"east":{"rotation":270,"uv":[7,10.25,7.25,11.75],"texture":"#0"},"south":{"rotation":180,"uv":[5.25,12.25,7.75,12.5],"texture":"#2"}}},{"to":[10.85,24.535,9.3325],"rotation":{"origin":[28.995,-21.0725,7.69],"angle":0,"axis":"x"},"from":[5.34,-9.565,6.6675],"faces":{"west":{"rotation":270,"uv":[0,7.5,16,8.75],"texture":"#0"},"east":{"rotation":270,"uv":[0,10.5,16,11.75],"texture":"#0"},"north":{"rotation":90,"uv":[0,9.25,16,11.75],"texture":"#0"},"south":{"rotation":270,"uv":[0,9.25,16,11.75],"texture":"#0"}}},{"to":[10.25,24.535,9.5325],"rotation":{"origin":[28.995,-21.0725,7.465],"angle":0,"axis":"x"},"from":[5.24,15.935,9.3175],"faces":{"down":{"rotation":90,"uv":[7,10.25,7.5,10.75],"texture":"#1"},"east":{"rotation":90,"uv":[0,9,4,10.5],"texture":"#1"},"north":{"rotation":90,"uv":[8,8.75,12,11.25],"texture":"#1"},"up":{"rotation":90,"uv":[15.75,15.75,16,16],"texture":"#1"},"south":{"rotation":270,"uv":[0,9.5,4,12],"texture":"#0"}}},{"to":[10.25,24.535,6.6825],"rotation":{"origin":[28.995,-21.0725,7.465],"angle":0,"axis":"x"},"from":[5.24,15.935,6.4675],"faces":{"down":{"rotation":90,"uv":[7,10.25,7.5,10.75],"texture":"#1"},"east":{"rotation":90,"uv":[0,9,4,10.5],"texture":"#1"},"north":{"rotation":90,"uv":[0,9.5,4,12],"texture":"#0"},"up":{"rotation":90,"uv":[15.75,15.75,16,16],"texture":"#1"},"south":{"rotation":90,"uv":[8,8.75,12,11.25],"texture":"#1"}}},{"to":[10.85,24.535,9.3325],"rotation":{"origin":[28.995,-21.0725,7.465],"angle":0,"axis":"x"},"from":[10.64,17.435,6.6675],"faces":{"west":{"rotation":90,"uv":[0,9,4,10.25],"texture":"#1"},"up":{"rotation":180,"uv":[0,10.5,0.25,11.75],"texture":"#0"}}},{"to":[10.64,24.535,6.8775],"rotation":{"origin":[9.3075,20.985,6.7725],"angle":0,"axis":"y"},"from":[5.45,17.435,6.6675],"faces":{"up":{"rotation":90,"uv":[0.5,9,0.75,10.25],"texture":"#1"},"south":{"rotation":90,"uv":[0,9,4,10.25],"texture":"#1"}}},{"to":[10.64,24.535,9.3325],"rotation":{"origin":[9.3075,20.985,9.2275],"angle":0,"axis":"y"},"from":[5.45,17.435,9.1225],"faces":{"north":{"rotation":90,"uv":[0,10.25,4,9],"texture":"#1"},"up":{"rotation":90,"uv":[0.75,9,0.5,10.25],"texture":"#1"}}},{"to":[5.45,24.535,9.5325],"rotation":{"origin":[28.995,-21.0725,7.465],"angle":0,"axis":"x"},"from":[5.24,15.935,6.4675],"faces":{"down":{"rotation":90,"uv":[7,10.25,7.5,10.75],"texture":"#1"},"west":{"rotation":90,"uv":[0,9,4,10.5],"texture":"#0"},"east":{"rotation":90,"uv":[0,9,4,10.5],"texture":"#1"},"up":{"rotation":180,"uv":[7,6.5,7.25,8],"texture":"#0"}}},{"to":[5.449,20.535,8.5325],"rotation":{"origin":[28.995,-21.0725,7.465],"angle":0,"axis":"x"},"from":[5.239,17.935,7.4675],"faces":{"west":{"rotation":90,"uv":[5.5,11.25,6.75,11.75],"texture":"#2"}}},{"to":[10.25,26.14253,6.93237],"rotation":{"origin":[7.745,25.24253,6.84987],"angle":22.5,"axis":"x"},"from":[5.24,24.44253,6.76737],"faces":{"west":{"rotation":180,"uv":[1.5,10.5,1.75,11.75],"texture":"#0"},"east":{"rotation":180,"uv":[4,8,4.25,9.25],"texture":"#0"},"north":{"rotation":180,"uv":[1.25,11,3.75,12.25],"texture":"#0"},"up":{"rotation":180,"uv":[0.5,11.5,3,11.75],"texture":"#0"},"south":{"rotation":270,"uv":[5.75,9,9.75,11.5],"texture":"#1"}}},{"to":[5.451,26.15,8.23237],"rotation":{"origin":[7.745,25.24253,6.84987],"angle":22.5,"axis":"x"},"from":[5.241,24.45,6.76737],"faces":{"west":{"rotation":180,"uv":[1.5,10.5,1.75,11.75],"texture":"#0"},"east":{"rotation":180,"uv":[4,8,4.25,9.25],"texture":"#1"},"up":{"rotation":90,"uv":[4,9.75,4.75,10],"texture":"#0"}}},{"to":[5.45,25.8,8.4825],"rotation":{"origin":[7.745,25.24253,6.9],"angle":0,"axis":"x"},"from":[5.24,24.525,7.5175],"faces":{"west":{"rotation":180,"uv":[1.5,10.5,1.75,11.75],"texture":"#0"},"east":{"rotation":180,"uv":[4,8,4.25,9.25],"texture":"#1"},"up":{"rotation":90,"uv":[4,9.75,4.75,10],"texture":"#0"}}},{"to":[5.451,26.15,9.23263],"rotation":{"origin":[7.745,25.24253,9.15013],"angle":-22.5,"axis":"x"},"from":[5.241,24.45,7.86763],"faces":{"west":{"rotation":180,"uv":[1.75,10.5,1.5,11.75],"texture":"#0"},"east":{"rotation":180,"uv":[4.25,8,4,9.25],"texture":"#1"},"up":{"rotation":90,"uv":[4.75,9.75,4,10],"texture":"#0"}}},{"to":[10.25,26.14253,9.23263],"rotation":{"origin":[7.745,25.24253,9.15013],"angle":-22.5,"axis":"x"},"from":[5.24,24.44253,9.06763],"faces":{"west":{"rotation":180,"uv":[4.25,10.5,4,11.75],"texture":"#0"},"east":{"rotation":180,"uv":[4.25,8,4,9.25],"texture":"#0"},"north":{"rotation":270,"uv":[5.75,11.5,9.75,9],"texture":"#1"},"up":{"rotation":180,"uv":[0.5,11.75,3,11.5],"texture":"#0"},"south":{"rotation":180,"uv":[3.75,11,1.25,12.25],"texture":"#0"}}},{"to":[10.65,24.401,9.25],"rotation":{"origin":[6.95,15.5,9.55],"angle":0,"axis":"z"},"from":[5.45,23.2,6.75],"faces":{"up":{"uv":[0,7.75,1,6.75],"texture":"#2"}}},{"to":[9.35,25.401,8.4],"rotation":{"origin":[6.95,16,10.1],"angle":0,"axis":"z"},"from":[5.45,24.3,7],"faces":{"west":{"uv":[6.5,10.75,7,10.25],"texture":"#2"},"north":{"uv":[6.25,11.75,6.75,11.25],"texture":"#2"},"up":{"rotation":180,"uv":[5.25,12.5,6.25,11.75],"texture":"#2"},"south":{"uv":[6.5,12,7,11.5],"texture":"#2"}}},{"to":[10.34356,26.21218,8.4],"rotation":{"origin":[7.20774,25.28766,7.7],"angle":-22.5,"axis":"z"},"from":[9.14356,25.11118,7],"faces":{"east":{"rotation":180,"uv":[9,11,9.5,11.75],"texture":"#1"},"north":{"uv":[6.25,11.75,6.75,11.25],"texture":"#2"},"up":{"rotation":180,"uv":[5.25,12.5,6.25,11.75],"texture":"#2"},"south":{"uv":[6.5,12,7,11.5],"texture":"#2"}}}],"display":{"thirdperson_righthand":{"rotation":[25,111,-23],"scale":[0.2,0.2,0.2],"translation":[-0.5,-2,0]},"head":{"scale":[0.5,0.5,0.5]},"thirdperson_lefthand":{"rotation":[69,-71,65],"scale":[0.2,0.2,0.2],"translation":[-0.25,-2.5,0]},"gui":{"rotation":[0,180,33],"scale":[0.6,0.6,0.6],"translation":[-0.75,-0.75,0]},"firstperson_lefthand":{"rotation":[-40,-110,-27],"scale":[0.4,0.4,0.4],"translation":[4.25,-3,0]},"firstperson_righthand":{"rotation":[-87,65,68],"scale":[0.4,0.4,0.4],"translation":[5.5,-3,0]},"fixed":{"rotation":[0,180,0],"scale":[0.4,0.4,0.4],"translation":[0,-0.5,-2]},"ground":{"translation":[0,3.5,0],"scale":[0.2,0.2,0.2]}},"credit":"thebradqq's guns"}