{"textures":{"0":"mgs:gun/svdmag","4":"mgs:gun/metal","7":"mgs:gun/metal_dark","1_2":"mgs:gun/copper"},"gui_light":"front","elements":[{"to":[17.6796,11.6628,10.56511],"rotation":{"origin":[10.59574,-0.04913,8],"angle":0,"axis":"y"},"from":[-0.5904,3.9264,5.43489],"faces":{"west":{"uv":[0,0,3,5.25],"texture":"#0"},"east":{"uv":[0,10.25,1.25,12],"texture":"#7"},"north":{"uv":[16,0,3,6.25],"texture":"#0"},"south":{"uv":[3,0,16,6.25],"texture":"#0"}}},{"to":[17.6796,13.6242,5.84011],"rotation":{"origin":[10.59574,-0.08273,8],"angle":0,"axis":"y"},"from":[-0.5904,11.6628,5.43489],"faces":{"north":{"uv":[16,0,3,0.99],"texture":"#0"},"up":{"rotation":180,"uv":[1,11.5,2.25,12],"texture":"#7"},"south":{"rotation":180,"uv":[16,15,3,15.99],"texture":"#0"}}},{"to":[17.6796,13.62525,10.56511],"rotation":{"origin":[10.59574,-0.08273,8],"angle":0,"axis":"y"},"from":[17.2596,11.6628,5.43489],"faces":{"west":{"uv":[3.75,10.25,5,10.75],"texture":"#7"},"east":{"uv":[1,9,2.25,9.5],"texture":"#7"},"up":{"rotation":270,"uv":[1,11.5,2.25,12],"texture":"#7"}}},{"to":[-0.1704,13.6242,10.56511],"rotation":{"origin":[10.59574,-0.08273,8],"angle":0,"axis":"y"},"from":[-0.5904,11.6628,5.43489],"faces":{"west":{"uv":[0,0,3,1],"texture":"#0"},"east":{"uv":[3.75,10.25,5,10.75],"texture":"#7"},"up":{"rotation":270,"uv":[1,11.5,2.25,12],"texture":"#7"}}},{"to":[17.6796,13.6242,10.56511],"rotation":{"origin":[10.59574,-0.08273,8],"angle":0,"axis":"y"},"from":[-0.5904,11.6628,10.15989],"faces":{"north":{"rotation":180,"uv":[16,15,3,15.99],"texture":"#0"},"up":{"uv":[1,11.5,2.25,12],"texture":"#7"},"south":{"uv":[3,0,16,0.99],"texture":"#0"}}},{"to":[18.66397,7.90454,10.5578],"rotation":{"origin":[10.59574,-0.04913,8],"angle":22.5,"axis":"z"},"from":[1.78249,-6.98551,5.4422],"faces":{"west":{"uv":[0,4.5,3,14.5],"texture":"#0"},"east":{"uv":[0.25,10.25,1.5,13.5],"texture":"#7"},"north":{"uv":[16,4.5,3,14.5],"texture":"#0"},"south":{"uv":[3,4.5,16,14.5],"texture":"#0"}}},{"to":[19.02937,-5.52391,10.83185],"rotation":{"origin":[10.59574,-0.04913,8],"angle":22.5,"axis":"z"},"from":[1.41709,-9.90871,5.16815],"faces":{"north":{"uv":[3,12.5,16,16],"texture":"#0"},"west":{"uv":[0,12.5,3,16],"texture":"#0"},"up":{"uv":[3,15.5,16,16],"texture":"#0"},"down":{"rotation":90,"uv":[0.5,0,2.5,4],"texture":"#0"},"east":{"uv":[13,12.5,16,16],"texture":"#0"},"south":{"uv":[3,12.5,16,16],"texture":"#0"}}},{"to":[7.2846,15.5138,5.75191],"rotation":{"origin":[9.9096,13.6238,5.43586],"angle":22.5,"axis":"x"},"from":[-0.5904,13.6238,5.43481],"faces":{"west":{"rotation":270,"uv":[1,11.5,2.25,11.75],"texture":"#7"},"east":{"rotation":270,"uv":[1,11.5,2.25,12],"texture":"#7"},"north":{"rotation":180,"uv":[7.5,12.5,2,13.49],"texture":"#0"},"up":{"rotation":180,"uv":[1,11.75,2.25,12.25],"texture":"#7"},"south":{"rotation":270,"uv":[6.25,8,7.5,8.25],"texture":"#7"}}},{"to":[7.2846,15.5138,10.56519],"rotation":{"origin":[9.9096,13.6238,10.56414],"angle":-22.5,"axis":"x"},"from":[-0.5904,13.6238,10.24809],"faces":{"west":{"rotation":270,"uv":[1,11.5,2.25,11.75],"texture":"#7"},"east":{"rotation":90,"uv":[1,11.5,2.25,12],"texture":"#7"},"north":{"rotation":270,"uv":[6.25,8,7.5,8.25],"texture":"#7"},"up":{"uv":[1,11.75,2.25,12.25],"texture":"#7"},"south":{"rotation":180,"uv":[7.5,12.5,2,13.49],"texture":"#0"}}},{"to":[17.31,12.73,10.36355],"rotation":{"origin":[8.175,7.95,8],"angle":0,"axis":"y"},"from":[-0.33,8.005,5.63645],"faces":{"up":{"uv":[8,9.5,7,10.5],"texture":"#7"}}},{"to":[10.31,14.23,9.86355],"rotation":{"origin":[8.175,7.95,8],"angle":0,"axis":"y"},"from":[-0.33,9.505,7.63645],"faces":{"west":{"uv":[8,9.5,7,10.5],"texture":"#7"},"north":{"uv":[8,9.5,7,10.5],"texture":"#7"},"up":{"rotation":180,"uv":[8,10.75,7,11.75],"texture":"#7"},"south":{"uv":[8,9.5,7,10.5],"texture":"#7"}}},{"to":[14.44334,13.40783,9.86355],"rotation":{"origin":[12.12334,12.54533,8.75],"angle":-22.5,"axis":"z"},"from":[9.80334,11.68283,7.63645],"faces":{"north":{"uv":[8,9.5,7,10.5],"texture":"#7"},"up":{"rotation":180,"uv":[7.25,11,6.25,12],"texture":"#7"},"south":{"uv":[8,9.5,7,10.5],"texture":"#7"}}}],"display":{"thirdperson_righthand":{"rotation":[0,100,0],"scale":[0.15,0.15,0.15],"translation":[-0.5,0,0]},"head":{"scale":[0.3,0.3,0.3]},"thirdperson_lefthand":{"rotation":[0,-81,-13],"scale":[0.15,0.15,0.15],"translation":[-0.5,0,0]},"gui":{"rotation":[0,180,14],"scale":[0.7,0.7,0.7],"translation":[2,4.5,0]},"firstperson_lefthand":{"rotation":[-28,-113,-29],"scale":[0.3,0.3,0.3],"translation":[3,2,0.5]},"firstperson_righthand":{"rotation":[-71,71,60],"scale":[0.3,0.3,0.3],"translation":[2,2,0.5]},"fixed":{"translation":[0,1.5,-1.5],"scale":[-0.3,0.3,-0.3]},"ground":{"translation":[0,2,0],"scale":[0.15,0.15,0.15]}},"credit":"thebradqq's guns"}