{"textures":{"1":"mgs:gun/brass","3":"mgs:gun/metal","2":"mgs:gun/copper","5":"mgs:gun/metal_dark","particle":"mgs:gun/metal_dark"},"gui_light":"front","elements":[{"to":[9.3,6.9074,7.325],"rotation":{"origin":[7.575,10.0074,14.75],"angle":0,"axis":"y"},"from":[6.7,1.8074,7.25],"faces":{"north":{"rotation":90,"uv":[0,11.25,4,13.75],"texture":"#5"},"up":{"rotation":90,"uv":[11.5,1.25,11.75,3.75],"texture":"#5"},"south":{"rotation":270,"uv":[6,8.5,10,11],"texture":"#5"}}},{"to":[9.3,6.9084,8.75],"rotation":{"origin":[7.575,10.0074,14.75],"angle":0,"axis":"y"},"from":[9.25,1.8074,7.25],"faces":{"west":{"uv":[8,7.5,9.25,11.5],"texture":"#5"},"east":{"rotation":270,"uv":[0,11.75,4,13],"texture":"#5"},"up":{"rotation":180,"uv":[13,1,13.25,2.25],"texture":"#5"}}},{"to":[6.75,6.9084,8.75],"rotation":{"origin":[7.575,10.0074,14.75],"angle":0,"axis":"y"},"from":[6.7,1.8074,7.25],"faces":{"west":{"uv":[3.75,8.75,5,12.75],"texture":"#5"},"east":{"rotation":270,"uv":[5.25,9,9.25,10.25],"texture":"#5"},"up":{"rotation":180,"uv":[9,6.75,9.25,8],"texture":"#5"}}},{"to":[6.7,6.6084,8.25],"rotation":{"origin":[7.575,10.0074,14.65],"angle":0,"axis":"y"},"from":[6.55,5.5074,7.75],"faces":{"down":{"rotation":180,"uv":[3.75,9.25,4,9.75],"texture":"#5"},"west":{"uv":[5.75,7.25,6.25,8.5],"texture":"#5"},"north":{"rotation":180,"uv":[2,5.5,2.5,6.75],"texture":"#5"},"up":{"rotation":180,"uv":[9,7,9.25,7.5],"texture":"#5"},"south":{"rotation":180,"uv":[3.25,5.5,3.75,6.75],"texture":"#5"}}},{"to":[9.3,6.9074,8.75],"rotation":{"origin":[7.575,10.0074,14.75],"angle":0,"axis":"y"},"from":[6.7,1.8074,8.675],"faces":{"north":{"rotation":90,"uv":[11,8.5,15,11],"texture":"#5"},"up":{"rotation":90,"uv":[11,0.5,11.25,3],"texture":"#5"},"south":{"rotation":270,"uv":[0,11.25,4,13.75],"texture":"#5"}}},{"to":[8.25,7.29302,7.52615],"rotation":{"origin":[8,7.09302,7.48865],"angle":45,"axis":"x"},"from":[6.7,6.79302,7.45115],"faces":{"west":{"rotation":270,"uv":[5,11,5.25,11.25],"texture":"#5"},"east":{"rotation":270,"uv":[5,11,5.25,11.25],"texture":"#5"},"north":{"rotation":90,"uv":[0,11.25,0.5,12.75],"texture":"#5"},"up":{"rotation":90,"uv":[10.5,1.25,10.75,3.75],"texture":"#5"},"south":{"rotation":270,"uv":[7.25,8.5,7.5,11],"texture":"#5"}}},{"to":[8.25,7.29302,8.54885],"rotation":{"origin":[8,7.09302,8.51135],"angle":-45,"axis":"x"},"from":[6.7,6.79302,8.47385],"faces":{"west":{"rotation":270,"uv":[5,11.25,5.25,11],"texture":"#5"},"east":{"rotation":270,"uv":[5,11.25,5.25,11],"texture":"#5"},"north":{"rotation":270,"uv":[7.25,11,7.5,8.5],"texture":"#5"},"up":{"rotation":90,"uv":[10.75,1.25,10.5,3.75],"texture":"#5"},"south":{"rotation":90,"uv":[0,12.75,0.5,11.25],"texture":"#5"}}},{"to":[7.61132,1.79971,8.7505],"rotation":{"origin":[5.78632,6.29971,14.7495],"angle":22.5,"axis":"z"},"from":[4.91132,-2.90029,7.2495],"faces":{"down":{"rotation":270,"uv":[2.5,7.5,3.75,10],"texture":"#5"},"west":{"rotation":180,"uv":[9.75,8.5,11,11.5],"texture":"#3"},"east":{"rotation":270,"uv":[3.25,11.75,7.5,13],"texture":"#5"},"north":{"rotation":90,"uv":[6.75,11.25,11,13.75],"texture":"#5"},"south":{"rotation":270,"uv":[6.75,11.25,11,13.75],"texture":"#5"}}},{"to":[9.25,6.6084,8.7],"rotation":{"origin":[7.575,10.0074,14.75],"angle":0,"axis":"y"},"from":[6.75,6.0074,7.3],"faces":{"up":{"uv":[7.25,7.75,10.75,9.5],"texture":"#3"}}},{"to":[9.20715,6.91692,8.625],"rotation":{"origin":[8.36965,6.61642,8.3625],"angle":-22.5,"axis":"z"},"from":[8.33215,6.31592,8.1],"faces":{"north":{"uv":[7,4.75,8,5.5],"texture":"#5"},"up":{"rotation":180,"uv":[9.25,14.5,10.25,15.25],"texture":"#5"},"south":{"rotation":180,"uv":[6.75,9.75,7.75,10.5],"texture":"#5"}}},{"to":[8.45,6.9084,8.625],"rotation":{"origin":[7.575,10.0074,14.75],"angle":0,"axis":"y"},"from":[6.775,6.3074,8.1],"faces":{"west":{"rotation":180,"uv":[8,9.75,8.25,10],"texture":"#5"},"north":{"uv":[7,4.75,8.75,5.5],"texture":"#5"},"up":{"rotation":180,"uv":[9.25,14.5,11,15.25],"texture":"#5"},"south":{"rotation":180,"uv":[6.75,9.75,8.5,10.5],"texture":"#5"}}}],"display":{"thirdperson_righthand":{"rotation":[0,100,0],"scale":[0.45,0.45,0.45],"translation":[0,1.75,0.25]},"head":{"scale":[0.9,0.9,0.9]},"thirdperson_lefthand":{"rotation":[0,-80,0],"scale":[0.45,0.45,0.45],"translation":[0,1.75,0.25]},"gui":{"rotation":[0,-180,15],"scale":[1.5,1.5,1.5],"translation":[2.75,7.75,0]},"firstperson_lefthand":{"rotation":[71,-71,80],"scale":[0.9,0.9,0.9],"translation":[1,4.25,0]},"firstperson_righthand":{"rotation":[-71,71,60],"scale":[0.9,0.9,0.9],"translation":[1,4.25,0]},"fixed":{"rotation":[0,-180,0],"scale":[0.9,0.9,0.9],"translation":[0,5,-1]},"ground":{"translation":[0,3,0],"scale":[0.45,0.45,0.45]}},"credit":"thebradqq's guns"}