{"textures":{"particle":"mgs:gun/vz61wood","1":"mgs:gun/vz61grip","0":"mgs:gun/vz61details","3":"mgs:gun/metal_bright","2":"mgs:gun/vz61wood","5":"mgs:gun/metal_dark","4":"mgs:gun/metal","6":"mgs:misc/reticles"},"credit":"thebradqq's guns","elements":[{"to":[18.25,7.9,9.15],"rotation":{"origin":[11.35,11.9,14.75],"angle":0,"axis":"y"},"from":[4.55,6.8,6.85],"faces":{"down":{"uv":[15.75,15.75,16,16],"texture":"#5"},"north":{"rotation":180,"uv":[0,11.5,13.75,12.5],"texture":"#5"},"up":{"rotation":180,"uv":[7.25,4,12,4.5],"texture":"#4"},"south":{"rotation":180,"uv":[0,11.5,13.75,12.5],"texture":"#5"}}},{"to":[6.05,7.1,9.1495],"rotation":{"origin":[5.35,6.7,8.0005],"angle":-22.5,"axis":"z"},"from":[4.85,6.4,6.8505],"faces":{"east":{"rotation":180,"uv":[6.25,7.5,6.5,8.25],"texture":"#5"},"north":{"uv":[0,6.75,1,7.25],"texture":"#5"},"south":{"uv":[0,6.75,1,7.25],"texture":"#5"}}},{"to":[16.45,6.8,9.05],"rotation":{"origin":[11.35,11.9,14.75],"angle":0,"axis":"y"},"from":[5.9,6.2,6.95],"faces":{"down":{"uv":[15.75,15.75,16,16],"texture":"#5"},"north":{"uv":[0,6.75,8.25,7.25],"texture":"#5"},"south":{"uv":[0,6.75,8.25,7.25],"texture":"#5"}}},{"to":[18.825,6.8,9.05],"rotation":{"origin":[11.35,11.9,14.75],"angle":0,"axis":"y"},"from":[16.45,6.6,6.95],"faces":{"down":{"uv":[15.75,15.75,16,16],"texture":"#5"},"east":{"rotation":180,"uv":[7.5,8,8.5,8.25],"texture":"#5"},"north":{"rotation":180,"uv":[7.75,7.5,8.75,7.75],"texture":"#5"},"south":{"rotation":180,"uv":[7.75,7.5,8.75,7.75],"texture":"#5"}}},{"to":[11.45,8.2,9.15],"rotation":{"origin":[11.35,13.2,14.75],"angle":0,"axis":"y"},"from":[4.55,7.9,6.85],"faces":{"east":{"rotation":180,"uv":[9.25,10.75,9.75,11],"texture":"#4"},"north":{"uv":[4.25,12.5,10.5,12.75],"texture":"#5"},"south":{"uv":[4.25,12.5,10.5,12.75],"texture":"#5"}}},{"to":[16.85,8.2,9.05],"rotation":{"origin":[11.35,13.2,14.75],"angle":0,"axis":"y"},"from":[10.05,7.9,6.95],"faces":{"north":{"uv":[15.75,15.75,16,16],"texture":"#5"},"south":{"uv":[15.75,15.75,16,16],"texture":"#5"}}},{"to":[18.25,8.8,9.15],"rotation":{"origin":[11.35,11.9,14.75],"angle":0,"axis":"y"},"from":[4.55,8.2,6.85],"faces":{"down":{"rotation":180,"uv":[5.5,9.75,10.25,10.25],"texture":"#5"},"north":{"rotation":180,"uv":[0,11.75,13.75,12.5],"texture":"#4"},"up":{"rotation":180,"uv":[0,11,10,13.75],"texture":"#4"},"south":{"uv":[0,4.5,13.75,5.25],"texture":"#4"}}},{"to":[4.85,9.1,9.15],"rotation":{"origin":[11.35,12.6,14.75],"angle":0,"axis":"y"},"from":[4.55,8.9,6.85],"faces":{"west":{"rotation":180,"uv":[8.25,4.5,10.5,4.75],"texture":"#5"},"east":{"rotation":180,"uv":[12.75,0.75,15,1],"texture":"#5"},"up":{"rotation":180,"uv":[11,3,11.25,5.25],"texture":"#4"}}},{"to":[6.85,9.1,9.05],"rotation":{"origin":[13.35,12.6,14.75],"angle":0,"axis":"y"},"from":[6.55,8.9,6.95],"faces":{"west":{"rotation":180,"uv":[8.5,4.75,10.75,5],"texture":"#5"},"east":{"rotation":180,"uv":[10.25,4.25,12.5,4.5],"texture":"#5"},"up":{"rotation":180,"uv":[15.5,3,15.75,5.25],"texture":"#4"}}},{"to":[8.25,9.1,9.05],"rotation":{"origin":[14.75,12.6,14.75],"angle":0,"axis":"y"},"from":[7.95,8.9,6.95],"faces":{"west":{"rotation":180,"uv":[10,5,12.25,5.25],"texture":"#5"},"east":{"rotation":180,"uv":[10,4.25,12.25,4.5],"texture":"#5"},"up":{"rotation":180,"uv":[15.5,3,15.75,5.25],"texture":"#4"}}},{"to":[10.95,9.1,8.15],"rotation":{"origin":[9.3,9,8],"angle":0,"axis":"y"},"from":[8.25,8.9,7.85],"faces":{"north":{"rotation":180,"uv":[10,5,12.25,5.25],"texture":"#5"},"up":{"rotation":270,"uv":[15.5,2.5,15.75,4.75],"texture":"#4"},"south":{"rotation":180,"uv":[11.25,4.75,13.5,5],"texture":"#4"}}},{"to":[17.05,9.1,8.15],"rotation":{"origin":[15.4,9,8],"angle":0,"axis":"y"},"from":[14.35,8.9,7.85],"faces":{"east":{"rotation":180,"uv":[12,4,12.5,4.25],"texture":"#5"},"north":{"rotation":180,"uv":[10,5,12.25,5.25],"texture":"#5"},"up":{"rotation":270,"uv":[15.5,2.5,15.75,4.75],"texture":"#4"},"south":{"rotation":180,"uv":[11.25,4.75,13.5,5],"texture":"#4"}}},{"to":[14.05,9.1,7.45],"rotation":{"origin":[12.2,9,7.3],"angle":0,"axis":"y"},"from":[11.25,9,7.15],"faces":{"north":{"rotation":180,"uv":[10,5,12.25,5.25],"texture":"#5"},"up":{"rotation":180,"uv":[0,4.75,3,5],"texture":"#4"},"south":{"rotation":180,"uv":[11.25,4.75,13.5,5],"texture":"#4"}}},{"to":[14.05,9.1,8.85],"rotation":{"origin":[12.2,9,8.7],"angle":0,"axis":"y"},"from":[11.25,9,8.55],"faces":{"north":{"rotation":180,"uv":[6.75,11.75,9,12],"texture":"#4"},"up":{"rotation":180,"uv":[3,4.25,6,4.5],"texture":"#4"},"south":{"rotation":180,"uv":[11.25,4.75,13.5,5],"texture":"#4"}}},{"to":[11.25,9.1,8.85],"rotation":{"origin":[10.8,9,7.3],"angle":0,"axis":"y"},"from":[10.95,8.9,7.15],"faces":{"west":{"rotation":180,"uv":[10,5,12.25,5.25],"texture":"#5"},"east":{"rotation":180,"uv":[10,4.25,12.25,4.5],"texture":"#5"},"north":{"rotation":180,"uv":[10,5,10.25,5.25],"texture":"#5"},"up":{"rotation":90,"uv":[0,4.75,1.75,5],"texture":"#4"},"south":{"rotation":180,"uv":[11.25,4.75,11.75,5],"texture":"#4"}}},{"to":[14.35,9.1,8.85],"rotation":{"origin":[14.2,9,7.3],"angle":0,"axis":"y"},"from":[14.05,8.9,7.15],"faces":{"west":{"rotation":180,"uv":[10,5,12.25,5.25],"texture":"#5"},"east":{"rotation":180,"uv":[10,4.25,12.25,4.5],"texture":"#5"},"north":{"rotation":180,"uv":[10,5,10.25,5.25],"texture":"#5"},"up":{"rotation":90,"uv":[1.5,4.25,3.25,4.5],"texture":"#4"},"south":{"rotation":180,"uv":[11.25,4.75,11.75,5],"texture":"#4"}}},{"to":[4.85,8.9,9.35],"rotation":{"origin":[11.35,12.4,14.75],"angle":0,"axis":"y"},"from":[4.55,6.6,6.65],"faces":{"west":{"uv":[9.25,5,12.5,6.5],"texture":"#4"},"east":{"rotation":180,"uv":[9.25,12,9.5,13],"texture":"#5"},"north":{"rotation":180,"uv":[11,10.75,11.25,12.25],"texture":"#4"},"south":{"rotation":180,"uv":[11,10.75,11.25,12.25],"texture":"#4"}}},{"to":[6.85,8.9,9.25],"rotation":{"origin":[13.35,12.4,14.75],"angle":0,"axis":"y"},"from":[6.55,7.1,6.75],"faces":{"down":{"uv":[15.75,15.75,16,16],"texture":"#5"},"west":{"rotation":180,"uv":[11.25,11,11.5,12],"texture":"#5"},"east":{"rotation":180,"uv":[9.25,12,9.5,13],"texture":"#5"},"north":{"rotation":180,"uv":[10.25,11.5,10.5,12.5],"texture":"#5"},"south":{"rotation":180,"uv":[11,11.5,11.25,12.5],"texture":"#5"}}},{"to":[8.25,8.9,9.25],"rotation":{"origin":[14.75,12.4,14.75],"angle":0,"axis":"y"},"from":[7.95,7.1,6.75],"faces":{"down":{"uv":[15.75,15.75,16,16],"texture":"#5"},"west":{"rotation":180,"uv":[11.25,11,11.5,12],"texture":"#5"},"east":{"rotation":180,"uv":[9.25,12,9.5,13],"texture":"#5"},"north":{"rotation":180,"uv":[11,11.5,11.25,12.5],"texture":"#5"},"south":{"rotation":180,"uv":[10.25,11.5,10.5,12.5],"texture":"#5"}}},{"to":[5.91986,6.4485,9.3495],"rotation":{"origin":[5.66986,6.2985,8.0005],"angle":-22.5,"axis":"z"},"from":[4.51986,6.1485,6.6505],"faces":{"down":{"uv":[15.75,15.75,16,16],"texture":"#5"},"east":{"rotation":180,"uv":[6.25,7.5,6.5,7.75],"texture":"#5"},"north":{"rotation":270,"uv":[10.25,8,10.5,8.5],"texture":"#4"},"up":{"rotation":90,"uv":[9.25,4.25,9.5,5.25],"texture":"#5"},"south":{"rotation":90,"uv":[10.25,8,10.5,8.5],"texture":"#4"}}},{"to":[11.35,9,8.95],"rotation":{"origin":[11.35,12.5,14.75],"angle":0,"axis":"y"},"from":[4.55,8.8,7.05],"faces":{"east":{"rotation":180,"uv":[10,4.75,12.25,5],"texture":"#5"},"up":{"rotation":180,"uv":[9.25,2.75,15.75,5],"texture":"#4"}}},{"to":[18.25,9,8.95],"rotation":{"origin":[11.35,12.5,14.75],"angle":0,"axis":"y"},"from":[13.95,8.8,7.05],"faces":{"west":{"rotation":180,"uv":[10,5,12.25,5.25],"texture":"#5"},"up":{"rotation":180,"uv":[11.5,2.75,15.75,5],"texture":"#3"}}},{"to":[13.95,9,8.95],"rotation":{"origin":[8.15,12.5,14.75],"angle":0,"axis":"y"},"from":[11.35,8.8,8.55],"faces":{"north":{"rotation":180,"uv":[6.5,11.5,8.75,11.75],"texture":"#4"},"up":{"rotation":180,"uv":[7.75,4.25,10.25,4.5],"texture":"#4"}}},{"to":[13.95,9,7.45],"rotation":{"origin":[8.15,12.5,13.35],"angle":0,"axis":"y"},"from":[11.35,8.8,7.05],"faces":{"up":{"rotation":180,"uv":[0,5,2.5,5.25],"texture":"#4"},"south":{"rotation":180,"uv":[6.75,12.5,9,12.75],"texture":"#4"}}},{"to":[7.85,9.1,8.75],"rotation":{"origin":[11.35,12.7,14.75],"angle":0,"axis":"y"},"from":[6.95,9,7.25],"faces":{"west":{"uv":[4.5,5.5,5.5,5.75],"texture":"#5"},"east":{"uv":[4.5,5.5,5.5,5.75],"texture":"#5"},"north":{"uv":[4.5,5.5,5.5,5.75],"texture":"#5"},"up":{"rotation":270,"uv":[6,11.5,7.5,12.5],"texture":"#5"},"south":{"uv":[4.5,5.5,5.5,5.75],"texture":"#5"}}},{"to":[18.25,9.1,8.75],"rotation":{"origin":[21.75,12.7,14.75],"angle":0,"axis":"y"},"from":[17.35,9,7.25],"faces":{"west":{"uv":[4.5,5.5,5.5,5.75],"texture":"#5"},"east":{"uv":[4.5,5.5,5.5,5.75],"texture":"#5"},"north":{"uv":[4.5,5.5,5.5,5.75],"texture":"#5"},"up":{"rotation":270,"uv":[6,12,7.5,13],"texture":"#5"},"south":{"uv":[4.5,5.5,5.5,5.75],"texture":"#5"}}},{"to":[7.85,9.5,7.45],"rotation":{"origin":[11.35,12.9,14.85],"angle":0,"axis":"y"},"from":[6.95,9.1,7.25],"faces":{"west":{"uv":[5.5,4.75,6,5.25],"texture":"#5"},"east":{"uv":[6,5,6.5,5.5],"texture":"#4"},"north":{"uv":[4.25,4.75,5.25,5.5],"texture":"#5"},"south":{"rotation":180,"uv":[3.75,8,4.5,8.75],"texture":"#5"}}},{"to":[7.425,9.6,8.55],"rotation":{"origin":[11.425,12.9,14.85],"angle":0,"axis":"y"},"from":[7.325,9.1,7.45],"faces":{"west":{"rotation":180,"uv":[6.25,11.25,7.75,12],"texture":"#5"},"east":{"rotation":180,"uv":[6.25,11.25,7.75,12],"texture":"#5"},"up":{"rotation":90,"uv":[7.25,11.5,7.5,11.75],"texture":"#5"}}},{"to":[7.425,9.7,7.95],"rotation":{"origin":[11.425,13.3,14.85],"angle":0,"axis":"y"},"from":[7.325,9.6,7.45],"faces":{"west":{"uv":[6.75,12.25,7.5,12.5],"texture":"#5"},"east":{"uv":[6.75,12.25,7.5,12.5],"texture":"#5"},"up":{"rotation":90,"uv":[6.25,4.5,7,4.75],"texture":"#5"},"south":{"rotation":90,"uv":[7.25,11.5,7.5,11.75],"texture":"#5"}}},{"to":[7.425,9.7,8.55],"rotation":{"origin":[11.425,13.3,1.15],"angle":0,"axis":"y"},"from":[7.325,9.6,8.05],"faces":{"west":{"uv":[6.75,12.25,7.5,12.5],"texture":"#5"},"east":{"uv":[6.75,12.25,7.5,12.5],"texture":"#5"},"north":{"rotation":90,"uv":[7.25,11.5,7.5,11.75],"texture":"#5"},"up":{"rotation":90,"uv":[6.25,4.5,7,4.75],"texture":"#5"}}},{"to":[18.25,9.4,7.45],"rotation":{"origin":[21.75,12.9,14.85],"angle":0,"axis":"y"},"from":[17.35,9.1,7.25],"faces":{"west":{"uv":[5.5,4.75,6,5.25],"texture":"#5"},"east":{"uv":[6,5,6.5,5.5],"texture":"#4"},"north":{"rotation":180,"uv":[4.75,11.75,5.75,12.25],"texture":"#5"},"up":{"uv":[5.5,4.5,6,5],"texture":"#5"},"south":{"rotation":180,"uv":[3.75,8,4.5,8.75],"texture":"#5"}}},{"to":[18.1,9.7,8.075],"rotation":{"origin":[21.75,12.9,0.425],"angle":0,"axis":"y"},"from":[17.95,9.1,7.925],"faces":{"west":{"uv":[6,4.25,6.25,5],"texture":"#5"},"east":{"uv":[7.5,4.5,7.75,5.25],"texture":"#5"},"north":{"rotation":180,"uv":[6.25,11.25,6.5,12],"texture":"#5"},"up":{"rotation":180,"uv":[7.25,4.5,7.5,4.75],"texture":"#5"},"south":{"rotation":180,"uv":[6.25,11.25,6.5,12],"texture":"#5"}}},{"to":[18.25,9.7,7.45],"rotation":{"origin":[21.75,13.2,14.85],"angle":0,"axis":"y"},"from":[17.75,9.4,7.25],"faces":{"west":{"rotation":270,"uv":[5.5,4.5,6,5],"texture":"#5"},"east":{"uv":[6,4.5,6.5,5],"texture":"#4"},"north":{"uv":[6.5,4.5,7.25,5],"texture":"#5"},"up":{"uv":[1.25,3.75,1.75,4.25],"texture":"#4"},"south":{"rotation":180,"uv":[4.5,11,4.75,11.5],"texture":"#5"}}},{"to":[7.85,9.5,8.75],"rotation":{"origin":[11.35,12.9,16.15],"angle":0,"axis":"y"},"from":[6.95,9.1,8.55],"faces":{"west":{"uv":[5.5,4.75,6,5.25],"texture":"#5"},"east":{"uv":[6,5,6.5,5.5],"texture":"#4"},"north":{"rotation":180,"uv":[3.75,8,4.5,8.75],"texture":"#5"},"south":{"uv":[4.25,4.75,5.25,5.5],"texture":"#5"}}},{"to":[18.25,9.4,8.75],"rotation":{"origin":[21.75,12.9,16.15],"angle":0,"axis":"y"},"from":[17.35,9.1,8.55],"faces":{"west":{"uv":[5.5,4.75,6,5.25],"texture":"#5"},"east":{"uv":[6,5,6.5,5.5],"texture":"#4"},"north":{"rotation":180,"uv":[3.75,8,4.5,8.75],"texture":"#5"},"up":{"rotation":180,"uv":[5.5,4.5,6,5],"texture":"#5"},"south":{"rotation":180,"uv":[4.75,11.75,5.75,12.25],"texture":"#5"}}},{"to":[18.25,9.7,8.75],"rotation":{"origin":[21.75,13.2,16.15],"angle":0,"axis":"y"},"from":[17.75,9.4,8.55],"faces":{"west":{"rotation":90,"uv":[5.5,4.5,6,5],"texture":"#5"},"east":{"uv":[6,4.5,6.5,5],"texture":"#4"},"north":{"rotation":180,"uv":[4.5,11,4.75,11.5],"texture":"#5"},"up":{"rotation":180,"uv":[1.25,3.75,1.75,4.25],"texture":"#4"},"south":{"uv":[6.5,4.5,7.25,5],"texture":"#5"}}},{"to":[7.85,9.5,8.7495],"rotation":{"origin":[7.4,9.3136,8.65],"angle":45,"axis":"z"},"from":[7.55,9.12721,8.5505],"faces":{"east":{"rotation":270,"uv":[5.75,4.75,6.25,5.25],"texture":"#4"},"north":{"rotation":180,"uv":[4.5,11,4.75,11.5],"texture":"#5"},"south":{"rotation":90,"uv":[4.25,4.5,4.5,5],"texture":"#5"}}},{"to":[7.85,9.5,7.4495],"rotation":{"origin":[7.4,9.3136,7.35],"angle":45,"axis":"z"},"from":[7.55,9.12721,7.2505],"faces":{"east":{"rotation":90,"uv":[5.75,4.75,6.25,5.25],"texture":"#4"},"north":{"rotation":90,"uv":[4.25,5,4.5,4.5],"texture":"#5"},"south":{"rotation":180,"uv":[4.5,11,4.75,11.5],"texture":"#5"}}},{"to":[7.5864,9.7636,8.75],"rotation":{"origin":[7.4,9.3136,8.65],"angle":0,"axis":"z"},"from":[7.2136,9.4636,8.55],"faces":{"north":{"rotation":180,"uv":[4.5,11,4.75,11.5],"texture":"#5"},"up":{"rotation":180,"uv":[1.25,3.75,1.75,4.25],"texture":"#4"},"south":{"uv":[4.25,4.5,4.5,5],"texture":"#5"}}},{"to":[7.5864,9.7636,7.45],"rotation":{"origin":[7.4,9.3136,7.35],"angle":0,"axis":"z"},"from":[7.2136,9.4636,7.25],"faces":{"north":{"uv":[4.25,4.5,4.5,5],"texture":"#5"},"up":{"uv":[1.25,3.75,1.75,4.25],"texture":"#4"},"south":{"rotation":180,"uv":[4.5,11,4.75,11.5],"texture":"#5"}}},{"to":[7.5864,9.7636,8.7495],"rotation":{"origin":[7.4,9.3136,8.65],"angle":45,"axis":"z"},"from":[7.2136,9.4636,8.5505],"faces":{"north":{"rotation":180,"uv":[4.5,11,4.75,11.5],"texture":"#5"},"up":{"rotation":180,"uv":[6,4.5,6.5,5],"texture":"#5"},"south":{"uv":[4.25,4.5,4.5,5],"texture":"#5"}}},{"to":[7.5864,9.7636,7.4495],"rotation":{"origin":[7.4,9.3136,7.35],"angle":45,"axis":"z"},"from":[7.2136,9.4636,7.2505],"faces":{"north":{"uv":[4.5,4.5,4.25,5],"texture":"#5"},"up":{"uv":[6,4.5,6.5,5],"texture":"#5"},"south":{"rotation":180,"uv":[4.5,11,4.75,11.5],"texture":"#5"}}},{"to":[18.25,8.92929,9.12071],"rotation":{"origin":[11.4,8.82929,8.97929],"angle":45,"axis":"x"},"from":[4.55,8.72929,8.83787],"faces":{"east":{"rotation":180,"uv":[6.75,4,7,4.25],"texture":"#5"},"up":{"rotation":180,"uv":[0,3.25,13.75,3.5],"texture":"#4"}}},{"to":[4.851,9.02929,9.32071],"rotation":{"origin":[11.4,8.92929,9.17929],"angle":45,"axis":"x"},"from":[4.551,8.82929,9.03787],"faces":{"west":{"rotation":180,"uv":[13.25,7.25,13.5,7.5],"texture":"#5"},"east":{"rotation":180,"uv":[0,4.75,0.25,5],"texture":"#5"},"up":{"rotation":180,"uv":[10.75,4.5,11,4.75],"texture":"#5"}}},{"to":[6.851,9.02929,9.22071],"rotation":{"origin":[13.4,8.92929,9.07929],"angle":45,"axis":"x"},"from":[6.551,8.82929,8.93787],"faces":{"west":{"rotation":180,"uv":[0,5,0.25,5.25],"texture":"#5"},"east":{"rotation":180,"uv":[0,4.75,0.25,5],"texture":"#5"},"up":{"rotation":180,"uv":[10.75,4.5,11,4.75],"texture":"#5"}}},{"to":[8.251,9.02929,9.22071],"rotation":{"origin":[14.8,8.92929,9.07929],"angle":45,"axis":"x"},"from":[7.951,8.82929,8.93787],"faces":{"west":{"rotation":180,"uv":[10,5,10.25,5.25],"texture":"#5"},"east":{"rotation":180,"uv":[0,4.75,0.25,5],"texture":"#5"},"up":{"rotation":180,"uv":[10.75,4.5,11,4.75],"texture":"#5"}}},{"to":[4.851,9.02929,6.96213],"rotation":{"origin":[11.4,8.92929,6.82071],"angle":-45,"axis":"x"},"from":[4.551,8.82929,6.67929],"faces":{"west":{"rotation":180,"uv":[13.25,7.25,13.5,7.5],"texture":"#5"},"east":{"rotation":180,"uv":[0,4.5,0.25,4.75],"texture":"#5"},"up":{"rotation":180,"uv":[10.5,4.75,10.75,5],"texture":"#5"}}},{"to":[6.851,9.02929,7.06213],"rotation":{"origin":[13.4,8.92929,6.92071],"angle":-45,"axis":"x"},"from":[6.551,8.82929,6.77929],"faces":{"west":{"rotation":180,"uv":[0,5,0.25,5.25],"texture":"#5"},"east":{"rotation":180,"uv":[0,4.5,0.25,4.75],"texture":"#5"},"up":{"rotation":180,"uv":[10.5,4.75,10.75,5],"texture":"#5"}}},{"to":[8.251,9.02929,7.06213],"rotation":{"origin":[14.8,8.92929,6.92071],"angle":-45,"axis":"x"},"from":[7.951,8.82929,6.77929],"faces":{"west":{"rotation":180,"uv":[10,5,10.25,5.25],"texture":"#5"},"east":{"rotation":180,"uv":[0,4.5,0.25,4.75],"texture":"#5"},"up":{"rotation":180,"uv":[10.5,4.75,10.75,5],"texture":"#5"}}},{"to":[18.25,8.92929,7.16213],"rotation":{"origin":[11.4,8.82929,7.02071],"angle":-45,"axis":"x"},"from":[4.55,8.72929,6.87929],"faces":{"east":{"rotation":180,"uv":[6.75,4,7,4.25],"texture":"#5"},"up":{"rotation":180,"uv":[0,12.25,13.75,12.5],"texture":"#4"}}},{"to":[12.59361,6.6074,8.95],"rotation":{"origin":[11.09361,10.0074,14.75],"angle":0,"axis":"y"},"from":[4.36861,4.7074,7.05],"faces":{"down":{"uv":[15.75,15.75,16,16],"texture":"#5"},"west":{"uv":[0,11,2,12.5],"texture":"#5"},"north":{"uv":[0,10.75,6.5,12.25],"texture":"#5"},"south":{"uv":[0,10.75,6.5,12.25],"texture":"#5"}}},{"to":[10.96861,6.1074,7.25],"rotation":{"origin":[11.09361,10.0074,13.05],"angle":0,"axis":"y"},"from":[10.36861,5.5074,6.65],"faces":{"down":{"rotation":90,"uv":[15.5,13.5,16,16],"texture":"#0"},"west":{"uv":[14.5,13.5,16,16],"texture":"#0"},"east":{"uv":[10,13.5,11.5,16],"texture":"#0"},"north":{"uv":[0,13.5,2.5,16],"texture":"#0"},"up":{"rotation":90,"uv":[14.5,12,16,14.5],"texture":"#0"}}},{"to":[11.46861,5.3574,9.05],"rotation":{"origin":[11.09361,9.2574,15.45],"angle":0,"axis":"y"},"from":[8.56861,4.7574,8.95],"faces":{"down":{"rotation":180,"uv":[15.75,15.75,16,16],"texture":"#5"},"west":{"rotation":180,"uv":[14.5,10.5,15,12.5],"texture":"#0"},"east":{"rotation":180,"uv":[14.5,11,15,13],"texture":"#0"},"up":{"rotation":180,"uv":[8.5,14,14.5,14.5],"texture":"#0"},"south":{"rotation":180,"uv":[8,9.5,15.5,12],"texture":"#0"}}},{"to":[11.46861,5.6574,9.05],"rotation":{"origin":[11.09361,9.8574,15.45],"angle":0,"axis":"y"},"from":[10.49361,5.3574,8.95],"faces":{"west":{"rotation":180,"uv":[14,11.5,14.5,12.5],"texture":"#0"},"east":{"rotation":180,"uv":[13.5,12,14,13],"texture":"#0"},"up":{"rotation":180,"uv":[10,11.5,12,12],"texture":"#0"},"south":{"rotation":180,"uv":[8,11.5,10.5,12.5],"texture":"#0"}}},{"to":[15.66861,6.0074,9.2],"rotation":{"origin":[15.79361,10.0074,13.2],"angle":0,"axis":"y"},"from":[15.26861,5.6074,6.8],"faces":{"north":{"rotation":90,"uv":[13.5,15,15,13.5],"texture":"#0"},"west":{"uv":[10.5,14.5,11.5,16],"texture":"#0"},"up":{"rotation":90,"uv":[12.5,13,13.5,14.5],"texture":"#0"},"down":{"uv":[10,15,11,16],"texture":"#0"},"east":{"uv":[10,14,11,15.5],"texture":"#0"},"south":{"rotation":90,"uv":[13.5,13.5,15,15],"texture":"#0"}}},{"to":[5.26861,6.2074,7.25],"rotation":{"origin":[5.69361,10.1074,13.05],"angle":22.5,"axis":"z"},"from":[4.96861,5.2074,6.85],"faces":{"down":{"uv":[15.75,15.75,16,16],"texture":"#5"},"west":{"uv":[12,11,12.25,11.25],"texture":"#5"},"east":{"uv":[11,10.5,11.25,12.25],"texture":"#5"},"north":{"rotation":90,"uv":[2,11.5,3.75,12],"texture":"#5"},"up":{"rotation":90,"uv":[8,2,8.5,2.5],"texture":"#5"}}},{"to":[5.16861,5.4074,7.05],"rotation":{"origin":[5.69361,10.1074,13.05],"angle":22.5,"axis":"z"},"from":[4.96861,4.7074,6.65],"faces":{"down":{"uv":[15.75,15.75,16,16],"texture":"#5"},"west":{"uv":[12,11,12.25,11.25],"texture":"#5"},"east":{"uv":[11.5,0,14,1.5],"texture":"#0"},"north":{"rotation":90,"uv":[2,11.5,3.75,12],"texture":"#5"},"up":{"rotation":90,"uv":[8,2,8.5,2.5],"texture":"#5"}}},{"to":[8.89361,6.4824,7.45],"rotation":{"origin":[3.39361,6.9324,13.15],"angle":0,"axis":"z"},"from":[7.99361,6.2074,6.85],"faces":{"down":{"rotation":180,"uv":[15.75,15.75,16,16],"texture":"#5"},"west":{"rotation":180,"uv":[6.5,12.75,6.75,13],"texture":"#5"},"east":{"rotation":180,"uv":[6.5,12.75,6.75,13],"texture":"#5"},"north":{"rotation":90,"uv":[8.25,2,8.5,2.75],"texture":"#5"},"up":{"rotation":180,"uv":[9.5,4,10.25,4.25],"texture":"#5"}}},{"to":[7.79361,4.7074,9.2505],"rotation":{"origin":[11.09361,8.1074,14.7495],"angle":0,"axis":"y"},"from":[4.64361,2.7074,6.7495],"faces":{"west":{"rotation":270,"uv":[9.5,2,13.5,7],"texture":"#2"},"east":{"rotation":180,"uv":[10.5,8.5,5.5,12.5],"texture":"#2"},"north":{"rotation":270,"uv":[8.5,9.5,13.5,1.5],"texture":"#2"},"up":{"rotation":270,"uv":[5.5,0,9.5,7],"texture":"#2"},"south":{"rotation":270,"uv":[8.5,1.5,13.5,9.5],"texture":"#2"}}},{"to":[4.79361,4.7074,9.0005],"rotation":{"origin":[10.79361,8.1074,14.6995],"angle":0,"axis":"y"},"from":[4.34361,2.7074,6.9995],"faces":{"west":{"rotation":270,"uv":[9.5,2,13.5,7],"texture":"#2"},"north":{"uv":[12.5,0,14,4.5],"texture":"#2"},"up":{"rotation":270,"uv":[5.5,0,9.5,7],"texture":"#2"},"south":{"uv":[14,0,12.5,4.5],"texture":"#2"}}},{"to":[7.89361,4.7074,8.4],"rotation":{"origin":[11.19361,8.0574,15.6],"angle":0,"axis":"y"},"from":[7.76861,2.6574,7.6],"faces":{"west":{"uv":[15.75,15.75,16,16],"texture":"#5"},"east":{"rotation":270,"uv":[2,7.5,4,8.25],"texture":"#5"},"north":{"rotation":180,"uv":[12.5,4.5,12.75,6.5],"texture":"#5"},"south":{"rotation":180,"uv":[12.5,4.5,12.75,6.5],"texture":"#5"}}},{"to":[10.29287,2.35814,8.4],"rotation":{"origin":[9.19287,2.29564,8],"angle":0,"axis":"z"},"from":[8.19287,2.23314,7.6],"faces":{"down":{"uv":[15.75,15.75,16,16],"texture":"#5"},"north":{"rotation":180,"uv":[7,4.25,7.25,4.5],"texture":"#5"},"up":{"rotation":180,"uv":[2.5,11.75,4.75,12.5],"texture":"#5"},"south":{"rotation":180,"uv":[7,4.25,7.25,4.5],"texture":"#5"}}},{"to":[10.29287,4.74681,8.4],"rotation":{"origin":[9.19287,4.68431,8],"angle":0,"axis":"z"},"from":[7.89287,4.62181,7.6],"faces":{"down":{"uv":[15.75,15.75,16,16],"texture":"#5"},"north":{"uv":[15.75,15.75,16,16],"texture":"#5"},"south":{"uv":[15.75,15.75,16,16],"texture":"#5"}}},{"to":[8.75537,4.68431,8.2],"rotation":{"origin":[8.69287,4.58431,8],"angle":0,"axis":"z"},"from":[8.53037,3.58431,7.8],"faces":{"west":{"uv":[15.75,15.75,16,16],"texture":"#5"},"east":{"rotation":180,"uv":[8,5.5,8.5,6.75],"texture":"#5"},"north":{"rotation":180,"uv":[8.75,5,9.25,6.25],"texture":"#5"},"south":{"rotation":180,"uv":[8.75,5,9.25,6.25],"texture":"#5"}}},{"to":[9.15537,4.68431,8.2],"rotation":{"origin":[9.09287,5.18431,8],"angle":-22.5,"axis":"z"},"from":[8.93037,4.10931,7.8],"faces":{"east":{"uv":[3.25,10.25,3.75,10.75],"texture":"#5"},"north":{"uv":[3.25,10.25,3.75,10.75],"texture":"#5"},"south":{"uv":[3.25,10.25,3.75,10.75],"texture":"#5"}}},{"to":[9.16396,3.73023,8.2005],"rotation":{"origin":[9.10146,2.63023,7.9995],"angle":22.5,"axis":"z"},"from":[8.93896,2.73023,7.7995],"faces":{"down":{"uv":[15.75,15.75,16,16],"texture":"#5"},"west":{"uv":[15.75,15.75,16,16],"texture":"#5"},"east":{"rotation":180,"uv":[9.25,4.75,9.75,6],"texture":"#5"},"north":{"rotation":90,"uv":[6.75,15.5,8,16],"texture":"#5"},"south":{"rotation":90,"uv":[6.75,15.5,8,16],"texture":"#5"}}},{"to":[10.81463,2.12377,8.4],"rotation":{"origin":[9.71463,2.06127,8],"angle":22.5,"axis":"z"},"from":[10.31463,1.99877,7.6],"faces":{"down":{"rotation":270,"uv":[3,10.5,3.75,11],"texture":"#5"},"north":{"rotation":90,"uv":[7.25,4.25,7.5,4.75],"texture":"#5"},"up":{"rotation":90,"uv":[2.25,11.75,3,12.25],"texture":"#5"},"south":{"rotation":270,"uv":[7,4.25,7.25,4.75],"texture":"#5"}}},{"to":[10.81463,4.98118,8.4],"rotation":{"origin":[9.71463,4.91868,8],"angle":-22.5,"axis":"z"},"from":[10.31463,4.85618,7.6],"faces":{"down":{"uv":[15.75,15.75,16,16],"texture":"#5"},"north":{"uv":[15.75,15.75,16,16],"texture":"#5"},"up":{"uv":[15.75,15.75,16,16],"texture":"#5"},"south":{"uv":[15.75,15.75,16,16],"texture":"#5"}}},{"to":[11.38636,2.10691,8.4],"rotation":{"origin":[10.28636,2.04441,8],"angle":45,"axis":"z"},"from":[10.88636,1.98191,7.6],"faces":{"down":{"rotation":270,"uv":[2.75,11.25,3.5,11.75],"texture":"#5"},"north":{"rotation":90,"uv":[7.25,4.5,7.5,5],"texture":"#5"},"up":{"rotation":90,"uv":[2.25,11.5,3,12],"texture":"#5"},"south":{"rotation":270,"uv":[7.25,4.5,7.5,5],"texture":"#5"}}},{"to":[11.38636,4.99804,8.4],"rotation":{"origin":[10.28636,4.93554,8],"angle":-45,"axis":"z"},"from":[10.88636,4.87304,7.6],"faces":{"down":{"uv":[15.75,15.75,16,16],"texture":"#5"},"north":{"rotation":90,"uv":[8.5,8,8.75,8.5],"texture":"#5"},"up":{"rotation":270,"uv":[3,8,3.75,8.5],"texture":"#5"},"south":{"rotation":270,"uv":[8.5,8,8.75,8.5],"texture":"#5"}}},{"to":[10.88351,3.34762,8.4],"rotation":{"origin":[10.82101,2.24762,8],"angle":-22.5,"axis":"z"},"from":[10.75851,2.84762,7.6],"faces":{"west":{"uv":[2.25,11.25,3,11.75],"texture":"#5"},"east":{"rotation":180,"uv":[2.75,11.5,3.5,12],"texture":"#5"},"north":{"uv":[8.5,11.75,8.75,12.25],"texture":"#5"},"south":{"uv":[8.5,11.75,8.75,12.25],"texture":"#5"}}},{"to":[10.88351,4.13232,8.4],"rotation":{"origin":[10.82101,4.73232,8],"angle":22.5,"axis":"z"},"from":[10.75851,3.63232,7.6],"faces":{"west":{"uv":[1.75,8,2.5,8.5],"texture":"#5"},"east":{"uv":[3.5,11.5,4.25,12],"texture":"#5"},"north":{"uv":[8.25,11.25,8.5,11.75],"texture":"#5"},"south":{"uv":[8.25,11.25,8.5,11.75],"texture":"#5"}}},{"to":[11.29971,3.73997,8.4],"rotation":{"origin":[11.23721,2.63997,8],"angle":0,"axis":"z"},"from":[11.17471,3.23997,7.6],"faces":{"west":{"uv":[2,10.5,2.75,11],"texture":"#5"},"east":{"rotation":180,"uv":[3.25,11.75,4,12.25],"texture":"#5"},"north":{"uv":[8.25,11.5,8.5,12],"texture":"#5"},"south":{"uv":[8.25,11.5,8.5,12],"texture":"#5"}}},{"to":[8.58241,2.99449,8.4],"rotation":{"origin":[8.51991,1.99449,8],"angle":45,"axis":"z"},"from":[8.45741,2.39449,7.6],"faces":{"west":{"uv":[15.75,15.75,16,16],"texture":"#5"},"east":{"uv":[2.5,11.25,3.25,12],"texture":"#5"},"north":{"rotation":180,"uv":[7,4,7.25,4.75],"texture":"#5"},"south":{"rotation":180,"uv":[7,4,7.25,4.75],"texture":"#5"}}},{"to":[6.51619,1.1772,9.2505],"rotation":{"origin":[10.01619,4.1772,14.7495],"angle":0,"axis":"y"},"from":[3.99119,-2.2228,6.7495],"faces":{"down":{"rotation":180,"uv":[10.5,13.5,7.5,16],"texture":"#2"},"west":{"uv":[0,3,6,9.5],"texture":"#2"},"east":{"uv":[5,3.5,0,11],"texture":"#2"},"north":{"rotation":270,"uv":[9,8.5,1.5,3],"texture":"#1"},"south":{"rotation":270,"uv":[9,3,1,8.5],"texture":"#1"}}},{"to":[5.3826,0.59141,9],"rotation":{"origin":[10.7826,1.89141,14.7],"angle":-22.5,"axis":"z"},"from":[4.4576,-2.70859,7],"faces":{"west":{"uv":[10,0,15.5,7.5],"texture":"#1"},"north":{"rotation":270,"uv":[0,9,8,6.5],"texture":"#2"},"south":{"rotation":270,"uv":[0,6.5,8,9],"texture":"#2"}}},{"to":[6.90372,0.06204,9.0005],"rotation":{"origin":[9.50372,3.26204,14.6995],"angle":0,"axis":"z"},"from":[3.17872,-2.13796,6.9995],"faces":{"down":{"rotation":180,"uv":[10.5,13.5,7.5,16],"texture":"#2"},"west":{"uv":[15.5,4.5,10,9.5],"texture":"#1"},"east":{"uv":[15.5,4.5,10,9.5],"texture":"#1"},"north":{"rotation":270,"uv":[5,15,0,6.5],"texture":"#2"},"south":{"rotation":270,"uv":[5,6.5,0,15],"texture":"#2"}}},{"to":[6.90372,2.26204,9],"rotation":{"origin":[9.50372,5.46204,14.7],"angle":0,"axis":"z"},"from":[5.27872,0.06204,7],"faces":{"east":{"rotation":180,"uv":[15.5,7,10,11.5],"texture":"#1"},"north":{"rotation":270,"uv":[0,11.5,5,8],"texture":"#2"},"south":{"rotation":270,"uv":[0,8,5,11.5],"texture":"#2"}}},{"to":[8.09361,1.1074,9.25],"rotation":{"origin":[11.99361,3.7074,14.75],"angle":-22.5,"axis":"z"},"from":[5.56861,-1.6926,6.75],"faces":{"west":{"rotation":270,"uv":[8.5,4,14.5,7],"texture":"#2"},"east":{"rotation":180,"uv":[12,6,7,12],"texture":"#2"},"north":{"rotation":270,"uv":[7,8.5,0,2.5],"texture":"#2"},"south":{"rotation":270,"uv":[7,2.5,0,8.5],"texture":"#2"}}},{"to":[9.08816,4.72425,9.2495],"rotation":{"origin":[11.68816,0.09925,14.7505],"angle":22.5,"axis":"z"},"from":[7.98816,3.99925,6.7505],"faces":{"down":{"rotation":90,"uv":[7.5,11.5,2.5,14.5],"texture":"#2"},"north":{"rotation":90,"uv":[2,8.5,2.5,9],"texture":"#2"},"south":{"rotation":90,"uv":[2,8.5,2.5,9],"texture":"#2"}}},{"to":[2.60099,6.66816,9],"rotation":{"origin":[8.40099,10.06816,14.7],"angle":22.5,"axis":"z"},"from":[2.07599,5.16816,7],"faces":{"west":{"rotation":180,"uv":[10,5.5,5,8.5],"texture":"#2"},"north":{"rotation":90,"uv":[6.5,1.5,9.5,2.5],"texture":"#2"},"up":{"rotation":90,"uv":[13,0,16,1],"texture":"#2"},"south":{"rotation":90,"uv":[6.5,1.5,9.5,2.5],"texture":"#2"}}},{"to":[17.15,6.6,8.95],"rotation":{"origin":[15.55,7.25,8],"angle":22.5,"axis":"z"},"from":[15.65,5.9,7.05],"faces":{"down":{"rotation":90,"uv":[8.25,8,10.25,9.25],"texture":"#5"},"north":{"uv":[0,11.25,0.75,12.25],"texture":"#5"},"south":{"uv":[0,11.25,0.75,12.25],"texture":"#5"}}},{"to":[17.07905,6.26763,9.0495],"rotation":{"origin":[15.37905,7.21763,8.0005],"angle":22.5,"axis":"z"},"from":[15.97905,5.86763,6.9505],"faces":{"down":{"uv":[15.75,15.75,16,16],"texture":"#5"},"north":{"rotation":180,"uv":[7.75,7.25,8.75,7.75],"texture":"#5"},"south":{"rotation":180,"uv":[7.75,7.25,8.75,7.75],"texture":"#5"}}},{"to":[4.95,5.5,8.9495],"rotation":{"origin":[5.05,4.15,8.0005],"angle":22.5,"axis":"z"},"from":[3.95,4.8,7.0505],"faces":{"down":{"uv":[15.75,15.75,16,16],"texture":"#5"},"west":{"uv":[4.5,4.5,6.5,5.25],"texture":"#5"},"north":{"rotation":180,"uv":[0,11.5,1,12.25],"texture":"#5"},"up":{"rotation":270,"uv":[3.75,4.5,5.75,5.5],"texture":"#5"},"south":{"rotation":180,"uv":[0,11.5,1,12.25],"texture":"#5"}}},{"to":[5.15,8.4,9.1],"rotation":{"origin":[5.05,7.05,7.95],"angle":22.5,"axis":"z"},"from":[3.95,7.2,6.9],"faces":{"west":{"uv":[0.75,8,3,9.75],"texture":"#4"},"north":{"rotation":180,"uv":[5.25,10.5,6.75,12],"texture":"#4"},"up":{"rotation":270,"uv":[7.5,4.25,10.25,5.75],"texture":"#4"},"south":{"rotation":180,"uv":[5.25,10.5,6.75,12],"texture":"#4"}}},{"to":[17.59779,8.5,9.5505],"rotation":{"origin":[17.4114,8.05,7.9995],"angle":0,"axis":"z"},"from":[17.225,7.6,6.4495],"faces":{"down":{"rotation":180,"uv":[0.25,6.75,0.5,14.75],"texture":"#5"},"north":{"uv":[6.25,12.75,6.5,15.25],"texture":"#5"},"up":{"rotation":180,"uv":[11.5,6.75,11.75,14.75],"texture":"#3"},"south":{"uv":[6.25,12.75,6.5,15.25],"texture":"#5"}}},{"to":[17.59779,8.225,9.551],"rotation":{"origin":[17.4114,8.05,7.999],"angle":0,"axis":"z"},"from":[17.225,7.875,6.449],"faces":{"north":{"rotation":270,"uv":[8,2,8.75,2.75],"texture":"#5"},"south":{"rotation":270,"uv":[8,2,8.75,2.75],"texture":"#5"}}},{"to":[17.63507,8.59,9.35],"rotation":{"origin":[17.4114,8.05,8.17],"angle":0,"axis":"z"},"from":[17.18772,7.51,6.65],"faces":{"down":{"rotation":90,"uv":[5.75,9.25,6,9.75],"texture":"#5"},"north":{"uv":[1.75,11.75,2,12],"texture":"#5"},"up":{"rotation":180,"uv":[11.5,6.75,11.75,14.75],"texture":"#4"},"south":{"uv":[1.75,11.75,2,12],"texture":"#5"}}},{"to":[17.8614,8.2364,9.5505],"rotation":{"origin":[17.4114,8.05,7.9995],"angle":0,"axis":"z"},"from":[16.9614,7.8636,6.4495],"faces":{"west":{"rotation":90,"uv":[11.5,6.75,11.75,14.75],"texture":"#5"},"east":{"rotation":90,"uv":[11.5,6.75,11.75,14.75],"texture":"#5"},"north":{"rotation":90,"uv":[6.25,12.75,6.5,15.25],"texture":"#5"},"south":{"rotation":90,"uv":[6.25,12.75,6.5,15.25],"texture":"#5"}}},{"to":[17.9514,8.27368,9.35],"rotation":{"origin":[17.4114,8.05,8.17],"angle":0,"axis":"z"},"from":[16.8714,7.82632,6.65],"faces":{"west":{"rotation":90,"uv":[0.25,6.75,0.5,14.75],"texture":"#5"},"east":{"rotation":270,"uv":[0.25,6.75,0.5,14.75],"texture":"#5"},"north":{"uv":[1.75,11.75,2,12],"texture":"#5"},"south":{"uv":[1.75,11.75,2,12],"texture":"#5"}}},{"to":[17.59779,8.5,9.55],"rotation":{"origin":[17.4114,8.05,8],"angle":-45,"axis":"z"},"from":[17.225,7.6,6.45],"faces":{"down":{"rotation":180,"uv":[0.25,6.75,0.5,14.75],"texture":"#5"},"north":{"uv":[6.25,12.75,6.5,15.25],"texture":"#5"},"up":{"rotation":180,"uv":[11.5,6.75,11.75,14.75],"texture":"#4"},"south":{"uv":[6.25,12.75,6.5,15.25],"texture":"#5"}}},{"to":[17.63507,8.59,9.35],"rotation":{"origin":[17.4114,8.05,8.17],"angle":-45,"axis":"z"},"from":[17.18772,7.51,6.65],"faces":{"down":{"rotation":90,"uv":[5.75,9.25,6,9.75],"texture":"#5"},"north":{"uv":[1.75,11.75,2,12],"texture":"#5"},"up":{"rotation":180,"uv":[11.5,6.75,11.75,14.75],"texture":"#5"},"south":{"uv":[1.75,11.75,2,12],"texture":"#5"}}},{"to":[17.8614,8.2364,9.55],"rotation":{"origin":[17.4114,8.05,8],"angle":-45,"axis":"z"},"from":[16.9614,7.8636,6.45],"faces":{"west":{"rotation":90,"uv":[11.5,6.75,11.75,14.75],"texture":"#4"},"east":{"rotation":90,"uv":[0.25,6.75,0.5,14.75],"texture":"#5"},"north":{"rotation":90,"uv":[6.25,12.75,6.5,15.25],"texture":"#5"},"south":{"rotation":90,"uv":[6.25,12.75,6.5,15.25],"texture":"#5"}}},{"to":[17.9514,8.27368,9.35],"rotation":{"origin":[17.4114,8.05,8.17],"angle":-45,"axis":"z"},"from":[16.8714,7.82632,6.65],"faces":{"west":{"rotation":90,"uv":[11.5,6.75,11.75,14.75],"texture":"#5"},"east":{"rotation":90,"uv":[5.75,9.25,6,9.75],"texture":"#5"},"north":{"uv":[1.75,11.75,2,12],"texture":"#5"},"south":{"uv":[1.75,11.75,2,12],"texture":"#5"}}},{"to":[5.15,8.7,9.25],"rotation":{"origin":[5.25,7.35,8],"angle":22.5,"axis":"z"},"from":[4.55,8.5,8.15],"faces":{"down":{"rotation":180,"uv":[15.75,15.75,16,16],"texture":"#4"},"west":{"rotation":180,"uv":[10,5.25,11.5,5.5],"texture":"#4"},"north":{"rotation":180,"uv":[9,8,9.25,8.25],"texture":"#4"},"up":{"rotation":270,"uv":[9.25,5,10.75,5.75],"texture":"#4"},"south":{"rotation":180,"uv":[0.5,11.75,0.75,12],"texture":"#4"}}},{"to":[5.15,8.7,8.15],"rotation":{"origin":[5.25,7.35,7.7],"angle":22.5,"axis":"z"},"from":[4.75,8.5,7.85],"faces":{"west":{"rotation":180,"uv":[9,8,9.25,8.25],"texture":"#4"},"up":{"rotation":270,"uv":[6,5.25,6.5,5.75],"texture":"#4"}}},{"to":[5.15,8.7,7.85],"rotation":{"origin":[5.25,7.35,8],"angle":22.5,"axis":"z"},"from":[4.55,8.5,6.75],"faces":{"west":{"rotation":180,"uv":[10,5.25,11.5,5.5],"texture":"#4"},"north":{"rotation":180,"uv":[1.25,11.25,1.5,11.5],"texture":"#4"},"up":{"rotation":270,"uv":[10.25,5,11.75,5.75],"texture":"#4"},"south":{"rotation":180,"uv":[9,8,9.25,8.25],"texture":"#4"}}},{"to":[15.71066,6.60147,8.95],"rotation":{"origin":[14.11066,6.85147,8],"angle":0,"axis":"z"},"from":[14.51066,5.50147,7.05],"faces":{"down":{"uv":[15.75,15.75,16,16],"texture":"#5"},"north":{"rotation":180,"uv":[0.5,14.5,1.5,15.5],"texture":"#5"},"south":{"rotation":180,"uv":[0.5,14.5,1.5,15.5],"texture":"#5"}}},{"to":[14.71583,6.58642,8.9495],"rotation":{"origin":[12.51583,6.13642,8.0005],"angle":22.5,"axis":"z"},"from":[12.04083,4.78642,7.0505],"faces":{"down":{"uv":[15.75,15.75,16,16],"texture":"#5"},"north":{"uv":[0,10.75,2.25,12.25],"texture":"#5"},"south":{"uv":[0,10.75,2.25,12.25],"texture":"#5"}}},{"to":[15.85,6,8.9495],"rotation":{"origin":[14.65,6.35,8.0005],"angle":45,"axis":"z"},"from":[14.8,5,7.0505],"faces":{"down":{"rotation":90,"uv":[8.5,11.5,10.5,12.25],"texture":"#5"},"north":{"rotation":180,"uv":[3.75,12,4.75,13],"texture":"#5"},"south":{"rotation":180,"uv":[3.75,12,4.75,13],"texture":"#5"}}},{"to":[5.25874,7.94085,9.0995],"rotation":{"origin":[5.70874,6.59085,7.9505],"angle":45,"axis":"z"},"from":[4.60874,7.34085,6.9005],"faces":{"down":{"uv":[15.75,15.75,16,16],"texture":"#5"},"west":{"uv":[5,11.25,7.25,12],"texture":"#4"},"north":{"uv":[5,11.25,5.75,12],"texture":"#4"},"south":{"uv":[5,11.25,5.75,12],"texture":"#4"}}},{"to":[18.8299,7.6,9.15],"rotation":{"origin":[11.85,11.9,14.75],"angle":0,"axis":"y"},"from":[18.25,6.8,6.85],"faces":{"down":{"uv":[15.75,15.75,16,16],"texture":"#5"},"east":{"rotation":180,"uv":[0.75,11.25,2.75,12],"texture":"#5"},"north":{"rotation":180,"uv":[0.75,11.5,1.25,12.25],"texture":"#5"},"up":{"rotation":180,"uv":[0.75,11.5,1.25,12.25],"texture":"#5"},"south":{"rotation":180,"uv":[0.75,11.5,1.25,12.25],"texture":"#5"}}},{"to":[18.49685,8.94964,8.95],"rotation":{"origin":[18.24685,8.35433,8],"angle":22.5,"axis":"z"},"from":[17.79685,7.4343,7.05],"faces":{"east":{"uv":[5.75,4.75,8.25,7],"texture":"#4"},"north":{"rotation":180,"uv":[4.5,11.5,5.25,13],"texture":"#4"},"south":{"rotation":180,"uv":[4.5,11.5,5.25,13],"texture":"#4"}}},{"to":[18.69685,8.94964,8.65],"rotation":{"origin":[18.44685,8.35433,8],"angle":45,"axis":"z"},"from":[17.99685,7.4343,7.35],"faces":{"east":{"rotation":270,"uv":[9.5,6.75,11.25,8.25],"texture":"#3"},"north":{"rotation":90,"uv":[1,11,2.75,11.75],"texture":"#4"},"south":{"rotation":270,"uv":[5.75,11.25,7.5,12.25],"texture":"#4"}}},{"to":[18.38204,8.72681,9.1495],"rotation":{"origin":[18.13204,8.43149,8.0005],"angle":22.5,"axis":"z"},"from":[17.68204,7.41146,6.8505],"faces":{"east":{"uv":[10.75,4.75,12.75,6.5],"texture":"#4"},"north":{"rotation":180,"uv":[4.5,11.5,5.25,13],"texture":"#4"},"south":{"rotation":180,"uv":[4.5,11.5,5.25,13],"texture":"#4"}}},{"to":[20,8.4,8.17902],"rotation":{"origin":[19.2,7.5,8],"angle":0,"axis":"y"},"from":[18.6,6.6,7.82098],"faces":{"down":{"uv":[15.75,15.75,16,16],"texture":"#5"},"east":{"uv":[10.75,3,11.25,6.25],"texture":"#5"},"up":{"rotation":180,"uv":[9.75,2.75,11.25,3.25],"texture":"#4"}}},{"to":[23.301,7.95,8.08951],"rotation":{"origin":[20.1,7.5,8],"angle":0,"axis":"y"},"from":[19.7,7.75,7.91049],"faces":{"down":{"rotation":180,"uv":[15.75,15.75,16,16],"texture":"#4"},"east":{"uv":[0.75,4.75,1.25,5.25],"texture":"#4"},"up":{"rotation":180,"uv":[3.75,4.5,7.5,4.75],"texture":"#4"}}},{"to":[23.301,7.25,8.08951],"rotation":{"origin":[20.1,7.5,8],"angle":0,"axis":"x"},"from":[19.7,7.05,7.91049],"faces":{"down":{"rotation":180,"uv":[3,8,6.75,8.25],"texture":"#5"},"east":{"rotation":180,"uv":[2.5,8,3,8.5],"texture":"#4"},"up":{"rotation":180,"uv":[5.25,12.5,5.5,13],"texture":"#4"}}},{"to":[20,7.67902,8.9],"rotation":{"origin":[19.2,7.5,8],"angle":0,"axis":"x"},"from":[18.6,7.32098,7.1],"faces":{"east":{"uv":[6.25,4.5,7.75,4.75],"texture":"#5"},"north":{"rotation":180,"uv":[6.75,11.75,8.25,12.25],"texture":"#5"},"south":{"rotation":180,"uv":[6.75,11.75,8.25,12.25],"texture":"#5"}}},{"to":[23.301,7.58951,7.75],"rotation":{"origin":[20.1,7.5,8],"angle":0,"axis":"x"},"from":[19.7,7.41049,7.55],"faces":{"east":{"rotation":270,"uv":[5.5,11.25,6,11.75],"texture":"#4"},"north":{"rotation":180,"uv":[2.75,5.5,6.5,5.75],"texture":"#4"},"south":{"rotation":180,"uv":[4,11.25,4.25,11.75],"texture":"#4"}}},{"to":[23.301,7.58951,8.45],"rotation":{"origin":[20.1,7.5,8],"angle":0,"axis":"x"},"from":[19.7,7.41049,8.25],"faces":{"east":{"rotation":90,"uv":[5.5,11.25,6,11.75],"texture":"#4"},"north":{"uv":[4,11.25,4.25,11.75],"texture":"#4"},"south":{"rotation":180,"uv":[2.75,5.5,6.5,5.75],"texture":"#4"}}},{"to":[20,8.4,8.17902],"rotation":{"origin":[19.2,7.5,8],"angle":-45,"axis":"x"},"from":[18.6,6.6,7.82098],"faces":{"down":{"uv":[7.25,10.5,8.75,11],"texture":"#5"},"east":{"uv":[12.25,3,12.75,6.25],"texture":"#5"},"up":{"rotation":180,"uv":[8.75,12,10.25,12.5],"texture":"#4"}}},{"to":[23.301,7.95,8.08951],"rotation":{"origin":[20.1,7.5,8],"angle":-45,"axis":"x"},"from":[19.7,7.75,7.91049],"faces":{"down":{"rotation":180,"uv":[3.5,8,3.75,8.25],"texture":"#4"},"east":{"uv":[1.5,5,2,5.5],"texture":"#4"},"up":{"rotation":180,"uv":[3.25,5,7,5.25],"texture":"#4"}}},{"to":[23.301,7.58951,8.45],"rotation":{"origin":[20.1,7.5,8],"angle":45,"axis":"x"},"from":[19.7,7.41049,8.25],"faces":{"east":{"rotation":90,"uv":[5,11,5.5,11.5],"texture":"#4"},"north":{"uv":[8,11.5,8.25,12],"texture":"#4"},"south":{"rotation":180,"uv":[3.5,10,7.25,10.25],"texture":"#5"}}},{"to":[20,7.67902,8.9],"rotation":{"origin":[19.2,7.5,8],"angle":-45,"axis":"x"},"from":[18.6,7.32098,7.1],"faces":{"east":{"rotation":270,"uv":[10.5,3,11,6.25],"texture":"#5"},"north":{"uv":[7.25,10.5,8.75,11],"texture":"#5"},"south":{"uv":[9.25,4.5,10.75,5],"texture":"#4"}}},{"to":[23.301,7.58951,8.45],"rotation":{"origin":[20.1,7.5,8],"angle":-45,"axis":"x"},"from":[19.7,7.41049,8.25],"faces":{"east":{"rotation":270,"uv":[0.75,5,1.25,5.5],"texture":"#4"},"north":{"rotation":180,"uv":[3.5,8,3.75,8.25],"texture":"#4"},"south":{"rotation":180,"uv":[3,4.75,6.75,5],"texture":"#4"}}},{"to":[23.301,7.25,8.08951],"rotation":{"origin":[20.1,7.5,8],"angle":45,"axis":"x"},"from":[19.7,7.05,7.91049],"faces":{"down":{"rotation":180,"uv":[3.5,10,7.25,10.25],"texture":"#5"},"east":{"uv":[5,11,5.5,11.5],"texture":"#4"},"up":{"rotation":180,"uv":[8,11.5,8.25,12],"texture":"#4"}}},{"to":[20.001,8.4,8.17902],"rotation":{"origin":[19.2,7.5,8],"angle":22.5,"axis":"x"},"from":[18.6,6.6,7.82098],"faces":{"down":{"rotation":180,"uv":[9.75,7.75,11.25,8.25],"texture":"#5"},"east":{"uv":[12,3,12.5,6.25],"texture":"#5"},"up":{"rotation":180,"uv":[3,3.75,4.5,4.25],"texture":"#4"}}},{"to":[23.3,7.95,8.08951],"rotation":{"origin":[20.1,7.5,8],"angle":22.5,"axis":"x"},"from":[19.7,7.75,7.91049],"faces":{"down":{"rotation":180,"uv":[15.75,15.75,16,16],"texture":"#4"},"east":{"uv":[15.25,4.75,15.75,5.25],"texture":"#4"},"up":{"rotation":180,"uv":[3,4,6.75,4.25],"texture":"#4"}}},{"to":[23.3,7.25,8.08951],"rotation":{"origin":[20.1,7.5,8],"angle":22.5,"axis":"x"},"from":[19.7,7.05,7.91049],"faces":{"down":{"rotation":180,"uv":[3,8,6.75,8.25],"texture":"#5"},"east":{"rotation":180,"uv":[2.5,8.25,3,8.75],"texture":"#4"},"up":{"rotation":180,"uv":[9,11.75,9.25,12.25],"texture":"#4"}}},{"to":[20.001,7.67902,8.9],"rotation":{"origin":[19.2,7.5,8],"angle":22.5,"axis":"x"},"from":[18.6,7.32098,7.1],"faces":{"east":{"rotation":90,"uv":[8.75,2,8.25,2.5],"texture":"#5"},"north":{"uv":[9.25,4.75,10.75,5.25],"texture":"#5"},"south":{"rotation":180,"uv":[7,11.25,8.5,11.75],"texture":"#5"}}},{"to":[23.3,7.58951,7.75],"rotation":{"origin":[20.1,7.5,8],"angle":22.5,"axis":"x"},"from":[19.7,7.41049,7.55],"faces":{"east":{"rotation":90,"uv":[10.25,5,10.75,5.5],"texture":"#4"},"north":{"rotation":180,"uv":[3,5.25,6.75,5.5],"texture":"#4"},"south":{"rotation":180,"uv":[3.75,10,4,10.25],"texture":"#4"}}},{"to":[23.3,7.58951,8.45],"rotation":{"origin":[20.1,7.5,8],"angle":22.5,"axis":"x"},"from":[19.7,7.41049,8.25],"faces":{"east":{"rotation":270,"uv":[5,11,5.5,11.5],"texture":"#4"},"north":{"uv":[5.25,11.5,5.5,12],"texture":"#4"},"south":{"rotation":180,"uv":[3.25,10.5,7,10.75],"texture":"#4"}}},{"to":[20.001,8.4,8.17902],"rotation":{"origin":[19.2,7.5,8],"angle":-22.5,"axis":"x"},"from":[18.6,6.6,7.82098],"faces":{"down":{"uv":[9.75,7.75,11.25,8.25],"texture":"#5"},"east":{"uv":[12.25,3,12.75,6.25],"texture":"#5"},"up":{"rotation":180,"uv":[9.25,4.5,10.75,5],"texture":"#4"}}},{"to":[23.3,7.95,8.08951],"rotation":{"origin":[20.1,7.5,8],"angle":-22.5,"axis":"x"},"from":[19.7,7.75,7.91049],"faces":{"down":{"rotation":180,"uv":[15.75,15.75,16,16],"texture":"#4"},"east":{"uv":[15.25,4.75,15.75,5.25],"texture":"#4"},"up":{"rotation":180,"uv":[3.25,4.75,7,5],"texture":"#4"}}},{"to":[23.3,7.25,8.08951],"rotation":{"origin":[20.1,7.5,8],"angle":-22.5,"axis":"x"},"from":[19.7,7.05,7.91049],"faces":{"down":{"rotation":180,"uv":[3,8,6.75,8.25],"texture":"#5"},"east":{"rotation":180,"uv":[2.25,8.25,2.75,8.75],"texture":"#4"},"up":{"rotation":180,"uv":[9,11.75,9.25,12.25],"texture":"#4"}}},{"to":[20.001,7.67902,8.9],"rotation":{"origin":[19.2,7.5,8],"angle":-22.5,"axis":"x"},"from":[18.6,7.32098,7.1],"faces":{"east":{"rotation":270,"uv":[8.25,2,8.75,2.5],"texture":"#5"},"north":{"rotation":180,"uv":[7,11.25,8.5,11.75],"texture":"#5"},"south":{"uv":[9.25,4.5,10.75,5],"texture":"#5"}}},{"to":[23.3,7.58951,7.75],"rotation":{"origin":[20.1,7.5,8],"angle":-22.5,"axis":"x"},"from":[19.7,7.41049,7.55],"faces":{"east":{"rotation":90,"uv":[5,11,5.5,11.5],"texture":"#4"},"north":{"rotation":180,"uv":[3.25,10.5,7,10.75],"texture":"#4"},"south":{"rotation":180,"uv":[5.25,11.5,5.5,12],"texture":"#4"}}},{"to":[23.3,7.58951,8.45],"rotation":{"origin":[20.1,7.5,8],"angle":-22.5,"axis":"x"},"from":[19.7,7.41049,8.25],"faces":{"east":{"rotation":270,"uv":[10.25,5,10.75,5.5],"texture":"#4"},"north":{"rotation":180,"uv":[3.75,10,4,10.25],"texture":"#4"},"south":{"rotation":180,"uv":[3,5,6.75,5.25],"texture":"#4"}}},{"to":[4.0864,7.6364,9.35],"rotation":{"origin":[3.6364,7.45,8],"angle":-45,"axis":"z"},"from":[3.1864,7.2636,6.65],"faces":{"west":{"rotation":180,"uv":[1,3,9.5,2],"texture":"#0"},"east":{"rotation":180,"uv":[1,8.5,9.5,7.5],"texture":"#0"},"north":{"rotation":90,"uv":[6.75,12.5,7,13.5],"texture":"#5"},"south":{"rotation":270,"uv":[6.75,12.5,7,13.5],"texture":"#5"}}},{"to":[4.0864,7.6364,9.35025],"rotation":{"origin":[3.6364,7.45,8],"angle":0,"axis":"z"},"from":[3.1864,7.2636,6.64975],"faces":{"west":{"rotation":180,"uv":[1,5,9.5,4],"texture":"#0"},"east":{"rotation":180,"uv":[1,8.5,9.5,7.5],"texture":"#0"},"north":{"rotation":90,"uv":[6.75,12.5,7,13.5],"texture":"#5"},"south":{"rotation":270,"uv":[6.75,12.5,7,13.5],"texture":"#5"}}},{"to":[3.82279,7.9,9.35],"rotation":{"origin":[3.6364,7.45,8],"angle":-45,"axis":"z"},"from":[3.45,7,6.65],"faces":{"down":{"rotation":90,"uv":[1,7.5,9.5,6.5],"texture":"#0"},"north":{"uv":[6.75,12.5,7,13.5],"texture":"#5"},"up":{"rotation":90,"uv":[1,5.5,9.5,4.5],"texture":"#0"},"south":{"uv":[6.75,12.5,7,13.5],"texture":"#5"}}},{"to":[3.82279,7.9,9.3505],"rotation":{"origin":[3.6364,7.45,8],"angle":0,"axis":"z"},"from":[3.45,7,6.6495],"faces":{"down":{"rotation":90,"uv":[1,8.5,9.5,7.5],"texture":"#0"},"north":{"uv":[6.75,12.5,7,13.5],"texture":"#5"},"up":{"rotation":90,"uv":[1,0,9.5,1],"texture":"#0"},"south":{"uv":[6.75,12.5,7,13.5],"texture":"#5"}}},{"to":[14.51861,5.5074,8.75],"rotation":{"origin":[12.79361,10.0074,14.75],"angle":0,"axis":"y"},"from":[11.91861,1.8074,7.25],"faces":{"west":{"uv":[3.75,9.75,5,12.75],"texture":"#5"},"east":{"rotation":270,"uv":[0,11.75,3.5,13],"texture":"#5"},"north":{"rotation":90,"uv":[0,11.25,3.5,13.75],"texture":"#5"},"south":{"rotation":270,"uv":[0,11.25,3.5,13.75],"texture":"#5"}}},{"to":[12.82993,1.79971,8.7505],"rotation":{"origin":[11.00493,6.29971,14.7495],"angle":22.5,"axis":"z"},"from":[10.12993,-2.90029,7.2495],"faces":{"down":{"rotation":270,"uv":[2.5,7.5,3.75,10],"texture":"#5"},"west":{"rotation":180,"uv":[9.75,8.5,11,11.5],"texture":"#4"},"east":{"rotation":270,"uv":[3.25,11.75,7.5,13],"texture":"#5"},"north":{"rotation":90,"uv":[6.75,11.25,11,13.75],"texture":"#5"},"south":{"rotation":270,"uv":[6.75,11.25,11,13.75],"texture":"#5"}}},{"to":[4.075,8.5,9.10547],"rotation":{"origin":[9.65,12.2,14.70547],"angle":0,"axis":"y"},"from":[3.45,7.3,8.80547],"faces":{"west":{"rotation":90,"uv":[4,4.75,5.25,5.25],"texture":"#5"},"east":{"uv":[5.5,9.75,6.25,11],"texture":"#5"},"north":{"rotation":270,"uv":[4.25,10.75,5.5,11.25],"texture":"#5"},"up":{"rotation":180,"uv":[6.75,1.75,7.5,2.25],"texture":"#5"},"south":{"uv":[4.25,5,5,6.25],"texture":"#5"}}},{"to":[4.075,8.5,7.19453],"rotation":{"origin":[9.65,12.2,1.29453],"angle":0,"axis":"y"},"from":[3.45,7.3,6.89453],"faces":{"west":{"rotation":270,"uv":[4,4.75,5.25,5.25],"texture":"#5"},"east":{"uv":[4.75,9,5.5,10.25],"texture":"#5"},"north":{"uv":[4,5,4.75,6.25],"texture":"#5"},"up":{"uv":[6.75,1.75,7.5,2.25],"texture":"#5"},"south":{"rotation":270,"uv":[4.25,10.75,5.5,11.25],"texture":"#5"}}},{"to":[3.95,9,9.20547],"rotation":{"origin":[9.65,13.5,14.70547],"angle":0,"axis":"y"},"from":[3.55,8.5,8.80547],"faces":{"down":{"uv":[15.75,15.75,16,16],"texture":"#5"},"west":{"rotation":90,"uv":[4.25,4.5,4.75,5.25],"texture":"#5"},"east":{"rotation":90,"uv":[4.75,11.25,6,12],"texture":"#5"},"north":{"rotation":270,"uv":[3.75,11.5,4.25,12.25],"texture":"#5"},"south":{"rotation":270,"uv":[4.25,4.75,5.5,5.5],"texture":"#5"}}},{"to":[3.95,9,7.19453],"rotation":{"origin":[9.65,13.5,1.29453],"angle":0,"axis":"y"},"from":[3.55,8.5,6.79453],"faces":{"down":{"uv":[15.75,16,16,15.75],"texture":"#5"},"west":{"rotation":90,"uv":[4.25,5.25,4.75,4.5],"texture":"#5"},"east":{"rotation":90,"uv":[4.75,12,6,11.25],"texture":"#5"},"north":{"rotation":270,"uv":[4.25,5.5,5.5,4.75],"texture":"#5"},"south":{"rotation":270,"uv":[3.75,12.25,4.25,11.5],"texture":"#5"}}},{"to":[4.03045,9.30443,9.205],"rotation":{"origin":[3.83045,9.15443,9.00547],"angle":-22.5,"axis":"z"},"from":[3.63045,8.90443,8.805],"faces":{"west":{"rotation":90,"uv":[4.25,4.5,4.75,5.25],"texture":"#5"},"east":{"rotation":90,"uv":[4.75,11.25,5.25,12],"texture":"#5"},"north":{"rotation":270,"uv":[3.75,11.5,4.25,12.25],"texture":"#5"},"south":{"rotation":270,"uv":[0.5,7.25,0,8],"texture":"#4"}}},{"to":[4.03045,9.30443,7.195],"rotation":{"origin":[3.83045,9.15443,6.99453],"angle":-22.5,"axis":"z"},"from":[3.63045,8.90443,6.795],"faces":{"west":{"rotation":90,"uv":[4.25,5.25,4.75,4.5],"texture":"#5"},"east":{"rotation":90,"uv":[4.75,12,5.25,11.25],"texture":"#5"},"north":{"rotation":270,"uv":[0.5,8,0,7.25],"texture":"#4"},"south":{"rotation":270,"uv":[3.75,12.25,4.25,11.5],"texture":"#5"}}},{"to":[4.22127,9.55491,9.20547],"rotation":{"origin":[4.02127,9.40491,9.00547],"angle":-45,"axis":"z"},"from":[3.82127,9.15491,8.80547],"faces":{"west":{"rotation":90,"uv":[4.25,4.5,4.75,5.25],"texture":"#5"},"east":{"rotation":90,"uv":[4.75,11.25,5.25,12],"texture":"#5"},"north":{"rotation":270,"uv":[3.75,11.5,4.25,12.25],"texture":"#5"},"south":{"rotation":270,"uv":[6,7.25,6.75,8],"texture":"#4"}}},{"to":[4.22127,9.55491,7.19453],"rotation":{"origin":[4.02127,9.40491,6.99453],"angle":-45,"axis":"z"},"from":[3.82127,9.15491,6.79453],"faces":{"west":{"rotation":90,"uv":[4.25,5.25,4.75,4.5],"texture":"#5"},"east":{"rotation":90,"uv":[4.75,12,5.25,11.25],"texture":"#5"},"north":{"rotation":270,"uv":[6,8,6.75,7.25],"texture":"#4"},"south":{"rotation":270,"uv":[3.75,12.25,4.25,11.5],"texture":"#5"}}},{"to":[4.44342,9.76329,9.205],"rotation":{"origin":[4.29342,9.56329,9.00547],"angle":22.5,"axis":"z"},"from":[4.04342,9.36329,8.805],"faces":{"down":{"rotation":180,"uv":[4.75,11.25,5.25,12],"texture":"#5"},"north":{"rotation":180,"uv":[3.75,11.5,4.25,12.25],"texture":"#5"},"up":{"rotation":180,"uv":[4,4.25,4.5,5],"texture":"#5"},"south":{"uv":[0,7.25,0.5,8],"texture":"#4"}}},{"to":[4.44342,9.76329,7.195],"rotation":{"origin":[4.29342,9.56329,6.99453],"angle":22.5,"axis":"z"},"from":[4.04342,9.36329,6.795],"faces":{"down":{"rotation":180,"uv":[4.75,12,5.25,11.25],"texture":"#5"},"north":{"uv":[0.5,7.25,0,8],"texture":"#4"},"up":{"rotation":180,"uv":[4,5,4.5,4.25],"texture":"#5"},"south":{"rotation":180,"uv":[4.25,11.5,3.75,12.25],"texture":"#5"}}},{"to":[19.75547,9.80547,9.20547],"rotation":{"origin":[4.60547,9.60547,9.00547],"angle":0,"axis":"z"},"from":[4.35547,9.40547,8.80547],"faces":{"down":{"rotation":180,"uv":[4,11,15.75,11.75],"texture":"#5"},"north":{"uv":[3.75,4.75,15.5,5.5],"texture":"#5"},"up":{"rotation":180,"uv":[3.75,4,15.5,4.75],"texture":"#5"},"south":{"uv":[4.25,4.75,16,5.5],"texture":"#5"}}},{"to":[19.75547,9.80547,7.19453],"rotation":{"origin":[4.60547,9.60547,6.99453],"angle":0,"axis":"z"},"from":[4.35547,9.40547,6.79453],"faces":{"down":{"rotation":180,"uv":[4,11.75,15.75,11],"texture":"#5"},"north":{"uv":[16,4.75,4.25,5.5],"texture":"#5"},"up":{"rotation":180,"uv":[3.75,4.75,15.5,4],"texture":"#5"},"south":{"uv":[15.5,4.75,3.75,5.5],"texture":"#5"}}},{"to":[20.15658,9.76329,9.205],"rotation":{"origin":[19.80658,9.56329,9.00547],"angle":-22.5,"axis":"z"},"from":[19.65658,9.36329,8.805],"faces":{"down":{"rotation":180,"uv":[4.75,11.25,5.25,12],"texture":"#5"},"north":{"rotation":180,"uv":[3.75,11.5,4.25,12.25],"texture":"#5"},"up":{"rotation":180,"uv":[4,4.25,4.5,5],"texture":"#5"},"south":{"uv":[0,7.25,0.75,8],"texture":"#4"}}},{"to":[20.15658,9.76329,7.195],"rotation":{"origin":[19.80658,9.56329,6.99453],"angle":-22.5,"axis":"z"},"from":[19.65658,9.36329,6.795],"faces":{"down":{"rotation":180,"uv":[4.75,12,5.25,11.25],"texture":"#5"},"north":{"uv":[0.75,7.25,0,8],"texture":"#4"},"up":{"rotation":180,"uv":[4,5,4.5,4.25],"texture":"#5"},"south":{"rotation":180,"uv":[4.25,11.5,3.75,12.25],"texture":"#5"}}},{"to":[20.37112,9.51664,9.20547],"rotation":{"origin":[20.17112,9.36664,9.00547],"angle":45,"axis":"z"},"from":[19.97112,9.01664,8.80547],"faces":{"west":{"rotation":270,"uv":[4.75,11.25,5.25,12],"texture":"#5"},"east":{"rotation":270,"uv":[3.25,4.5,3.75,5.25],"texture":"#5"},"north":{"rotation":90,"uv":[3.75,11.5,4.25,12.25],"texture":"#5"},"south":{"rotation":90,"uv":[6,7.25,6.75,8],"texture":"#4"}}},{"to":[20.37112,9.51664,7.19453],"rotation":{"origin":[20.17112,9.36664,6.99453],"angle":45,"axis":"z"},"from":[19.97112,9.01664,6.79453],"faces":{"west":{"rotation":270,"uv":[4.75,12,5.25,11.25],"texture":"#5"},"east":{"rotation":270,"uv":[3.25,5.25,3.75,4.5],"texture":"#5"},"north":{"rotation":90,"uv":[6,8,6.75,7.25],"texture":"#4"},"south":{"rotation":90,"uv":[3.75,12.25,4.25,11.5],"texture":"#5"}}},{"to":[20.63265,9.19545,9.205],"rotation":{"origin":[20.43265,9.04545,9.00547],"angle":22.5,"axis":"z"},"from":[20.23265,8.69545,8.805],"faces":{"west":{"rotation":270,"uv":[4.75,11.25,5.25,12],"texture":"#5"},"east":{"rotation":270,"uv":[3.25,4.5,3.75,5.25],"texture":"#5"},"north":{"rotation":90,"uv":[3,11.25,3.5,12],"texture":"#5"},"south":{"rotation":90,"uv":[0,7.25,0.75,8],"texture":"#4"}}},{"to":[20.63265,9.19545,7.195],"rotation":{"origin":[20.43265,9.04545,6.99453],"angle":22.5,"axis":"z"},"from":[20.23265,8.69545,6.795],"faces":{"west":{"rotation":270,"uv":[4.75,12,5.25,11.25],"texture":"#5"},"east":{"rotation":270,"uv":[3.25,5.25,3.75,4.5],"texture":"#5"},"north":{"rotation":90,"uv":[0,8,0.75,7.25],"texture":"#4"},"south":{"rotation":90,"uv":[3,12,3.5,11.25],"texture":"#5"}}},{"to":[20.75137,8.79863,9.20547],"rotation":{"origin":[20.55137,8.64863,9.00547],"angle":0,"axis":"z"},"from":[20.35137,5.49863,8.80547],"faces":{"west":{"rotation":270,"uv":[3.25,11.25,6.75,12],"texture":"#5"},"east":{"rotation":270,"uv":[4.25,4.5,7.75,5.25],"texture":"#5"},"north":{"rotation":90,"uv":[3.25,11.25,6.75,12],"texture":"#5"},"south":{"rotation":90,"uv":[4.25,4.75,7.75,5.5],"texture":"#5"}}},{"to":[20.75137,8.79863,7.19453],"rotation":{"origin":[20.55137,8.64863,6.99453],"angle":0,"axis":"z"},"from":[20.35137,5.49863,6.79453],"faces":{"west":{"rotation":270,"uv":[3.25,12,6.75,11.25],"texture":"#5"},"east":{"rotation":270,"uv":[4.25,5.25,7.75,4.5],"texture":"#5"},"north":{"rotation":90,"uv":[4.25,5.5,7.75,4.75],"texture":"#5"},"south":{"rotation":90,"uv":[3.25,12,6.75,11.25],"texture":"#5"}}},{"to":[20.87008,5.60181,9.205],"rotation":{"origin":[20.67008,5.25181,9.00547],"angle":22.5,"axis":"z"},"from":[20.47008,5.10181,8.805],"faces":{"west":{"rotation":270,"uv":[4.75,11.25,5.25,12],"texture":"#5"},"east":{"rotation":270,"uv":[7,4.5,7.5,5.25],"texture":"#5"},"north":{"rotation":90,"uv":[0.75,11.25,1.25,12],"texture":"#5"},"south":{"rotation":90,"uv":[4.25,4.75,5.5,5.5],"texture":"#5"}}},{"to":[20.87008,5.60181,7.195],"rotation":{"origin":[20.67008,5.25181,6.99453],"angle":22.5,"axis":"z"},"from":[20.47008,5.10181,6.795],"faces":{"west":{"rotation":270,"uv":[4.75,12,5.25,11.25],"texture":"#5"},"east":{"rotation":270,"uv":[7,5.25,7.5,4.5],"texture":"#5"},"north":{"rotation":90,"uv":[4.25,5.5,5.5,4.75],"texture":"#5"},"south":{"rotation":90,"uv":[0.75,12,1.25,11.25],"texture":"#5"}}},{"to":[21.13162,5.28063,9.20547],"rotation":{"origin":[20.93162,4.93063,9.00547],"angle":45,"axis":"z"},"from":[20.73162,4.78063,8.80547],"faces":{"west":{"rotation":270,"uv":[4.75,11.25,5.25,12],"texture":"#5"},"east":{"rotation":270,"uv":[3.25,4.5,3.75,5.25],"texture":"#5"},"north":{"rotation":90,"uv":[3,11.25,3.5,12],"texture":"#5"},"south":{"rotation":90,"uv":[0,7.25,0.5,8],"texture":"#4"}}},{"to":[21.13162,5.28063,7.19453],"rotation":{"origin":[20.93162,4.93063,6.99453],"angle":45,"axis":"z"},"from":[20.73162,4.78063,6.79453],"faces":{"west":{"rotation":270,"uv":[4.75,12,5.25,11.25],"texture":"#5"},"east":{"rotation":270,"uv":[3.25,5.25,3.75,4.5],"texture":"#5"},"north":{"rotation":90,"uv":[0,8,0.5,7.25],"texture":"#4"},"south":{"rotation":90,"uv":[3,12,3.5,11.25],"texture":"#5"}}},{"to":[21.44616,4.93398,9.205],"rotation":{"origin":[21.29616,4.73398,9.00547],"angle":-22.5,"axis":"z"},"from":[20.94616,4.53398,8.805],"faces":{"down":{"rotation":180,"uv":[4.75,11.25,5.25,12],"texture":"#5"},"north":{"rotation":180,"uv":[3,11.25,3.5,12],"texture":"#5"},"up":{"rotation":180,"uv":[3.25,4.5,3.75,5.25],"texture":"#5"},"south":{"uv":[2.75,7.25,3.25,8],"texture":"#4"}}},{"to":[21.44616,4.93398,7.195],"rotation":{"origin":[21.29616,4.73398,6.99453],"angle":-22.5,"axis":"z"},"from":[20.94616,4.53398,6.795],"faces":{"down":{"rotation":180,"uv":[4.75,12,5.25,11.25],"texture":"#5"},"north":{"uv":[3.25,7.25,2.75,8],"texture":"#4"},"up":{"rotation":180,"uv":[3.25,5.25,3.75,4.5],"texture":"#5"},"south":{"rotation":180,"uv":[3.5,11.25,3,12],"texture":"#5"}}},{"to":[21.8582,4.8918,9.20547],"rotation":{"origin":[21.7082,4.6918,9.00547],"angle":0,"axis":"z"},"from":[21.3582,4.4918,8.80547],"faces":{"down":{"rotation":180,"uv":[4.75,11.25,5.25,12],"texture":"#5"},"north":{"rotation":180,"uv":[3,11.25,3.5,12],"texture":"#5"},"up":{"rotation":180,"uv":[2.5,4.5,3,5.25],"texture":"#5"},"south":{"uv":[9.25,7.25,9.75,8],"texture":"#4"}}},{"to":[21.8582,4.8918,7.19453],"rotation":{"origin":[21.7082,4.6918,6.99453],"angle":0,"axis":"z"},"from":[21.3582,4.4918,6.79453],"faces":{"down":{"rotation":180,"uv":[4.75,12,5.25,11.25],"texture":"#5"},"north":{"uv":[9.75,7.25,9.25,8],"texture":"#4"},"up":{"rotation":180,"uv":[2.5,5.25,3,4.5],"texture":"#5"},"south":{"rotation":180,"uv":[3.5,11.25,3,12],"texture":"#5"}}},{"to":[22.25502,5.01051,9.205],"rotation":{"origin":[22.10502,4.81051,9.00547],"angle":22.5,"axis":"z"},"from":[21.75502,4.61051,8.805],"faces":{"down":{"rotation":180,"uv":[4.75,11.25,5.25,12],"texture":"#5"},"north":{"rotation":180,"uv":[3,11.25,3.5,12],"texture":"#5"},"up":{"rotation":180,"uv":[0.5,4.5,1,5.25],"texture":"#5"},"south":{"uv":[2.75,7.25,3.25,8],"texture":"#4"}}},{"to":[22.25502,5.01051,7.195],"rotation":{"origin":[22.10502,4.81051,6.99453],"angle":22.5,"axis":"z"},"from":[21.75502,4.61051,6.795],"faces":{"down":{"rotation":180,"uv":[4.75,12,5.25,11.25],"texture":"#5"},"north":{"uv":[3.25,7.25,2.75,8],"texture":"#4"},"up":{"rotation":180,"uv":[0.5,5.25,1,4.5],"texture":"#5"},"south":{"rotation":180,"uv":[3.5,11.25,3,12],"texture":"#5"}}},{"to":[22.57621,5.27205,9.20547],"rotation":{"origin":[22.42621,5.07205,9.00547],"angle":45,"axis":"z"},"from":[22.07621,4.87205,8.80547],"faces":{"down":{"uv":[5,5,5.5,5.75],"texture":"#5"},"north":{"rotation":180,"uv":[3.25,11,3.75,11.75],"texture":"#5"},"up":{"rotation":180,"uv":[1.25,4.75,1.75,5.5],"texture":"#5"},"south":{"uv":[4.25,5,5.5,5.75],"texture":"#5"}}},{"to":[22.57621,5.27205,7.19453],"rotation":{"origin":[22.42621,5.07205,6.99453],"angle":45,"axis":"z"},"from":[22.07621,4.87205,6.79453],"faces":{"down":{"uv":[5,5.75,5.5,5],"texture":"#5"},"north":{"uv":[5.5,5,4.25,5.75],"texture":"#5"},"up":{"rotation":180,"uv":[1.25,5.5,1.75,4.75],"texture":"#5"},"south":{"rotation":180,"uv":[3.75,11,3.25,11.75],"texture":"#5"}}},{"to":[22.82286,5.58659,9.205],"rotation":{"origin":[22.62286,5.43659,9.00547],"angle":-22.5,"axis":"z"},"from":[22.42286,5.08659,8.805],"faces":{"west":{"rotation":90,"uv":[0.25,5,0.75,5.75],"texture":"#5"},"east":{"rotation":270,"uv":[7,4.75,7.5,5.5],"texture":"#5"},"north":{"rotation":90,"uv":[3.25,11,3.75,11.75],"texture":"#5"},"south":{"rotation":90,"uv":[4.25,5,5.5,5.75],"texture":"#5"}}},{"to":[22.82286,5.58659,7.195],"rotation":{"origin":[22.62286,5.43659,6.99453],"angle":-22.5,"axis":"z"},"from":[22.42286,5.08659,6.795],"faces":{"west":{"rotation":90,"uv":[0.25,5.75,0.75,5],"texture":"#5"},"east":{"rotation":270,"uv":[7,5.5,7.5,4.75],"texture":"#5"},"north":{"rotation":90,"uv":[4.25,5.75,5.5,5],"texture":"#5"},"south":{"rotation":90,"uv":[3.25,11.75,3.75,11],"texture":"#5"}}},{"to":[22.86504,8.49863,9.20547],"rotation":{"origin":[22.66504,8.64863,9.00547],"angle":0,"axis":"z"},"from":[22.46504,5.49863,8.80547],"faces":{"west":{"rotation":270,"uv":[3.25,11.25,6.75,12],"texture":"#5"},"east":{"rotation":270,"uv":[4.25,4.5,7.75,5.25],"texture":"#5"},"north":{"rotation":90,"uv":[3.25,11.25,6.75,12],"texture":"#5"},"south":{"rotation":90,"uv":[4.25,4.75,7.75,5.5],"texture":"#5"}}},{"to":[22.86504,8.49863,7.19453],"rotation":{"origin":[22.66504,8.64863,6.99453],"angle":0,"axis":"z"},"from":[22.46504,5.49863,6.79453],"faces":{"west":{"rotation":270,"uv":[3.25,12,6.75,11.25],"texture":"#5"},"east":{"rotation":270,"uv":[4.25,5.25,7.75,4.5],"texture":"#5"},"north":{"rotation":90,"uv":[4.25,5.5,7.75,4.75],"texture":"#5"},"south":{"rotation":90,"uv":[3.25,12,6.75,11.25],"texture":"#5"}}},{"to":[22.8655,8.80687,9.14416],"rotation":{"origin":[22.66504,8.60687,8.94416],"angle":-22.5,"axis":"x"},"from":[22.4655,8.40687,8.74416],"faces":{"west":{"rotation":90,"uv":[0.25,5,0.75,5.75],"texture":"#5"},"east":{"rotation":270,"uv":[3.25,4.5,3.75,5.25],"texture":"#5"},"north":{"rotation":90,"uv":[4.75,11,5.25,11.75],"texture":"#5"},"south":{"rotation":90,"uv":[6,7.25,5.5,8],"texture":"#4"}}},{"to":[22.8655,8.80687,7.25584],"rotation":{"origin":[22.66504,8.60687,7.05584],"angle":22.5,"axis":"x"},"from":[22.4655,8.40687,6.85584],"faces":{"west":{"rotation":90,"uv":[0.25,5.75,0.75,5],"texture":"#5"},"east":{"rotation":270,"uv":[3.25,5.25,3.75,4.5],"texture":"#5"},"north":{"rotation":90,"uv":[6,8,5.5,7.25],"texture":"#4"},"south":{"rotation":90,"uv":[4.75,11.75,5.25,11],"texture":"#5"}}},{"to":[22.86504,9.06818,8.96955],"rotation":{"origin":[22.66504,8.86818,8.76955],"angle":-45,"axis":"x"},"from":[22.46504,8.66818,8.56955],"faces":{"west":{"rotation":90,"uv":[1.5,5,2,5.75],"texture":"#5"},"east":{"rotation":270,"uv":[4.75,4.5,5.25,5.25],"texture":"#5"},"north":{"rotation":90,"uv":[4.75,11,5.25,11.75],"texture":"#5"},"south":{"rotation":90,"uv":[16,7.25,15.5,8],"texture":"#4"}}},{"to":[22.86504,9.06818,7.43045],"rotation":{"origin":[22.66504,8.86818,7.23045],"angle":45,"axis":"x"},"from":[22.46504,8.66818,7.03045],"faces":{"west":{"rotation":90,"uv":[1.5,5.75,2,5],"texture":"#5"},"east":{"rotation":270,"uv":[4.75,5.25,5.25,4.5],"texture":"#5"},"north":{"rotation":90,"uv":[16,8,15.5,7.25],"texture":"#4"},"south":{"rotation":90,"uv":[4.75,11.75,5.25,11],"texture":"#5"}}},{"to":[22.8655,9.24279,8.70824],"rotation":{"origin":[22.66504,9.04279,8.50824],"angle":22.5,"axis":"x"},"from":[22.4655,8.84279,8.30824],"faces":{"down":{"rotation":270,"uv":[4.75,11,5.25,11.75],"texture":"#5"},"west":{"uv":[2.25,5,2.75,5.75],"texture":"#5"},"east":{"uv":[4.5,4.5,5,5.25],"texture":"#5"},"up":{"rotation":90,"uv":[3.5,4.5,3,5.25],"texture":"#4"}}},{"to":[22.8655,9.24279,7.69176],"rotation":{"origin":[22.66504,9.04279,7.49176],"angle":-22.5,"axis":"x"},"from":[22.4655,8.84279,7.29176],"faces":{"down":{"rotation":270,"uv":[5.25,11,4.75,11.75],"texture":"#5"},"west":{"uv":[2.75,5,2.25,5.75],"texture":"#5"},"east":{"uv":[5,4.5,4.5,5.25],"texture":"#5"},"up":{"rotation":90,"uv":[3,4.5,3.5,5.25],"texture":"#4"}}},{"to":[22.86504,9.3041,8.4],"rotation":{"origin":[22.66504,9.1041,8],"angle":0,"axis":"x"},"from":[22.46504,8.9041,7.6],"faces":{"down":{"rotation":270,"uv":[4.75,11,5.25,11.75],"texture":"#5"},"west":{"uv":[2.25,5,3.5,5.75],"texture":"#5"},"east":{"uv":[6,4.25,7.25,5],"texture":"#5"},"up":{"rotation":90,"uv":[14.25,4.25,13,5],"texture":"#4"}}}],"display":{"thirdperson_righthand":{"rotation":[0,90,0],"scale":[0.45,0.45,0.45],"translation":[-0.5,1,1]},"head":{"scale":[0.9,0.9,0.9]},"thirdperson_lefthand":{"rotation":[0,90,119],"scale":[0.45,0.45,0.45],"translation":[-2,-3.25,5.5]},"gui":{"rotation":[0,0,45],"scale":[0.8,0.8,0.8],"translation":[-2,1.25,0]},"firstperson_lefthand":{"scale":[0,0,0]},"firstperson_righthand":{"rotation":[0,90,0],"scale":[0.9,0.9,0.9],"translation":[-2,2.25,-1]},"fixed":{"rotation":[0,-180,0],"scale":[0.9,0.9,0.9],"translation":[2.5,3.5,-1.75]},"ground":{"translation":[0,3,0],"scale":[0.45,0.45,0.45]}}}