{
	"textures": {
		"0": "block/red_wool",
		"1": "block/spruce_log",
		"2": "block/green_wool"
	},
	"elements": [
		{
			"from": [-2.15162, 5.39, 11.07359],
			"to": [-1.15162, 10.39, 16.57359],
			"rotation": {"angle": 22.5, "axis": "y", "origin": [-1.65162, 4.89, 12.57359]},
			"faces": {
				"north": {"uv": [0, 0, 1, 5], "texture": "#0"},
				"east": {"uv": [0, 0, 5.5, 5], "texture": "#0"},
				"south": {"uv": [0, 0, 1, 5], "texture": "#0"},
				"west": {"uv": [0, 0, 5.5, 5], "texture": "#0"},
				"up": {"uv": [0, 0, 5.5, 1], "rotation": 90, "texture": "#0"},
				"down": {"uv": [0, 0, 5.5, 1], "rotation": 270, "texture": "#0"}
			}
		},
		{
			"from": [5.5, 15.37798, 7.51306],
			"to": [10.5, 16.37798, 10.51306],
			"rotation": {"angle": -22.5, "axis": "x", "origin": [8, 15.87798, 9.01306]},
			"faces": {
				"north": {"uv": [0, 0, 5, 1], "rotation": 180, "texture": "#0"},
				"east": {"uv": [0, 0, 1, 3], "rotation": 90, "texture": "#0"},
				"south": {"uv": [0, 0, 5, 1], "texture": "#0"},
				"west": {"uv": [0, 0, 1, 3], "rotation": 270, "texture": "#0"},
				"up": {"uv": [0, 0, 5, 3], "texture": "#0"},
				"down": {"uv": [0, 0, 5, 3], "rotation": 180, "texture": "#0"}
			}
		},
		{
			"from": [-0.54224, 5.39, 16.26537],
			"to": [4.95776, 10.39, 17.26537],
			"rotation": {"angle": -22.5, "axis": "y", "origin": [1.45776, 4.89, 16.76537]},
			"faces": {
				"north": {"uv": [0, 0, 5.5, 5], "texture": "#0"},
				"east": {"uv": [0, 0, 1, 5], "texture": "#0"},
				"south": {"uv": [0, 0, 5.5, 5], "texture": "#0"},
				"west": {"uv": [0, 0, 1, 5], "texture": "#0"},
				"up": {"uv": [0, 0, 5.5, 1], "texture": "#0"},
				"down": {"uv": [0, 0, 5.5, 1], "texture": "#0"}
			}
		},
		{
			"from": [4.5, 0, 15.5],
			"to": [11.5, 6, 16.5],
			"rotation": {"angle": 22.5, "axis": "x", "origin": [8, 0.5, 16]},
			"faces": {
				"north": {"uv": [0, 0, 7, 6], "texture": "#0"},
				"east": {"uv": [0, 0, 1, 6], "texture": "#0"},
				"south": {"uv": [0, 0, 7, 6], "texture": "#0"},
				"west": {"uv": [0, 0, 1, 6], "texture": "#0"},
				"up": {"uv": [0, 0, 7, 1], "texture": "#0"},
				"down": {"uv": [0, 0, 7, 1], "texture": "#0"}
			}
		},
		{
			"from": [4.5, 5.39, 17.5667],
			"to": [11.5, 10.39, 18.5667],
			"rotation": {"angle": 0, "axis": "y", "origin": [8, 4.89, 18.0667]},
			"faces": {
				"north": {"uv": [0, 0, 7, 5], "texture": "#0"},
				"east": {"uv": [0, 0, 1, 5], "texture": "#0"},
				"south": {"uv": [0, 0, 7, 5], "texture": "#0"},
				"west": {"uv": [0, 0, 1, 5], "texture": "#0"},
				"up": {"uv": [0, 0, 7, 1], "texture": "#0"},
				"down": {"uv": [0, 0, 7, 1], "texture": "#0"}
			}
		},
		{
			"from": [4.5, 10.08447, 17.03073],
			"to": [11.5, 14.08447, 18.03073],
			"rotation": {"angle": -22.5, "axis": "x", "origin": [8, 11.58447, 17.53073]},
			"faces": {
				"north": {"uv": [0, 0, 7, 4], "texture": "#0"},
				"east": {"uv": [0, 0, 1, 4], "texture": "#0"},
				"south": {"uv": [0, 0, 7, 4], "texture": "#0"},
				"west": {"uv": [0, 0, 1, 4], "texture": "#0"},
				"up": {"uv": [0, 0, 7, 1], "texture": "#0"},
				"down": {"uv": [0, 0, 7, 1], "texture": "#0"}
			}
		},
		{
			"from": [4.5, 13.29262, 15.12175],
			"to": [11.5, 17.29262, 16.12175],
			"rotation": {"angle": -45, "axis": "x", "origin": [8, 14.79262, 15.62175]},
			"faces": {
				"north": {"uv": [0, 0, 7, 4], "texture": "#0"},
				"east": {"uv": [0, 0, 1, 4], "texture": "#0"},
				"south": {"uv": [0, 0, 7, 4], "texture": "#0"},
				"west": {"uv": [0, 0, 1, 4], "texture": "#0"},
				"up": {"uv": [0, 0, 7, 1], "texture": "#0"},
				"down": {"uv": [0, 0, 7, 1], "texture": "#0"}
			}
		},
		{
			"from": [4.5, 15.91394, 10.20754],
			"to": [11.5, 17.01394, 14.20754],
			"rotation": {"angle": 0, "axis": "y", "origin": [8, 16.41394, 12.70754]},
			"faces": {
				"north": {"uv": [0, 0, 7, 1.1], "rotation": 180, "texture": "#0"},
				"east": {"uv": [0, 0, 1.1, 4], "rotation": 90, "texture": "#0"},
				"south": {"uv": [0, 0, 7, 1.1], "texture": "#0"},
				"west": {"uv": [0, 0, 1.1, 4], "rotation": 270, "texture": "#0"},
				"up": {"uv": [0, 0, 7, 4], "texture": "#0"},
				"down": {"uv": [0, 0, 7, 4], "rotation": 180, "texture": "#0"}
			}
		},
		{
			"from": [2.2, 16.2, 10.5],
			"to": [6.4, 16.7, 13],
			"rotation": {"angle": -45, "axis": "y", "origin": [3.79289, 16.41394, 11.37911]},
			"faces": {
				"north": {"uv": [0, 0, 4.2, 0.5], "rotation": 180, "texture": "#0"},
				"east": {"uv": [0, 0, 0.5, 2.5], "rotation": 90, "texture": "#0"},
				"south": {"uv": [0, 0, 4.2, 0.5], "texture": "#0"},
				"west": {"uv": [0, 0, 0.5, 2.5], "rotation": 270, "texture": "#0"},
				"up": {"uv": [0, 0, 4.2, 2.5], "texture": "#0"},
				"down": {"uv": [0, 0, 4.2, 2.5], "rotation": 180, "texture": "#0"}
			}
		},
		{
			"from": [1.67157, 15.91394, 4.37911],
			"to": [5.67157, 16.91394, 11.37911],
			"rotation": {"angle": 0, "axis": "y", "origin": [3.17157, 16.41394, 7.87911]},
			"faces": {
				"north": {"uv": [0, 0, 1, 4], "rotation": 270, "texture": "#0"},
				"east": {"uv": [0, 0, 7, 1], "rotation": 180, "texture": "#0"},
				"south": {"uv": [0, 0, 1, 4], "rotation": 90, "texture": "#0"},
				"west": {"uv": [0, 0, 7, 1], "texture": "#0"},
				"up": {"uv": [0, 0, 7, 4], "rotation": 90, "texture": "#0"},
				"down": {"uv": [0, 0, 7, 4], "rotation": 90, "texture": "#0"}
			}
		},
		{
			"from": [-0.24264, 13.29262, 4.37911],
			"to": [0.75736, 17.29262, 11.37911],
			"rotation": {"angle": -45, "axis": "z", "origin": [0.25736, 14.79262, 7.87911]},
			"faces": {
				"north": {"uv": [0, 0, 1, 4], "texture": "#0"},
				"east": {"uv": [0, 0, 7, 4], "texture": "#0"},
				"south": {"uv": [0, 0, 1, 4], "texture": "#0"},
				"west": {"uv": [0, 0, 7, 4], "texture": "#0"},
				"up": {"uv": [0, 0, 7, 1], "rotation": 90, "texture": "#0"},
				"down": {"uv": [0, 0, 7, 1], "rotation": 270, "texture": "#0"}
			}
		},
		{
			"from": [-2.15162, 10.08447, 4.37911],
			"to": [-1.15162, 14.08447, 11.37911],
			"rotation": {"angle": -22.5, "axis": "z", "origin": [-1.65162, 11.58447, 7.87911]},
			"faces": {
				"north": {"uv": [0, 0, 1, 4], "texture": "#0"},
				"east": {"uv": [0, 0, 7, 4], "texture": "#0"},
				"south": {"uv": [0, 0, 1, 4], "texture": "#0"},
				"west": {"uv": [0, 0, 7, 4], "texture": "#0"},
				"up": {"uv": [0, 0, 7, 1], "rotation": 90, "texture": "#0"},
				"down": {"uv": [0, 0, 7, 1], "rotation": 270, "texture": "#0"}
			}
		},
		{
			"from": [-2.68759, 5.39, 4.37911],
			"to": [18.68758, 10.38999, 11.37911],
			"rotation": {"angle": 0, "axis": "y", "origin": [-2.18759, 4.89, 7.87911]},
			"faces": {
				"north": {"uv": [0, 0, 16, 5], "texture": "#0"},
				"east": {"uv": [0, 0, 7, 5], "texture": "#0"},
				"south": {"uv": [0, 0, 16, 5], "texture": "#0"},
				"west": {"uv": [0, 0, 7, 5], "texture": "#0"},
				"up": {"uv": [0, 0, 7, 16], "rotation": 90, "texture": "#0"},
				"down": {"uv": [0, 0, 7, 16], "rotation": 270, "texture": "#0"}
			}
		},
		{
			"from": [5, 0, 3],
			"to": [11, 15.5, 7],
			"rotation": {"angle": 0, "axis": "y", "origin": [-2.18759, 4.89, 7.87911]},
			"faces": {
				"north": {"uv": [0, 0, 6, 15.5], "texture": "#0"},
				"east": {"uv": [0, 0, 4, 15.5], "texture": "#0"},
				"south": {"uv": [0, 0, 6, 15.5], "texture": "#0"},
				"west": {"uv": [0, 0, 4, 15.5], "texture": "#0"},
				"up": {"uv": [0, 0, 4, 6], "rotation": 90, "texture": "#0"},
				"down": {"uv": [0, 0, 4, 6], "rotation": 270, "texture": "#0"}
			}
		},
		{
			"from": [-0.62089, 0, 4.37911],
			"to": [0.37911, 6, 11.37911],
			"rotation": {"angle": 22.5, "axis": "z", "origin": [-0.12089, 0.5, 7.87911]},
			"faces": {
				"north": {"uv": [0, 0, 1, 6], "texture": "#0"},
				"east": {"uv": [0, 0, 7, 6], "texture": "#0"},
				"south": {"uv": [0, 0, 1, 6], "texture": "#0"},
				"west": {"uv": [0, 0, 7, 6], "texture": "#0"},
				"up": {"uv": [0, 0, 7, 1], "rotation": 90, "texture": "#0"},
				"down": {"uv": [0, 0, 7, 1], "rotation": 270, "texture": "#0"}
			}
		},
		{
			"from": [0.8, 1.7, 15.64994],
			"to": [5.2, 14.1, 16.64994],
			"rotation": {"angle": -22.5, "axis": "y", "origin": [3.9588, 12.23775, 15.18821]},
			"faces": {
				"north": {"uv": [0, 0, 4.4, 12.4], "texture": "#0"},
				"east": {"uv": [0, 0, 1, 12.4], "texture": "#0"},
				"south": {"uv": [0, 0, 4.4, 12.4], "texture": "#0"},
				"west": {"uv": [0, 0, 1, 12.4], "texture": "#0"},
				"up": {"uv": [0, 0, 4.4, 1], "texture": "#0"},
				"down": {"uv": [0, 0, 4.4, 1], "texture": "#0"}
			}
		},
		{
			"from": [0.13686, 1.7, 10.89941],
			"to": [1.13686, 14.1, 15.19941],
			"rotation": {"angle": 22.5, "axis": "y", "origin": [0.63686, 11.58551, 14.39941]},
			"faces": {
				"north": {"uv": [0, 0, 1, 12.4], "texture": "#0"},
				"east": {"uv": [0, 0, 4.3, 12.4], "texture": "#0"},
				"south": {"uv": [0, 0, 1, 12.4], "texture": "#0"},
				"west": {"uv": [0, 0, 4.3, 12.4], "texture": "#0"},
				"up": {"uv": [0, 0, 4.3, 1], "rotation": 90, "texture": "#0"},
				"down": {"uv": [0, 0, 4.3, 1], "rotation": 270, "texture": "#0"}
			}
		},
		{
			"from": [1.1, 0.7, 15.3],
			"to": [5.1, 14.5, 16.3],
			"rotation": {"angle": -22.5, "axis": "y", "origin": [4.08566, 15.88775, 14.9784]},
			"faces": {
				"north": {"uv": [0, 0, 4, 13.8], "texture": "#0"},
				"east": {"uv": [0, 0, 1, 13.8], "texture": "#0"},
				"south": {"uv": [0, 0, 4, 13.8], "texture": "#0"},
				"west": {"uv": [0, 0, 1, 13.8], "texture": "#0"},
				"up": {"uv": [0, 0, 4, 1], "texture": "#0"},
				"down": {"uv": [0, 0, 4, 1], "texture": "#0"}
			}
		},
		{
			"from": [0.52791, 0.7, 10.98077],
			"to": [1.52791, 14.5, 14.98077],
			"rotation": {"angle": 22.5, "axis": "y", "origin": [0.86592, 15.23551, 14.28077]},
			"faces": {
				"north": {"uv": [0, 0, 1, 13.8], "texture": "#0"},
				"east": {"uv": [0, 0, 4, 13.8], "texture": "#0"},
				"south": {"uv": [0, 0, 1, 13.8], "texture": "#0"},
				"west": {"uv": [0, 0, 4, 13.8], "texture": "#0"},
				"up": {"uv": [0, 0, 4, 1], "rotation": 90, "texture": "#0"},
				"down": {"uv": [0, 0, 4, 1], "rotation": 270, "texture": "#0"}
			}
		},
		{
			"from": [1.3, 0.16, 14.9],
			"to": [5, 14.91, 15.9],
			"rotation": {"angle": -22.5, "axis": "y", "origin": [4.1418, 16.48775, 14.8393]},
			"faces": {
				"north": {"uv": [0, 0, 3.7, 14.75], "texture": "#0"},
				"east": {"uv": [0, 0, 1, 14.75], "texture": "#0"},
				"south": {"uv": [0, 0, 3.7, 14.75], "texture": "#0"},
				"west": {"uv": [0, 0, 1, 14.75], "texture": "#0"},
				"up": {"uv": [0, 0, 3.7, 1], "texture": "#0"},
				"down": {"uv": [0, 0, 3.7, 1], "texture": "#0"}
			}
		},
		{
			"from": [0.8553, 0.16, 11.04923],
			"to": [1.8553, 14.91, 14.74923],
			"rotation": {"angle": 22.5, "axis": "y", "origin": [0.93892, 16.03551, 14.09923]},
			"faces": {
				"north": {"uv": [0, 0, 1, 14.75], "texture": "#0"},
				"east": {"uv": [0, 0, 3.7, 14.75], "texture": "#0"},
				"south": {"uv": [0, 0, 1, 14.75], "texture": "#0"},
				"west": {"uv": [0, 0, 3.7, 14.75], "texture": "#0"},
				"up": {"uv": [0, 0, 3.7, 1], "rotation": 90, "texture": "#0"},
				"down": {"uv": [0, 0, 3.7, 1], "rotation": 270, "texture": "#0"}
			}
		},
		{
			"from": [1.34907, -0.18, 11.06209],
			"to": [5.34907, 15.32, 14.46209],
			"rotation": {"angle": 22.5, "axis": "y", "origin": [1.17829, 16.43551, 14.16209]},
			"faces": {
				"north": {"uv": [0, 0, 4, 15.5], "texture": "#0"},
				"east": {"uv": [0, 0, 3.4, 15.5], "texture": "#0"},
				"south": {"uv": [0, 0, 4, 15.5], "texture": "#0"},
				"west": {"uv": [0, 0, 3.4, 15.5], "texture": "#0"},
				"up": {"uv": [0, 0, 3.4, 4], "rotation": 90, "texture": "#0"},
				"down": {"uv": [0, 0, 3.4, 4], "rotation": 270, "texture": "#0"}
			}
		},
		{
			"from": [1.6, -0.08, 11.45],
			"to": [5, 15.32, 15.45],
			"rotation": {"angle": -22.5, "axis": "y", "origin": [4.23039, 17.08775, 14.53709]},
			"faces": {
				"north": {"uv": [0, 0, 3.4, 15.4], "texture": "#0"},
				"east": {"uv": [0, 0, 4, 15.4], "texture": "#0"},
				"south": {"uv": [0, 0, 3.4, 15.4], "texture": "#0"},
				"west": {"uv": [0, 0, 4, 15.4], "texture": "#0"},
				"up": {"uv": [0, 0, 3.4, 4], "texture": "#0"},
				"down": {"uv": [0, 0, 3.4, 4], "texture": "#0"}
			}
		},
		{
			"from": [1.59999, -0.08001, 0.30822],
			"to": [4.99999, 0.41999, 4.30822],
			"rotation": {"angle": 22.5, "axis": "y", "origin": [4.23039, 17.08774, 1.22113]},
			"faces": {
				"north": {"uv": [3.4, 0, 6.8, 0.5], "texture": "#0"},
				"east": {"uv": [4, 0, 8, 0.5], "texture": "#0"},
				"south": {"uv": [3.4, 0, 6.8, 0.5], "texture": "#0"},
				"west": {"uv": [4, 0, 8, 0.5], "texture": "#0"},
				"up": {"uv": [0, 4, 3.4, 8], "texture": "#0"},
				"down": {"uv": [0, 4, 3.4, 8], "texture": "#0"}
			}
		},
		{
			"from": [1.29999, 0.15999, -0.14178],
			"to": [4.99999, 0.75999, 0.85822],
			"rotation": {"angle": 22.5, "axis": "y", "origin": [4.14179, 16.48774, 0.91892]},
			"faces": {
				"north": {"uv": [3.7, 0, 7.4, 0.6], "texture": "#0"},
				"east": {"uv": [1, 0, 2, 0.6], "texture": "#0"},
				"south": {"uv": [3.7, 0, 7.4, 0.6], "texture": "#0"},
				"west": {"uv": [1, 0, 2, 0.6], "texture": "#0"},
				"up": {"uv": [0, 1, 3.7, 2], "texture": "#0"},
				"down": {"uv": [0, 1, 3.7, 2], "texture": "#0"}
			}
		},
		{
			"from": [1.09999, 0.69999, -0.54178],
			"to": [5.09999, 1.69999, 0.45822],
			"rotation": {"angle": 22.5, "axis": "y", "origin": [4.08565, 15.88774, 0.77982]},
			"faces": {
				"north": {"uv": [4, 0, 8, 1], "texture": "#0"},
				"east": {"uv": [1, 0, 2, 1], "texture": "#0"},
				"south": {"uv": [4, 0, 8, 1], "texture": "#0"},
				"west": {"uv": [1, 0, 2, 1], "texture": "#0"},
				"up": {"uv": [0, 1, 4, 2], "texture": "#0"},
				"down": {"uv": [0, 1, 4, 2], "texture": "#0"}
			}
		},
		{
			"from": [0.79999, 1.69999, -0.89172],
			"to": [5.09999, 2.44999, 0.10828],
			"rotation": {"angle": 22.5, "axis": "y", "origin": [3.95879, 12.23774, 0.57001]},
			"faces": {
				"north": {"uv": [4.4, 0, 8.7, 0.75], "texture": "#0"},
				"east": {"uv": [1, 0, 2, 0.75], "texture": "#0"},
				"south": {"uv": [4.4, 0, 8.7, 0.75], "texture": "#0"},
				"west": {"uv": [1, 0, 2, 0.75], "texture": "#0"},
				"up": {"uv": [0, 1, 4.3, 2], "texture": "#0"},
				"down": {"uv": [0, 1, 4.3, 2], "texture": "#0"}
			}
		},
		{
			"from": [2.65931, 1.6, -0.64994],
			"to": [5.15931, 2.1, 1.35006],
			"rotation": {"angle": 22.5, "axis": "y", "origin": [3.9588, 12.23775, 0.81179]},
			"faces": {
				"north": {"uv": [2.5, 0, 5, 0.5], "texture": "#0"},
				"east": {"uv": [1, 0, 3, 0.5], "texture": "#0"},
				"south": {"uv": [2.5, 0, 5, 0.5], "texture": "#0"},
				"west": {"uv": [1, 0, 3, 0.5], "texture": "#0"},
				"up": {"uv": [0, 1, 2.5, 3], "texture": "#0"},
				"down": {"uv": [0, 1, 2.5, 3], "texture": "#0"}
			}
		},
		{
			"from": [1.89232, 15.3, 11.60648],
			"to": [2.89232, 15.8, 14.50648],
			"rotation": {"angle": 22.5, "axis": "y", "origin": [0.79232, 16.73551, 14.60648]},
			"faces": {
				"north": {"uv": [0, 0, 1, 0.5], "texture": "#0"},
				"east": {"uv": [0, 0, 2.9, 0.5], "texture": "#0"},
				"south": {"uv": [0, 0, 1, 0.5], "texture": "#0"},
				"west": {"uv": [0, 0, 2.9, 0.5], "texture": "#0"},
				"up": {"uv": [0, 0, 2.9, 1], "rotation": 90, "texture": "#0"},
				"down": {"uv": [0, 0, 2.9, 1], "rotation": 270, "texture": "#0"}
			}
		},
		{
			"from": [1.65, 15.3, 13.95],
			"to": [4.55, 15.8, 14.95],
			"rotation": {"angle": -22.5, "axis": "y", "origin": [3.86404, 17.38775, 14.82402]},
			"faces": {
				"north": {"uv": [0, 0, 2.9, 0.5], "texture": "#0"},
				"east": {"uv": [0, 0, 1, 0.5], "texture": "#0"},
				"south": {"uv": [0, 0, 2.9, 0.5], "texture": "#0"},
				"west": {"uv": [0, 0, 1, 0.5], "texture": "#0"},
				"up": {"uv": [0, 0, 2.9, 1], "texture": "#0"},
				"down": {"uv": [0, 0, 2.9, 1], "texture": "#0"}
			}
		},
		{
			"from": [2.0565, 15.8, 12.95],
			"to": [4.7565, 16.3, 14.45],
			"rotation": {"angle": -22.5, "axis": "y", "origin": [4.01361, 17.88775, 14.26648]},
			"faces": {
				"north": {"uv": [0, 0, 2.7, 0.5], "texture": "#0"},
				"east": {"uv": [0, 0, 1.5, 0.5], "texture": "#0"},
				"south": {"uv": [0, 0, 2.7, 0.5], "texture": "#0"},
				"west": {"uv": [0, 0, 1.5, 0.5], "texture": "#0"},
				"up": {"uv": [0, 0, 1, 1], "texture": "#0"},
				"down": {"uv": [0, 0, 2.7, 1.5], "texture": "#0"}
			}
		},
		{
			"from": [2.34531, 15.8, 11.34312],
			"to": [3.84531, 16.3, 14.04312],
			"rotation": {"angle": 22.5, "axis": "y", "origin": [1.34531, 17.23551, 14.39312]},
			"faces": {
				"north": {"uv": [0, 0, 1.5, 0.5], "texture": "#0"},
				"east": {"uv": [0, 0, 2.7, 0.5], "texture": "#0"},
				"south": {"uv": [0, 0, 1.5, 0.5], "texture": "#0"},
				"west": {"uv": [0, 0, 2.7, 0.5], "texture": "#0"},
				"up": {"uv": [0, 0, 1, 1], "rotation": 90, "texture": "#0"},
				"down": {"uv": [0, 0, 2.7, 1.5], "rotation": 270, "texture": "#0"}
			}
		},
		{
			"from": [0.65, 2.3, 15.85],
			"to": [5.25, 13.6, 16.85],
			"rotation": {"angle": -22.5, "axis": "y", "origin": [3.92345, 11.73775, 15.36498]},
			"faces": {
				"north": {"uv": [0, 0, 4.6, 11.3], "texture": "#0"},
				"east": {"uv": [0, 0, 1, 11.3], "texture": "#0"},
				"south": {"uv": [0, 0, 4.6, 11.3], "texture": "#0"},
				"west": {"uv": [0, 0, 1, 11.3], "texture": "#0"},
				"up": {"uv": [0, 0, 4.6, 1], "texture": "#0"},
				"down": {"uv": [0, 0, 4.6, 1], "texture": "#0"}
			}
		},
		{
			"from": [0.9, 2.7, 16.1],
			"to": [5.6, 13.1, 17.1],
			"rotation": {"angle": -22.5, "axis": "y", "origin": [4.27078, 11.23775, 14.61788]},
			"faces": {
				"north": {"uv": [0, 0, 4.7, 10.4], "texture": "#0"},
				"east": {"uv": [0, 0, 1, 10.4], "texture": "#0"},
				"south": {"uv": [0, 0, 4.7, 10.4], "texture": "#0"},
				"west": {"uv": [0, 0, 1, 10.4], "texture": "#0"},
				"up": {"uv": [0, 0, 4.7, 1], "texture": "#0"},
				"down": {"uv": [0, 0, 4.7, 1], "texture": "#0"}
			}
		},
		{
			"from": [0.6, 3.6, 16.4],
			"to": [5.6, 12.1, 17.4],
			"rotation": {"angle": -22.5, "axis": "y", "origin": [4.20007, 10.23775, 14.97143]},
			"faces": {
				"north": {"uv": [0, 0, 5, 8.5], "texture": "#0"},
				"east": {"uv": [0, 0, 1, 8.5], "texture": "#0"},
				"south": {"uv": [0, 0, 5, 8.5], "texture": "#0"},
				"west": {"uv": [0, 0, 1, 8.5], "texture": "#0"},
				"up": {"uv": [0, 0, 5, 1], "texture": "#0"},
				"down": {"uv": [0, 0, 5, 1], "texture": "#0"}
			}
		},
		{
			"from": [0.75, 3.1, 16.25],
			"to": [5.6, 12.6, 17.25],
			"rotation": {"angle": -22.5, "axis": "y", "origin": [4.23542, 10.73775, 14.79466]},
			"faces": {
				"north": {"uv": [0, 0, 4.85, 9.5], "texture": "#0"},
				"east": {"uv": [0, 0, 1, 9.5], "texture": "#0"},
				"south": {"uv": [0, 0, 4.85, 9.5], "texture": "#0"},
				"west": {"uv": [0, 0, 1, 9.5], "texture": "#0"},
				"up": {"uv": [0, 0, 4.85, 1], "texture": "#0"},
				"down": {"uv": [0, 0, 4.85, 1], "texture": "#0"}
			}
		},
		{
			"from": [0.5, 4.1, 16.61173],
			"to": [5.6, 11.6, 17.61173],
			"rotation": {"angle": -22.5, "axis": "y", "origin": [4.16471, 9.73775, 15.14821]},
			"faces": {
				"north": {"uv": [0, 0, 5.1, 7.5], "texture": "#0"},
				"east": {"uv": [0, 0, 1, 7.5], "texture": "#0"},
				"south": {"uv": [0, 0, 5.1, 7.5], "texture": "#0"},
				"west": {"uv": [0, 0, 1, 7.5], "texture": "#0"},
				"up": {"uv": [0, 0, 5.1, 1], "texture": "#0"},
				"down": {"uv": [0, 0, 5.1, 1], "texture": "#0"}
			}
		},
		{
			"from": [0.38, 4.6, 16.8],
			"to": [5.73, 11.1, 17.8],
			"rotation": {"angle": -22.5, "axis": "y", "origin": [4.12936, 9.23775, 15.32499]},
			"faces": {
				"north": {"uv": [0, 0, 5.35, 6.5], "texture": "#0"},
				"east": {"uv": [0, 0, 1, 6.5], "texture": "#0"},
				"south": {"uv": [0, 0, 5.35, 6.5], "texture": "#0"},
				"west": {"uv": [0, 0, 1, 6.5], "texture": "#0"},
				"up": {"uv": [0, 0, 5.35, 1], "texture": "#0"},
				"down": {"uv": [0, 0, 5.35, 1], "texture": "#0"}
			}
		},
		{
			"from": [0.23, 5.1, 17],
			"to": [5.58, 10.6, 18],
			"rotation": {"angle": -22.5, "axis": "y", "origin": [4.094, 8.73775, 15.50176]},
			"faces": {
				"north": {"uv": [0, 0, 5.35, 5.5], "texture": "#0"},
				"east": {"uv": [0, 0, 1, 5.5], "texture": "#0"},
				"south": {"uv": [0, 0, 5.35, 5.5], "texture": "#0"},
				"west": {"uv": [0, 0, 1, 5.5], "texture": "#0"},
				"up": {"uv": [0, 0, 5.35, 1], "texture": "#0"},
				"down": {"uv": [0, 0, 5.35, 1], "texture": "#0"}
			}
		},
		{
			"from": [0.47252, 4.59999, -2.02338],
			"to": [2.47252, 5.09999, -1.02338],
			"rotation": {"angle": 22.5, "axis": "y", "origin": [4.12936, 9.23775, 0.67501]},
			"faces": {
				"north": {"uv": [5.35, 0, 7.35, 0.5], "texture": "#0"},
				"east": {"uv": [1, 0, 2, 0.5], "texture": "#0"},
				"south": {"uv": [5.35, 0, 7.35, 0.5], "texture": "#0"},
				"west": {"uv": [1, 0, 2, 0.5], "texture": "#0"},
				"up": {"uv": [0, 1, 2, 2], "texture": "#0"},
				"down": {"uv": [0, 1, 2, 2], "texture": "#0"}
			}
		},
		{
			"from": [0.32252, 5.09999, -2.22338],
			"to": [2.32252, 5.59999, -1.22338],
			"rotation": {"angle": 22.5, "axis": "y", "origin": [4.094, 8.73775, 0.49824]},
			"faces": {
				"north": {"uv": [5.35, 0, 7.35, 0.5], "texture": "#0"},
				"east": {"uv": [1, 0, 2, 0.5], "texture": "#0"},
				"south": {"uv": [5.35, 0, 7.35, 0.5], "texture": "#0"},
				"west": {"uv": [1, 0, 2, 0.5], "texture": "#0"},
				"up": {"uv": [0, 1, 2, 2], "texture": "#0"},
				"down": {"uv": [0, 1, 2, 2], "texture": "#0"}
			}
		},
		{
			"from": [0.59252, 4.09999, -1.83511],
			"to": [2.69252, 4.59999, -0.83511],
			"rotation": {"angle": 22.5, "axis": "y", "origin": [4.16471, 9.73775, 0.85179]},
			"faces": {
				"north": {"uv": [5.1, 0, 7.2, 0.5], "texture": "#0"},
				"east": {"uv": [1, 0, 2, 0.5], "texture": "#0"},
				"south": {"uv": [5.1, 0, 7.2, 0.5], "texture": "#0"},
				"west": {"uv": [1, 0, 2, 0.5], "texture": "#0"},
				"up": {"uv": [0, 1, 2.1, 2], "texture": "#0"},
				"down": {"uv": [0, 1, 2.1, 2], "texture": "#0"}
			}
		},
		{
			"from": [0.69252, 3.59999, -1.62338],
			"to": [2.89252, 4.09999, -0.62338],
			"rotation": {"angle": 22.5, "axis": "y", "origin": [4.20007, 10.23775, 1.02857]},
			"faces": {
				"north": {"uv": [5, 0, 7.2, 0.5], "texture": "#0"},
				"east": {"uv": [1, 0, 2, 0.5], "texture": "#0"},
				"south": {"uv": [5, 0, 7.2, 0.5], "texture": "#0"},
				"west": {"uv": [1, 0, 2, 0.5], "texture": "#0"},
				"up": {"uv": [0, 1, 2.2, 2], "texture": "#0"},
				"down": {"uv": [0, 1, 2.2, 2], "texture": "#0"}
			}
		},
		{
			"from": [0.84252, 3.09999, -1.47338],
			"to": [3.04252, 3.59999, -0.47338],
			"rotation": {"angle": 22.5, "axis": "y", "origin": [4.23542, 10.73775, 1.20534]},
			"faces": {
				"north": {"uv": [4.85, 0, 7.05, 0.5], "texture": "#0"},
				"east": {"uv": [1, 0, 2, 0.5], "texture": "#0"},
				"south": {"uv": [4.85, 0, 7.05, 0.5], "texture": "#0"},
				"west": {"uv": [1, 0, 2, 0.5], "texture": "#0"},
				"up": {"uv": [0, 1, 2.2, 2], "texture": "#0"},
				"down": {"uv": [0, 1, 2.2, 2], "texture": "#0"}
			}
		},
		{
			"from": [0.99252, 2.69999, -1.32338],
			"to": [3.19252, 3.19999, -0.32338],
			"rotation": {"angle": 22.5, "axis": "y", "origin": [4.27078, 11.23775, 1.38212]},
			"faces": {
				"north": {"uv": [4.7, 0, 6.9, 0.5], "texture": "#0"},
				"east": {"uv": [1, 0, 2, 0.5], "texture": "#0"},
				"south": {"uv": [4.7, 0, 6.9, 0.5], "texture": "#0"},
				"west": {"uv": [1, 0, 2, 0.5], "texture": "#0"},
				"up": {"uv": [0, 1, 2.2, 2], "texture": "#0"},
				"down": {"uv": [0, 1, 2.2, 2], "texture": "#0"}
			}
		},
		{
			"from": [0.74252, 2.29999, -1.07338],
			"to": [3.74252, 2.79999, -0.07338],
			"rotation": {"angle": 22.5, "axis": "y", "origin": [3.92345, 11.73775, 0.63502]},
			"faces": {
				"north": {"uv": [4.6, 0, 7.6, 0.5], "texture": "#0"},
				"east": {"uv": [1, 0, 2, 0.5], "texture": "#0"},
				"south": {"uv": [4.6, 0, 7.6, 0.5], "texture": "#0"},
				"west": {"uv": [1, 0, 2, 0.5], "texture": "#0"},
				"up": {"uv": [0, 1, 3, 2], "texture": "#0"},
				"down": {"uv": [0, 1, 3, 2], "texture": "#0"}
			}
		},
		{
			"from": [-1.77698, 2.7, 7.98419],
			"to": [-0.77698, 13.1, 12.63419],
			"rotation": {"angle": 22.5, "axis": "y", "origin": [6.72302, 11.23775, 9.1413]},
			"faces": {
				"north": {"uv": [0, 0, 1, 10.4], "texture": "#0"},
				"east": {"uv": [0, 0, 4.65, 10.4], "texture": "#0"},
				"south": {"uv": [0, 0, 1, 10.4], "texture": "#0"},
				"west": {"uv": [0, 0, 4.65, 10.4], "texture": "#0"},
				"up": {"uv": [0, 0, 4.65, 1], "rotation": 90, "texture": "#0"},
				"down": {"uv": [0, 0, 4.65, 1], "rotation": 270, "texture": "#0"}
			}
		},
		{
			"from": [-1.96541, 3.1, 8.05378],
			"to": [-0.96541, 12.6, 12.75378],
			"rotation": {"angle": 22.5, "axis": "y", "origin": [6.53459, 10.73775, 9.11088]},
			"faces": {
				"north": {"uv": [0, 0, 1, 9.5], "texture": "#0"},
				"east": {"uv": [0, 0, 4.7, 9.5], "texture": "#0"},
				"south": {"uv": [0, 0, 1, 9.5], "texture": "#0"},
				"west": {"uv": [0, 0, 4.7, 9.5], "texture": "#0"},
				"up": {"uv": [0, 0, 4.7, 1], "rotation": 90, "texture": "#0"},
				"down": {"uv": [0, 0, 4.7, 1], "rotation": 270, "texture": "#0"}
			}
		},
		{
			"from": [-2.11557, 3.6, 7.96574],
			"to": [-1.11557, 12.1, 12.86574],
			"rotation": {"angle": 22.5, "axis": "y", "origin": [6.38443, 10.23775, 9.17285]},
			"faces": {
				"north": {"uv": [0, 0, 1, 8.5], "texture": "#0"},
				"east": {"uv": [0, 0, 4.9, 8.5], "texture": "#0"},
				"south": {"uv": [0, 0, 1, 8.5], "texture": "#0"},
				"west": {"uv": [0, 0, 4.9, 8.5], "texture": "#0"},
				"up": {"uv": [0, 0, 4.9, 1], "rotation": 90, "texture": "#0"},
				"down": {"uv": [0, 0, 4.9, 1], "rotation": 270, "texture": "#0"}
			}
		},
		{
			"from": [-2.30056, 4.1, 7.9653],
			"to": [-1.30056, 11.6, 13.0653],
			"rotation": {"angle": 22.5, "axis": "y", "origin": [6.19944, 9.73775, 9.17241]},
			"faces": {
				"north": {"uv": [0, 0, 1, 7.5], "texture": "#0"},
				"east": {"uv": [0, 0, 5.1, 7.5], "texture": "#0"},
				"south": {"uv": [0, 0, 1, 7.5], "texture": "#0"},
				"west": {"uv": [0, 0, 5.1, 7.5], "texture": "#0"},
				"up": {"uv": [0, 0, 5.1, 1], "rotation": 90, "texture": "#0"},
				"down": {"uv": [0, 0, 5.1, 1], "rotation": 270, "texture": "#0"}
			}
		},
		{
			"from": [-2.47592, 4.6, 7.98172],
			"to": [-1.47592, 11.1, 13.23172],
			"rotation": {"angle": 22.5, "axis": "y", "origin": [6.02408, 9.23775, 9.18882]},
			"faces": {
				"north": {"uv": [0, 0, 1, 6.5], "texture": "#0"},
				"east": {"uv": [0, 0, 5.25, 6.5], "texture": "#0"},
				"south": {"uv": [0, 0, 1, 6.5], "texture": "#0"},
				"west": {"uv": [0, 0, 5.25, 6.5], "texture": "#0"},
				"up": {"uv": [0, 0, 5.25, 1], "rotation": 90, "texture": "#0"},
				"down": {"uv": [0, 0, 5.25, 1], "rotation": 270, "texture": "#0"}
			}
		},
		{
			"from": [-2.66434, 5.1, 8.04369],
			"to": [-1.66434, 10.6, 13.39369],
			"rotation": {"angle": 22.5, "axis": "y", "origin": [5.83566, 8.73775, 9.2508]},
			"faces": {
				"north": {"uv": [0, 0, 1, 5.5], "texture": "#0"},
				"east": {"uv": [0, 0, 5.35, 5.5], "texture": "#0"},
				"south": {"uv": [0, 0, 1, 5.5], "texture": "#0"},
				"west": {"uv": [0, 0, 5.35, 5.5], "texture": "#0"},
				"up": {"uv": [0, 0, 5.35, 1], "rotation": 90, "texture": "#0"},
				"down": {"uv": [0, 0, 5.35, 1], "rotation": 270, "texture": "#0"}
			}
		},
		{
			"from": [-1.50015, 2.3, 8.3648],
			"to": [-0.50015, 13.6, 12.8648],
			"rotation": {"angle": 22.5, "axis": "y", "origin": [5.99985, 11.73775, 9.57191]},
			"faces": {
				"north": {"uv": [0, 0, 1, 11.3], "texture": "#0"},
				"east": {"uv": [0, 0, 4.5, 11.3], "texture": "#0"},
				"south": {"uv": [0, 0, 1, 11.3], "texture": "#0"},
				"west": {"uv": [0, 0, 4.5, 11.3], "texture": "#0"},
				"up": {"uv": [0, 0, 4.5, 1], "rotation": 90, "texture": "#0"},
				"down": {"uv": [0, 0, 4.5, 1], "rotation": 270, "texture": "#0"}
			}
		},
		{
			"from": [2.19999, 16.19999, 2.75822],
			"to": [6.39999, 16.69999, 5.25822],
			"rotation": {"angle": 45, "axis": "y", "origin": [3.79288, 16.41393, 4.37911]},
			"faces": {
				"north": {"uv": [4.2, 0, 8.4, 0.5], "texture": "#0"},
				"east": {"uv": [0, 2.5, 0.5, 5], "rotation": 90, "texture": "#0"},
				"south": {"uv": [4.2, 0, 8.4, 0.5], "rotation": 180, "texture": "#0"},
				"west": {"uv": [0, 2.5, 0.5, 5], "rotation": 270, "texture": "#0"},
				"up": {"uv": [0, 2.5, 4.2, 5], "texture": "#0"},
				"down": {"uv": [0, 2.5, 4.2, 5], "rotation": 180, "texture": "#0"}
			}
		},
		{
			"from": [2.0565, 15.79999, 1.30822],
			"to": [4.7565, 16.29999, 2.80822],
			"rotation": {"angle": 22.5, "axis": "y", "origin": [4.01361, 17.88774, 1.49174]},
			"faces": {
				"north": {"uv": [2.7, 0, 0, 0.5], "texture": "#0"},
				"east": {"uv": [1.5, 0, 0, 0.5], "texture": "#0"},
				"south": {"uv": [2.7, 0, 0, 0.5], "texture": "#0"},
				"west": {"uv": [1.5, 0, 0, 0.5], "texture": "#0"},
				"up": {"uv": [0, 0, 1, 1], "texture": "#0"},
				"down": {"uv": [0, 1.5, 2.7, 0], "texture": "#0"}
			}
		},
		{
			"from": [2.34531, 15.79999, 1.7151],
			"to": [3.84531, 16.29999, 4.4151],
			"rotation": {"angle": -22.5, "axis": "y", "origin": [1.34531, 17.2355, 1.3651]},
			"faces": {
				"north": {"uv": [1.5, 0, 0, 0.5], "texture": "#0"},
				"east": {"uv": [2.7, 0, 0, 0.5], "texture": "#0"},
				"south": {"uv": [1.5, 0, 0, 0.5], "texture": "#0"},
				"west": {"uv": [2.7, 0, 0, 0.5], "texture": "#0"},
				"up": {"uv": [0, 0, 1, 1], "rotation": 90, "texture": "#0"},
				"down": {"uv": [2.7, 0, 0, 1.5], "rotation": 270, "texture": "#0"}
			}
		},
		{
			"from": [1.89232, 15.29999, 1.25175],
			"to": [2.89232, 15.79999, 4.15175],
			"rotation": {"angle": -22.5, "axis": "y", "origin": [0.79232, 16.7355, 1.15175]},
			"faces": {
				"north": {"uv": [1, 0, 2, 0.5], "texture": "#0"},
				"east": {"uv": [2.9, 0, 5.8, 0.5], "texture": "#0"},
				"south": {"uv": [1, 0, 2, 0.5], "texture": "#0"},
				"west": {"uv": [2.9, 0, 5.8, 0.5], "texture": "#0"},
				"up": {"uv": [2.9, 0, 5.8, 1], "rotation": 90, "texture": "#0"},
				"down": {"uv": [2.9, 0, 5.8, 1], "rotation": 270, "texture": "#0"}
			}
		},
		{
			"from": [0.74999, 12.09999, -1.49178],
			"to": [3.59999, 12.59999, -0.49178],
			"rotation": {"angle": 22.5, "axis": "y", "origin": [4.23541, 10.73774, 0.96356]},
			"faces": {
				"north": {"uv": [4.85, 0, 7.7, 0.5], "texture": "#0"},
				"east": {"uv": [1, 0, 2, 0.5], "texture": "#0"},
				"south": {"uv": [4.85, 0, 7.7, 0.5], "texture": "#0"},
				"west": {"uv": [1, 0, 2, 0.5], "texture": "#0"},
				"up": {"uv": [0, 1, 2.85, 2], "texture": "#0"},
				"down": {"uv": [0, 1, 2.85, 2], "texture": "#0"}
			}
		},
		{
			"from": [-2.11557, 3.59999, 2.89248],
			"to": [-1.11557, 12.09999, 7.79248],
			"rotation": {"angle": -22.5, "axis": "y", "origin": [6.38443, 10.23774, 6.58537]},
			"faces": {
				"north": {"uv": [1, 0, 2, 8.5], "texture": "#0"},
				"east": {"uv": [4.9, 0, 9.8, 8.5], "texture": "#0"},
				"south": {"uv": [1, 0, 2, 8.5], "texture": "#0"},
				"west": {"uv": [4.9, 0, 9.8, 8.5], "texture": "#0"},
				"up": {"uv": [4.9, 0, 9.8, 1], "rotation": 90, "texture": "#0"},
				"down": {"uv": [4.9, 0, 9.8, 1], "rotation": 270, "texture": "#0"}
			}
		},
		{
			"from": [0.59999, 11.59999, -1.64178],
			"to": [3.34999, 12.09999, -0.64178],
			"rotation": {"angle": 22.5, "axis": "y", "origin": [4.20006, 10.23774, 0.78679]},
			"faces": {
				"north": {"uv": [5, 0, 7.75, 0.5], "texture": "#0"},
				"east": {"uv": [1, 0, 2, 0.5], "texture": "#0"},
				"south": {"uv": [5, 0, 7.75, 0.5], "texture": "#0"},
				"west": {"uv": [1, 0, 2, 0.5], "texture": "#0"},
				"up": {"uv": [0, 1, 2.75, 2], "texture": "#0"},
				"down": {"uv": [0, 1, 2.75, 2], "texture": "#0"}
			}
		},
		{
			"from": [-2.47592, 4.59999, 2.5265],
			"to": [-1.47592, 11.09999, 7.7765],
			"rotation": {"angle": -22.5, "axis": "y", "origin": [6.02408, 9.23774, 6.5694]},
			"faces": {
				"north": {"uv": [1, 0, 2, 6.5], "texture": "#0"},
				"east": {"uv": [5.25, 0, 10.5, 6.5], "texture": "#0"},
				"south": {"uv": [1, 0, 2, 6.5], "texture": "#0"},
				"west": {"uv": [5.25, 0, 10.5, 6.5], "texture": "#0"},
				"up": {"uv": [5.25, 0, 10.5, 1], "rotation": 90, "texture": "#0"},
				"down": {"uv": [5.25, 0, 10.5, 1], "rotation": 270, "texture": "#0"}
			}
		},
		{
			"from": [-2.30056, 4.09999, 2.69292],
			"to": [-1.30056, 11.59999, 7.79292],
			"rotation": {"angle": -22.5, "axis": "y", "origin": [6.19944, 9.73774, 6.58581]},
			"faces": {
				"north": {"uv": [1, 0, 2, 7.5], "texture": "#0"},
				"east": {"uv": [5.1, 0, 10.2, 7.5], "texture": "#0"},
				"south": {"uv": [1, 0, 2, 7.5], "texture": "#0"},
				"west": {"uv": [5.1, 0, 10.2, 7.5], "texture": "#0"},
				"up": {"uv": [5.1, 0, 10.2, 1], "rotation": 90, "texture": "#0"},
				"down": {"uv": [5.1, 0, 10.2, 1], "rotation": 270, "texture": "#0"}
			}
		},
		{
			"from": [-1.77698, 2.69999, 3.12403],
			"to": [-0.77698, 13.09999, 7.77403],
			"rotation": {"angle": -22.5, "axis": "y", "origin": [6.72302, 11.23774, 6.61692]},
			"faces": {
				"north": {"uv": [1, 0, 2, 10.4], "texture": "#0"},
				"east": {"uv": [4.65, 0, 9.3, 10.4], "texture": "#0"},
				"south": {"uv": [1, 0, 2, 10.4], "texture": "#0"},
				"west": {"uv": [4.65, 0, 9.3, 10.4], "texture": "#0"},
				"up": {"uv": [4.65, 0, 9.3, 1], "rotation": 90, "texture": "#0"},
				"down": {"uv": [4.65, 0, 9.3, 1], "rotation": 270, "texture": "#0"}
			}
		},
		{
			"from": [-1.50016, 2.29999, 2.89343],
			"to": [-0.50016, 13.59999, 7.39343],
			"rotation": {"angle": -22.5, "axis": "y", "origin": [5.99984, 11.73774, 6.18632]},
			"faces": {
				"north": {"uv": [1, 0, 2, 11.3], "texture": "#0"},
				"east": {"uv": [4.5, 0, 9, 11.3], "texture": "#0"},
				"south": {"uv": [1, 0, 2, 11.3], "texture": "#0"},
				"west": {"uv": [4.5, 0, 9, 11.3], "texture": "#0"},
				"up": {"uv": [4.5, 0, 9, 1], "rotation": 90, "texture": "#0"},
				"down": {"uv": [4.5, 0, 9, 1], "rotation": 270, "texture": "#0"}
			}
		},
		{
			"from": [0.13686, 1.69999, 0.55882],
			"to": [1.13686, 14.09999, 4.85882],
			"rotation": {"angle": -22.5, "axis": "y", "origin": [0.63686, 11.5855, 1.35882]},
			"faces": {
				"north": {"uv": [1, 0, 2, 12.4], "texture": "#0"},
				"east": {"uv": [4.3, 0, 8.6, 12.4], "texture": "#0"},
				"south": {"uv": [1, 0, 2, 12.4], "texture": "#0"},
				"west": {"uv": [4.3, 0, 8.6, 12.4], "texture": "#0"},
				"up": {"uv": [4.3, 0, 8.6, 1], "rotation": 90, "texture": "#0"},
				"down": {"uv": [4.3, 0, 8.6, 1], "rotation": 270, "texture": "#0"}
			}
		},
		{
			"from": [1.34906, -0.18001, 1.29613],
			"to": [5.34906, 15.31999, 4.69613],
			"rotation": {"angle": -22.5, "axis": "y", "origin": [1.17828, 16.4355, 1.59613]},
			"faces": {
				"north": {"uv": [4, 0, 8, 15.5], "texture": "#0"},
				"east": {"uv": [3.4, 0, 6.8, 15.5], "texture": "#0"},
				"south": {"uv": [4, 0, 8, 15.5], "texture": "#0"},
				"west": {"uv": [3.4, 0, 6.8, 15.5], "texture": "#0"},
				"up": {"uv": [3.4, 0, 6.8, 4], "rotation": 90, "texture": "#0"},
				"down": {"uv": [3.4, 0, 6.8, 4], "rotation": 270, "texture": "#0"}
			}
		},
		{
			"from": [0.85529, 0.15999, 1.00899],
			"to": [1.85529, 14.90999, 4.70899],
			"rotation": {"angle": -22.5, "axis": "y", "origin": [0.93891, 16.0355, 1.65899]},
			"faces": {
				"north": {"uv": [1, 0, 2, 14.75], "texture": "#0"},
				"east": {"uv": [3.7, 0, 7.4, 14.75], "texture": "#0"},
				"south": {"uv": [1, 0, 2, 14.75], "texture": "#0"},
				"west": {"uv": [3.7, 0, 7.4, 14.75], "texture": "#0"},
				"up": {"uv": [3.7, 0, 7.4, 1], "rotation": 90, "texture": "#0"},
				"down": {"uv": [3.7, 0, 7.4, 1], "rotation": 270, "texture": "#0"}
			}
		},
		{
			"from": [0.5279, 0.69999, 0.77745],
			"to": [1.5279, 14.49999, 4.77745],
			"rotation": {"angle": -22.5, "axis": "y", "origin": [0.86591, 15.2355, 1.47745]},
			"faces": {
				"north": {"uv": [1, 0, 2, 13.8], "texture": "#0"},
				"east": {"uv": [4, 0, 8, 13.8], "texture": "#0"},
				"south": {"uv": [1, 0, 2, 13.8], "texture": "#0"},
				"west": {"uv": [4, 0, 8, 13.8], "texture": "#0"},
				"up": {"uv": [4, 0, 8, 1], "rotation": 90, "texture": "#0"},
				"down": {"uv": [4, 0, 8, 1], "rotation": 270, "texture": "#0"}
			}
		},
		{
			"from": [1.64999, 15.29999, 0.80822],
			"to": [4.54999, 15.79999, 1.80822],
			"rotation": {"angle": 22.5, "axis": "y", "origin": [3.86403, 17.38774, 0.9342]},
			"faces": {
				"north": {"uv": [2.9, 0, 5.8, 0.5], "texture": "#0"},
				"east": {"uv": [1, 0, 2, 0.5], "texture": "#0"},
				"south": {"uv": [2.9, 0, 5.8, 0.5], "texture": "#0"},
				"west": {"uv": [1, 0, 2, 0.5], "texture": "#0"},
				"up": {"uv": [0, 1, 2.9, 2], "texture": "#0"},
				"down": {"uv": [0, 1, 2.9, 2], "texture": "#0"}
			}
		},
		{
			"from": [1.59999, 14.81999, 0.30822],
			"to": [4.99999, 15.31999, 4.30822],
			"rotation": {"angle": 22.5, "axis": "y", "origin": [4.23039, 17.08774, 1.22113]},
			"faces": {
				"north": {"uv": [3.4, 0, 6.8, 0.5], "texture": "#0"},
				"east": {"uv": [4, 0, 8, 0.5], "texture": "#0"},
				"south": {"uv": [3.4, 0, 6.8, 0.5], "texture": "#0"},
				"west": {"uv": [4, 0, 8, 0.5], "texture": "#0"},
				"up": {"uv": [0, 4, 3.4, 8], "texture": "#0"},
				"down": {"uv": [0, 4, 3.4, 8], "texture": "#0"}
			}
		},
		{
			"from": [1.29999, 14.40999, -0.14178],
			"to": [4.99999, 14.90999, 0.85822],
			"rotation": {"angle": 22.5, "axis": "y", "origin": [4.14179, 16.48774, 0.91892]},
			"faces": {
				"north": {"uv": [3.7, 0, 7.4, 0.5], "texture": "#0"},
				"east": {"uv": [1, 0, 2, 0.5], "texture": "#0"},
				"south": {"uv": [3.7, 0, 7.4, 0.5], "texture": "#0"},
				"west": {"uv": [1, 0, 2, 0.5], "texture": "#0"},
				"up": {"uv": [0, 1, 3.7, 2], "texture": "#0"},
				"down": {"uv": [0, 1, 3.7, 2], "texture": "#0"}
			}
		},
		{
			"from": [1.09999, 13.99999, -0.54178],
			"to": [5.09999, 14.49999, 0.45822],
			"rotation": {"angle": 22.5, "axis": "y", "origin": [4.08565, 15.88774, 0.77982]},
			"faces": {
				"north": {"uv": [4, 0, 8, 0.5], "texture": "#0"},
				"east": {"uv": [1, 0, 2, 0.5], "texture": "#0"},
				"south": {"uv": [4, 0, 8, 0.5], "texture": "#0"},
				"west": {"uv": [1, 0, 2, 0.5], "texture": "#0"},
				"up": {"uv": [0, 1, 4, 2], "texture": "#0"},
				"down": {"uv": [0, 1, 4, 2], "texture": "#0"}
			}
		},
		{
			"from": [0.79999, 13.59999, -0.89172],
			"to": [5.19999, 14.09999, 0.10828],
			"rotation": {"angle": 22.5, "axis": "y", "origin": [3.95879, 12.23774, 0.57001]},
			"faces": {
				"north": {"uv": [4.4, 0, 8.8, 0.5], "texture": "#0"},
				"east": {"uv": [1, 0, 2, 0.5], "texture": "#0"},
				"south": {"uv": [4.4, 0, 8.8, 0.5], "texture": "#0"},
				"west": {"uv": [1, 0, 2, 0.5], "texture": "#0"},
				"up": {"uv": [0, 1, 4.4, 2], "texture": "#0"},
				"down": {"uv": [0, 1, 4.4, 2], "texture": "#0"}
			}
		},
		{
			"from": [0.64999, 13.09999, -1.09178],
			"to": [5.24999, 13.59999, -0.09178],
			"rotation": {"angle": 22.5, "axis": "y", "origin": [3.92344, 11.73774, 0.39324]},
			"faces": {
				"north": {"uv": [4.6, 0, 9.2, 0.5], "texture": "#0"},
				"east": {"uv": [1, 0, 2, 0.5], "texture": "#0"},
				"south": {"uv": [4.6, 0, 9.2, 0.5], "texture": "#0"},
				"west": {"uv": [1, 0, 2, 0.5], "texture": "#0"},
				"up": {"uv": [0, 1, 4.6, 2], "texture": "#0"},
				"down": {"uv": [0, 1, 4.6, 2], "texture": "#0"}
			}
		},
		{
			"from": [0.89999, 12.59999, -1.34178],
			"to": [5.59999, 13.09999, 1.65822],
			"rotation": {"angle": 22.5, "axis": "y", "origin": [4.27077, 11.23774, 1.14034]},
			"faces": {
				"north": {"uv": [4.7, 0, 9.4, 0.5], "texture": "#0"},
				"east": {"uv": [1, 0, 4, 0.5], "texture": "#0"},
				"south": {"uv": [4.7, 0, 9.4, 0.5], "texture": "#0"},
				"west": {"uv": [1, 0, 4, 0.5], "texture": "#0"},
				"up": {"uv": [0, 1, 4.7, 4], "texture": "#0"},
				"down": {"uv": [0, 1, 4.7, 4], "texture": "#0"}
			}
		},
		{
			"from": [-1.96541, 3.09999, 3.00445],
			"to": [-0.96541, 12.59999, 7.70445],
			"rotation": {"angle": -22.5, "axis": "y", "origin": [6.53459, 10.73774, 6.64735]},
			"faces": {
				"north": {"uv": [1, 0, 2, 9.5], "texture": "#0"},
				"east": {"uv": [4.7, 0, 9.4, 9.5], "texture": "#0"},
				"south": {"uv": [1, 0, 2, 9.5], "texture": "#0"},
				"west": {"uv": [4.7, 0, 9.4, 9.5], "texture": "#0"},
				"up": {"uv": [4.7, 0, 9.4, 1], "rotation": 90, "texture": "#0"},
				"down": {"uv": [4.7, 0, 9.4, 1], "rotation": 270, "texture": "#0"}
			}
		},
		{
			"from": [-2.15163, 5.38999, -0.81537],
			"to": [-1.15163, 10.38999, 4.68463],
			"rotation": {"angle": -22.5, "axis": "y", "origin": [-1.65163, 4.88999, 3.18463]},
			"faces": {
				"north": {"uv": [1, 0, 2, 5], "texture": "#0"},
				"east": {"uv": [5.5, 0, 11, 5], "texture": "#0"},
				"south": {"uv": [1, 0, 2, 5], "texture": "#0"},
				"west": {"uv": [5.5, 0, 11, 5], "texture": "#0"},
				"up": {"uv": [5.5, 0, 11, 1], "rotation": 90, "texture": "#0"},
				"down": {"uv": [5.5, 0, 11, 1], "rotation": 270, "texture": "#0"}
			}
		},
		{
			"from": [-2.66435, 5.09999, 2.36453],
			"to": [-1.66435, 10.59999, 7.71453],
			"rotation": {"angle": -22.5, "axis": "y", "origin": [5.83565, 8.73774, 6.50742]},
			"faces": {
				"north": {"uv": [1, 0, 2, 5.5], "texture": "#0"},
				"east": {"uv": [5.35, 0, 10.7, 5.5], "texture": "#0"},
				"south": {"uv": [1, 0, 2, 5.5], "texture": "#0"},
				"west": {"uv": [5.35, 0, 10.7, 5.5], "texture": "#0"},
				"up": {"uv": [5.35, 0, 10.7, 1], "rotation": 90, "texture": "#0"},
				"down": {"uv": [5.35, 0, 10.7, 1], "rotation": 270, "texture": "#0"}
			}
		},
		{
			"from": [0.49999, 11.09999, -1.85351],
			"to": [3.09999, 11.59999, -0.85351],
			"rotation": {"angle": 22.5, "axis": "y", "origin": [4.1647, 9.73774, 0.61001]},
			"faces": {
				"north": {"uv": [5.1, 0, 7.7, 0.5], "texture": "#0"},
				"east": {"uv": [0.96173, 0, 1.96173, 0.5], "texture": "#0"},
				"south": {"uv": [5.1, 0, 7.7, 0.5], "texture": "#0"},
				"west": {"uv": [0.96173, 0, 1.96173, 0.5], "texture": "#0"},
				"up": {"uv": [0, 0.96173, 2.6, 1.96173], "texture": "#0"},
				"down": {"uv": [0, 0.96173, 2.6, 1.96173], "texture": "#0"}
			}
		},
		{
			"from": [0.37999, 10.59999, -2.04178],
			"to": [2.72999, 11.09999, -1.04178],
			"rotation": {"angle": 22.5, "axis": "y", "origin": [4.12935, 9.23774, 0.43323]},
			"faces": {
				"north": {"uv": [5.35, 0, 7.7, 0.5], "texture": "#0"},
				"east": {"uv": [1, 0, 2, 0.5], "texture": "#0"},
				"south": {"uv": [5.35, 0, 7.7, 0.5], "texture": "#0"},
				"west": {"uv": [1, 0, 2, 0.5], "texture": "#0"},
				"up": {"uv": [0, 1, 2.35, 2], "texture": "#0"},
				"down": {"uv": [0, 1, 2.35, 2], "texture": "#0"}
			}
		},
		{
			"from": [-0.54225, 5.38999, -1.50715],
			"to": [1.45775, 10.38999, -0.50715],
			"rotation": {"angle": 22.5, "axis": "y", "origin": [1.45775, 4.88999, -1.00715]},
			"faces": {
				"north": {"uv": [5.5, 0, 7.5, 5], "texture": "#0"},
				"east": {"uv": [1, 0, 2, 5], "texture": "#0"},
				"south": {"uv": [5.5, 0, 7.5, 5], "texture": "#0"},
				"west": {"uv": [1, 0, 2, 5], "texture": "#0"},
				"up": {"uv": [0, 1, 2, 2], "texture": "#0"},
				"down": {"uv": [0, 1, 2, 2], "texture": "#0"}
			}
		},
		{
			"from": [0.22999, 10.09999, -2.24178],
			"to": [2.32999, 10.59999, -1.24178],
			"rotation": {"angle": 22.5, "axis": "y", "origin": [4.09399, 8.73774, 0.25646]},
			"faces": {
				"north": {"uv": [5.35, 0, 7.45, 0.5], "texture": "#0"},
				"east": {"uv": [1, 0, 2, 0.5], "texture": "#0"},
				"south": {"uv": [5.35, 0, 7.45, 0.5], "texture": "#0"},
				"west": {"uv": [1, 0, 2, 0.5], "texture": "#0"},
				"up": {"uv": [0, 1, 2.1, 2], "texture": "#0"},
				"down": {"uv": [0, 1, 2.1, 2], "texture": "#0"}
			}
		},
		{
			"from": [9.60001, 16.19999, 2.75822],
			"to": [13.80001, 16.69999, 5.25822],
			"rotation": {"angle": -45, "axis": "y", "origin": [12.20712, 16.41393, 4.37911]},
			"faces": {
				"north": {"uv": [8.4, 0, 4.2, 0.5], "texture": "#0"},
				"east": {"uv": [0, 5, 0.5, 2.5], "rotation": 270, "texture": "#0"},
				"south": {"uv": [8.4, 0, 4.2, 0.5], "rotation": 180, "texture": "#0"},
				"west": {"uv": [0, 5, 0.5, 2.5], "rotation": 90, "texture": "#0"},
				"up": {"uv": [4.2, 2.5, 0, 5], "texture": "#0"},
				"down": {"uv": [4.2, 2.5, 0, 5], "rotation": 180, "texture": "#0"}
			}
		},
		{
			"from": [11.2435, 15.79999, 1.30822],
			"to": [13.9435, 16.29999, 2.80822],
			"rotation": {"angle": -22.5, "axis": "y", "origin": [11.98639, 17.88774, 1.49174]},
			"faces": {
				"north": {"uv": [0, 0, 2.7, 0.5], "texture": "#0"},
				"east": {"uv": [0, 0, 1.5, 0.5], "texture": "#0"},
				"south": {"uv": [0, 0, 2.7, 0.5], "texture": "#0"},
				"west": {"uv": [0, 0, 1.5, 0.5], "texture": "#0"},
				"up": {"uv": [0, 0, 1, 1], "texture": "#0"},
				"down": {"uv": [2.7, 1.5, 0, 0], "texture": "#0"}
			}
		},
		{
			"from": [12.15469, 15.79999, 1.7151],
			"to": [13.65469, 16.29999, 4.4151],
			"rotation": {"angle": 22.5, "axis": "y", "origin": [14.65469, 17.2355, 1.3651]},
			"faces": {
				"north": {"uv": [0, 0, 1.5, 0.5], "texture": "#0"},
				"east": {"uv": [0, 0, 2.7, 0.5], "texture": "#0"},
				"south": {"uv": [0, 0, 1.5, 0.5], "texture": "#0"},
				"west": {"uv": [0, 0, 2.7, 0.5], "texture": "#0"},
				"up": {"uv": [0, 0, 1, 1], "rotation": 90, "texture": "#0"},
				"down": {"uv": [2.7, 1.5, 0, 0], "rotation": 270, "texture": "#0"}
			}
		},
		{
			"from": [13.10768, 15.29999, 1.25175],
			"to": [14.10768, 15.79999, 4.15175],
			"rotation": {"angle": 22.5, "axis": "y", "origin": [15.20768, 16.7355, 1.15175]},
			"faces": {
				"north": {"uv": [2, 0, 1, 0.5], "texture": "#0"},
				"east": {"uv": [5.8, 0, 2.9, 0.5], "texture": "#0"},
				"south": {"uv": [2, 0, 1, 0.5], "texture": "#0"},
				"west": {"uv": [5.8, 0, 2.9, 0.5], "texture": "#0"},
				"up": {"uv": [2.9, 1, 5.8, 0], "rotation": 90, "texture": "#0"},
				"down": {"uv": [2.9, 1, 5.8, 0], "rotation": 270, "texture": "#0"}
			}
		},
		{
			"from": [11.45001, 15.29999, 0.80822],
			"to": [14.35001, 15.79999, 1.80822],
			"rotation": {"angle": -22.5, "axis": "y", "origin": [12.13597, 17.38774, 0.9342]},
			"faces": {
				"north": {"uv": [5.8, 0, 2.9, 0.5], "texture": "#0"},
				"east": {"uv": [2, 0, 1, 0.5], "texture": "#0"},
				"south": {"uv": [5.8, 0, 2.9, 0.5], "texture": "#0"},
				"west": {"uv": [2, 0, 1, 0.5], "texture": "#0"},
				"up": {"uv": [2.9, 1, 0, 2], "texture": "#0"},
				"down": {"uv": [2.9, 1, 0, 2], "texture": "#0"}
			}
		},
		{
			"from": [11.00001, 14.81999, 0.30822],
			"to": [14.40001, 15.31999, 4.30822],
			"rotation": {"angle": -22.5, "axis": "y", "origin": [11.76961, 17.08774, 1.22113]},
			"faces": {
				"north": {"uv": [6.8, 0, 3.4, 0.5], "texture": "#0"},
				"east": {"uv": [8, 0, 4, 0.5], "texture": "#0"},
				"south": {"uv": [6.8, 0, 3.4, 0.5], "texture": "#0"},
				"west": {"uv": [8, 0, 4, 0.5], "texture": "#0"},
				"up": {"uv": [3.4, 4, 0, 8], "texture": "#0"},
				"down": {"uv": [3.4, 4, 0, 8], "texture": "#0"}
			}
		},
		{
			"from": [10.65094, -0.18001, 1.29613],
			"to": [14.65094, 15.31999, 4.69613],
			"rotation": {"angle": 22.5, "axis": "y", "origin": [14.82172, 16.4355, 1.59613]},
			"faces": {
				"north": {"uv": [8, 0, 4, 15.5], "texture": "#0"},
				"east": {"uv": [6.8, 0, 3.4, 15.5], "texture": "#0"},
				"south": {"uv": [8, 0, 4, 15.5], "texture": "#0"},
				"west": {"uv": [6.8, 0, 3.4, 15.5], "texture": "#0"},
				"up": {"uv": [3.4, 4, 6.8, 0], "rotation": 90, "texture": "#0"},
				"down": {"uv": [3.4, 4, 6.8, 0], "rotation": 270, "texture": "#0"}
			}
		},
		{
			"from": [14.14471, 0.15999, 1.00899],
			"to": [15.14471, 14.90999, 4.70899],
			"rotation": {"angle": 22.5, "axis": "y", "origin": [15.06109, 16.0355, 1.65899]},
			"faces": {
				"north": {"uv": [2, 0, 1, 14.75], "texture": "#0"},
				"east": {"uv": [7.4, 0, 3.7, 14.75], "texture": "#0"},
				"south": {"uv": [2, 0, 1, 14.75], "texture": "#0"},
				"west": {"uv": [7.4, 0, 3.7, 14.75], "texture": "#0"},
				"up": {"uv": [3.7, 1, 7.4, 0], "rotation": 90, "texture": "#0"},
				"down": {"uv": [3.7, 1, 7.4, 0], "rotation": 270, "texture": "#0"}
			}
		},
		{
			"from": [14.4721, 0.69999, 0.77745],
			"to": [15.4721, 14.49999, 4.77745],
			"rotation": {"angle": 22.5, "axis": "y", "origin": [15.13409, 15.2355, 1.47745]},
			"faces": {
				"north": {"uv": [2, 0, 1, 13.8], "texture": "#0"},
				"east": {"uv": [8, 0, 4, 13.8], "texture": "#0"},
				"south": {"uv": [2, 0, 1, 13.8], "texture": "#0"},
				"west": {"uv": [8, 0, 4, 13.8], "texture": "#0"},
				"up": {"uv": [4, 1, 8, 0], "rotation": 90, "texture": "#0"},
				"down": {"uv": [4, 1, 8, 0], "rotation": 270, "texture": "#0"}
			}
		},
		{
			"from": [16.50016, 2.29999, 2.89343],
			"to": [17.50016, 13.59999, 7.39343],
			"rotation": {"angle": 22.5, "axis": "y", "origin": [10.00016, 11.73774, 6.18632]},
			"faces": {
				"north": {"uv": [2, 0, 1, 11.3], "texture": "#0"},
				"east": {"uv": [9, 0, 4.5, 11.3], "texture": "#0"},
				"south": {"uv": [2, 0, 1, 11.3], "texture": "#0"},
				"west": {"uv": [9, 0, 4.5, 11.3], "texture": "#0"},
				"up": {"uv": [4.5, 1, 9, 0], "rotation": 90, "texture": "#0"},
				"down": {"uv": [4.5, 1, 9, 0], "rotation": 270, "texture": "#0"}
			}
		},
		{
			"from": [16.77698, 2.69999, 3.12403],
			"to": [17.77698, 13.09999, 7.77403],
			"rotation": {"angle": 22.5, "axis": "y", "origin": [9.27698, 11.23774, 6.61692]},
			"faces": {
				"north": {"uv": [2, 0, 1, 10.4], "texture": "#0"},
				"east": {"uv": [9.3, 0, 4.65, 10.4], "texture": "#0"},
				"south": {"uv": [2, 0, 1, 10.4], "texture": "#0"},
				"west": {"uv": [9.3, 0, 4.65, 10.4], "texture": "#0"},
				"up": {"uv": [4.65, 1, 9.3, 0], "rotation": 90, "texture": "#0"},
				"down": {"uv": [4.65, 1, 9.3, 0], "rotation": 270, "texture": "#0"}
			}
		},
		{
			"from": [16.96541, 3.09999, 3.00445],
			"to": [17.96541, 12.59999, 7.70445],
			"rotation": {"angle": 22.5, "axis": "y", "origin": [9.46541, 10.73774, 6.64735]},
			"faces": {
				"north": {"uv": [2, 0, 1, 9.5], "texture": "#0"},
				"east": {"uv": [9.4, 0, 4.7, 9.5], "texture": "#0"},
				"south": {"uv": [2, 0, 1, 9.5], "texture": "#0"},
				"west": {"uv": [9.4, 0, 4.7, 9.5], "texture": "#0"},
				"up": {"uv": [4.7, 1, 9.4, 0], "rotation": 90, "texture": "#0"},
				"down": {"uv": [4.7, 1, 9.4, 0], "rotation": 270, "texture": "#0"}
			}
		},
		{
			"from": [17.47592, 4.59999, 2.5265],
			"to": [18.47592, 11.09999, 7.7765],
			"rotation": {"angle": 22.5, "axis": "y", "origin": [9.97592, 9.23774, 6.5694]},
			"faces": {
				"north": {"uv": [2, 0, 1, 6.5], "texture": "#0"},
				"east": {"uv": [10.5, 0, 5.25, 6.5], "texture": "#0"},
				"south": {"uv": [2, 0, 1, 6.5], "texture": "#0"},
				"west": {"uv": [10.5, 0, 5.25, 6.5], "texture": "#0"},
				"up": {"uv": [5.25, 1, 10.5, 0], "rotation": 90, "texture": "#0"},
				"down": {"uv": [5.25, 1, 10.5, 0], "rotation": 270, "texture": "#0"}
			}
		},
		{
			"from": [17.30056, 4.09999, 2.69292],
			"to": [18.30056, 11.59999, 7.79292],
			"rotation": {"angle": 22.5, "axis": "y", "origin": [9.80056, 9.73774, 6.58581]},
			"faces": {
				"north": {"uv": [2, 0, 1, 7.5], "texture": "#0"},
				"east": {"uv": [10.2, 0, 5.1, 7.5], "texture": "#0"},
				"south": {"uv": [2, 0, 1, 7.5], "texture": "#0"},
				"west": {"uv": [10.2, 0, 5.1, 7.5], "texture": "#0"},
				"up": {"uv": [5.1, 1, 10.2, 0], "rotation": 90, "texture": "#0"},
				"down": {"uv": [5.1, 1, 10.2, 0], "rotation": 270, "texture": "#0"}
			}
		},
		{
			"from": [17.11557, 3.59999, 2.89248],
			"to": [18.11557, 12.09999, 7.79248],
			"rotation": {"angle": 22.5, "axis": "y", "origin": [9.61557, 10.23774, 6.58537]},
			"faces": {
				"north": {"uv": [2, 0, 1, 8.5], "texture": "#0"},
				"east": {"uv": [9.8, 0, 4.9, 8.5], "texture": "#0"},
				"south": {"uv": [2, 0, 1, 8.5], "texture": "#0"},
				"west": {"uv": [9.8, 0, 4.9, 8.5], "texture": "#0"},
				"up": {"uv": [4.9, 1, 9.8, 0], "rotation": 90, "texture": "#0"},
				"down": {"uv": [4.9, 1, 9.8, 0], "rotation": 270, "texture": "#0"}
			}
		},
		{
			"from": [10.80001, 13.59999, -0.89172],
			"to": [15.20001, 14.09999, 0.10828],
			"rotation": {"angle": -22.5, "axis": "y", "origin": [12.04121, 12.23774, 0.57001]},
			"faces": {
				"north": {"uv": [8.8, 0, 4.4, 0.5], "texture": "#0"},
				"east": {"uv": [2, 0, 1, 0.5], "texture": "#0"},
				"south": {"uv": [8.8, 0, 4.4, 0.5], "texture": "#0"},
				"west": {"uv": [2, 0, 1, 0.5], "texture": "#0"},
				"up": {"uv": [4.4, 1, 0, 2], "texture": "#0"},
				"down": {"uv": [4.4, 1, 0, 2], "texture": "#0"}
			}
		},
		{
			"from": [14.86314, 1.69999, 0.55882],
			"to": [15.86314, 14.09999, 4.85882],
			"rotation": {"angle": 22.5, "axis": "y", "origin": [15.36314, 11.5855, 1.35882]},
			"faces": {
				"north": {"uv": [2, 0, 1, 12.4], "texture": "#0"},
				"east": {"uv": [8.6, 0, 4.3, 12.4], "texture": "#0"},
				"south": {"uv": [2, 0, 1, 12.4], "texture": "#0"},
				"west": {"uv": [8.6, 0, 4.3, 12.4], "texture": "#0"},
				"up": {"uv": [4.3, 1, 8.6, 0], "rotation": 90, "texture": "#0"},
				"down": {"uv": [4.3, 1, 8.6, 0], "rotation": 270, "texture": "#0"}
			}
		},
		{
			"from": [10.90001, 13.99999, -0.54178],
			"to": [14.90001, 14.49999, 0.45822],
			"rotation": {"angle": -22.5, "axis": "y", "origin": [11.91435, 15.88774, 0.77982]},
			"faces": {
				"north": {"uv": [8, 0, 4, 0.5], "texture": "#0"},
				"east": {"uv": [2, 0, 1, 0.5], "texture": "#0"},
				"south": {"uv": [8, 0, 4, 0.5], "texture": "#0"},
				"west": {"uv": [2, 0, 1, 0.5], "texture": "#0"},
				"up": {"uv": [4, 1, 0, 2], "texture": "#0"},
				"down": {"uv": [4, 1, 0, 2], "texture": "#0"}
			}
		},
		{
			"from": [11.00001, 14.40999, -0.14178],
			"to": [14.70001, 14.90999, 0.85822],
			"rotation": {"angle": -22.5, "axis": "y", "origin": [11.85821, 16.48774, 0.91892]},
			"faces": {
				"north": {"uv": [7.4, 0, 3.7, 0.5], "texture": "#0"},
				"east": {"uv": [2, 0, 1, 0.5], "texture": "#0"},
				"south": {"uv": [7.4, 0, 3.7, 0.5], "texture": "#0"},
				"west": {"uv": [2, 0, 1, 0.5], "texture": "#0"},
				"up": {"uv": [3.7, 1, 0, 2], "texture": "#0"},
				"down": {"uv": [3.7, 1, 0, 2], "texture": "#0"}
			}
		},
		{
			"from": [10.75001, 13.09999, -1.09178],
			"to": [15.35001, 13.59999, -0.09178],
			"rotation": {"angle": -22.5, "axis": "y", "origin": [12.07656, 11.73774, 0.39324]},
			"faces": {
				"north": {"uv": [9.2, 0, 4.6, 0.5], "texture": "#0"},
				"east": {"uv": [2, 0, 1, 0.5], "texture": "#0"},
				"south": {"uv": [9.2, 0, 4.6, 0.5], "texture": "#0"},
				"west": {"uv": [2, 0, 1, 0.5], "texture": "#0"},
				"up": {"uv": [4.6, 1, 0, 2], "texture": "#0"},
				"down": {"uv": [4.6, 1, 0, 2], "texture": "#0"}
			}
		},
		{
			"from": [10.40001, 12.59999, -1.34178],
			"to": [15.10001, 13.09999, 1.65822],
			"rotation": {"angle": -22.5, "axis": "y", "origin": [11.72923, 11.23774, 1.14034]},
			"faces": {
				"north": {"uv": [9.4, 0, 4.7, 0.5], "texture": "#0"},
				"east": {"uv": [4, 0, 1, 0.5], "texture": "#0"},
				"south": {"uv": [9.4, 0, 4.7, 0.5], "texture": "#0"},
				"west": {"uv": [4, 0, 1, 0.5], "texture": "#0"},
				"up": {"uv": [4.7, 1, 0, 4], "texture": "#0"},
				"down": {"uv": [4.7, 1, 0, 4], "texture": "#0"}
			}
		},
		{
			"from": [12.40001, 12.09999, -1.49178],
			"to": [15.25001, 12.59999, -0.49178],
			"rotation": {"angle": -22.5, "axis": "y", "origin": [11.76459, 10.73774, 0.96356]},
			"faces": {
				"north": {"uv": [7.7, 0, 4.85, 0.5], "texture": "#0"},
				"east": {"uv": [2, 0, 1, 0.5], "texture": "#0"},
				"south": {"uv": [7.7, 0, 4.85, 0.5], "texture": "#0"},
				"west": {"uv": [2, 0, 1, 0.5], "texture": "#0"},
				"up": {"uv": [2.85, 1, 0, 2], "texture": "#0"},
				"down": {"uv": [2.85, 1, 0, 2], "texture": "#0"}
			}
		},
		{
			"from": [12.65001, 11.59999, -1.64178],
			"to": [15.40001, 12.09999, -0.64178],
			"rotation": {"angle": -22.5, "axis": "y", "origin": [11.79994, 10.23774, 0.78679]},
			"faces": {
				"north": {"uv": [7.75, 0, 5, 0.5], "texture": "#0"},
				"east": {"uv": [2, 0, 1, 0.5], "texture": "#0"},
				"south": {"uv": [7.75, 0, 5, 0.5], "texture": "#0"},
				"west": {"uv": [2, 0, 1, 0.5], "texture": "#0"},
				"up": {"uv": [2.75, 1, 0, 2], "texture": "#0"},
				"down": {"uv": [2.75, 1, 0, 2], "texture": "#0"}
			}
		},
		{
			"from": [13.27001, 10.59999, -2.04178],
			"to": [15.62001, 11.09999, -1.04178],
			"rotation": {"angle": -22.5, "axis": "y", "origin": [11.87065, 9.23774, 0.43323]},
			"faces": {
				"north": {"uv": [7.7, 0, 5.35, 0.5], "texture": "#0"},
				"east": {"uv": [2, 0, 1, 0.5], "texture": "#0"},
				"south": {"uv": [7.7, 0, 5.35, 0.5], "texture": "#0"},
				"west": {"uv": [2, 0, 1, 0.5], "texture": "#0"},
				"up": {"uv": [2.35, 1, 0, 2], "texture": "#0"},
				"down": {"uv": [2.35, 1, 0, 2], "texture": "#0"}
			}
		},
		{
			"from": [12.90001, 11.09999, -1.85351],
			"to": [15.50001, 11.59999, -0.85351],
			"rotation": {"angle": -22.5, "axis": "y", "origin": [11.8353, 9.73774, 0.61001]},
			"faces": {
				"north": {"uv": [7.7, 0, 5.1, 0.5], "texture": "#0"},
				"east": {"uv": [1.96173, 0, 0.96173, 0.5], "texture": "#0"},
				"south": {"uv": [7.7, 0, 5.1, 0.5], "texture": "#0"},
				"west": {"uv": [1.96173, 0, 0.96173, 0.5], "texture": "#0"},
				"up": {"uv": [2.6, 0.96173, 0, 1.96173], "texture": "#0"},
				"down": {"uv": [2.6, 0.96173, 0, 1.96173], "texture": "#0"}
			}
		},
		{
			"from": [13.67001, 10.09999, -2.24178],
			"to": [15.77001, 10.59999, -1.24178],
			"rotation": {"angle": -22.5, "axis": "y", "origin": [11.90601, 8.73774, 0.25646]},
			"faces": {
				"north": {"uv": [7.45, 0, 5.35, 0.5], "texture": "#0"},
				"east": {"uv": [2, 0, 1, 0.5], "texture": "#0"},
				"south": {"uv": [7.45, 0, 5.35, 0.5], "texture": "#0"},
				"west": {"uv": [2, 0, 1, 0.5], "texture": "#0"},
				"up": {"uv": [2.1, 1, 0, 2], "texture": "#0"},
				"down": {"uv": [2.1, 1, 0, 2], "texture": "#0"}
			}
		},
		{
			"from": [14.54225, 5.38999, -1.50715],
			"to": [16.54225, 10.38999, -0.50715],
			"rotation": {"angle": -22.5, "axis": "y", "origin": [14.54225, 4.88999, -1.00715]},
			"faces": {
				"north": {"uv": [7.5, 0, 5.5, 5], "texture": "#0"},
				"east": {"uv": [2, 0, 1, 5], "texture": "#0"},
				"south": {"uv": [7.5, 0, 5.5, 5], "texture": "#0"},
				"west": {"uv": [2, 0, 1, 5], "texture": "#0"},
				"up": {"uv": [2, 1, 0, 2], "texture": "#0"},
				"down": {"uv": [2, 1, 0, 2], "texture": "#0"}
			}
		},
		{
			"from": [17.66435, 5.09999, 2.36453],
			"to": [18.66435, 10.59999, 7.71453],
			"rotation": {"angle": 22.5, "axis": "y", "origin": [10.16435, 8.73774, 6.50742]},
			"faces": {
				"north": {"uv": [2, 0, 1, 5.5], "texture": "#0"},
				"east": {"uv": [10.7, 0, 5.35, 5.5], "texture": "#0"},
				"south": {"uv": [2, 0, 1, 5.5], "texture": "#0"},
				"west": {"uv": [10.7, 0, 5.35, 5.5], "texture": "#0"},
				"up": {"uv": [5.35, 1, 10.7, 0], "rotation": 90, "texture": "#0"},
				"down": {"uv": [5.35, 1, 10.7, 0], "rotation": 270, "texture": "#0"}
			}
		},
		{
			"from": [17.15163, 5.38999, -0.81537],
			"to": [18.15163, 10.38999, 4.68463],
			"rotation": {"angle": 22.5, "axis": "y", "origin": [17.65163, 4.88999, 3.18463]},
			"faces": {
				"north": {"uv": [2, 0, 1, 5], "texture": "#0"},
				"east": {"uv": [11, 0, 5.5, 5], "texture": "#0"},
				"south": {"uv": [2, 0, 1, 5], "texture": "#0"},
				"west": {"uv": [11, 0, 5.5, 5], "texture": "#0"},
				"up": {"uv": [5.5, 1, 11, 0], "rotation": 90, "texture": "#0"},
				"down": {"uv": [5.5, 1, 11, 0], "rotation": 270, "texture": "#0"}
			}
		},
		{
			"from": [13.67748, 5.09999, -2.22338],
			"to": [15.67748, 5.59999, -1.22338],
			"rotation": {"angle": -22.5, "axis": "y", "origin": [11.906, 8.73775, 0.49824]},
			"faces": {
				"north": {"uv": [7.35, 0, 5.35, 0.5], "texture": "#0"},
				"east": {"uv": [2, 0, 1, 0.5], "texture": "#0"},
				"south": {"uv": [7.35, 0, 5.35, 0.5], "texture": "#0"},
				"west": {"uv": [2, 0, 1, 0.5], "texture": "#0"},
				"up": {"uv": [2, 1, 0, 2], "texture": "#0"},
				"down": {"uv": [2, 1, 0, 2], "texture": "#0"}
			}
		},
		{
			"from": [13.10748, 3.59999, -1.62338],
			"to": [15.30748, 4.09999, -0.62338],
			"rotation": {"angle": -22.5, "axis": "y", "origin": [11.79993, 10.23775, 1.02857]},
			"faces": {
				"north": {"uv": [7.2, 0, 5, 0.5], "texture": "#0"},
				"east": {"uv": [2, 0, 1, 0.5], "texture": "#0"},
				"south": {"uv": [7.2, 0, 5, 0.5], "texture": "#0"},
				"west": {"uv": [2, 0, 1, 0.5], "texture": "#0"},
				"up": {"uv": [2.2, 1, 0, 2], "texture": "#0"},
				"down": {"uv": [2.2, 1, 0, 2], "texture": "#0"}
			}
		},
		{
			"from": [13.30748, 4.09999, -1.83511],
			"to": [15.40748, 4.59999, -0.83511],
			"rotation": {"angle": -22.5, "axis": "y", "origin": [11.83529, 9.73775, 0.85179]},
			"faces": {
				"north": {"uv": [7.2, 0, 5.1, 0.5], "texture": "#0"},
				"east": {"uv": [2, 0, 1, 0.5], "texture": "#0"},
				"south": {"uv": [7.2, 0, 5.1, 0.5], "texture": "#0"},
				"west": {"uv": [2, 0, 1, 0.5], "texture": "#0"},
				"up": {"uv": [2.1, 1, 0, 2], "texture": "#0"},
				"down": {"uv": [2.1, 1, 0, 2], "texture": "#0"}
			}
		},
		{
			"from": [13.52748, 4.59999, -2.02338],
			"to": [15.52748, 5.09999, -1.02338],
			"rotation": {"angle": -22.5, "axis": "y", "origin": [11.87064, 9.23775, 0.67501]},
			"faces": {
				"north": {"uv": [7.35, 0, 5.35, 0.5], "texture": "#0"},
				"east": {"uv": [2, 0, 1, 0.5], "texture": "#0"},
				"south": {"uv": [7.35, 0, 5.35, 0.5], "texture": "#0"},
				"west": {"uv": [2, 0, 1, 0.5], "texture": "#0"},
				"up": {"uv": [2, 1, 0, 2], "texture": "#0"},
				"down": {"uv": [2, 1, 0, 2], "texture": "#0"}
			}
		},
		{
			"from": [12.95748, 3.09999, -1.47338],
			"to": [15.15748, 3.59999, -0.47338],
			"rotation": {"angle": -22.5, "axis": "y", "origin": [11.76458, 10.73775, 1.20534]},
			"faces": {
				"north": {"uv": [7.05, 0, 4.85, 0.5], "texture": "#0"},
				"east": {"uv": [2, 0, 1, 0.5], "texture": "#0"},
				"south": {"uv": [7.05, 0, 4.85, 0.5], "texture": "#0"},
				"west": {"uv": [2, 0, 1, 0.5], "texture": "#0"},
				"up": {"uv": [2.2, 1, 0, 2], "texture": "#0"},
				"down": {"uv": [2.2, 1, 0, 2], "texture": "#0"}
			}
		},
		{
			"from": [12.80748, 2.69999, -1.32338],
			"to": [15.00748, 3.19999, -0.32338],
			"rotation": {"angle": -22.5, "axis": "y", "origin": [11.72922, 11.23775, 1.38212]},
			"faces": {
				"north": {"uv": [6.9, 0, 4.7, 0.5], "texture": "#0"},
				"east": {"uv": [2, 0, 1, 0.5], "texture": "#0"},
				"south": {"uv": [6.9, 0, 4.7, 0.5], "texture": "#0"},
				"west": {"uv": [2, 0, 1, 0.5], "texture": "#0"},
				"up": {"uv": [2.2, 1, 0, 2], "texture": "#0"},
				"down": {"uv": [2.2, 1, 0, 2], "texture": "#0"}
			}
		},
		{
			"from": [12.25748, 2.29999, -1.07338],
			"to": [15.25748, 2.79999, -0.07338],
			"rotation": {"angle": -22.5, "axis": "y", "origin": [12.07655, 11.73775, 0.63502]},
			"faces": {
				"north": {"uv": [7.6, 0, 4.6, 0.5], "texture": "#0"},
				"east": {"uv": [2, 0, 1, 0.5], "texture": "#0"},
				"south": {"uv": [7.6, 0, 4.6, 0.5], "texture": "#0"},
				"west": {"uv": [2, 0, 1, 0.5], "texture": "#0"},
				"up": {"uv": [3, 1, 0, 2], "texture": "#0"},
				"down": {"uv": [3, 1, 0, 2], "texture": "#0"}
			}
		},
		{
			"from": [10.90001, 1.69999, -0.89172],
			"to": [15.20001, 2.44999, 0.10828],
			"rotation": {"angle": -22.5, "axis": "y", "origin": [12.04121, 12.23774, 0.57001]},
			"faces": {
				"north": {"uv": [8.7, 0, 4.4, 0.75], "texture": "#0"},
				"east": {"uv": [2, 0, 1, 0.75], "texture": "#0"},
				"south": {"uv": [8.7, 0, 4.4, 0.75], "texture": "#0"},
				"west": {"uv": [2, 0, 1, 0.75], "texture": "#0"},
				"up": {"uv": [4.3, 1, 0, 2], "texture": "#0"},
				"down": {"uv": [4.3, 1, 0, 2], "texture": "#0"}
			}
		},
		{
			"from": [10.90001, 0.69999, -0.54178],
			"to": [14.90001, 1.69999, 0.45822],
			"rotation": {"angle": -22.5, "axis": "y", "origin": [11.91435, 15.88774, 0.77982]},
			"faces": {
				"north": {"uv": [8, 0, 4, 1], "texture": "#0"},
				"east": {"uv": [2, 0, 1, 1], "texture": "#0"},
				"south": {"uv": [8, 0, 4, 1], "texture": "#0"},
				"west": {"uv": [2, 0, 1, 1], "texture": "#0"},
				"up": {"uv": [4, 1, 0, 2], "texture": "#0"},
				"down": {"uv": [4, 1, 0, 2], "texture": "#0"}
			}
		},
		{
			"from": [11.00001, -0.08001, 0.30822],
			"to": [14.40001, 0.41999, 4.30822],
			"rotation": {"angle": -22.5, "axis": "y", "origin": [11.76961, 17.08774, 1.22113]},
			"faces": {
				"north": {"uv": [6.8, 0, 3.4, 0.5], "texture": "#0"},
				"east": {"uv": [8, 0, 4, 0.5], "texture": "#0"},
				"south": {"uv": [6.8, 0, 3.4, 0.5], "texture": "#0"},
				"west": {"uv": [8, 0, 4, 0.5], "texture": "#0"},
				"up": {"uv": [3.4, 4, 0, 8], "texture": "#0"},
				"down": {"uv": [3.4, 4, 0, 8], "texture": "#0"}
			}
		},
		{
			"from": [11.00001, 0.15999, -0.14178],
			"to": [14.70001, 0.75999, 0.85822],
			"rotation": {"angle": -22.5, "axis": "y", "origin": [11.85821, 16.48774, 0.91892]},
			"faces": {
				"north": {"uv": [7.4, 0, 3.7, 0.6], "texture": "#0"},
				"east": {"uv": [2, 0, 1, 0.6], "texture": "#0"},
				"south": {"uv": [7.4, 0, 3.7, 0.6], "texture": "#0"},
				"west": {"uv": [2, 0, 1, 0.6], "texture": "#0"},
				"up": {"uv": [3.7, 1, 0, 2], "texture": "#0"},
				"down": {"uv": [3.7, 1, 0, 2], "texture": "#0"}
			}
		},
		{
			"from": [10.8, 1.7, 15.64994],
			"to": [15.2, 14.1, 16.64994],
			"rotation": {"angle": 22.5, "axis": "y", "origin": [12.0412, 12.23775, 15.18821]},
			"faces": {
				"north": {"uv": [4.4, 0, 0, 12.4], "texture": "#0"},
				"east": {"uv": [1, 0, 0, 12.4], "texture": "#0"},
				"south": {"uv": [4.4, 0, 0, 12.4], "texture": "#0"},
				"west": {"uv": [1, 0, 0, 12.4], "texture": "#0"},
				"up": {"uv": [4.4, 0, 0, 1], "texture": "#0"},
				"down": {"uv": [4.4, 0, 0, 1], "texture": "#0"}
			}
		},
		{
			"from": [9.6, 16.2, 10.5],
			"to": [13.8, 16.7, 13],
			"rotation": {"angle": 45, "axis": "y", "origin": [12.20711, 16.41394, 11.37911]},
			"faces": {
				"north": {"uv": [4.2, 0, 0, 0.5], "rotation": 180, "texture": "#0"},
				"east": {"uv": [0, 2.5, 0.5, 0], "rotation": 270, "texture": "#0"},
				"south": {"uv": [4.2, 0, 0, 0.5], "texture": "#0"},
				"west": {"uv": [0, 2.5, 0.5, 0], "rotation": 90, "texture": "#0"},
				"up": {"uv": [4.2, 0, 0, 2.5], "texture": "#0"},
				"down": {"uv": [4.2, 0, 0, 2.5], "rotation": 180, "texture": "#0"}
			}
		},
		{
			"from": [11.2435, 15.8, 12.95],
			"to": [13.9435, 16.3, 14.45],
			"rotation": {"angle": 22.5, "axis": "y", "origin": [11.98639, 17.88775, 14.26648]},
			"faces": {
				"north": {"uv": [2.7, 0, 0, 0.5], "texture": "#0"},
				"east": {"uv": [1.5, 0, 0, 0.5], "texture": "#0"},
				"south": {"uv": [2.7, 0, 0, 0.5], "texture": "#0"},
				"west": {"uv": [1.5, 0, 0, 0.5], "texture": "#0"},
				"up": {"uv": [0, 0, 1, 1], "texture": "#0"},
				"down": {"uv": [2.7, 0, 0, 1.5], "texture": "#0"}
			}
		},
		{
			"from": [12.15469, 15.8, 11.34312],
			"to": [13.65469, 16.3, 14.04312],
			"rotation": {"angle": -22.5, "axis": "y", "origin": [14.65469, 17.23551, 14.39312]},
			"faces": {
				"north": {"uv": [1.5, 0, 0, 0.5], "texture": "#0"},
				"east": {"uv": [2.7, 0, 0, 0.5], "texture": "#0"},
				"south": {"uv": [1.5, 0, 0, 0.5], "texture": "#0"},
				"west": {"uv": [2.7, 0, 0, 0.5], "texture": "#0"},
				"up": {"uv": [0, 0, 1, 1], "rotation": 90, "texture": "#0"},
				"down": {"uv": [0, 1.5, 2.7, 0], "rotation": 270, "texture": "#0"}
			}
		},
		{
			"from": [13.10768, 15.3, 11.60648],
			"to": [14.10768, 15.8, 14.50648],
			"rotation": {"angle": -22.5, "axis": "y", "origin": [15.20768, 16.73551, 14.60648]},
			"faces": {
				"north": {"uv": [1, 0, 0, 0.5], "texture": "#0"},
				"east": {"uv": [2.9, 0, 0, 0.5], "texture": "#0"},
				"south": {"uv": [1, 0, 0, 0.5], "texture": "#0"},
				"west": {"uv": [2.9, 0, 0, 0.5], "texture": "#0"},
				"up": {"uv": [0, 1, 2.9, 0], "rotation": 90, "texture": "#0"},
				"down": {"uv": [0, 1, 2.9, 0], "rotation": 270, "texture": "#0"}
			}
		},
		{
			"from": [10.65093, -0.18, 11.06209],
			"to": [14.65093, 15.32, 14.46209],
			"rotation": {"angle": -22.5, "axis": "y", "origin": [14.82171, 16.43551, 14.16209]},
			"faces": {
				"north": {"uv": [4, 0, 0, 15.5], "texture": "#0"},
				"east": {"uv": [3.4, 0, 0, 15.5], "texture": "#0"},
				"south": {"uv": [4, 0, 0, 15.5], "texture": "#0"},
				"west": {"uv": [3.4, 0, 0, 15.5], "texture": "#0"},
				"up": {"uv": [0, 4, 3.4, 0], "rotation": 90, "texture": "#0"},
				"down": {"uv": [0, 4, 3.4, 0], "rotation": 270, "texture": "#0"}
			}
		},
		{
			"from": [14.1447, 0.16, 11.04923],
			"to": [15.1447, 14.91, 14.74923],
			"rotation": {"angle": -22.5, "axis": "y", "origin": [15.06108, 16.03551, 14.09923]},
			"faces": {
				"north": {"uv": [1, 0, 0, 14.75], "texture": "#0"},
				"east": {"uv": [3.7, 0, 0, 14.75], "texture": "#0"},
				"south": {"uv": [1, 0, 0, 14.75], "texture": "#0"},
				"west": {"uv": [3.7, 0, 0, 14.75], "texture": "#0"},
				"up": {"uv": [0, 1, 3.7, 0], "rotation": 90, "texture": "#0"},
				"down": {"uv": [0, 1, 3.7, 0], "rotation": 270, "texture": "#0"}
			}
		},
		{
			"from": [16.50015, 2.3, 8.3648],
			"to": [17.50015, 13.6, 12.8648],
			"rotation": {"angle": -22.5, "axis": "y", "origin": [10.00015, 11.73775, 9.57191]},
			"faces": {
				"north": {"uv": [1, 0, 0, 11.3], "texture": "#0"},
				"east": {"uv": [4.5, 0, 0, 11.3], "texture": "#0"},
				"south": {"uv": [1, 0, 0, 11.3], "texture": "#0"},
				"west": {"uv": [4.5, 0, 0, 11.3], "texture": "#0"},
				"up": {"uv": [0, 1, 4.5, 0], "rotation": 90, "texture": "#0"},
				"down": {"uv": [0, 1, 4.5, 0], "rotation": 270, "texture": "#0"}
			}
		},
		{
			"from": [11.45, 15.3, 13.95],
			"to": [14.35, 15.8, 14.95],
			"rotation": {"angle": 22.5, "axis": "y", "origin": [12.13596, 17.38775, 14.82402]},
			"faces": {
				"north": {"uv": [2.9, 0, 0, 0.5], "texture": "#0"},
				"east": {"uv": [1, 0, 0, 0.5], "texture": "#0"},
				"south": {"uv": [2.9, 0, 0, 0.5], "texture": "#0"},
				"west": {"uv": [1, 0, 0, 0.5], "texture": "#0"},
				"up": {"uv": [2.9, 0, 0, 1], "texture": "#0"},
				"down": {"uv": [2.9, 0, 0, 1], "texture": "#0"}
			}
		},
		{
			"from": [10.27, 4.6, 16.8],
			"to": [15.62, 11.1, 17.8],
			"rotation": {"angle": 22.5, "axis": "y", "origin": [11.87064, 9.23775, 15.32499]},
			"faces": {
				"north": {"uv": [5.35, 0, 0, 6.5], "texture": "#0"},
				"east": {"uv": [1, 0, 0, 6.5], "texture": "#0"},
				"south": {"uv": [5.35, 0, 0, 6.5], "texture": "#0"},
				"west": {"uv": [1, 0, 0, 6.5], "texture": "#0"},
				"up": {"uv": [5.35, 0, 0, 1], "texture": "#0"},
				"down": {"uv": [5.35, 0, 0, 1], "texture": "#0"}
			}
		},
		{
			"from": [14.86314, 1.7, 10.89941],
			"to": [15.86314, 14.1, 15.19941],
			"rotation": {"angle": -22.5, "axis": "y", "origin": [15.36314, 11.58551, 14.39941]},
			"faces": {
				"north": {"uv": [1, 0, 0, 12.4], "texture": "#0"},
				"east": {"uv": [4.3, 0, 0, 12.4], "texture": "#0"},
				"south": {"uv": [1, 0, 0, 12.4], "texture": "#0"},
				"west": {"uv": [4.3, 0, 0, 12.4], "texture": "#0"},
				"up": {"uv": [0, 1, 4.3, 0], "rotation": 90, "texture": "#0"},
				"down": {"uv": [0, 1, 4.3, 0], "rotation": 270, "texture": "#0"}
			}
		},
		{
			"from": [14.47209, 0.7, 10.98077],
			"to": [15.47209, 14.5, 14.98077],
			"rotation": {"angle": -22.5, "axis": "y", "origin": [15.13408, 15.23551, 14.28077]},
			"faces": {
				"north": {"uv": [1, 0, 0, 13.8], "texture": "#0"},
				"east": {"uv": [4, 0, 0, 13.8], "texture": "#0"},
				"south": {"uv": [1, 0, 0, 13.8], "texture": "#0"},
				"west": {"uv": [4, 0, 0, 13.8], "texture": "#0"},
				"up": {"uv": [0, 1, 4, 0], "rotation": 90, "texture": "#0"},
				"down": {"uv": [0, 1, 4, 0], "rotation": 270, "texture": "#0"}
			}
		},
		{
			"from": [11, 0.16, 14.9],
			"to": [14.7, 14.91, 15.9],
			"rotation": {"angle": 22.5, "axis": "y", "origin": [11.8582, 16.48775, 14.8393]},
			"faces": {
				"north": {"uv": [3.7, 0, 0, 14.75], "texture": "#0"},
				"east": {"uv": [1, 0, 0, 14.75], "texture": "#0"},
				"south": {"uv": [3.7, 0, 0, 14.75], "texture": "#0"},
				"west": {"uv": [1, 0, 0, 14.75], "texture": "#0"},
				"up": {"uv": [3.7, 0, 0, 1], "texture": "#0"},
				"down": {"uv": [3.7, 0, 0, 1], "texture": "#0"}
			}
		},
		{
			"from": [11, -0.08, 11.45],
			"to": [14.4, 15.32, 15.45],
			"rotation": {"angle": 22.5, "axis": "y", "origin": [11.76961, 17.08775, 14.53709]},
			"faces": {
				"north": {"uv": [3.4, 0, 0, 15.4], "texture": "#0"},
				"east": {"uv": [4, 0, 0, 15.4], "texture": "#0"},
				"south": {"uv": [3.4, 0, 0, 15.4], "texture": "#0"},
				"west": {"uv": [4, 0, 0, 15.4], "texture": "#0"},
				"up": {"uv": [3.4, 0, 0, 4], "texture": "#0"},
				"down": {"uv": [3.4, 0, 0, 4], "texture": "#0"}
			}
		},
		{
			"from": [10.9, 0.7, 15.3],
			"to": [14.9, 14.5, 16.3],
			"rotation": {"angle": 22.5, "axis": "y", "origin": [11.91434, 15.88775, 14.9784]},
			"faces": {
				"north": {"uv": [4, 0, 0, 13.8], "texture": "#0"},
				"east": {"uv": [1, 0, 0, 13.8], "texture": "#0"},
				"south": {"uv": [4, 0, 0, 13.8], "texture": "#0"},
				"west": {"uv": [1, 0, 0, 13.8], "texture": "#0"},
				"up": {"uv": [4, 0, 0, 1], "texture": "#0"},
				"down": {"uv": [4, 0, 0, 1], "texture": "#0"}
			}
		},
		{
			"from": [10.4, 3.6, 16.4],
			"to": [15.4, 12.1, 17.4],
			"rotation": {"angle": 22.5, "axis": "y", "origin": [11.79993, 10.23775, 14.97143]},
			"faces": {
				"north": {"uv": [5, 0, 0, 8.5], "texture": "#0"},
				"east": {"uv": [1, 0, 0, 8.5], "texture": "#0"},
				"south": {"uv": [5, 0, 0, 8.5], "texture": "#0"},
				"west": {"uv": [1, 0, 0, 8.5], "texture": "#0"},
				"up": {"uv": [5, 0, 0, 1], "texture": "#0"},
				"down": {"uv": [5, 0, 0, 1], "texture": "#0"}
			}
		},
		{
			"from": [10.4, 3.1, 16.25],
			"to": [15.25, 12.6, 17.25],
			"rotation": {"angle": 22.5, "axis": "y", "origin": [11.76458, 10.73775, 14.79466]},
			"faces": {
				"north": {"uv": [4.85, 0, 0, 9.5], "texture": "#0"},
				"east": {"uv": [1, 0, 0, 9.5], "texture": "#0"},
				"south": {"uv": [4.85, 0, 0, 9.5], "texture": "#0"},
				"west": {"uv": [1, 0, 0, 9.5], "texture": "#0"},
				"up": {"uv": [4.85, 0, 0, 1], "texture": "#0"},
				"down": {"uv": [4.85, 0, 0, 1], "texture": "#0"}
			}
		},
		{
			"from": [10.75, 2.3, 15.85],
			"to": [15.35, 13.6, 16.85],
			"rotation": {"angle": 22.5, "axis": "y", "origin": [12.07655, 11.73775, 15.36498]},
			"faces": {
				"north": {"uv": [4.6, 0, 0, 11.3], "texture": "#0"},
				"east": {"uv": [1, 0, 0, 11.3], "texture": "#0"},
				"south": {"uv": [4.6, 0, 0, 11.3], "texture": "#0"},
				"west": {"uv": [1, 0, 0, 11.3], "texture": "#0"},
				"up": {"uv": [4.6, 0, 0, 1], "texture": "#0"},
				"down": {"uv": [4.6, 0, 0, 1], "texture": "#0"}
			}
		},
		{
			"from": [10.4, 2.7, 16.1],
			"to": [15.1, 13.1, 17.1],
			"rotation": {"angle": 22.5, "axis": "y", "origin": [11.72922, 11.23775, 14.61788]},
			"faces": {
				"north": {"uv": [4.7, 0, 0, 10.4], "texture": "#0"},
				"east": {"uv": [1, 0, 0, 10.4], "texture": "#0"},
				"south": {"uv": [4.7, 0, 0, 10.4], "texture": "#0"},
				"west": {"uv": [1, 0, 0, 10.4], "texture": "#0"},
				"up": {"uv": [4.7, 0, 0, 1], "texture": "#0"},
				"down": {"uv": [4.7, 0, 0, 1], "texture": "#0"}
			}
		},
		{
			"from": [16.96541, 3.1, 8.05378],
			"to": [17.96541, 12.6, 12.75378],
			"rotation": {"angle": -22.5, "axis": "y", "origin": [9.46541, 10.73775, 9.11088]},
			"faces": {
				"north": {"uv": [1, 0, 0, 9.5], "texture": "#0"},
				"east": {"uv": [4.7, 0, 0, 9.5], "texture": "#0"},
				"south": {"uv": [1, 0, 0, 9.5], "texture": "#0"},
				"west": {"uv": [4.7, 0, 0, 9.5], "texture": "#0"},
				"up": {"uv": [0, 1, 4.7, 0], "rotation": 90, "texture": "#0"},
				"down": {"uv": [0, 1, 4.7, 0], "rotation": 270, "texture": "#0"}
			}
		},
		{
			"from": [17.11557, 3.6, 7.96574],
			"to": [18.11557, 12.1, 12.86574],
			"rotation": {"angle": -22.5, "axis": "y", "origin": [9.61557, 10.23775, 9.17285]},
			"faces": {
				"north": {"uv": [1, 0, 0, 8.5], "texture": "#0"},
				"east": {"uv": [4.9, 0, 0, 8.5], "texture": "#0"},
				"south": {"uv": [1, 0, 0, 8.5], "texture": "#0"},
				"west": {"uv": [4.9, 0, 0, 8.5], "texture": "#0"},
				"up": {"uv": [0, 1, 4.9, 0], "rotation": 90, "texture": "#0"},
				"down": {"uv": [0, 1, 4.9, 0], "rotation": 270, "texture": "#0"}
			}
		},
		{
			"from": [17.47592, 4.6, 7.98172],
			"to": [18.47592, 11.1, 13.23172],
			"rotation": {"angle": -22.5, "axis": "y", "origin": [9.97592, 9.23775, 9.18882]},
			"faces": {
				"north": {"uv": [1, 0, 0, 6.5], "texture": "#0"},
				"east": {"uv": [5.25, 0, 0, 6.5], "texture": "#0"},
				"south": {"uv": [1, 0, 0, 6.5], "texture": "#0"},
				"west": {"uv": [5.25, 0, 0, 6.5], "texture": "#0"},
				"up": {"uv": [0, 1, 5.25, 0], "rotation": 90, "texture": "#0"},
				"down": {"uv": [0, 1, 5.25, 0], "rotation": 270, "texture": "#0"}
			}
		},
		{
			"from": [17.15162, 5.39, 11.07359],
			"to": [18.15162, 10.39, 16.57359],
			"rotation": {"angle": -22.5, "axis": "y", "origin": [17.65162, 4.89, 12.57359]},
			"faces": {
				"north": {"uv": [1, 0, 0, 5], "texture": "#0"},
				"east": {"uv": [5.5, 0, 0, 5], "texture": "#0"},
				"south": {"uv": [1, 0, 0, 5], "texture": "#0"},
				"west": {"uv": [5.5, 0, 0, 5], "texture": "#0"},
				"up": {"uv": [0, 1, 5.5, 0], "rotation": 90, "texture": "#0"},
				"down": {"uv": [0, 1, 5.5, 0], "rotation": 270, "texture": "#0"}
			}
		},
		{
			"from": [17.66434, 5.1, 8.04369],
			"to": [18.66434, 10.6, 13.39369],
			"rotation": {"angle": -22.5, "axis": "y", "origin": [10.16434, 8.73775, 9.2508]},
			"faces": {
				"north": {"uv": [1, 0, 0, 5.5], "texture": "#0"},
				"east": {"uv": [5.35, 0, 0, 5.5], "texture": "#0"},
				"south": {"uv": [1, 0, 0, 5.5], "texture": "#0"},
				"west": {"uv": [5.35, 0, 0, 5.5], "texture": "#0"},
				"up": {"uv": [0, 1, 5.35, 0], "rotation": 90, "texture": "#0"},
				"down": {"uv": [0, 1, 5.35, 0], "rotation": 270, "texture": "#0"}
			}
		},
		{
			"from": [17.30056, 4.1, 7.9653],
			"to": [18.30056, 11.6, 13.0653],
			"rotation": {"angle": -22.5, "axis": "y", "origin": [9.80056, 9.73775, 9.17241]},
			"faces": {
				"north": {"uv": [1, 0, 0, 7.5], "texture": "#0"},
				"east": {"uv": [5.1, 0, 0, 7.5], "texture": "#0"},
				"south": {"uv": [1, 0, 0, 7.5], "texture": "#0"},
				"west": {"uv": [5.1, 0, 0, 7.5], "texture": "#0"},
				"up": {"uv": [0, 1, 5.1, 0], "rotation": 90, "texture": "#0"},
				"down": {"uv": [0, 1, 5.1, 0], "rotation": 270, "texture": "#0"}
			}
		},
		{
			"from": [16.77698, 2.7, 7.98419],
			"to": [17.77698, 13.1, 12.63419],
			"rotation": {"angle": -22.5, "axis": "y", "origin": [9.27698, 11.23775, 9.1413]},
			"faces": {
				"north": {"uv": [1, 0, 0, 10.4], "texture": "#0"},
				"east": {"uv": [4.65, 0, 0, 10.4], "texture": "#0"},
				"south": {"uv": [1, 0, 0, 10.4], "texture": "#0"},
				"west": {"uv": [4.65, 0, 0, 10.4], "texture": "#0"},
				"up": {"uv": [0, 1, 4.65, 0], "rotation": 90, "texture": "#0"},
				"down": {"uv": [0, 1, 4.65, 0], "rotation": 270, "texture": "#0"}
			}
		},
		{
			"from": [10.4, 4.1, 16.61173],
			"to": [15.5, 11.6, 17.61173],
			"rotation": {"angle": 22.5, "axis": "y", "origin": [11.83529, 9.73775, 15.14821]},
			"faces": {
				"north": {"uv": [5.1, 0, 10.2, 7.5], "texture": "#0"},
				"east": {"uv": [0.96173, 0, 1.96173, 7.5], "texture": "#0"},
				"south": {"uv": [5.1, 0, 10.2, 7.5], "texture": "#0"},
				"west": {"uv": [0.96173, 0, 1.96173, 7.5], "texture": "#0"},
				"up": {"uv": [5.1, 0, 10.2, 1], "texture": "#0"},
				"down": {"uv": [5.1, 0, 10.2, 1], "texture": "#0"}
			}
		},
		{
			"from": [10.42, 5.1, 17],
			"to": [15.77, 10.6, 18],
			"rotation": {"angle": 22.5, "axis": "y", "origin": [11.906, 8.73775, 15.50176]},
			"faces": {
				"north": {"uv": [5.35, 0, 0, 5.5], "texture": "#0"},
				"east": {"uv": [1, 0, 0, 5.5], "texture": "#0"},
				"south": {"uv": [5.35, 0, 0, 5.5], "texture": "#0"},
				"west": {"uv": [1, 0, 0, 5.5], "texture": "#0"},
				"up": {"uv": [5.35, 0, 0, 1], "texture": "#0"},
				"down": {"uv": [5.35, 0, 0, 1], "texture": "#0"}
			}
		},
		{
			"from": [11.04224, 5.39, 16.26537],
			"to": [16.54224, 10.39, 17.26537],
			"rotation": {"angle": 22.5, "axis": "y", "origin": [14.54224, 4.89, 16.76537]},
			"faces": {
				"north": {"uv": [5.5, 0, 0, 5], "texture": "#0"},
				"east": {"uv": [1, 0, 0, 5], "texture": "#0"},
				"south": {"uv": [5.5, 0, 0, 5], "texture": "#0"},
				"west": {"uv": [1, 0, 0, 5], "texture": "#0"},
				"up": {"uv": [5.5, 0, 0, 1], "texture": "#0"},
				"down": {"uv": [5.5, 0, 0, 1], "texture": "#0"}
			}
		},
		{
			"from": [10.42873, 12.59999, -1.32139],
			"to": [13.02873, 13.09999, 0.67861],
			"rotation": {"angle": -22.5, "axis": "y", "origin": [11.72923, 11.23774, 1.14034]},
			"faces": {
				"north": {"uv": [5.2, 0, 2.6, 0.5], "texture": "#0"},
				"east": {"uv": [3, 0, 1, 0.5], "texture": "#0"},
				"south": {"uv": [5.2, 0, 2.6, 0.5], "texture": "#0"},
				"west": {"uv": [3, 0, 1, 0.5], "texture": "#0"},
				"up": {"uv": [2.6, 1, 0, 3], "texture": "#0"},
				"down": {"uv": [2.6, 1, 0, 3], "texture": "#0"}
			}
		},
		{
			"from": [5.36605, 15.37798, 4.37911],
			"to": [8.36605, 16.37798, 10.37911],
			"rotation": {"angle": -22.5, "axis": "z", "origin": [6.86605, 15.87798, 7.87911]},
			"faces": {
				"north": {"uv": [0, 0, 1, 3], "rotation": 270, "texture": "#0"},
				"east": {"uv": [0, 0, 6, 1], "rotation": 180, "texture": "#0"},
				"south": {"uv": [0, 0, 1, 3], "rotation": 90, "texture": "#0"},
				"west": {"uv": [0, 0, 6, 1], "texture": "#0"},
				"up": {"uv": [0, 0, 6, 3], "rotation": 90, "texture": "#0"},
				"down": {"uv": [0, 0, 6, 3], "rotation": 90, "texture": "#0"}
			}
		},
		{
			"from": [7.5, 15, 7.5],
			"to": [8.5, 19, 8.5],
			"rotation": {"angle": -22.5, "axis": "x", "origin": [8, 16.5, 8]},
			"faces": {
				"north": {"uv": [0, 0, 16, 16], "texture": "#1"},
				"east": {"uv": [0, 0, 16, 16], "texture": "#1"},
				"south": {"uv": [0, 0, 16, 16], "texture": "#1"},
				"west": {"uv": [0, 0, 16, 16], "texture": "#1"},
				"up": {"uv": [0, 0, 16, 16], "texture": "#1"},
				"down": {"uv": [0, 0, 16, 16], "texture": "#1"}
			}
		},
		{
			"from": [7.6, 18.31283, 7.11732],
			"to": [8.4, 22.31283, 8.11732],
			"rotation": {"angle": 22.5, "axis": "x", "origin": [8, 19.81283, 7.61732]},
			"faces": {
				"north": {"uv": [0, 0, 16, 16], "texture": "#1"},
				"east": {"uv": [0, 0, 16, 16], "texture": "#1"},
				"south": {"uv": [0, 0, 16, 16], "texture": "#1"},
				"west": {"uv": [0, 0, 16, 16], "texture": "#1"},
				"up": {"uv": [0, 0, 16, 16], "texture": "#1"},
				"down": {"uv": [0, 0, 16, 16], "texture": "#1"}
			}
		},
		{
			"from": [6.7, 20.89541, 8.03796],
			"to": [8, 20.99541, 8.13796],
			"rotation": {"angle": 22.5, "axis": "x", "origin": [7.1, 20.94541, 8.08796]},
			"faces": {
				"north": {"uv": [0, 0, 16, 16], "rotation": 180, "texture": "#2"},
				"east": {"uv": [0, 0, 16, 16], "rotation": 180, "texture": "#2"},
				"south": {"uv": [0, 0, 16, 16], "rotation": 180, "texture": "#2"},
				"west": {"uv": [0, 0, 16, 16], "rotation": 180, "texture": "#2"},
				"up": {"uv": [0, 0, 16, 16], "texture": "#2"},
				"down": {"uv": [0, 0, 16, 16], "texture": "#2"}
			}
		},
		{
			"from": [4.9, 19.29541, 8.03592],
			"to": [6.9, 21.29541, 8.14592],
			"rotation": {"angle": -45, "axis": "z", "origin": [6.5, 21.24541, 8.08796]},
			"faces": {
				"north": {"uv": [0, 0, 16, 16], "rotation": 180, "texture": "#2"},
				"east": {"uv": [0, 0, 16, 16], "rotation": 180, "texture": "#2"},
				"south": {"uv": [0, 0, 16, 16], "rotation": 180, "texture": "#2"},
				"west": {"uv": [0, 0, 16, 16], "rotation": 180, "texture": "#2"},
				"up": {"uv": [0, 0, 16, 16], "texture": "#2"},
				"down": {"uv": [0, 0, 16, 16], "texture": "#2"}
			}
		},
		{
			"from": [2.74798, 19.66447, 8.03796],
			"to": [5.79798, 20.16447, 8.13796],
			"rotation": {"angle": -22.5, "axis": "z", "origin": [5.39798, 20.61447, 8.08792]},
			"faces": {
				"north": {"uv": [0, 0, 16, 16], "rotation": 180, "texture": "#2"},
				"east": {"uv": [0, 0, 16, 16], "rotation": 180, "texture": "#2"},
				"south": {"uv": [0, 0, 16, 16], "rotation": 180, "texture": "#2"},
				"west": {"uv": [0, 0, 16, 16], "rotation": 180, "texture": "#2"},
				"up": {"uv": [0, 0, 16, 16], "texture": "#2"},
				"down": {"uv": [0, 0, 16, 16], "texture": "#2"}
			}
		},
		{
			"from": [3.04556, 20.74957, 8.04092],
			"to": [4.59556, 21.14957, 8.13692],
			"rotation": {"angle": -22.5, "axis": "z", "origin": [3.77056, 20.74957, 8.08796]},
			"faces": {
				"north": {"uv": [0, 0, 16, 16], "rotation": 180, "texture": "#2"},
				"east": {"uv": [0, 0, 16, 16], "rotation": 180, "texture": "#2"},
				"south": {"uv": [0, 0, 16, 16], "rotation": 180, "texture": "#2"},
				"west": {"uv": [0, 0, 16, 16], "rotation": 180, "texture": "#2"},
				"up": {"uv": [0, 0, 16, 16], "texture": "#2"},
				"down": {"uv": [0, 0, 16, 16], "texture": "#2"}
			}
		},
		{
			"from": [3.74556, 20.94957, 8.03796],
			"to": [4.89556, 21.34957, 8.13796],
			"rotation": {"angle": 22.5, "axis": "z", "origin": [3.97056, 20.94957, 8.08796]},
			"faces": {
				"north": {"uv": [0, 0, 16, 16], "rotation": 180, "texture": "#2"},
				"east": {"uv": [0, 0, 16, 16], "rotation": 180, "texture": "#2"},
				"south": {"uv": [0, 0, 16, 16], "rotation": 180, "texture": "#2"},
				"west": {"uv": [0, 0, 16, 16], "rotation": 180, "texture": "#2"},
				"up": {"uv": [0, 0, 16, 16], "texture": "#2"},
				"down": {"uv": [0, 0, 16, 16], "texture": "#2"}
			}
		},
		{
			"from": [2.41358, 20.67767, 8.04892],
			"to": [2.76293, 21.02703, 8.13892],
			"rotation": {"angle": -45, "axis": "z", "origin": [2.76293, 20.92767, 8.08796]},
			"faces": {
				"north": {"uv": [0, 0, 16, 16], "rotation": 180, "texture": "#2"},
				"east": {"uv": [0, 0, 16, 16], "rotation": 180, "texture": "#2"},
				"south": {"uv": [0, 0, 16, 16], "rotation": 180, "texture": "#2"},
				"west": {"uv": [0, 0, 16, 16], "rotation": 180, "texture": "#2"},
				"up": {"uv": [0, 0, 16, 16], "texture": "#2"},
				"down": {"uv": [0, 0, 16, 16], "texture": "#2"}
			}
		},
		{
			"from": [2.40357, 21.86287, 8.04592],
			"to": [5.45357, 22.26287, 8.14092],
			"rotation": {"angle": 22.5, "axis": "z", "origin": [5.05357, 22.21287, 8.08796]},
			"faces": {
				"north": {"uv": [0, 0, 16, 16], "rotation": 180, "texture": "#2"},
				"east": {"uv": [0, 0, 16, 16], "rotation": 180, "texture": "#2"},
				"south": {"uv": [0, 0, 16, 16], "rotation": 180, "texture": "#2"},
				"west": {"uv": [0, 0, 16, 16], "rotation": 180, "texture": "#2"},
				"up": {"uv": [0, 0, 16, 16], "texture": "#2"},
				"down": {"uv": [0, 0, 16, 16], "texture": "#2"}
			}
		},
		{
			"from": [4.50855, 12.68551, -1.66413],
			"to": [11.56216, 13.08551, 0.71105],
			"rotation": {"angle": 0, "axis": "y", "origin": [11.79993, 11.23775, 1.21105]},
			"faces": {
				"north": {"uv": [5, 0, 12.05361, 0.4], "texture": "#0"},
				"east": {"uv": [2, 0, 4.37518, 0.4], "texture": "#0"},
				"south": {"uv": [5, 0, 12.05361, 0.4], "texture": "#0"},
				"west": {"uv": [2, 0, 4.37518, 0.4], "texture": "#0"},
				"up": {"uv": [2.5, 1, 9.55361, 3.37518], "texture": "#0"},
				"down": {"uv": [2.5, 1, 9.55361, 3.37518], "texture": "#0"}
			}
		},
		{
			"from": [17.15162, 10.08447, 4.37911],
			"to": [18.15162, 14.08447, 11.37911],
			"rotation": {"angle": 22.5, "axis": "z", "origin": [17.65162, 11.58447, 7.87911]},
			"faces": {
				"north": {"uv": [1, 0, 2, 4], "texture": "#0"},
				"east": {"uv": [7, 0, 14, 4], "texture": "#0"},
				"south": {"uv": [1, 0, 2, 4], "texture": "#0"},
				"west": {"uv": [7, 0, 14, 4], "texture": "#0"},
				"up": {"uv": [0, 1, 7, 2], "rotation": 90, "texture": "#0"},
				"down": {"uv": [0, 1, 7, 2], "rotation": 270, "texture": "#0"}
			}
		},
		{
			"from": [15.24264, 13.29262, 4.37911],
			"to": [16.24264, 17.29262, 11.37911],
			"rotation": {"angle": 45, "axis": "z", "origin": [15.74264, 14.79262, 7.87911]},
			"faces": {
				"north": {"uv": [1, 0, 2, 4], "texture": "#0"},
				"east": {"uv": [7, 0, 14, 4], "texture": "#0"},
				"south": {"uv": [1, 0, 2, 4], "texture": "#0"},
				"west": {"uv": [7, 0, 14, 4], "texture": "#0"},
				"up": {"uv": [0, 1, 7, 2], "rotation": 90, "texture": "#0"},
				"down": {"uv": [0, 1, 7, 2], "rotation": 270, "texture": "#0"}
			}
		},
		{
			"from": [15.62089, 0, 4.37911],
			"to": [16.62089, 6, 11.37911],
			"rotation": {"angle": -22.5, "axis": "z", "origin": [16.12089, 0.5, 7.87911]},
			"faces": {
				"north": {"uv": [1, 0, 2, 6], "texture": "#0"},
				"east": {"uv": [7, 0, 14, 6], "texture": "#0"},
				"south": {"uv": [1, 0, 2, 6], "texture": "#0"},
				"west": {"uv": [7, 0, 14, 6], "texture": "#0"},
				"up": {"uv": [0, 1, 7, 2], "rotation": 90, "texture": "#0"},
				"down": {"uv": [0, 1, 7, 2], "rotation": 270, "texture": "#0"}
			}
		},
		{
			"from": [10.32843, 15.91394, 4.37911],
			"to": [14.32843, 16.91394, 11.37911],
			"rotation": {"angle": 0, "axis": "y", "origin": [12.82843, 16.41394, 7.87911]},
			"faces": {
				"north": {"uv": [0, 4, 1, 8], "rotation": 270, "texture": "#0"},
				"east": {"uv": [7, 0, 14, 1], "texture": "#0"},
				"south": {"uv": [0, 4, 1, 8], "rotation": 90, "texture": "#0"},
				"west": {"uv": [7, 0, 14, 1], "rotation": 180, "texture": "#0"},
				"up": {"uv": [0, 4, 7, 8], "rotation": 90, "texture": "#0"},
				"down": {"uv": [0, 4, 7, 8], "rotation": 90, "texture": "#0"}
			}
		},
		{
			"from": [7.63395, 15.37798, 4.37911],
			"to": [10.63395, 16.37798, 10.37911],
			"rotation": {"angle": 22.5, "axis": "z", "origin": [9.13395, 15.87798, 7.87911]},
			"faces": {
				"north": {"uv": [0, 3, 1, 6], "rotation": 270, "texture": "#0"},
				"east": {"uv": [6, 0, 12, 1], "texture": "#0"},
				"south": {"uv": [0, 3, 1, 6], "rotation": 90, "texture": "#0"},
				"west": {"uv": [6, 0, 12, 1], "rotation": 180, "texture": "#0"},
				"up": {"uv": [0, 3, 6, 6], "rotation": 90, "texture": "#0"},
				"down": {"uv": [0, 3, 6, 6], "rotation": 90, "texture": "#0"}
			}
		},
		{
			"from": [4.5, 15.91394, 1.55068],
			"to": [11.5, 17.01394, 5.55068],
			"rotation": {"angle": 0, "axis": "y", "origin": [8, 16.41394, 3.05068]},
			"faces": {
				"north": {"uv": [7, 0, 14, 1.1], "texture": "#0"},
				"east": {"uv": [0, 4, 1.1, 8], "rotation": 90, "texture": "#0"},
				"south": {"uv": [7, 0, 14, 1.1], "rotation": 180, "texture": "#0"},
				"west": {"uv": [0, 4, 1.1, 8], "rotation": 270, "texture": "#0"},
				"up": {"uv": [0, 4, 7, 8], "texture": "#0"},
				"down": {"uv": [0, 4, 7, 8], "rotation": 180, "texture": "#0"}
			}
		},
		{
			"from": [4.5, 13.29262, -0.36353],
			"to": [11.5, 17.29262, 0.63647],
			"rotation": {"angle": 45, "axis": "x", "origin": [8, 14.79262, 0.13647]},
			"faces": {
				"north": {"uv": [7, 0, 14, 4], "texture": "#0"},
				"east": {"uv": [1, 0, 2, 4], "texture": "#0"},
				"south": {"uv": [7, 0, 14, 4], "texture": "#0"},
				"west": {"uv": [1, 0, 2, 4], "texture": "#0"},
				"up": {"uv": [0, 1, 7, 2], "texture": "#0"},
				"down": {"uv": [0, 1, 7, 2], "texture": "#0"}
			}
		},
		{
			"from": [4.5, 13.08447, -2.27251],
			"to": [11.5, 14.08447, -1.27251],
			"rotation": {"angle": 22.5, "axis": "x", "origin": [8, 11.58447, -1.77251]},
			"faces": {
				"north": {"uv": [7, 0, 14, 1], "texture": "#0"},
				"east": {"uv": [1, 0, 2, 1], "texture": "#0"},
				"south": {"uv": [7, 0, 14, 1], "texture": "#0"},
				"west": {"uv": [1, 0, 2, 1], "texture": "#0"},
				"up": {"uv": [0, 1, 7, 2], "texture": "#0"},
				"down": {"uv": [0, 1, 7, 2], "texture": "#0"}
			}
		},
		{
			"from": [2.5, 12.59626, 0.18733],
			"to": [13.5, 12.89626, 2.68733],
			"rotation": {"angle": 0, "axis": "y", "origin": [10, 10.89626, -0.81267]},
			"faces": {
				"north": {"uv": [2.8, 0, 13.8, 0.3], "texture": "#0"},
				"east": {"uv": [1, 0, 3.5, 0.3], "texture": "#0"},
				"south": {"uv": [2.8, 0, 13.8, 0.3], "texture": "#0"},
				"west": {"uv": [1, 0, 3.5, 0.3], "texture": "#0"},
				"up": {"uv": [0, 1, 11, 3.5], "texture": "#0"},
				"down": {"uv": [0, 1, 11, 3.5], "texture": "#0"}
			}
		},
		{
			"from": [4.5, 0, -0.74178],
			"to": [11.5, 2, 0.25822],
			"rotation": {"angle": -22.5, "axis": "x", "origin": [8, 0.5, -0.24178]},
			"faces": {
				"north": {"uv": [7, 0, 14, 2], "texture": "#0"},
				"east": {"uv": [1, 0, 2, 2], "texture": "#0"},
				"south": {"uv": [7, 0, 14, 2], "texture": "#0"},
				"west": {"uv": [1, 0, 2, 2], "texture": "#0"},
				"up": {"uv": [0, 1, 7, 2], "texture": "#0"},
				"down": {"uv": [0, 1, 7, 2], "texture": "#0"}
			}
		},
		{
			"from": [4.5, -0.25328, -0.51238],
			"to": [11.5, -0.15328, 16.2706],
			"rotation": {"angle": 0, "axis": "y", "origin": [8, 0.34672, -0.01238]},
			"faces": {
				"north": {"uv": [7, 0, 14, 0.1], "texture": "#0"},
				"east": {"uv": [0, 0, 16, 0.1], "texture": "#0"},
				"south": {"uv": [7, 0, 14, 0.1], "texture": "#0"},
				"west": {"uv": [0, 0, 16, 0.1], "texture": "#0"},
				"up": {"uv": [0, 0, 7, 16], "texture": "#0"},
				"down": {"uv": [0, 0, 7, 16], "texture": "#0"}
			}
		},
		{
			"from": [-0.39149, -0.15328, 4.37911],
			"to": [16.39149, -0.05328, 11.37911],
			"rotation": {"angle": 0, "axis": "y", "origin": [15.89149, 0.44672, 7.87911]},
			"faces": {
				"north": {"uv": [0, 0, 16, 0.1], "texture": "#0"},
				"east": {"uv": [7, 0, 14, 0.1], "texture": "#0"},
				"south": {"uv": [0, 0, 16, 0.1], "texture": "#0"},
				"west": {"uv": [7, 0, 14, 0.1], "texture": "#0"},
				"up": {"uv": [0, 0, 7, 16], "rotation": 90, "texture": "#0"},
				"down": {"uv": [0, 0, 7, 16], "rotation": 270, "texture": "#0"}
			}
		},
		{
			"from": [4.5, 0.5412, -0.65939],
			"to": [11.5, 1.5412, 1.34061],
			"rotation": {"angle": 22.5, "axis": "x", "origin": [8, 1.0412, 0.84061]},
			"faces": {
				"north": {"uv": [0, 1, 7, 2], "rotation": 180, "texture": "#0"},
				"east": {"uv": [1, 0, 2, 2], "rotation": 90, "texture": "#0"},
				"south": {"uv": [0, 1, 7, 2], "texture": "#0"},
				"west": {"uv": [1, 0, 2, 2], "rotation": 270, "texture": "#0"},
				"up": {"uv": [7, 0, 14, 2], "texture": "#0"},
				"down": {"uv": [7, 0, 14, 2], "rotation": 180, "texture": "#0"}
			}
		},
		{
			"from": [5.5, 15.37798, 5.24516],
			"to": [10.5, 16.37798, 8.24516],
			"rotation": {"angle": 22.5, "axis": "x", "origin": [8, 15.87798, 6.74516]},
			"faces": {
				"north": {"uv": [5, 0, 10, 1], "texture": "#0"},
				"east": {"uv": [0, 3, 1, 6], "rotation": 90, "texture": "#0"},
				"south": {"uv": [5, 0, 10, 1], "rotation": 180, "texture": "#0"},
				"west": {"uv": [0, 3, 1, 6], "rotation": 270, "texture": "#0"},
				"up": {"uv": [0, 3, 5, 6], "texture": "#0"},
				"down": {"uv": [0, 3, 5, 6], "rotation": 180, "texture": "#0"}
			}
		}
	],
	"display": {
		"thirdperson_righthand": {
			"scale": [0.3, 0.3, 0.3]
		},
		"thirdperson_lefthand": {
			"scale": [0.3, 0.3, 0.3]
		},
		"firstperson_righthand": {
			"scale": [0.3, 0.3, 0.3]
		},
		"firstperson_lefthand": {
			"scale": [0.3, 0.3, 0.3]
		},
		"ground": {
			"scale": [0.3, 0.3, 0.3]
		},
		"gui": {
			"rotation": [0, -180, 0],
			"scale": [0.6, 0.6, 0.6]
		},
		"fixed": {
			"rotation": [0, -45, 0],
			"translation": [0, 0, -1],
			"scale": [0.6, 0.6, 0.6]
		}
	}
}