{
	"textures": {
		"0": "entity/chest/christmas",
		"1": "block/yellow_shulker_box",
		"particle": "block/yellow_shulker_box"
	},
	"elements": [
		{
			"from": [1.5, 1.5, 1.5],
			"to": [14.5, 14.5, 14.5],
			"rotation": {"angle": 0, "axis": "y", "origin": [8, 8, 8]},
			"faces": {
				"north": {"uv": [0, 8.25, 3.5, 10.75], "rotation": 180, "texture": "#0"},
				"east": {"uv": [0, 8.25, 3.5, 10.75], "rotation": 180, "texture": "#0"},
				"south": {"uv": [0, 8.25, 3.5, 10.75], "rotation": 180, "texture": "#0"},
				"west": {"uv": [0, 8.25, 3.5, 10.75], "rotation": 180, "texture": "#0"},
				"up": {"uv": [7, 0, 10.5, 3.5], "texture": "#0"},
				"down": {"uv": [3.5, 4.75, 7.25, 8.25], "texture": "#0"}
			}
		},
		{
			"from": [5.9, 14.43322, 6.5],
			"to": [10.1, 16.43322, 11.5],
			"rotation": {"angle": 0, "axis": "y", "origin": [8, 15.43322, 9]},
			"faces": {
				"north": {"uv": [0, 0, 16, 16], "rotation": 270, "texture": "#1"},
				"east": {"uv": [0, 0, 16, 16], "rotation": 270, "texture": "#1"},
				"south": {"uv": [0, 0, 16, 16], "rotation": 270, "texture": "#1"},
				"west": {"uv": [0, 0, 16, 16], "rotation": 270, "texture": "#1"},
				"up": {"uv": [0, 0, 16, 16], "rotation": 270, "texture": "#1"},
				"down": {"uv": [0, 0, 16, 16], "rotation": 270, "texture": "#1"}
			}
		},
		{
			"from": [-0.44209, 15.89134, 8],
			"to": [5.55791, 16.14134, 10],
			"rotation": {"angle": -22.5, "axis": "z", "origin": [5.45791, 14.25444, 9]},
			"faces": {
				"north": {"uv": [0, 0, 16, 16], "rotation": 270, "texture": "#1"},
				"east": {"uv": [0, 0, 16, 16], "rotation": 270, "texture": "#1"},
				"south": {"uv": [0, 0, 16, 16], "rotation": 270, "texture": "#1"},
				"west": {"uv": [0, 0, 16, 16], "rotation": 270, "texture": "#1"},
				"up": {"uv": [0, 3, 16, 13], "rotation": 270, "texture": "#1"},
				"down": {"uv": [0, 0, 16, 16], "rotation": 270, "texture": "#1"}
			}
		},
		{
			"from": [1.31215, 14.5727, 8],
			"to": [6.31215, 14.8227, 10],
			"rotation": {"angle": 0, "axis": "y", "origin": [6.21215, 13.9358, 9]},
			"faces": {
				"north": {"uv": [0, 3, 16, 13], "rotation": 270, "texture": "#1"},
				"east": {"uv": [0, 3, 16, 13], "rotation": 270, "texture": "#1"},
				"south": {"uv": [0, 3, 16, 13], "rotation": 270, "texture": "#1"},
				"west": {"uv": [0, 3, 16, 13], "rotation": 270, "texture": "#1"},
				"up": {"uv": [0, 3, 16, 13], "rotation": 270, "texture": "#1"},
				"down": {"uv": [0, 3, 16, 13], "rotation": 270, "texture": "#1"}
			}
		},
		{
			"from": [-0.34084, 14.60194, 8],
			"to": [1.65916, 14.85194, 10],
			"rotation": {"angle": 22.5, "axis": "z", "origin": [1.55916, 13.96504, 9]},
			"faces": {
				"north": {"uv": [0, 3, 16, 13], "rotation": 270, "texture": "#1"},
				"east": {"uv": [0, 3, 16, 13], "rotation": 270, "texture": "#1"},
				"south": {"uv": [0, 3, 16, 13], "rotation": 270, "texture": "#1"},
				"west": {"uv": [0, 3, 16, 13], "rotation": 270, "texture": "#1"},
				"up": {"uv": [0, 3, 16, 13], "rotation": 270, "texture": "#1"},
				"down": {"uv": [0, 3, 16, 13], "rotation": 270, "texture": "#1"}
			}
		},
		{
			"from": [1.05204, 11.7, 7.25],
			"to": [1.55204, 14.7, 10.75],
			"rotation": {"angle": -22.5, "axis": "z", "origin": [2.18894, 14.15994, 9]},
			"faces": {
				"north": {"uv": [0, 3, 16, 13], "rotation": 180, "texture": "#1"},
				"east": {"uv": [0, 3, 16, 13], "rotation": 180, "texture": "#1"},
				"south": {"uv": [0, 3, 16, 13], "rotation": 180, "texture": "#1"},
				"west": {"uv": [0, 3, 16, 13], "rotation": 180, "texture": "#1"},
				"up": {"uv": [0, 3, 16, 13], "rotation": 180, "texture": "#1"},
				"down": {"uv": [0, 3, 16, 13], "rotation": 180, "texture": "#1"}
			}
		},
		{
			"from": [0.1972, 7.32232, 7],
			"to": [0.6972, 12.32232, 11],
			"rotation": {"angle": 0, "axis": "y", "origin": [1.3341, 11.78226, 9]},
			"faces": {
				"north": {"uv": [0, 3, 16, 13], "rotation": 180, "texture": "#1"},
				"east": {"uv": [0, 3, 16, 13], "rotation": 180, "texture": "#1"},
				"south": {"uv": [0, 3, 16, 13], "rotation": 180, "texture": "#1"},
				"west": {"uv": [0, 3, 16, 13], "rotation": 180, "texture": "#1"},
				"up": {"uv": [0, 3, 16, 13], "rotation": 180, "texture": "#1"},
				"down": {"uv": [0, 3, 16, 13], "rotation": 180, "texture": "#1"}
			}
		},
		{
			"from": [0.3972, 5.7482, 10.85898],
			"to": [0.7972, 7.7482, 12.85898],
			"rotation": {"angle": 22.5, "axis": "x", "origin": [1.3341, 12.20814, 10.85898]},
			"faces": {
				"north": {"uv": [0, 0, 13, 13], "rotation": 180, "texture": "#1"},
				"east": {"uv": [0, 0, 13, 13], "rotation": 180, "texture": "#1"},
				"south": {"uv": [0, 0, 13, 13], "rotation": 180, "texture": "#1"},
				"west": {"uv": [0, 0, 13, 13], "rotation": 180, "texture": "#1"},
				"up": {"uv": [0, 0, 13, 13], "rotation": 180, "texture": "#1"},
				"down": {"uv": [0, 0, 13, 13], "rotation": 180, "texture": "#1"}
			}
		},
		{
			"from": [0.2972, 4.98283, 5.29326],
			"to": [0.5972, 6.98283, 7.29326],
			"rotation": {"angle": -22.5, "axis": "x", "origin": [1.3341, 11.44277, 5.29326]},
			"faces": {
				"north": {"uv": [3, 0, 16, 13], "rotation": 180, "texture": "#1"},
				"east": {"uv": [3, 0, 16, 13], "rotation": 180, "texture": "#1"},
				"south": {"uv": [3, 0, 16, 13], "rotation": 180, "texture": "#1"},
				"west": {"uv": [3, 0, 16, 13], "rotation": 180, "texture": "#1"},
				"up": {"uv": [3, 0, 16, 13], "rotation": 180, "texture": "#1"},
				"down": {"uv": [3, 0, 16, 13], "rotation": 180, "texture": "#1"}
			}
		},
		{
			"from": [-2.67606, 13.91311, 8],
			"to": [-0.67606, 14.16311, 10],
			"rotation": {"angle": -22.5, "axis": "z", "origin": [-0.77606, 13.27621, 9]},
			"faces": {
				"north": {"uv": [0, 3, 16, 13], "rotation": 270, "texture": "#1"},
				"east": {"uv": [0, 3, 16, 13], "rotation": 270, "texture": "#1"},
				"south": {"uv": [0, 3, 16, 13], "rotation": 270, "texture": "#1"},
				"west": {"uv": [0, 3, 16, 13], "rotation": 270, "texture": "#1"},
				"up": {"uv": [0, 3, 16, 13], "rotation": 270, "texture": "#1"},
				"down": {"uv": [0, 3, 16, 13], "rotation": 270, "texture": "#1"}
			}
		},
		{
			"from": [-2.0751, 18.10417, 8],
			"to": [0.4249, 18.35417, 10],
			"rotation": {"angle": 22.5, "axis": "z", "origin": [0.82491, 19.06952, 9]},
			"faces": {
				"north": {"uv": [0, 0, 16, 16], "rotation": 270, "texture": "#1"},
				"east": {"uv": [0, 0, 16, 16], "rotation": 270, "texture": "#1"},
				"south": {"uv": [0, 0, 16, 16], "rotation": 270, "texture": "#1"},
				"west": {"uv": [0, 0, 16, 16], "rotation": 270, "texture": "#1"},
				"up": {"uv": [0, 3, 16, 13], "rotation": 270, "texture": "#1"},
				"down": {"uv": [0, 0, 16, 16], "rotation": 270, "texture": "#1"}
			}
		},
		{
			"from": [-3.3099, 17.49233, 8],
			"to": [-2.3099, 17.74233, 10],
			"rotation": {"angle": 45, "axis": "z", "origin": [-1.4099, 18.40093, 9]},
			"faces": {
				"north": {"uv": [0, 3, 16, 13], "rotation": 270, "texture": "#1"},
				"east": {"uv": [0, 3, 16, 13], "rotation": 270, "texture": "#1"},
				"south": {"uv": [0, 3, 16, 13], "rotation": 270, "texture": "#1"},
				"west": {"uv": [0, 3, 16, 13], "rotation": 270, "texture": "#1"},
				"up": {"uv": [0, 3, 16, 13], "rotation": 270, "texture": "#1"},
				"down": {"uv": [0, 3, 16, 13], "rotation": 270, "texture": "#1"}
			}
		},
		{
			"from": [-2.2877, 14.59173, 8],
			"to": [-2.0377, 16.59173, 10],
			"rotation": {"angle": 0, "axis": "y", "origin": [-0.36569, 17.4159, 9]},
			"faces": {
				"north": {"uv": [0, 3, 16, 13], "rotation": 180, "texture": "#1"},
				"east": {"uv": [0, 3, 16, 13], "rotation": 180, "texture": "#1"},
				"south": {"uv": [0, 3, 16, 13], "rotation": 180, "texture": "#1"},
				"west": {"uv": [0, 3, 16, 13], "rotation": 180, "texture": "#1"},
				"up": {"uv": [0, 3, 16, 13], "rotation": 180, "texture": "#1"},
				"down": {"uv": [0, 3, 16, 13], "rotation": 180, "texture": "#1"}
			}
		},
		{
			"from": [-0.24642, 15.46037, 6.25],
			"to": [1.75358, 15.96037, 11.75],
			"rotation": {"angle": -22.5, "axis": "z", "origin": [5.55358, 14.27347, 7]},
			"faces": {
				"north": {"uv": [0, 3, 16, 13], "rotation": 270, "texture": "#1"},
				"east": {"uv": [0, 3, 16, 13], "rotation": 270, "texture": "#1"},
				"south": {"uv": [0, 3, 16, 13], "rotation": 270, "texture": "#1"},
				"west": {"uv": [0, 3, 16, 13], "rotation": 270, "texture": "#1"},
				"up": {"uv": [0, 3, 16, 13], "rotation": 270, "texture": "#1"},
				"down": {"uv": [0, 3, 16, 13], "rotation": 270, "texture": "#1"}
			}
		},
		{
			"from": [3.75358, 15.46037, 6.75],
			"to": [5.75358, 15.96037, 11.25],
			"rotation": {"angle": -22.5, "axis": "z", "origin": [5.55358, 14.27347, 7]},
			"faces": {
				"north": {"uv": [0, 3, 16, 13], "rotation": 270, "texture": "#1"},
				"east": {"uv": [0, 3, 16, 13], "rotation": 270, "texture": "#1"},
				"south": {"uv": [0, 3, 16, 13], "rotation": 270, "texture": "#1"},
				"west": {"uv": [0, 3, 16, 13], "rotation": 270, "texture": "#1"},
				"up": {"uv": [0, 3, 16, 13], "rotation": 270, "texture": "#1"},
				"down": {"uv": [0, 3, 16, 13], "rotation": 270, "texture": "#1"}
			}
		},
		{
			"from": [1.75358, 15.46037, 6.5],
			"to": [3.75358, 15.96037, 11.5],
			"rotation": {"angle": -22.5, "axis": "z", "origin": [5.55358, 14.27347, 7]},
			"faces": {
				"north": {"uv": [0, 3, 16, 13], "rotation": 270, "texture": "#1"},
				"east": {"uv": [0, 3, 16, 13], "rotation": 270, "texture": "#1"},
				"south": {"uv": [0, 3, 16, 13], "rotation": 270, "texture": "#1"},
				"west": {"uv": [0, 3, 16, 13], "rotation": 270, "texture": "#1"},
				"up": {"uv": [0, 3, 16, 13], "rotation": 270, "texture": "#1"},
				"down": {"uv": [0, 3, 16, 13], "rotation": 270, "texture": "#1"}
			}
		},
		{
			"from": [3.75358, 14.96037, 6.5],
			"to": [5.75358, 15.46037, 11.5],
			"rotation": {"angle": -22.5, "axis": "z", "origin": [5.55358, 14.27347, 7]},
			"faces": {
				"north": {"uv": [0, 3, 16, 13], "rotation": 270, "texture": "#1"},
				"east": {"uv": [0, 3, 16, 13], "rotation": 270, "texture": "#1"},
				"south": {"uv": [0, 3, 16, 13], "rotation": 270, "texture": "#1"},
				"west": {"uv": [0, 3, 16, 13], "rotation": 270, "texture": "#1"},
				"up": {"uv": [0, 3, 16, 13], "rotation": 270, "texture": "#1"},
				"down": {"uv": [0, 3, 16, 13], "rotation": 270, "texture": "#1"}
			}
		},
		{
			"from": [1.75358, 14.96037, 6.25],
			"to": [3.75358, 15.46037, 11.75],
			"rotation": {"angle": -22.5, "axis": "z", "origin": [5.55358, 14.27347, 7]},
			"faces": {
				"north": {"uv": [0, 3, 16, 13], "rotation": 270, "texture": "#1"},
				"east": {"uv": [0, 3, 16, 13], "rotation": 270, "texture": "#1"},
				"south": {"uv": [0, 3, 16, 13], "rotation": 270, "texture": "#1"},
				"west": {"uv": [0, 3, 16, 13], "rotation": 270, "texture": "#1"},
				"up": {"uv": [0, 3, 16, 13], "rotation": 270, "texture": "#1"},
				"down": {"uv": [0, 3, 16, 13], "rotation": 270, "texture": "#1"}
			}
		},
		{
			"from": [0.00358, 14.96037, 6],
			"to": [1.75358, 15.46037, 12],
			"rotation": {"angle": -22.5, "axis": "z", "origin": [5.55358, 14.27347, 7]},
			"faces": {
				"north": {"uv": [0, 3, 16, 13], "rotation": 270, "texture": "#1"},
				"east": {"uv": [0, 3, 16, 13], "rotation": 270, "texture": "#1"},
				"south": {"uv": [0, 3, 16, 13], "rotation": 270, "texture": "#1"},
				"west": {"uv": [0, 3, 16, 13], "rotation": 270, "texture": "#1"},
				"up": {"uv": [0, 3, 16, 13], "rotation": 270, "texture": "#1"},
				"down": {"uv": [0, 3, 16, 13], "rotation": 270, "texture": "#1"}
			}
		},
		{
			"from": [-1.94772, 17.6732, 6],
			"to": [0.45228, 18.1732, 12],
			"rotation": {"angle": 22.5, "axis": "z", "origin": [0.95229, 19.08855, 7]},
			"faces": {
				"north": {"uv": [0, 3, 16, 13], "rotation": 270, "texture": "#1"},
				"east": {"uv": [0, 3, 16, 13], "rotation": 270, "texture": "#1"},
				"south": {"uv": [0, 3, 16, 13], "rotation": 270, "texture": "#1"},
				"west": {"uv": [0, 3, 16, 13], "rotation": 270, "texture": "#1"},
				"up": {"uv": [0, 3, 16, 13], "rotation": 270, "texture": "#1"},
				"down": {"uv": [0, 3, 16, 13], "rotation": 270, "texture": "#1"}
			}
		},
		{
			"from": [-1.61847, 17.1732, 5.75],
			"to": [0.28153, 17.6732, 12.25],
			"rotation": {"angle": 22.5, "axis": "z", "origin": [1.03154, 19.08855, 7.25]},
			"faces": {
				"north": {"uv": [0, 3, 16, 13], "rotation": 270, "texture": "#1"},
				"east": {"uv": [0, 3, 16, 13], "rotation": 270, "texture": "#1"},
				"south": {"uv": [0, 3, 16, 13], "rotation": 270, "texture": "#1"},
				"west": {"uv": [0, 3, 16, 13], "rotation": 270, "texture": "#1"},
				"up": {"uv": [0, 3, 16, 13], "rotation": 270, "texture": "#1"},
				"down": {"uv": [0, 3, 16, 13], "rotation": 270, "texture": "#1"}
			}
		},
		{
			"from": [-3.0767, 17.08872, 5.75],
			"to": [-2.2767, 17.58872, 12.25],
			"rotation": {"angle": 45, "axis": "z", "origin": [-1.2767, 18.44732, 7]},
			"faces": {
				"north": {"uv": [0, 3, 16, 13], "rotation": 270, "texture": "#1"},
				"east": {"uv": [0, 3, 16, 13], "rotation": 270, "texture": "#1"},
				"south": {"uv": [0, 3, 16, 13], "rotation": 270, "texture": "#1"},
				"west": {"uv": [0, 3, 16, 13], "rotation": 270, "texture": "#1"},
				"up": {"uv": [0, 3, 16, 13], "rotation": 270, "texture": "#1"},
				"down": {"uv": [0, 3, 16, 13], "rotation": 270, "texture": "#1"}
			}
		},
		{
			"from": [-3.0767, 16.58872, 5.5],
			"to": [-2.2767, 17.08872, 12.5],
			"rotation": {"angle": 45, "axis": "z", "origin": [-1.2767, 18.44732, 7]},
			"faces": {
				"north": {"uv": [0, 3, 16, 13], "rotation": 270, "texture": "#1"},
				"east": {"uv": [0, 3, 16, 13], "rotation": 270, "texture": "#1"},
				"south": {"uv": [0, 3, 16, 13], "rotation": 270, "texture": "#1"},
				"west": {"uv": [0, 3, 16, 13], "rotation": 270, "texture": "#1"},
				"up": {"uv": [0, 3, 16, 13], "rotation": 270, "texture": "#1"},
				"down": {"uv": [0, 3, 16, 13], "rotation": 270, "texture": "#1"}
			}
		},
		{
			"from": [-1.58881, 15.16385, 5.5],
			"to": [-1.08881, 16.21385, 12.5],
			"rotation": {"angle": 0, "axis": "y", "origin": [-0.3668, 17.38802, 7]},
			"faces": {
				"north": {"uv": [0, 3, 16, 13], "texture": "#1"},
				"east": {"uv": [0, 3, 16, 13], "texture": "#1"},
				"south": {"uv": [0, 3, 16, 13], "texture": "#1"},
				"west": {"uv": [0, 3, 16, 13], "texture": "#1"},
				"up": {"uv": [0, 3, 16, 13], "texture": "#1"},
				"down": {"uv": [0, 3, 16, 13], "texture": "#1"}
			}
		},
		{
			"from": [-1.94237, 14.7674, 5.75],
			"to": [-1.44237, 16.5674, 12.25],
			"rotation": {"angle": 0, "axis": "y", "origin": [-0.22036, 17.49157, 7]},
			"faces": {
				"north": {"uv": [0, 3, 16, 13], "texture": "#1"},
				"east": {"uv": [0, 3, 16, 13], "texture": "#1"},
				"south": {"uv": [0, 3, 16, 13], "texture": "#1"},
				"west": {"uv": [0, 3, 16, 13], "texture": "#1"},
				"up": {"uv": [0, 3, 16, 13], "texture": "#1"},
				"down": {"uv": [0, 3, 16, 13], "texture": "#1"}
			}
		},
		{
			"from": [-2.39204, 14.18055, 5.75],
			"to": [-0.59204, 14.68055, 12.25],
			"rotation": {"angle": -22.5, "axis": "z", "origin": [-0.69204, 13.34365, 7]},
			"faces": {
				"north": {"uv": [0, 3, 16, 13], "rotation": 270, "texture": "#1"},
				"east": {"uv": [0, 3, 16, 13], "rotation": 270, "texture": "#1"},
				"south": {"uv": [0, 3, 16, 13], "rotation": 270, "texture": "#1"},
				"west": {"uv": [0, 3, 16, 13], "rotation": 270, "texture": "#1"},
				"up": {"uv": [0, 3, 16, 13], "rotation": 270, "texture": "#1"},
				"down": {"uv": [0, 3, 16, 13], "rotation": 270, "texture": "#1"}
			}
		},
		{
			"from": [-2.2108, 14.71072, 5.5],
			"to": [-0.6608, 15.21072, 12.5],
			"rotation": {"angle": -22.5, "axis": "z", "origin": [-0.7608, 13.37382, 7]},
			"faces": {
				"north": {"uv": [0, 3, 16, 13], "rotation": 270, "texture": "#1"},
				"east": {"uv": [0, 3, 16, 13], "rotation": 270, "texture": "#1"},
				"south": {"uv": [0, 3, 16, 13], "rotation": 270, "texture": "#1"},
				"west": {"uv": [0, 3, 16, 13], "rotation": 270, "texture": "#1"},
				"up": {"uv": [0, 3, 16, 13], "rotation": 270, "texture": "#1"},
				"down": {"uv": [0, 3, 16, 13], "rotation": 270, "texture": "#1"}
			}
		},
		{
			"from": [-0.09613, 14.83111, 6],
			"to": [1.80387, 15.33111, 12],
			"rotation": {"angle": 22.5, "axis": "z", "origin": [1.70387, 13.99421, 7]},
			"faces": {
				"north": {"uv": [0, 3, 16, 13], "rotation": 270, "texture": "#1"},
				"east": {"uv": [0, 3, 16, 13], "rotation": 270, "texture": "#1"},
				"south": {"uv": [0, 3, 16, 13], "rotation": 270, "texture": "#1"},
				"west": {"uv": [0, 3, 16, 13], "rotation": 270, "texture": "#1"},
				"up": {"uv": [0, 3, 16, 13], "rotation": 270, "texture": "#1"},
				"down": {"uv": [0, 3, 16, 13], "rotation": 270, "texture": "#1"}
			}
		},
		{
			"from": [1.28464, 14.76761, 6.25],
			"to": [3.28464, 15.26761, 11.75],
			"rotation": {"angle": 0, "axis": "y", "origin": [6.18464, 13.93071, 7]},
			"faces": {
				"north": {"uv": [0, 3, 16, 13], "rotation": 270, "texture": "#1"},
				"east": {"uv": [0, 3, 16, 13], "rotation": 270, "texture": "#1"},
				"south": {"uv": [0, 3, 16, 13], "rotation": 270, "texture": "#1"},
				"west": {"uv": [0, 3, 16, 13], "rotation": 270, "texture": "#1"},
				"up": {"uv": [0, 3, 16, 13], "rotation": 270, "texture": "#1"},
				"down": {"uv": [0, 3, 16, 13], "rotation": 270, "texture": "#1"}
			}
		},
		{
			"from": [3.28464, 14.76761, 6.5],
			"to": [5.28464, 15.26761, 11.5],
			"rotation": {"angle": 0, "axis": "y", "origin": [6.18464, 13.93071, 7]},
			"faces": {
				"north": {"uv": [0, 3, 16, 13], "rotation": 270, "texture": "#1"},
				"east": {"uv": [0, 3, 16, 13], "rotation": 270, "texture": "#1"},
				"south": {"uv": [0, 3, 16, 13], "rotation": 270, "texture": "#1"},
				"west": {"uv": [0, 3, 16, 13], "rotation": 270, "texture": "#1"},
				"up": {"uv": [0, 3, 16, 13], "rotation": 270, "texture": "#1"},
				"down": {"uv": [0, 3, 16, 13], "rotation": 270, "texture": "#1"}
			}
		},
		{
			"from": [5.28464, 14.76761, 6.75],
			"to": [7.28464, 15.26761, 11.25],
			"rotation": {"angle": 0, "axis": "y", "origin": [6.18464, 13.93071, 7]},
			"faces": {
				"north": {"uv": [0, 3, 16, 13], "rotation": 270, "texture": "#1"},
				"east": {"uv": [0, 3, 16, 13], "rotation": 270, "texture": "#1"},
				"south": {"uv": [0, 3, 16, 13], "rotation": 270, "texture": "#1"},
				"west": {"uv": [0, 3, 16, 13], "rotation": 270, "texture": "#1"},
				"up": {"uv": [0, 3, 16, 13], "rotation": 270, "texture": "#1"},
				"down": {"uv": [0, 3, 16, 13], "rotation": 270, "texture": "#1"}
			}
		},
		{
			"from": [10.44209, 15.89134, 8],
			"to": [16.44209, 16.14134, 10],
			"rotation": {"angle": 22.5, "axis": "z", "origin": [10.54209, 14.25444, 9]},
			"faces": {
				"north": {"uv": [0, 16, 16, 0], "rotation": 270, "texture": "#1"},
				"east": {"uv": [0, 16, 16, 0], "rotation": 270, "texture": "#1"},
				"south": {"uv": [0, 16, 16, 0], "rotation": 270, "texture": "#1"},
				"west": {"uv": [0, 16, 16, 0], "rotation": 270, "texture": "#1"},
				"up": {"uv": [0, 13, 16, 3], "rotation": 270, "texture": "#1"},
				"down": {"uv": [0, 16, 16, 0], "rotation": 270, "texture": "#1"}
			}
		},
		{
			"from": [9.68785, 14.5727, 8],
			"to": [14.68785, 14.8227, 10],
			"rotation": {"angle": 0, "axis": "y", "origin": [9.78785, 13.9358, 9]},
			"faces": {
				"north": {"uv": [0, 13, 16, 3], "rotation": 270, "texture": "#1"},
				"east": {"uv": [0, 13, 16, 3], "rotation": 270, "texture": "#1"},
				"south": {"uv": [0, 13, 16, 3], "rotation": 270, "texture": "#1"},
				"west": {"uv": [0, 13, 16, 3], "rotation": 270, "texture": "#1"},
				"up": {"uv": [0, 13, 16, 3], "rotation": 270, "texture": "#1"},
				"down": {"uv": [0, 13, 16, 3], "rotation": 270, "texture": "#1"}
			}
		},
		{
			"from": [14.34084, 14.60194, 8],
			"to": [16.34084, 14.85194, 10],
			"rotation": {"angle": -22.5, "axis": "z", "origin": [14.44084, 13.96504, 9]},
			"faces": {
				"north": {"uv": [0, 13, 16, 3], "rotation": 270, "texture": "#1"},
				"east": {"uv": [0, 13, 16, 3], "rotation": 270, "texture": "#1"},
				"south": {"uv": [0, 13, 16, 3], "rotation": 270, "texture": "#1"},
				"west": {"uv": [0, 13, 16, 3], "rotation": 270, "texture": "#1"},
				"up": {"uv": [0, 13, 16, 3], "rotation": 270, "texture": "#1"},
				"down": {"uv": [0, 13, 16, 3], "rotation": 270, "texture": "#1"}
			}
		},
		{
			"from": [14.44796, 11.7, 7.25],
			"to": [14.94796, 14.7, 10.75],
			"rotation": {"angle": 22.5, "axis": "z", "origin": [13.81106, 14.15994, 9]},
			"faces": {
				"north": {"uv": [16, 3, 0, 13], "rotation": 180, "texture": "#1"},
				"east": {"uv": [16, 3, 0, 13], "rotation": 180, "texture": "#1"},
				"south": {"uv": [16, 3, 0, 13], "rotation": 180, "texture": "#1"},
				"west": {"uv": [16, 3, 0, 13], "rotation": 180, "texture": "#1"},
				"up": {"uv": [16, 3, 0, 13], "rotation": 180, "texture": "#1"},
				"down": {"uv": [16, 3, 0, 13], "rotation": 180, "texture": "#1"}
			}
		},
		{
			"from": [15.3028, 7.32232, 7],
			"to": [15.8028, 12.32232, 11],
			"rotation": {"angle": 0, "axis": "y", "origin": [14.6659, 11.78226, 9]},
			"faces": {
				"north": {"uv": [16, 3, 0, 13], "rotation": 180, "texture": "#1"},
				"east": {"uv": [16, 3, 0, 13], "rotation": 180, "texture": "#1"},
				"south": {"uv": [16, 3, 0, 13], "rotation": 180, "texture": "#1"},
				"west": {"uv": [16, 3, 0, 13], "rotation": 180, "texture": "#1"},
				"up": {"uv": [16, 3, 0, 13], "rotation": 180, "texture": "#1"},
				"down": {"uv": [16, 3, 0, 13], "rotation": 180, "texture": "#1"}
			}
		},
		{
			"from": [15.2028, 5.7482, 10.85898],
			"to": [15.6028, 7.7482, 12.85898],
			"rotation": {"angle": 22.5, "axis": "x", "origin": [14.6659, 12.20814, 10.85898]},
			"faces": {
				"north": {"uv": [13, 0, 0, 13], "rotation": 180, "texture": "#1"},
				"east": {"uv": [13, 0, 0, 13], "rotation": 180, "texture": "#1"},
				"south": {"uv": [13, 0, 0, 13], "rotation": 180, "texture": "#1"},
				"west": {"uv": [13, 0, 0, 13], "rotation": 180, "texture": "#1"},
				"up": {"uv": [13, 0, 0, 13], "rotation": 180, "texture": "#1"},
				"down": {"uv": [13, 0, 0, 13], "rotation": 180, "texture": "#1"}
			}
		},
		{
			"from": [15.4028, 4.98283, 5.29326],
			"to": [15.7028, 6.98283, 7.29326],
			"rotation": {"angle": -22.5, "axis": "x", "origin": [14.6659, 11.44277, 5.29326]},
			"faces": {
				"north": {"uv": [16, 0, 3, 13], "rotation": 180, "texture": "#1"},
				"east": {"uv": [16, 0, 3, 13], "rotation": 180, "texture": "#1"},
				"south": {"uv": [16, 0, 3, 13], "rotation": 180, "texture": "#1"},
				"west": {"uv": [16, 0, 3, 13], "rotation": 180, "texture": "#1"},
				"up": {"uv": [16, 0, 3, 13], "rotation": 180, "texture": "#1"},
				"down": {"uv": [16, 0, 3, 13], "rotation": 180, "texture": "#1"}
			}
		},
		{
			"from": [16.67606, 13.91311, 8],
			"to": [18.67606, 14.16311, 10],
			"rotation": {"angle": 22.5, "axis": "z", "origin": [16.77606, 13.27621, 9]},
			"faces": {
				"north": {"uv": [0, 13, 16, 3], "rotation": 270, "texture": "#1"},
				"east": {"uv": [0, 13, 16, 3], "rotation": 270, "texture": "#1"},
				"south": {"uv": [0, 13, 16, 3], "rotation": 270, "texture": "#1"},
				"west": {"uv": [0, 13, 16, 3], "rotation": 270, "texture": "#1"},
				"up": {"uv": [0, 13, 16, 3], "rotation": 270, "texture": "#1"},
				"down": {"uv": [0, 13, 16, 3], "rotation": 270, "texture": "#1"}
			}
		},
		{
			"from": [15.5751, 18.10417, 8],
			"to": [18.0751, 18.35417, 10],
			"rotation": {"angle": -22.5, "axis": "z", "origin": [15.17509, 19.06952, 9]},
			"faces": {
				"north": {"uv": [0, 16, 16, 0], "rotation": 270, "texture": "#1"},
				"east": {"uv": [0, 16, 16, 0], "rotation": 270, "texture": "#1"},
				"south": {"uv": [0, 16, 16, 0], "rotation": 270, "texture": "#1"},
				"west": {"uv": [0, 16, 16, 0], "rotation": 270, "texture": "#1"},
				"up": {"uv": [0, 13, 16, 3], "rotation": 270, "texture": "#1"},
				"down": {"uv": [0, 16, 16, 0], "rotation": 270, "texture": "#1"}
			}
		},
		{
			"from": [18.3099, 17.49233, 8],
			"to": [19.3099, 17.74233, 10],
			"rotation": {"angle": -45, "axis": "z", "origin": [17.4099, 18.40093, 9]},
			"faces": {
				"north": {"uv": [0, 13, 16, 3], "rotation": 270, "texture": "#1"},
				"east": {"uv": [0, 13, 16, 3], "rotation": 270, "texture": "#1"},
				"south": {"uv": [0, 13, 16, 3], "rotation": 270, "texture": "#1"},
				"west": {"uv": [0, 13, 16, 3], "rotation": 270, "texture": "#1"},
				"up": {"uv": [0, 13, 16, 3], "rotation": 270, "texture": "#1"},
				"down": {"uv": [0, 13, 16, 3], "rotation": 270, "texture": "#1"}
			}
		},
		{
			"from": [18.0377, 14.59173, 8],
			"to": [18.2877, 16.59173, 10],
			"rotation": {"angle": 0, "axis": "y", "origin": [16.36569, 17.4159, 9]},
			"faces": {
				"north": {"uv": [16, 3, 0, 13], "rotation": 180, "texture": "#1"},
				"east": {"uv": [16, 3, 0, 13], "rotation": 180, "texture": "#1"},
				"south": {"uv": [16, 3, 0, 13], "rotation": 180, "texture": "#1"},
				"west": {"uv": [16, 3, 0, 13], "rotation": 180, "texture": "#1"},
				"up": {"uv": [16, 3, 0, 13], "rotation": 180, "texture": "#1"},
				"down": {"uv": [16, 3, 0, 13], "rotation": 180, "texture": "#1"}
			}
		},
		{
			"from": [14.24642, 15.46037, 6.25],
			"to": [16.24642, 15.96037, 11.75],
			"rotation": {"angle": 22.5, "axis": "z", "origin": [10.44642, 14.27347, 7]},
			"faces": {
				"north": {"uv": [0, 13, 16, 3], "rotation": 270, "texture": "#1"},
				"east": {"uv": [0, 13, 16, 3], "rotation": 270, "texture": "#1"},
				"south": {"uv": [0, 13, 16, 3], "rotation": 270, "texture": "#1"},
				"west": {"uv": [0, 13, 16, 3], "rotation": 270, "texture": "#1"},
				"up": {"uv": [0, 13, 16, 3], "rotation": 270, "texture": "#1"},
				"down": {"uv": [0, 13, 16, 3], "rotation": 270, "texture": "#1"}
			}
		},
		{
			"from": [10.24642, 15.46037, 6.75],
			"to": [12.24642, 15.96037, 11.25],
			"rotation": {"angle": 22.5, "axis": "z", "origin": [10.44642, 14.27347, 7]},
			"faces": {
				"north": {"uv": [0, 13, 16, 3], "rotation": 270, "texture": "#1"},
				"east": {"uv": [0, 13, 16, 3], "rotation": 270, "texture": "#1"},
				"south": {"uv": [0, 13, 16, 3], "rotation": 270, "texture": "#1"},
				"west": {"uv": [0, 13, 16, 3], "rotation": 270, "texture": "#1"},
				"up": {"uv": [0, 13, 16, 3], "rotation": 270, "texture": "#1"},
				"down": {"uv": [0, 13, 16, 3], "rotation": 270, "texture": "#1"}
			}
		},
		{
			"from": [12.24642, 15.46037, 6.5],
			"to": [14.24642, 15.96037, 11.5],
			"rotation": {"angle": 22.5, "axis": "z", "origin": [10.44642, 14.27347, 7]},
			"faces": {
				"north": {"uv": [0, 13, 16, 3], "rotation": 270, "texture": "#1"},
				"east": {"uv": [0, 13, 16, 3], "rotation": 270, "texture": "#1"},
				"south": {"uv": [0, 13, 16, 3], "rotation": 270, "texture": "#1"},
				"west": {"uv": [0, 13, 16, 3], "rotation": 270, "texture": "#1"},
				"up": {"uv": [0, 13, 16, 3], "rotation": 270, "texture": "#1"},
				"down": {"uv": [0, 13, 16, 3], "rotation": 270, "texture": "#1"}
			}
		},
		{
			"from": [10.24642, 14.96037, 6.5],
			"to": [12.24642, 15.46037, 11.5],
			"rotation": {"angle": 22.5, "axis": "z", "origin": [10.44642, 14.27347, 7]},
			"faces": {
				"north": {"uv": [0, 13, 16, 3], "rotation": 270, "texture": "#1"},
				"east": {"uv": [0, 13, 16, 3], "rotation": 270, "texture": "#1"},
				"south": {"uv": [0, 13, 16, 3], "rotation": 270, "texture": "#1"},
				"west": {"uv": [0, 13, 16, 3], "rotation": 270, "texture": "#1"},
				"up": {"uv": [0, 13, 16, 3], "rotation": 270, "texture": "#1"},
				"down": {"uv": [0, 13, 16, 3], "rotation": 270, "texture": "#1"}
			}
		},
		{
			"from": [12.24642, 14.96037, 6.25],
			"to": [14.24642, 15.46037, 11.75],
			"rotation": {"angle": 22.5, "axis": "z", "origin": [10.44642, 14.27347, 7]},
			"faces": {
				"north": {"uv": [0, 13, 16, 3], "rotation": 270, "texture": "#1"},
				"east": {"uv": [0, 13, 16, 3], "rotation": 270, "texture": "#1"},
				"south": {"uv": [0, 13, 16, 3], "rotation": 270, "texture": "#1"},
				"west": {"uv": [0, 13, 16, 3], "rotation": 270, "texture": "#1"},
				"up": {"uv": [0, 13, 16, 3], "rotation": 270, "texture": "#1"},
				"down": {"uv": [0, 13, 16, 3], "rotation": 270, "texture": "#1"}
			}
		},
		{
			"from": [14.24642, 14.96037, 6],
			"to": [15.99642, 15.46037, 12],
			"rotation": {"angle": 22.5, "axis": "z", "origin": [10.44642, 14.27347, 7]},
			"faces": {
				"north": {"uv": [0, 13, 16, 3], "rotation": 270, "texture": "#1"},
				"east": {"uv": [0, 13, 16, 3], "rotation": 270, "texture": "#1"},
				"south": {"uv": [0, 13, 16, 3], "rotation": 270, "texture": "#1"},
				"west": {"uv": [0, 13, 16, 3], "rotation": 270, "texture": "#1"},
				"up": {"uv": [0, 13, 16, 3], "rotation": 270, "texture": "#1"},
				"down": {"uv": [0, 13, 16, 3], "rotation": 270, "texture": "#1"}
			}
		},
		{
			"from": [15.54772, 17.6732, 6],
			"to": [17.94772, 18.1732, 12],
			"rotation": {"angle": -22.5, "axis": "z", "origin": [15.04771, 19.08855, 7]},
			"faces": {
				"north": {"uv": [0, 13, 16, 3], "rotation": 270, "texture": "#1"},
				"east": {"uv": [0, 13, 16, 3], "rotation": 270, "texture": "#1"},
				"south": {"uv": [0, 13, 16, 3], "rotation": 270, "texture": "#1"},
				"west": {"uv": [0, 13, 16, 3], "rotation": 270, "texture": "#1"},
				"up": {"uv": [0, 13, 16, 3], "rotation": 270, "texture": "#1"},
				"down": {"uv": [0, 13, 16, 3], "rotation": 270, "texture": "#1"}
			}
		},
		{
			"from": [15.71847, 17.1732, 5.75],
			"to": [17.61847, 17.6732, 12.25],
			"rotation": {"angle": -22.5, "axis": "z", "origin": [14.96846, 19.08855, 7.25]},
			"faces": {
				"north": {"uv": [0, 13, 16, 3], "rotation": 270, "texture": "#1"},
				"east": {"uv": [0, 13, 16, 3], "rotation": 270, "texture": "#1"},
				"south": {"uv": [0, 13, 16, 3], "rotation": 270, "texture": "#1"},
				"west": {"uv": [0, 13, 16, 3], "rotation": 270, "texture": "#1"},
				"up": {"uv": [0, 13, 16, 3], "rotation": 270, "texture": "#1"},
				"down": {"uv": [0, 13, 16, 3], "rotation": 270, "texture": "#1"}
			}
		},
		{
			"from": [18.2767, 17.08872, 5.75],
			"to": [19.0767, 17.58872, 12.25],
			"rotation": {"angle": -45, "axis": "z", "origin": [17.2767, 18.44732, 7]},
			"faces": {
				"north": {"uv": [0, 13, 16, 3], "rotation": 270, "texture": "#1"},
				"east": {"uv": [0, 13, 16, 3], "rotation": 270, "texture": "#1"},
				"south": {"uv": [0, 13, 16, 3], "rotation": 270, "texture": "#1"},
				"west": {"uv": [0, 13, 16, 3], "rotation": 270, "texture": "#1"},
				"up": {"uv": [0, 13, 16, 3], "rotation": 270, "texture": "#1"},
				"down": {"uv": [0, 13, 16, 3], "rotation": 270, "texture": "#1"}
			}
		},
		{
			"from": [18.2767, 16.58872, 5.5],
			"to": [19.0767, 17.08872, 12.5],
			"rotation": {"angle": -45, "axis": "z", "origin": [17.2767, 18.44732, 7]},
			"faces": {
				"north": {"uv": [0, 13, 16, 3], "rotation": 270, "texture": "#1"},
				"east": {"uv": [0, 13, 16, 3], "rotation": 270, "texture": "#1"},
				"south": {"uv": [0, 13, 16, 3], "rotation": 270, "texture": "#1"},
				"west": {"uv": [0, 13, 16, 3], "rotation": 270, "texture": "#1"},
				"up": {"uv": [0, 13, 16, 3], "rotation": 270, "texture": "#1"},
				"down": {"uv": [0, 13, 16, 3], "rotation": 270, "texture": "#1"}
			}
		},
		{
			"from": [17.08881, 15.16385, 5.5],
			"to": [17.58881, 16.21385, 12.5],
			"rotation": {"angle": 0, "axis": "y", "origin": [16.3668, 17.38802, 7]},
			"faces": {
				"north": {"uv": [16, 3, 0, 13], "texture": "#1"},
				"east": {"uv": [16, 3, 0, 13], "texture": "#1"},
				"south": {"uv": [16, 3, 0, 13], "texture": "#1"},
				"west": {"uv": [16, 3, 0, 13], "texture": "#1"},
				"up": {"uv": [16, 3, 0, 13], "texture": "#1"},
				"down": {"uv": [16, 3, 0, 13], "texture": "#1"}
			}
		},
		{
			"from": [17.44237, 14.7674, 5.75],
			"to": [17.94237, 16.5674, 12.25],
			"rotation": {"angle": 0, "axis": "y", "origin": [16.22036, 17.49157, 7]},
			"faces": {
				"north": {"uv": [16, 3, 0, 13], "texture": "#1"},
				"east": {"uv": [16, 3, 0, 13], "texture": "#1"},
				"south": {"uv": [16, 3, 0, 13], "texture": "#1"},
				"west": {"uv": [16, 3, 0, 13], "texture": "#1"},
				"up": {"uv": [16, 3, 0, 13], "texture": "#1"},
				"down": {"uv": [16, 3, 0, 13], "texture": "#1"}
			}
		},
		{
			"from": [16.59204, 14.18055, 5.75],
			"to": [18.39204, 14.68055, 12.25],
			"rotation": {"angle": 22.5, "axis": "z", "origin": [16.69204, 13.34365, 7]},
			"faces": {
				"north": {"uv": [0, 13, 16, 3], "rotation": 270, "texture": "#1"},
				"east": {"uv": [0, 13, 16, 3], "rotation": 270, "texture": "#1"},
				"south": {"uv": [0, 13, 16, 3], "rotation": 270, "texture": "#1"},
				"west": {"uv": [0, 13, 16, 3], "rotation": 270, "texture": "#1"},
				"up": {"uv": [0, 13, 16, 3], "rotation": 270, "texture": "#1"},
				"down": {"uv": [0, 13, 16, 3], "rotation": 270, "texture": "#1"}
			}
		},
		{
			"from": [16.6608, 14.71072, 5.5],
			"to": [18.2108, 15.21072, 12.5],
			"rotation": {"angle": 22.5, "axis": "z", "origin": [16.7608, 13.37382, 7]},
			"faces": {
				"north": {"uv": [0, 13, 16, 3], "rotation": 270, "texture": "#1"},
				"east": {"uv": [0, 13, 16, 3], "rotation": 270, "texture": "#1"},
				"south": {"uv": [0, 13, 16, 3], "rotation": 270, "texture": "#1"},
				"west": {"uv": [0, 13, 16, 3], "rotation": 270, "texture": "#1"},
				"up": {"uv": [0, 13, 16, 3], "rotation": 270, "texture": "#1"},
				"down": {"uv": [0, 13, 16, 3], "rotation": 270, "texture": "#1"}
			}
		},
		{
			"from": [14.19613, 14.83111, 6],
			"to": [16.09613, 15.33111, 12],
			"rotation": {"angle": -22.5, "axis": "z", "origin": [14.29613, 13.99421, 7]},
			"faces": {
				"north": {"uv": [0, 13, 16, 3], "rotation": 270, "texture": "#1"},
				"east": {"uv": [0, 13, 16, 3], "rotation": 270, "texture": "#1"},
				"south": {"uv": [0, 13, 16, 3], "rotation": 270, "texture": "#1"},
				"west": {"uv": [0, 13, 16, 3], "rotation": 270, "texture": "#1"},
				"up": {"uv": [0, 13, 16, 3], "rotation": 270, "texture": "#1"},
				"down": {"uv": [0, 13, 16, 3], "rotation": 270, "texture": "#1"}
			}
		},
		{
			"from": [12.71536, 14.76761, 6.25],
			"to": [14.71536, 15.26761, 11.75],
			"rotation": {"angle": 0, "axis": "y", "origin": [9.81536, 13.93071, 7]},
			"faces": {
				"north": {"uv": [0, 13, 16, 3], "rotation": 270, "texture": "#1"},
				"east": {"uv": [0, 13, 16, 3], "rotation": 270, "texture": "#1"},
				"south": {"uv": [0, 13, 16, 3], "rotation": 270, "texture": "#1"},
				"west": {"uv": [0, 13, 16, 3], "rotation": 270, "texture": "#1"},
				"up": {"uv": [0, 13, 16, 3], "rotation": 270, "texture": "#1"},
				"down": {"uv": [0, 13, 16, 3], "rotation": 270, "texture": "#1"}
			}
		},
		{
			"from": [10.71536, 14.76761, 6.5],
			"to": [12.71536, 15.26761, 11.5],
			"rotation": {"angle": 0, "axis": "y", "origin": [9.81536, 13.93071, 7]},
			"faces": {
				"north": {"uv": [0, 13, 16, 3], "rotation": 270, "texture": "#1"},
				"east": {"uv": [0, 13, 16, 3], "rotation": 270, "texture": "#1"},
				"south": {"uv": [0, 13, 16, 3], "rotation": 270, "texture": "#1"},
				"west": {"uv": [0, 13, 16, 3], "rotation": 270, "texture": "#1"},
				"up": {"uv": [0, 13, 16, 3], "rotation": 270, "texture": "#1"},
				"down": {"uv": [0, 13, 16, 3], "rotation": 270, "texture": "#1"}
			}
		},
		{
			"from": [8.71536, 14.76761, 6.75],
			"to": [10.71536, 15.26761, 11.25],
			"rotation": {"angle": 0, "axis": "y", "origin": [9.81536, 13.93071, 7]},
			"faces": {
				"north": {"uv": [0, 13, 16, 3], "rotation": 270, "texture": "#1"},
				"east": {"uv": [0, 13, 16, 3], "rotation": 270, "texture": "#1"},
				"south": {"uv": [0, 13, 16, 3], "rotation": 270, "texture": "#1"},
				"west": {"uv": [0, 13, 16, 3], "rotation": 270, "texture": "#1"},
				"up": {"uv": [0, 13, 16, 3], "rotation": 270, "texture": "#1"},
				"down": {"uv": [0, 13, 16, 3], "rotation": 270, "texture": "#1"}
			}
		},
		{
			"from": [6, 13.69216, 6.09322],
			"to": [10, 15.69216, 8.09322],
			"rotation": {"angle": 22.5, "axis": "x", "origin": [8, 15.04019, 8.15939]},
			"faces": {
				"north": {"uv": [0, 0, 16, 16], "rotation": 270, "texture": "#1"},
				"east": {"uv": [0, 0, 16, 16], "rotation": 270, "texture": "#1"},
				"south": {"uv": [0, 0, 16, 16], "rotation": 270, "texture": "#1"},
				"west": {"uv": [0, 0, 16, 16], "rotation": 270, "texture": "#1"},
				"up": {"uv": [0, 0, 16, 16], "rotation": 270, "texture": "#1"},
				"down": {"uv": [0, 0, 16, 16], "rotation": 270, "texture": "#1"}
			}
		},
		{
			"from": [6, 13.69216, 9.90678],
			"to": [10, 15.69216, 11.90678],
			"rotation": {"angle": -22.5, "axis": "x", "origin": [8, 15.04019, 9.8406]},
			"faces": {
				"north": {"uv": [0, 0, 16, 16], "rotation": 270, "texture": "#1"},
				"east": {"uv": [0, 0, 16, 16], "rotation": 270, "texture": "#1"},
				"south": {"uv": [0, 0, 16, 16], "rotation": 270, "texture": "#1"},
				"west": {"uv": [0, 0, 16, 16], "rotation": 270, "texture": "#1"},
				"up": {"uv": [0, 0, 16, 16], "rotation": 270, "texture": "#1"},
				"down": {"uv": [0, 0, 16, 16], "rotation": 270, "texture": "#1"}
			}
		}
	],
	"display": {
		"thirdperson_righthand": {
			"scale": [0.5, 0.5, 0.5]
		},
		"thirdperson_lefthand": {
			"scale": [0.5, 0.5, 0.5]
		},
		"firstperson_righthand": {
			"scale": [0.5, 0.5, 0.5]
		},
		"firstperson_lefthand": {
			"scale": [0.5, 0.5, 0.5]
		},
		"ground": {
			"scale": [0.5, 0.5, 0.5]
		},
		"gui": {
			"translation": [0, -1.5, 0]
		},
		"head": {
			"translation": [0, 0, 0.5]
		},
		"fixed": {
			"rotation": [-90, 0, 0],
			"translation": [0, 0, -9.5],
			"scale": [1.5, 1.5, 1.5]
		}
	}
}