{
	"textures": {
		"1": "block/red_wool",
		"2": "block/white_wool",
		"particle": "block/white_wool"
	},
	"elements": [
		{
			"from": [-0.5, 6.5, -1.5],
			"to": [16.5, 8.5, 15.5],
			"rotation": {"angle": 22.5, "axis": "x", "origin": [8, 8, 8]},
			"faces": {
				"north": {"uv": [0, 0, 16, 2], "texture": "#2"},
				"east": {"uv": [0, 0, 16, 2], "texture": "#2"},
				"south": {"uv": [0, 0, 16, 2], "texture": "#2"},
				"west": {"uv": [0, 0, 16, 2], "texture": "#2"},
				"up": {"uv": [0, 0, 16, 16], "texture": "#2"},
				"down": {"uv": [0, 0, 16, 16], "texture": "#2"}
			}
		},
		{
			"from": [2.5, 17.5, 0.5],
			"to": [13.5, 19.5, 10.9],
			"rotation": {"angle": 45, "axis": "x", "origin": [5, 8, 8]},
			"faces": {
				"north": {"uv": [0, 0, 11, 2], "texture": "#1"},
				"east": {"uv": [0, 0, 10.4, 2], "texture": "#1"},
				"south": {"uv": [0, 0, 11, 2], "texture": "#1"},
				"west": {"uv": [0, 0, 10.4, 2], "texture": "#1"},
				"up": {"uv": [0, 0, 11, 10.4], "texture": "#1"},
				"down": {"uv": [0, 0, 11, 10.4], "texture": "#1"}
			}
		},
		{
			"from": [1.5, 3.69291, 0.22502],
			"to": [14.5, 16.69291, 4.22502],
			"rotation": {"angle": 45, "axis": "x", "origin": [5, 7.19291, 9.72502]},
			"faces": {
				"north": {"uv": [0, 0, 13, 13], "texture": "#1"},
				"east": {"uv": [0, 0, 4, 13], "texture": "#1"},
				"south": {"uv": [0, 0, 13, 13], "texture": "#1"},
				"west": {"uv": [0, 0, 4, 13], "texture": "#1"},
				"up": {"uv": [0, 0, 13, 4], "texture": "#1"},
				"down": {"uv": [0, 0, 13, 4], "texture": "#1"}
			}
		},
		{
			"from": [3.5, 5, -0.5],
			"to": [12.5, 17.5, 0.5],
			"rotation": {"angle": 45, "axis": "x", "origin": [5, 8, 8]},
			"faces": {
				"north": {"uv": [0, 0, 9, 12.5], "texture": "#1"},
				"east": {"uv": [0, 0, 1, 12.5], "texture": "#1"},
				"south": {"uv": [0, 0, 9, 12.5], "texture": "#1"},
				"west": {"uv": [0, 0, 1, 12.5], "texture": "#1"},
				"up": {"uv": [0, 0, 9, 1], "texture": "#1"},
				"down": {"uv": [0, 0, 9, 1], "texture": "#1"}
			}
		},
		{
			"from": [0.5, 6.25, 2.5],
			"to": [15.5, 14.5, 5.5],
			"rotation": {"angle": 45, "axis": "x", "origin": [5, 8, 8]},
			"faces": {
				"north": {"uv": [0, 0, 15, 8.25], "texture": "#1"},
				"east": {"uv": [0, 0, 3, 8.25], "texture": "#1"},
				"south": {"uv": [0, 0, 15, 8.25], "texture": "#1"},
				"west": {"uv": [0, 0, 3, 8.25], "texture": "#1"},
				"up": {"uv": [0, 0, 15, 3], "texture": "#1"},
				"down": {"uv": [0, 0, 15, 3], "texture": "#1"}
			}
		},
		{
			"from": [-0.25, 6.5, 4.5],
			"to": [16, 11.5, 6.5],
			"rotation": {"angle": 45, "axis": "x", "origin": [5, 8, 8]},
			"faces": {
				"north": {"uv": [0, 0, 16, 5], "texture": "#1"},
				"east": {"uv": [0, 0, 2, 5], "texture": "#1"},
				"south": {"uv": [0, 0, 16, 5], "texture": "#1"},
				"west": {"uv": [0, 0, 2, 5], "texture": "#1"},
				"up": {"uv": [0, 0, 16, 2], "texture": "#1"},
				"down": {"uv": [0, 0, 16, 2], "texture": "#1"}
			}
		},
		{
			"from": [1.5, 13.69291, 4.22502],
			"to": [14.5, 16.69291, 10.22502],
			"rotation": {"angle": 45, "axis": "x", "origin": [5, 7.19291, 9.72502]},
			"faces": {
				"north": {"uv": [0, 0, 13, 3], "rotation": 180, "texture": "#1"},
				"east": {"uv": [0, 0, 3, 6], "rotation": 270, "texture": "#1"},
				"south": {"uv": [0, 0, 13, 3], "texture": "#1"},
				"west": {"uv": [0, 0, 3, 6], "rotation": 90, "texture": "#1"},
				"up": {"uv": [0, 0, 13, 6], "rotation": 180, "texture": "#1"},
				"down": {"uv": [0, 0, 13, 6], "texture": "#1"}
			}
		},
		{
			"from": [1.6, 8.5, 7.5],
			"to": [14.4, 16.5, 14],
			"rotation": {"angle": 22.5, "axis": "x", "origin": [5, 8, 8]},
			"faces": {
				"north": {"uv": [0, 0, 12.8, 8], "texture": "#1"},
				"east": {"uv": [0, 0, 6.5, 8], "texture": "#1"},
				"south": {"uv": [0, 0, 12.8, 8], "texture": "#1"},
				"west": {"uv": [0, 0, 6.5, 8], "texture": "#1"},
				"up": {"uv": [0, 0, 12.8, 6.5], "texture": "#1"},
				"down": {"uv": [0, 0, 12.8, 6.5], "texture": "#1"}
			}
		},
		{
			"from": [0.6, 8.1756, 5.264],
			"to": [15.4, 16.1756, 12.764],
			"rotation": {"angle": 22.5, "axis": "x", "origin": [5, 7.6756, 7.764]},
			"faces": {
				"north": {"uv": [0, 0, 14.8, 8], "texture": "#1"},
				"east": {"uv": [0, 0, 7.5, 8], "texture": "#1"},
				"south": {"uv": [0, 0, 14.8, 8], "texture": "#1"},
				"west": {"uv": [0, 0, 7.5, 8], "texture": "#1"},
				"up": {"uv": [0, 0, 14.8, 7.5], "texture": "#1"},
				"down": {"uv": [0, 0, 14.8, 7.5], "texture": "#1"}
			}
		},
		{
			"from": [-0.15, 8.71826, 6.16374],
			"to": [15.9, 12.71826, 11.66374],
			"rotation": {"angle": 22.5, "axis": "x", "origin": [5, 8.21826, 7.66374]},
			"faces": {
				"north": {"uv": [0, 0, 16, 4], "texture": "#1"},
				"east": {"uv": [0, 0, 5.5, 4], "texture": "#1"},
				"south": {"uv": [0, 0, 16, 4], "texture": "#1"},
				"west": {"uv": [0, 0, 5.5, 4], "texture": "#1"},
				"up": {"uv": [0, 0, 16, 5.5], "texture": "#1"},
				"down": {"uv": [0, 0, 16, 5.5], "texture": "#1"}
			}
		},
		{
			"from": [3.5, 15.5, 5.5],
			"to": [12.5, 21.5, 12.5],
			"rotation": {"angle": 22.5, "axis": "x", "origin": [5, 8, 8]},
			"faces": {
				"north": {"uv": [0, 0, 9, 6], "rotation": 180, "texture": "#1"},
				"east": {"uv": [0, 0, 6, 7], "rotation": 270, "texture": "#1"},
				"south": {"uv": [0, 0, 9, 6], "texture": "#1"},
				"west": {"uv": [0, 0, 6, 7], "rotation": 90, "texture": "#1"},
				"up": {"uv": [0, 0, 9, 7], "rotation": 180, "texture": "#1"},
				"down": {"uv": [0, 0, 9, 7], "texture": "#1"}
			}
		},
		{
			"from": [4.5, 19.49329, 10.55487],
			"to": [11.5, 21.49329, 15.55487],
			"rotation": {"angle": 0, "axis": "x", "origin": [6, 18.99329, 15.55487]},
			"faces": {
				"north": {"uv": [0, 0, 7, 2], "rotation": 180, "texture": "#1"},
				"east": {"uv": [0, 0, 2, 5], "rotation": 270, "texture": "#1"},
				"south": {"uv": [0, 0, 7, 2], "texture": "#1"},
				"west": {"uv": [0, 0, 2, 5], "rotation": 90, "texture": "#1"},
				"up": {"uv": [0, 0, 7, 5], "rotation": 180, "texture": "#1"},
				"down": {"uv": [0, 0, 7, 5], "texture": "#1"}
			}
		},
		{
			"from": [4.5, 21.74925, 9.89634],
			"to": [11.5, 23.74925, 11.89634],
			"rotation": {"angle": -22.5, "axis": "x", "origin": [4, 19.24925, 16.89634]},
			"faces": {
				"north": {"uv": [0, 0, 7, 2], "rotation": 180, "texture": "#1"},
				"east": {"uv": [0, 0, 2, 2], "rotation": 270, "texture": "#1"},
				"south": {"uv": [0, 0, 7, 2], "texture": "#1"},
				"west": {"uv": [0, 0, 2, 2], "rotation": 90, "texture": "#1"},
				"up": {"uv": [0, 0, 7, 2], "rotation": 180, "texture": "#1"},
				"down": {"uv": [0, 0, 7, 2], "texture": "#1"}
			}
		},
		{
			"from": [4.6, 18.51842, 13.90842],
			"to": [11.4, 20.51842, 18.90842],
			"rotation": {"angle": 45, "axis": "x", "origin": [8, 19.01842, 15.90842]},
			"faces": {
				"north": {"uv": [0, 0, 6.8, 2], "rotation": 180, "texture": "#1"},
				"east": {"uv": [0, 0, 2, 5], "rotation": 270, "texture": "#1"},
				"south": {"uv": [0, 0, 6.8, 2], "texture": "#1"},
				"west": {"uv": [0, 0, 2, 5], "rotation": 90, "texture": "#1"},
				"up": {"uv": [0, 0, 6.8, 5], "rotation": 180, "texture": "#1"},
				"down": {"uv": [0, 0, 6.8, 5], "texture": "#1"}
			}
		},
		{
			"from": [3.6, 4.5, 17.5],
			"to": [12.4, 8.5, 20.5],
			"rotation": {"angle": -45, "axis": "x", "origin": [5, 8, 8]},
			"faces": {
				"north": {"uv": [0, 0, 8.8, 4], "rotation": 180, "texture": "#1"},
				"east": {"uv": [0, 0, 3, 4], "rotation": 180, "texture": "#1"},
				"south": {"uv": [0, 0, 8.8, 4], "rotation": 180, "texture": "#1"},
				"west": {"uv": [0, 0, 3, 4], "rotation": 180, "texture": "#1"},
				"up": {"uv": [0, 0, 8.8, 3], "texture": "#1"},
				"down": {"uv": [0, 0, 8.8, 3], "texture": "#1"}
			}
		},
		{
			"from": [4.5, 5.5, 19.5],
			"to": [11.5, 9.5, 21.5],
			"rotation": {"angle": -45, "axis": "x", "origin": [7, 8, 8]},
			"faces": {
				"north": {"uv": [0, 0, 7, 4], "rotation": 180, "texture": "#1"},
				"east": {"uv": [0, 0, 2, 4], "rotation": 180, "texture": "#1"},
				"south": {"uv": [0, 0, 7, 4], "rotation": 180, "texture": "#1"},
				"west": {"uv": [0, 0, 2, 4], "rotation": 180, "texture": "#1"},
				"up": {"uv": [0, 0, 7, 2], "texture": "#1"},
				"down": {"uv": [0, 0, 7, 2], "texture": "#1"}
			}
		},
		{
			"from": [5.5, 8.75139, 18.91622],
			"to": [10.5, 12.75139, 21.91622],
			"rotation": {"angle": -22.5, "axis": "x", "origin": [7, 8.25139, 7.41622]},
			"faces": {
				"north": {"uv": [0, 0, 5, 4], "rotation": 180, "texture": "#1"},
				"east": {"uv": [0, 0, 3, 4], "rotation": 180, "texture": "#1"},
				"south": {"uv": [0, 0, 5, 4], "rotation": 180, "texture": "#1"},
				"west": {"uv": [0, 0, 3, 4], "rotation": 180, "texture": "#1"},
				"up": {"uv": [0, 0, 5, 3], "texture": "#1"},
				"down": {"uv": [0, 0, 5, 3], "texture": "#1"}
			}
		},
		{
			"from": [5.5, 4.10538, 18.10032],
			"to": [9.5, 8.10538, 21.10032],
			"rotation": {"angle": -45, "axis": "x", "origin": [5, 8.60538, 8.60032]},
			"faces": {
				"north": {"uv": [0, 0, 4, 4], "rotation": 180, "texture": "#1"},
				"east": {"uv": [0, 0, 3, 4], "rotation": 180, "texture": "#1"},
				"south": {"uv": [0, 0, 4, 4], "rotation": 180, "texture": "#1"},
				"west": {"uv": [0, 0, 3, 4], "rotation": 180, "texture": "#1"},
				"up": {"uv": [0, 0, 4, 3], "texture": "#1"},
				"down": {"uv": [0, 0, 4, 3], "texture": "#1"}
			}
		},
		{
			"from": [6.5, 10.26224, 18.62113],
			"to": [9.5, 14.26224, 20.62113],
			"rotation": {"angle": 0, "axis": "x", "origin": [9, 11.26224, 20.12113]},
			"faces": {
				"north": {"uv": [0, 0, 3, 4], "rotation": 180, "texture": "#1"},
				"east": {"uv": [0, 0, 2, 4], "rotation": 180, "texture": "#1"},
				"south": {"uv": [0, 0, 3, 4], "rotation": 180, "texture": "#1"},
				"west": {"uv": [0, 0, 2, 4], "rotation": 180, "texture": "#1"},
				"up": {"uv": [0, 0, 3, 2], "texture": "#1"},
				"down": {"uv": [0, 0, 3, 2], "texture": "#1"}
			}
		},
		{
			"from": [7.5, 9.26224, 19.12113],
			"to": [8.5, 10.26224, 20.12113],
			"rotation": {"angle": 0, "axis": "x", "origin": [6, 11.26224, 20.62113]},
			"faces": {
				"north": {"uv": [0, 0, 1, 1], "rotation": 180, "texture": "#1"},
				"east": {"uv": [0, 0, 1, 1], "rotation": 180, "texture": "#1"},
				"south": {"uv": [0, 0, 1, 1], "rotation": 180, "texture": "#1"},
				"west": {"uv": [0, 0, 1, 1], "rotation": 180, "texture": "#1"},
				"up": {"uv": [0, 0, 1, 1], "texture": "#1"},
				"down": {"uv": [0, 0, 1, 1], "texture": "#1"}
			}
		},
		{
			"from": [2.6, 7.48305, 5.57969],
			"to": [13.4, 17.48305, 15.07969],
			"rotation": {"angle": 22.5, "axis": "x", "origin": [5, 7.98305, 8.07969]},
			"faces": {
				"north": {"uv": [0, 0, 10.8, 10], "texture": "#1"},
				"east": {"uv": [0, 0, 9.5, 10], "texture": "#1"},
				"south": {"uv": [0, 0, 10.8, 10], "texture": "#1"},
				"west": {"uv": [0, 0, 9.5, 10], "texture": "#1"},
				"up": {"uv": [0, 0, 10.8, 9.5], "texture": "#1"},
				"down": {"uv": [0, 0, 10.8, 9.5], "texture": "#1"}
			}
		},
		{
			"from": [7.35, 7.35, 18.08076],
			"to": [8.65, 8.65, 19.38076],
			"rotation": {"angle": 0, "axis": "y", "origin": [8, 8, 19.65]},
			"faces": {
				"north": {"uv": [0, 0, 1, 1], "texture": "#2"},
				"east": {"uv": [0, 0, 1, 1], "texture": "#2"},
				"south": {"uv": [0, 0, 1, 1], "texture": "#2"},
				"west": {"uv": [0, 0, 1, 1], "texture": "#2"},
				"up": {"uv": [0, 0, 1, 1], "texture": "#2"},
				"down": {"uv": [0, 0, 1, 1], "texture": "#2"}
			}
		},
		{
			"from": [8.26924, 7.35, 19],
			"to": [9.56924, 8.65, 20.3],
			"rotation": {"angle": 0, "axis": "y", "origin": [8, 8, 19.65]},
			"faces": {
				"north": {"uv": [0, 0, 1, 1], "texture": "#2"},
				"east": {"uv": [0, 0, 1, 1], "texture": "#2"},
				"south": {"uv": [0, 0, 1, 1], "texture": "#2"},
				"west": {"uv": [0, 0, 1, 1], "texture": "#2"},
				"up": {"uv": [0, 0, 1, 1], "texture": "#2"},
				"down": {"uv": [0, 0, 1, 1], "texture": "#2"}
			}
		},
		{
			"from": [7.35, 6.43076, 19],
			"to": [8.65, 7.73076, 20.3],
			"rotation": {"angle": 0, "axis": "y", "origin": [8, 8, 19.65]},
			"faces": {
				"north": {"uv": [0, 0, 1, 1], "texture": "#2"},
				"east": {"uv": [0, 0, 1, 1], "texture": "#2"},
				"south": {"uv": [0, 0, 1, 1], "texture": "#2"},
				"west": {"uv": [0, 0, 1, 1], "texture": "#2"},
				"up": {"uv": [0, 0, 1, 1], "texture": "#2"},
				"down": {"uv": [0, 0, 1, 1], "texture": "#2"}
			}
		},
		{
			"from": [7.35, 8.26924, 19],
			"to": [8.65, 9.56924, 20.3],
			"rotation": {"angle": 0, "axis": "y", "origin": [8, 8, 19.65]},
			"faces": {
				"north": {"uv": [0, 0, 1, 1], "texture": "#2"},
				"east": {"uv": [0, 0, 1, 1], "texture": "#2"},
				"south": {"uv": [0, 0, 1, 1], "texture": "#2"},
				"west": {"uv": [0, 0, 1, 1], "texture": "#2"},
				"up": {"uv": [0, 0, 1, 1], "texture": "#2"},
				"down": {"uv": [0, 0, 1, 1], "texture": "#2"}
			}
		},
		{
			"from": [6.43076, 7.35, 19],
			"to": [7.73076, 8.65, 20.3],
			"rotation": {"angle": 45, "axis": "z", "origin": [8, 8, 19.65]},
			"faces": {
				"north": {"uv": [0, 0, 1, 1], "texture": "#2"},
				"east": {"uv": [0, 0, 1, 1], "texture": "#2"},
				"south": {"uv": [0, 0, 1, 1], "texture": "#2"},
				"west": {"uv": [0, 0, 1, 1], "texture": "#2"},
				"up": {"uv": [0, 0, 1, 1], "texture": "#2"},
				"down": {"uv": [0, 0, 1, 1], "texture": "#2"}
			}
		},
		{
			"from": [7.35, 6.43076, 19],
			"to": [8.65, 7.73076, 20.3],
			"rotation": {"angle": 45, "axis": "z", "origin": [8, 8, 19.65]},
			"faces": {
				"north": {"uv": [0, 0, 1, 1], "texture": "#2"},
				"east": {"uv": [0, 0, 1, 1], "texture": "#2"},
				"south": {"uv": [0, 0, 1, 1], "texture": "#2"},
				"west": {"uv": [0, 0, 1, 1], "texture": "#2"},
				"up": {"uv": [0, 0, 1, 1], "texture": "#2"},
				"down": {"uv": [0, 0, 1, 1], "texture": "#2"}
			}
		},
		{
			"from": [7.35, 8.26924, 19],
			"to": [8.65, 9.56924, 20.3],
			"rotation": {"angle": 45, "axis": "z", "origin": [8, 8, 19.65]},
			"faces": {
				"north": {"uv": [0, 0, 1, 1], "texture": "#2"},
				"east": {"uv": [0, 0, 1, 1], "texture": "#2"},
				"south": {"uv": [0, 0, 1, 1], "texture": "#2"},
				"west": {"uv": [0, 0, 1, 1], "texture": "#2"},
				"up": {"uv": [0, 0, 1, 1], "texture": "#2"},
				"down": {"uv": [0, 0, 1, 1], "texture": "#2"}
			}
		},
		{
			"from": [8.26924, 7.35, 19],
			"to": [9.56924, 8.65, 20.3],
			"rotation": {"angle": 45, "axis": "z", "origin": [8, 8, 19.65]},
			"faces": {
				"north": {"uv": [0, 0, 1, 1], "texture": "#2"},
				"east": {"uv": [0, 0, 1, 1], "texture": "#2"},
				"south": {"uv": [0, 0, 1, 1], "texture": "#2"},
				"west": {"uv": [0, 0, 1, 1], "texture": "#2"},
				"up": {"uv": [0, 0, 1, 1], "texture": "#2"},
				"down": {"uv": [0, 0, 1, 1], "texture": "#2"}
			}
		},
		{
			"from": [6.43076, 7.35, 19],
			"to": [7.73076, 8.65, 20.3],
			"rotation": {"angle": 0, "axis": "y", "origin": [8, 8, 19.65]},
			"faces": {
				"north": {"uv": [0, 0, 1, 1], "texture": "#2"},
				"east": {"uv": [0, 0, 1, 1], "texture": "#2"},
				"south": {"uv": [0, 0, 1, 1], "texture": "#2"},
				"west": {"uv": [0, 0, 1, 1], "texture": "#2"},
				"up": {"uv": [0, 0, 1, 1], "texture": "#2"},
				"down": {"uv": [0, 0, 1, 1], "texture": "#2"}
			}
		},
		{
			"from": [8.26924, 7.35, 19],
			"to": [9.56924, 8.65, 20.3],
			"rotation": {"angle": 45, "axis": "y", "origin": [8, 8, 19.65]},
			"faces": {
				"north": {"uv": [0, 0, 1, 1], "texture": "#2"},
				"east": {"uv": [0, 0, 1, 1], "texture": "#2"},
				"south": {"uv": [0, 0, 1, 1], "texture": "#2"},
				"west": {"uv": [0, 0, 1, 1], "texture": "#2"},
				"up": {"uv": [0, 0, 1, 1], "texture": "#2"},
				"down": {"uv": [0, 0, 1, 1], "texture": "#2"}
			}
		},
		{
			"from": [7.35, 7.35, 18.08076],
			"to": [8.65, 8.65, 19.38076],
			"rotation": {"angle": 45, "axis": "x", "origin": [8, 8, 19.65]},
			"faces": {
				"north": {"uv": [0, 0, 1, 1], "texture": "#2"},
				"east": {"uv": [0, 0, 1, 1], "texture": "#2"},
				"south": {"uv": [0, 0, 1, 1], "texture": "#2"},
				"west": {"uv": [0, 0, 1, 1], "texture": "#2"},
				"up": {"uv": [0, 0, 1, 1], "texture": "#2"},
				"down": {"uv": [0, 0, 1, 1], "texture": "#2"}
			}
		},
		{
			"from": [7.35, 6.43076, 19],
			"to": [8.65, 7.73076, 20.3],
			"rotation": {"angle": 45, "axis": "x", "origin": [8, 8, 19.65]},
			"faces": {
				"north": {"uv": [0, 1, 1, 2], "rotation": 270, "texture": "#2"},
				"east": {"uv": [0, 1, 1, 2], "rotation": 90, "texture": "#2"},
				"south": {"uv": [0, 1, 1, 2], "rotation": 90, "texture": "#2"},
				"west": {"uv": [0, 1, 1, 2], "rotation": 90, "texture": "#2"},
				"up": {"uv": [0, 1, 1, 2], "rotation": 90, "texture": "#2"},
				"down": {"uv": [0, 1, 1, 2], "rotation": 90, "texture": "#2"}
			}
		},
		{
			"from": [7.35, 7.35, 18.08076],
			"to": [8.65, 8.65, 19.38076],
			"rotation": {"angle": 45, "axis": "y", "origin": [8, 8, 19.65]},
			"faces": {
				"north": {"uv": [0, 1, 1, 2], "rotation": 270, "texture": "#2"},
				"east": {"uv": [0, 1, 1, 2], "rotation": 90, "texture": "#2"},
				"south": {"uv": [0, 1, 1, 2], "rotation": 90, "texture": "#2"},
				"west": {"uv": [0, 1, 1, 2], "rotation": 90, "texture": "#2"},
				"up": {"uv": [0, 1, 1, 2], "rotation": 90, "texture": "#2"},
				"down": {"uv": [0, 1, 1, 2], "rotation": 90, "texture": "#2"}
			}
		},
		{
			"from": [7.35, 7.35, 19.91924],
			"to": [8.65, 8.65, 21.21924],
			"rotation": {"angle": 0, "axis": "y", "origin": [8, 8, 19.65]},
			"faces": {
				"north": {"uv": [1, 0, 2, 1], "texture": "#2"},
				"east": {"uv": [1, 0, 2, 1], "texture": "#2"},
				"south": {"uv": [1, 0, 2, 1], "texture": "#2"},
				"west": {"uv": [1, 0, 2, 1], "texture": "#2"},
				"up": {"uv": [0, 1, 1, 2], "texture": "#2"},
				"down": {"uv": [0, 1, 1, 2], "texture": "#2"}
			}
		},
		{
			"from": [7.35, 7.35, 19.91924],
			"to": [8.65, 8.65, 21.21924],
			"rotation": {"angle": -45, "axis": "x", "origin": [8, 8, 19.65]},
			"faces": {
				"north": {"uv": [1, 0, 2, 1], "texture": "#2"},
				"east": {"uv": [1, 0, 2, 1], "texture": "#2"},
				"south": {"uv": [1, 0, 2, 1], "texture": "#2"},
				"west": {"uv": [1, 0, 2, 1], "texture": "#2"},
				"up": {"uv": [0, 1, 1, 2], "texture": "#2"},
				"down": {"uv": [0, 1, 1, 2], "texture": "#2"}
			}
		},
		{
			"from": [8.26924, 7.35, 19],
			"to": [9.56924, 8.65, 20.3],
			"rotation": {"angle": -45, "axis": "y", "origin": [8, 8, 19.65]},
			"faces": {
				"north": {"uv": [1, 0, 2, 1], "texture": "#2"},
				"east": {"uv": [1, 0, 2, 1], "texture": "#2"},
				"south": {"uv": [1, 0, 2, 1], "texture": "#2"},
				"west": {"uv": [1, 0, 2, 1], "texture": "#2"},
				"up": {"uv": [0, 1, 1, 2], "texture": "#2"},
				"down": {"uv": [0, 1, 1, 2], "texture": "#2"}
			}
		},
		{
			"from": [7.35, 7.35, 19.91924],
			"to": [8.65, 8.65, 21.21924],
			"rotation": {"angle": -45, "axis": "y", "origin": [8, 8, 19.65]},
			"faces": {
				"north": {"uv": [0, 2, 1, 3], "rotation": 90, "texture": "#2"},
				"east": {"uv": [0, 2, 1, 3], "rotation": 90, "texture": "#2"},
				"south": {"uv": [0, 2, 1, 3], "rotation": 270, "texture": "#2"},
				"west": {"uv": [0, 2, 1, 3], "rotation": 90, "texture": "#2"},
				"up": {"uv": [1, 1, 2, 2], "rotation": 90, "texture": "#2"},
				"down": {"uv": [1, 1, 2, 2], "rotation": 90, "texture": "#2"}
			}
		},
		{
			"from": [7.35, 6.43076, 19],
			"to": [8.65, 7.73076, 20.3],
			"rotation": {"angle": -45, "axis": "x", "origin": [8, 8, 19.65]},
			"faces": {
				"north": {"uv": [0, 2, 1, 3], "rotation": 90, "texture": "#2"},
				"east": {"uv": [0, 2, 1, 3], "rotation": 90, "texture": "#2"},
				"south": {"uv": [0, 2, 1, 3], "rotation": 270, "texture": "#2"},
				"west": {"uv": [0, 2, 1, 3], "rotation": 90, "texture": "#2"},
				"up": {"uv": [1, 1, 2, 2], "rotation": 90, "texture": "#2"},
				"down": {"uv": [1, 1, 2, 2], "rotation": 90, "texture": "#2"}
			}
		}
	],
	"display": {
		"thirdperson_righthand": {
			"scale": [0.3, 0.3, 0.3]
		},
		"thirdperson_lefthand": {
			"scale": [0.3, 0.3, 0.3]
		},
		"firstperson_righthand": {
			"scale": [0.3, 0.3, 0.3]
		},
		"firstperson_lefthand": {
			"scale": [0.3, 0.3, 0.3]
		},
		"ground": {
			"scale": [0.5, 0.5, 0.5]
		},
		"gui": {
			"rotation": [0, 90, 0],
			"translation": [-1.5, -3.75, 0],
			"scale": [0.7, 0.7, 0.7]
		},
		"head": {
			"translation": [0, 3, 1.5]
		},
		"fixed": {
			"rotation": [-115, 0, 0],
			"translation": [0, 0, -1.25]
		}
	}
}