{
	"textures": {
		"0": "block/red_shulker_box",
		"1": "block/brown_concrete",
		"2": "block/white_wool",
		"particle": "block/red_shulker_box"
	},
	"elements": [
		{
			"from": [7.5, 0.05224, 3.73463],
			"to": [8.5, 2.15224, 12.96537],
			"rotation": {"angle": 0, "axis": "y", "origin": [8, 5.65224, 7.23463]},
			"faces": {
				"north": {"uv": [0, 0, 16, 16], "texture": "#1"},
				"east": {"uv": [0, 0, 16, 16], "texture": "#1"},
				"south": {"uv": [0, 0, 16, 16], "texture": "#1"},
				"west": {"uv": [0, 0, 16, 16], "texture": "#1"},
				"up": {"uv": [0, 0, 16, 16], "texture": "#1"},
				"down": {"uv": [0, 0, 16, 16], "texture": "#1"}
			}
		},
		{
			"from": [6.89419, 0.15224, 4.8076],
			"to": [8.89419, 2.15224, 7.8076],
			"rotation": {"angle": -22.5, "axis": "y", "origin": [10.39419, 5.65224, 8.3076]},
			"faces": {
				"north": {"uv": [0, 0, 16, 16], "texture": "#1"},
				"east": {"uv": [0, 0, 16, 16], "texture": "#1"},
				"south": {"uv": [0, 0, 16, 16], "texture": "#1"},
				"west": {"uv": [0, 0, 16, 16], "texture": "#1"},
				"up": {"uv": [0, 0, 16, 16], "texture": "#1"},
				"down": {"uv": [0, 0, 16, 16], "texture": "#1"}
			}
		},
		{
			"from": [9.57089, -0.04776, 5.64909],
			"to": [11.57089, 2.15224, 7.64909],
			"rotation": {"angle": 22.5, "axis": "y", "origin": [8.07089, 5.65224, 8.14909]},
			"faces": {
				"north": {"uv": [0, 0, 16, 16], "rotation": 90, "texture": "#1"},
				"east": {"uv": [0, 0, 16, 16], "rotation": 90, "texture": "#1"},
				"south": {"uv": [0, 0, 16, 16], "rotation": 90, "texture": "#1"},
				"west": {"uv": [0, 0, 16, 16], "rotation": 90, "texture": "#1"},
				"up": {"uv": [0, 0, 16, 16], "rotation": 90, "texture": "#1"},
				"down": {"uv": [0, 0, 16, 16], "rotation": 90, "texture": "#1"}
			}
		},
		{
			"from": [9.27089, 2.15224, 6.04909],
			"to": [11.27089, 3.15224, 7.74909],
			"rotation": {"angle": 22.5, "axis": "y", "origin": [7.77089, 6.65224, 8.54909]},
			"faces": {
				"north": {"uv": [0, 0, 16, 16], "rotation": 90, "texture": "#1"},
				"east": {"uv": [0, 0, 16, 16], "rotation": 90, "texture": "#1"},
				"south": {"uv": [0, 0, 16, 16], "rotation": 90, "texture": "#1"},
				"west": {"uv": [0, 0, 16, 16], "rotation": 90, "texture": "#1"},
				"up": {"uv": [0, 0, 16, 16], "rotation": 90, "texture": "#1"},
				"down": {"uv": [0, 0, 16, 16], "rotation": 90, "texture": "#1"}
			}
		},
		{
			"from": [6.59419, 2.15224, 5.2076],
			"to": [8.59419, 3.15224, 7.2076],
			"rotation": {"angle": -22.5, "axis": "y", "origin": [10.09419, 6.65224, 8.7076]},
			"faces": {
				"north": {"uv": [0, 0, 16, 16], "texture": "#1"},
				"east": {"uv": [0, 0, 16, 16], "texture": "#1"},
				"south": {"uv": [0, 0, 16, 16], "texture": "#1"},
				"west": {"uv": [0, 0, 16, 16], "texture": "#1"},
				"up": {"uv": [0, 0, 16, 16], "texture": "#1"},
				"down": {"uv": [0, 0, 16, 16], "texture": "#1"}
			}
		},
		{
			"from": [7.5, 4.07297, 2.89419],
			"to": [8.5, 5.07297, 4.89419],
			"rotation": {"angle": -22.5, "axis": "x", "origin": [8, 8.57297, 6.39419]},
			"faces": {
				"north": {"uv": [0, 0, 16, 16], "texture": "#1"},
				"east": {"uv": [0, 0, 16, 16], "texture": "#1"},
				"south": {"uv": [0, 0, 16, 16], "texture": "#1"},
				"west": {"uv": [0, 0, 16, 16], "texture": "#1"},
				"up": {"uv": [0, 0, 16, 16], "texture": "#1"},
				"down": {"uv": [0, 0, 16, 16], "texture": "#1"}
			}
		},
		{
			"from": [5.58579, 2, 4.53553],
			"to": [8.19891, 4, 6.53553],
			"rotation": {"angle": -45, "axis": "y", "origin": [7.08579, 7.5, 8.03553]},
			"faces": {
				"north": {"uv": [0, 0, 16, 16], "texture": "#1"},
				"east": {"uv": [0, 0, 16, 16], "texture": "#1"},
				"south": {"uv": [0, 0, 16, 16], "texture": "#1"},
				"west": {"uv": [0, 0, 16, 16], "texture": "#1"},
				"up": {"uv": [0, 0, 16, 16], "texture": "#1"},
				"down": {"uv": [0, 0, 16, 16], "texture": "#1"}
			}
		},
		{
			"from": [7.5, 3.76537, 6.34776],
			"to": [8.5, 4.76537, 10.34776],
			"rotation": {"angle": 0, "axis": "y", "origin": [8, 8.26537, 9.84776]},
			"faces": {
				"north": {"uv": [0, 0, 16, 16], "texture": "#1"},
				"east": {"uv": [0, 0, 16, 16], "texture": "#1"},
				"south": {"uv": [0, 0, 16, 16], "texture": "#1"},
				"west": {"uv": [0, 0, 16, 16], "texture": "#1"},
				"up": {"uv": [0, 0, 16, 16], "texture": "#1"},
				"down": {"uv": [0, 0, 16, 16], "texture": "#1"}
			}
		},
		{
			"from": [9.57297, 2.15955, 6.34776],
			"to": [11.57297, 3.15955, 10.34776],
			"rotation": {"angle": -22.5, "axis": "z", "origin": [13.07297, 6.65955, 9.84776]},
			"faces": {
				"north": {"uv": [0, 0, 16, 16], "texture": "#1"},
				"east": {"uv": [0, 0, 16, 16], "texture": "#1"},
				"south": {"uv": [0, 0, 16, 16], "texture": "#1"},
				"west": {"uv": [0, 0, 16, 16], "texture": "#1"},
				"up": {"uv": [0, 0, 16, 16], "texture": "#1"},
				"down": {"uv": [0, 0, 16, 16], "texture": "#1"}
			}
		},
		{
			"from": [10.42073, 3.60581, 6.34776],
			"to": [11.42073, 5.60581, 10.34776],
			"rotation": {"angle": 22.5, "axis": "z", "origin": [14.92073, 2.10581, 9.84776]},
			"faces": {
				"north": {"uv": [0, 0, 16, 16], "rotation": 90, "texture": "#1"},
				"east": {"uv": [0, 0, 16, 16], "rotation": 90, "texture": "#1"},
				"south": {"uv": [0, 0, 16, 16], "rotation": 90, "texture": "#1"},
				"west": {"uv": [0, 0, 16, 16], "rotation": 90, "texture": "#1"},
				"up": {"uv": [0, 0, 16, 16], "rotation": 90, "texture": "#1"},
				"down": {"uv": [0, 0, 16, 16], "rotation": 90, "texture": "#1"}
			}
		},
		{
			"from": [7.5, 3.60581, 3.42703],
			"to": [8.5, 5.60581, 5.42703],
			"rotation": {"angle": 22.5, "axis": "x", "origin": [8, 2.10581, -0.07297]},
			"faces": {
				"north": {"uv": [0, 0, 16, 16], "texture": "#1"},
				"east": {"uv": [0, 0, 16, 16], "texture": "#1"},
				"south": {"uv": [0, 0, 16, 16], "texture": "#1"},
				"west": {"uv": [0, 0, 16, 16], "texture": "#1"},
				"up": {"uv": [0, 0, 16, 16], "texture": "#1"},
				"down": {"uv": [0, 0, 16, 16], "texture": "#1"}
			}
		},
		{
			"from": [7.5, 3.60581, 11.27297],
			"to": [8.5, 5.60581, 13.27297],
			"rotation": {"angle": -22.5, "axis": "x", "origin": [8, 2.10581, 16.77297]},
			"faces": {
				"north": {"uv": [0, 0, 16, 16], "texture": "#1"},
				"east": {"uv": [0, 0, 16, 16], "texture": "#1"},
				"south": {"uv": [0, 0, 16, 16], "texture": "#1"},
				"west": {"uv": [0, 0, 16, 16], "texture": "#1"},
				"up": {"uv": [0, 0, 16, 16], "texture": "#1"},
				"down": {"uv": [0, 0, 16, 16], "texture": "#1"}
			}
		},
		{
			"from": [7.5, 4.07297, 11.80581],
			"to": [8.5, 5.07297, 13.80581],
			"rotation": {"angle": 22.5, "axis": "x", "origin": [8, 8.57297, 10.30581]},
			"faces": {
				"north": {"uv": [0, 0, 16, 16], "texture": "#1"},
				"east": {"uv": [0, 0, 16, 16], "texture": "#1"},
				"south": {"uv": [0, 0, 16, 16], "texture": "#1"},
				"west": {"uv": [0, 0, 16, 16], "texture": "#1"},
				"up": {"uv": [0, 0, 16, 16], "texture": "#1"},
				"down": {"uv": [0, 0, 16, 16], "texture": "#1"}
			}
		},
		{
			"from": [6.89419, 0.15224, 8.8924],
			"to": [8.89419, 2.15224, 11.8924],
			"rotation": {"angle": 22.5, "axis": "y", "origin": [10.39419, 5.65224, 8.3924]},
			"faces": {
				"north": {"uv": [0, 0, 16, 16], "texture": "#1"},
				"east": {"uv": [0, 0, 16, 16], "texture": "#1"},
				"south": {"uv": [0, 0, 16, 16], "texture": "#1"},
				"west": {"uv": [0, 0, 16, 16], "texture": "#1"},
				"up": {"uv": [0, 0, 16, 16], "texture": "#1"},
				"down": {"uv": [0, 0, 16, 16], "texture": "#1"}
			}
		},
		{
			"from": [9.57089, 0.05224, 9.05091],
			"to": [11.57089, 2.15224, 11.05091],
			"rotation": {"angle": -22.5, "axis": "y", "origin": [8.07089, 5.65224, 8.55091]},
			"faces": {
				"north": {"uv": [0, 0, 16, 16], "rotation": 90, "texture": "#1"},
				"east": {"uv": [0, 0, 16, 16], "rotation": 90, "texture": "#1"},
				"south": {"uv": [0, 0, 16, 16], "rotation": 90, "texture": "#1"},
				"west": {"uv": [0, 0, 16, 16], "rotation": 90, "texture": "#1"},
				"up": {"uv": [0, 0, 16, 16], "rotation": 90, "texture": "#1"},
				"down": {"uv": [0, 0, 16, 16], "rotation": 90, "texture": "#1"}
			}
		},
		{
			"from": [5.58579, 2, 10.16447],
			"to": [8.19891, 4, 12.16447],
			"rotation": {"angle": 45, "axis": "y", "origin": [7.08579, 7.5, 8.66447]},
			"faces": {
				"north": {"uv": [0, 0, 16, 16], "texture": "#1"},
				"east": {"uv": [0, 0, 16, 16], "texture": "#1"},
				"south": {"uv": [0, 0, 16, 16], "texture": "#1"},
				"west": {"uv": [0, 0, 16, 16], "texture": "#1"},
				"up": {"uv": [0, 0, 16, 16], "texture": "#1"},
				"down": {"uv": [0, 0, 16, 16], "texture": "#1"}
			}
		},
		{
			"from": [6.59419, 2.15224, 9.4924],
			"to": [8.59419, 3.15224, 11.4924],
			"rotation": {"angle": 22.5, "axis": "y", "origin": [10.09419, 6.65224, 7.9924]},
			"faces": {
				"north": {"uv": [0, 0, 16, 16], "texture": "#1"},
				"east": {"uv": [0, 0, 16, 16], "texture": "#1"},
				"south": {"uv": [0, 0, 16, 16], "texture": "#1"},
				"west": {"uv": [0, 0, 16, 16], "texture": "#1"},
				"up": {"uv": [0, 0, 16, 16], "texture": "#1"},
				"down": {"uv": [0, 0, 16, 16], "texture": "#1"}
			}
		},
		{
			"from": [9.27089, 2.15224, 8.95091],
			"to": [11.27089, 3.15224, 10.65091],
			"rotation": {"angle": -22.5, "axis": "y", "origin": [7.77089, 6.65224, 8.15091]},
			"faces": {
				"north": {"uv": [0, 0, 16, 16], "rotation": 90, "texture": "#1"},
				"east": {"uv": [0, 0, 16, 16], "rotation": 90, "texture": "#1"},
				"south": {"uv": [0, 0, 16, 16], "rotation": 90, "texture": "#1"},
				"west": {"uv": [0, 0, 16, 16], "rotation": 90, "texture": "#1"},
				"up": {"uv": [0, 0, 16, 16], "rotation": 90, "texture": "#1"},
				"down": {"uv": [0, 0, 16, 16], "rotation": 90, "texture": "#1"}
			}
		},
		{
			"from": [9.15671, -0.15671, 3.5],
			"to": [11.15671, 1.34329, 6.5],
			"rotation": {"angle": 22.5, "axis": "y", "origin": [11.15671, 0.54329, 5]},
			"faces": {
				"north": {"uv": [0, 0, 16, 16], "texture": "#1"},
				"east": {"uv": [0, 0, 16, 16], "texture": "#1"},
				"south": {"uv": [0, 0, 16, 16], "texture": "#1"},
				"west": {"uv": [0, 0, 16, 16], "texture": "#1"},
				"up": {"uv": [0, 0, 16, 16], "texture": "#1"},
				"down": {"uv": [0, 0, 16, 16], "texture": "#1"}
			}
		},
		{
			"from": [8.58268, -0.15671, 3.61418],
			"to": [10.58268, 1.24329, 5.61418],
			"rotation": {"angle": 0, "axis": "y", "origin": [9.08268, 0.54329, 3.61418]},
			"faces": {
				"north": {"uv": [0, 0, 16, 16], "rotation": 270, "texture": "#1"},
				"east": {"uv": [0, 0, 16, 16], "rotation": 270, "texture": "#1"},
				"south": {"uv": [0, 0, 16, 16], "rotation": 270, "texture": "#1"},
				"west": {"uv": [0, 0, 16, 16], "rotation": 270, "texture": "#1"},
				"up": {"uv": [0, 0, 16, 16], "rotation": 270, "texture": "#1"},
				"down": {"uv": [0, 0, 16, 16], "rotation": 270, "texture": "#1"}
			}
		},
		{
			"from": [10.6, 1, 8.5],
			"to": [11.7, 2, 13.5],
			"rotation": {"angle": -22.5, "axis": "x", "origin": [11.6, 1, 11]},
			"faces": {
				"north": {"uv": [0, 0, 16, 16], "texture": "#1"},
				"east": {"uv": [0, 0, 16, 16], "texture": "#1"},
				"south": {"uv": [0, 0, 16, 16], "texture": "#1"},
				"west": {"uv": [0, 0, 16, 16], "texture": "#1"},
				"up": {"uv": [0, 0, 16, 16], "texture": "#1"},
				"down": {"uv": [0, 0, 16, 16], "texture": "#1"}
			}
		},
		{
			"from": [11.6, 1.45355, 9.05355],
			"to": [12.3, 1.95355, 13.12967],
			"rotation": {"angle": -22.5, "axis": "x", "origin": [12.6, 0.95355, 11.55355]},
			"faces": {
				"north": {"uv": [0, 0, 16, 16], "texture": "#1"},
				"east": {"uv": [0, 0, 16, 16], "texture": "#1"},
				"south": {"uv": [0, 0, 16, 16], "texture": "#1"},
				"west": {"uv": [0, 0, 16, 16], "texture": "#1"},
				"up": {"uv": [0, 0, 16, 16], "texture": "#1"},
				"down": {"uv": [0, 0, 16, 16], "texture": "#1"}
			}
		},
		{
			"from": [10.6, 2.02783, 8.28249],
			"to": [11.6, 3.02783, 10.28249],
			"rotation": {"angle": -45, "axis": "x", "origin": [11.6, 2.02783, 10.78249]},
			"faces": {
				"north": {"uv": [0, 0, 16, 16], "texture": "#1"},
				"east": {"uv": [0, 0, 16, 16], "texture": "#1"},
				"south": {"uv": [0, 0, 16, 16], "texture": "#1"},
				"west": {"uv": [0, 0, 16, 16], "texture": "#1"},
				"up": {"uv": [0, 0, 16, 16], "texture": "#1"},
				"down": {"uv": [0, 0, 16, 16], "texture": "#1"}
			}
		},
		{
			"from": [10.6, 2.14805, 9.96716],
			"to": [11.7, 3.14805, 11.27164],
			"rotation": {"angle": -22.5, "axis": "x", "origin": [11.6, 2.14805, 11.77164]},
			"faces": {
				"north": {"uv": [0, 0, 16, 16], "texture": "#1"},
				"east": {"uv": [0, 0, 16, 16], "texture": "#1"},
				"south": {"uv": [0, 0, 16, 16], "texture": "#1"},
				"west": {"uv": [0, 0, 16, 16], "texture": "#1"},
				"up": {"uv": [0, 0, 16, 16], "texture": "#1"},
				"down": {"uv": [0, 0, 16, 16], "texture": "#1"}
			}
		},
		{
			"from": [10.6, 1.88059, 10.92702],
			"to": [11.6, 2.88059, 12.92702],
			"rotation": {"angle": 0, "axis": "y", "origin": [11.6, 1.88059, 13.42702]},
			"faces": {
				"north": {"uv": [0, 0, 16, 16], "texture": "#1"},
				"east": {"uv": [0, 0, 16, 16], "texture": "#1"},
				"south": {"uv": [0, 0, 16, 16], "texture": "#1"},
				"west": {"uv": [0, 0, 16, 16], "texture": "#1"},
				"up": {"uv": [0, 0, 16, 16], "texture": "#1"},
				"down": {"uv": [0, 0, 16, 16], "texture": "#1"}
			}
		},
		{
			"from": [11.6, 2.02783, 8.98249],
			"to": [12.1, 2.62783, 10.48249],
			"rotation": {"angle": -45, "axis": "x", "origin": [12.6, 1.62783, 10.98249]},
			"faces": {
				"north": {"uv": [0, 0, 16, 16], "texture": "#1"},
				"east": {"uv": [0, 0, 16, 16], "texture": "#1"},
				"south": {"uv": [0, 0, 16, 16], "texture": "#1"},
				"west": {"uv": [0, 0, 16, 16], "texture": "#1"},
				"up": {"uv": [0, 0, 16, 16], "texture": "#1"},
				"down": {"uv": [0, 0, 16, 16], "texture": "#1"}
			}
		},
		{
			"from": [11.6, 2.14805, 10.16716],
			"to": [12.2, 2.74805, 11.47164],
			"rotation": {"angle": -22.5, "axis": "x", "origin": [12.6, 1.74805, 11.97164]},
			"faces": {
				"north": {"uv": [0, 0, 16, 16], "texture": "#1"},
				"east": {"uv": [0, 0, 16, 16], "texture": "#1"},
				"south": {"uv": [0, 0, 16, 16], "texture": "#1"},
				"west": {"uv": [0, 0, 16, 16], "texture": "#1"},
				"up": {"uv": [0, 0, 16, 16], "texture": "#1"},
				"down": {"uv": [0, 0, 16, 16], "texture": "#1"}
			}
		},
		{
			"from": [11.6, 1.88059, 11.12702],
			"to": [12.1, 2.48059, 12.62702],
			"rotation": {"angle": 0, "axis": "y", "origin": [12.6, 1.48059, 13.62702]},
			"faces": {
				"north": {"uv": [0, 0, 16, 16], "texture": "#1"},
				"east": {"uv": [0, 0, 16, 16], "texture": "#1"},
				"south": {"uv": [0, 0, 16, 16], "texture": "#1"},
				"west": {"uv": [0, 0, 16, 16], "texture": "#1"},
				"up": {"uv": [0, 0, 16, 16], "texture": "#1"},
				"down": {"uv": [0, 0, 16, 16], "texture": "#1"}
			}
		},
		{
			"from": [11.6, 0.31154, 11.19704],
			"to": [12.1, 0.91154, 12.69704],
			"rotation": {"angle": -45, "axis": "x", "origin": [12.6, 1.31154, 10.69704]},
			"faces": {
				"north": {"uv": [0, 0, 16, 16], "texture": "#1"},
				"east": {"uv": [0, 0, 16, 16], "texture": "#1"},
				"south": {"uv": [0, 0, 16, 16], "texture": "#1"},
				"west": {"uv": [0, 0, 16, 16], "texture": "#1"},
				"up": {"uv": [0, 0, 16, 16], "texture": "#1"},
				"down": {"uv": [0, 0, 16, 16], "texture": "#1"}
			}
		},
		{
			"from": [11.6, 0.19132, 10.20789],
			"to": [12.2, 0.79132, 11.51237],
			"rotation": {"angle": -22.5, "axis": "x", "origin": [12.6, 1.19132, 9.70789]},
			"faces": {
				"north": {"uv": [0, 0, 16, 16], "texture": "#1"},
				"east": {"uv": [0, 0, 16, 16], "texture": "#1"},
				"south": {"uv": [0, 0, 16, 16], "texture": "#1"},
				"west": {"uv": [0, 0, 16, 16], "texture": "#1"},
				"up": {"uv": [0, 0, 16, 16], "texture": "#1"},
				"down": {"uv": [0, 0, 16, 16], "texture": "#1"}
			}
		},
		{
			"from": [11.6, 0.45878, 9.05251],
			"to": [12.1, 1.05878, 10.55251],
			"rotation": {"angle": 0, "axis": "y", "origin": [12.6, 1.45878, 8.05251]},
			"faces": {
				"north": {"uv": [0, 0, 16, 16], "texture": "#1"},
				"east": {"uv": [0, 0, 16, 16], "texture": "#1"},
				"south": {"uv": [0, 0, 16, 16], "texture": "#1"},
				"west": {"uv": [0, 0, 16, 16], "texture": "#1"},
				"up": {"uv": [0, 0, 16, 16], "texture": "#1"},
				"down": {"uv": [0, 0, 16, 16], "texture": "#1"}
			}
		},
		{
			"from": [10.6, -0.10395, 11.33483],
			"to": [11.6, 0.89605, 13.33483],
			"rotation": {"angle": -45, "axis": "x", "origin": [11.6, 0.89605, 10.83483]},
			"faces": {
				"north": {"uv": [0, 0, 16, 16], "texture": "#1"},
				"east": {"uv": [0, 0, 16, 16], "texture": "#1"},
				"south": {"uv": [0, 0, 16, 16], "texture": "#1"},
				"west": {"uv": [0, 0, 16, 16], "texture": "#1"},
				"up": {"uv": [0, 0, 16, 16], "texture": "#1"},
				"down": {"uv": [0, 0, 16, 16], "texture": "#1"}
			}
		},
		{
			"from": [10.6, -0.22417, 10.34568],
			"to": [11.6, 0.77583, 11.65016],
			"rotation": {"angle": -22.5, "axis": "x", "origin": [11.6, 0.77583, 9.84568]},
			"faces": {
				"north": {"uv": [0, 0, 16, 16], "texture": "#1"},
				"east": {"uv": [0, 0, 16, 16], "texture": "#1"},
				"south": {"uv": [0, 0, 16, 16], "texture": "#1"},
				"west": {"uv": [0, 0, 16, 16], "texture": "#1"},
				"up": {"uv": [0, 0, 16, 16], "texture": "#1"},
				"down": {"uv": [0, 0, 16, 16], "texture": "#1"}
			}
		},
		{
			"from": [10.6, 0.04329, 8.6903],
			"to": [11.6, 1.04329, 10.6903],
			"rotation": {"angle": 0, "axis": "y", "origin": [11.6, 1.04329, 8.1903]},
			"faces": {
				"north": {"uv": [0, 0, 16, 16], "texture": "#1"},
				"east": {"uv": [0, 0, 16, 16], "texture": "#1"},
				"south": {"uv": [0, 0, 16, 16], "texture": "#1"},
				"west": {"uv": [0, 0, 16, 16], "texture": "#1"},
				"up": {"uv": [0, 0, 16, 16], "texture": "#1"},
				"down": {"uv": [0, 0, 16, 16], "texture": "#1"}
			}
		},
		{
			"from": [10.6, 0.98478, 13.42346],
			"to": [11.6, 1.98478, 16.42346],
			"rotation": {"angle": -22.5, "axis": "x", "origin": [10.8, 1.18478, 10.92346]},
			"faces": {
				"north": {"uv": [0, 0, 16, 16], "texture": "#1"},
				"east": {"uv": [0, 0, 16, 16], "texture": "#1"},
				"south": {"uv": [0, 0, 16, 16], "texture": "#1"},
				"west": {"uv": [0, 0, 16, 16], "texture": "#1"},
				"up": {"uv": [0, 0, 16, 16], "texture": "#1"},
				"down": {"uv": [0, 0, 16, 16], "texture": "#1"}
			}
		},
		{
			"from": [10.5, 0.88478, 14.52346],
			"to": [11.7, 2.08478, 16.52346],
			"rotation": {"angle": -22.5, "axis": "x", "origin": [10.8, 1.18478, 10.92346]},
			"faces": {
				"north": {"uv": [0, 0, 16, 16], "texture": "#2"},
				"east": {"uv": [0, 0, 16, 16], "texture": "#2"},
				"south": {"uv": [0, 0, 16, 16], "texture": "#2"},
				"west": {"uv": [0, 0, 16, 16], "texture": "#2"},
				"up": {"uv": [0, 0, 16, 16], "texture": "#2"},
				"down": {"uv": [0, 0, 16, 16], "texture": "#2"}
			}
		},
		{
			"from": [4.3, 0.88478, 14.52346],
			"to": [5.5, 2.08478, 16.52346],
			"rotation": {"angle": -22.5, "axis": "x", "origin": [5.2, 1.18478, 10.92346]},
			"faces": {
				"north": {"uv": [16, 0, 0, 16], "texture": "#2"},
				"east": {"uv": [16, 0, 0, 16], "texture": "#2"},
				"south": {"uv": [16, 0, 0, 16], "texture": "#2"},
				"west": {"uv": [16, 0, 0, 16], "texture": "#2"},
				"up": {"uv": [16, 0, 0, 16], "texture": "#2"},
				"down": {"uv": [16, 0, 0, 16], "texture": "#2"}
			}
		},
		{
			"from": [4.3, 1, 8.5],
			"to": [5.4, 2, 13.5],
			"rotation": {"angle": -22.5, "axis": "x", "origin": [4.4, 1, 11]},
			"faces": {
				"north": {"uv": [0, 0, 16, 16], "texture": "#1"},
				"east": {"uv": [0, 0, 16, 16], "texture": "#1"},
				"south": {"uv": [0, 0, 16, 16], "texture": "#1"},
				"west": {"uv": [0, 0, 16, 16], "texture": "#1"},
				"up": {"uv": [0, 0, 16, 16], "texture": "#1"},
				"down": {"uv": [0, 0, 16, 16], "texture": "#1"}
			}
		},
		{
			"from": [4.4, 0.98478, 13.42346],
			"to": [5.4, 1.98478, 16.42346],
			"rotation": {"angle": -22.5, "axis": "x", "origin": [5.2, 1.18478, 10.92346]},
			"faces": {
				"north": {"uv": [0, 0, 16, 16], "texture": "#1"},
				"east": {"uv": [0, 0, 16, 16], "texture": "#1"},
				"south": {"uv": [0, 0, 16, 16], "texture": "#1"},
				"west": {"uv": [0, 0, 16, 16], "texture": "#1"},
				"up": {"uv": [0, 0, 16, 16], "texture": "#1"},
				"down": {"uv": [0, 0, 16, 16], "texture": "#1"}
			}
		},
		{
			"from": [4.84329, -0.15671, 3.5],
			"to": [6.84329, 1.34329, 6.5],
			"rotation": {"angle": -22.5, "axis": "y", "origin": [4.84329, 0.54329, 5]},
			"faces": {
				"north": {"uv": [16, 0, 0, 16], "texture": "#1"},
				"east": {"uv": [16, 0, 0, 16], "texture": "#1"},
				"south": {"uv": [16, 0, 0, 16], "texture": "#1"},
				"west": {"uv": [16, 0, 0, 16], "texture": "#1"},
				"up": {"uv": [16, 0, 0, 16], "texture": "#1"},
				"down": {"uv": [16, 0, 0, 16], "texture": "#1"}
			}
		},
		{
			"from": [7.10581, 0.15224, 4.8076],
			"to": [9.10581, 2.15224, 7.8076],
			"rotation": {"angle": 22.5, "axis": "y", "origin": [5.60581, 5.65224, 8.3076]},
			"faces": {
				"north": {"uv": [16, 0, 0, 16], "texture": "#1"},
				"east": {"uv": [16, 0, 0, 16], "texture": "#1"},
				"south": {"uv": [16, 0, 0, 16], "texture": "#1"},
				"west": {"uv": [16, 0, 0, 16], "texture": "#1"},
				"up": {"uv": [16, 0, 0, 16], "texture": "#1"},
				"down": {"uv": [16, 0, 0, 16], "texture": "#1"}
			}
		},
		{
			"from": [4.42911, -0.04776, 5.64909],
			"to": [6.42911, 2.15224, 7.64909],
			"rotation": {"angle": -22.5, "axis": "y", "origin": [7.92911, 5.65224, 8.14909]},
			"faces": {
				"north": {"uv": [0, 16, 16, 0], "rotation": 90, "texture": "#1"},
				"east": {"uv": [0, 16, 16, 0], "rotation": 90, "texture": "#1"},
				"south": {"uv": [0, 16, 16, 0], "rotation": 90, "texture": "#1"},
				"west": {"uv": [0, 16, 16, 0], "rotation": 90, "texture": "#1"},
				"up": {"uv": [0, 16, 16, 0], "rotation": 90, "texture": "#1"},
				"down": {"uv": [0, 16, 16, 0], "rotation": 90, "texture": "#1"}
			}
		},
		{
			"from": [4.88687, -0.04776, 6.34776],
			"to": [11.11313, 2.15224, 10.34776],
			"rotation": {"angle": 0, "axis": "y", "origin": [8.38687, 5.65224, 9.84776]},
			"faces": {
				"north": {"uv": [0, 16, 16, 0], "rotation": 90, "texture": "#1"},
				"east": {"uv": [0, 16, 16, 0], "rotation": 90, "texture": "#1"},
				"south": {"uv": [0, 16, 16, 0], "rotation": 90, "texture": "#1"},
				"west": {"uv": [0, 16, 16, 0], "rotation": 90, "texture": "#1"},
				"up": {"uv": [0, 16, 16, 0], "rotation": 90, "texture": "#1"},
				"down": {"uv": [0, 16, 16, 0], "rotation": 90, "texture": "#1"}
			}
		},
		{
			"from": [4.42703, 2.15955, 6.34776],
			"to": [6.42703, 3.15955, 10.34776],
			"rotation": {"angle": 22.5, "axis": "z", "origin": [2.92703, 6.65955, 9.84776]},
			"faces": {
				"north": {"uv": [16, 0, 0, 16], "texture": "#1"},
				"east": {"uv": [16, 0, 0, 16], "texture": "#1"},
				"south": {"uv": [16, 0, 0, 16], "texture": "#1"},
				"west": {"uv": [16, 0, 0, 16], "texture": "#1"},
				"up": {"uv": [16, 0, 0, 16], "texture": "#1"},
				"down": {"uv": [16, 0, 0, 16], "texture": "#1"}
			}
		},
		{
			"from": [4.57927, 3.60581, 6.34776],
			"to": [5.57927, 5.60581, 10.34776],
			"rotation": {"angle": -22.5, "axis": "z", "origin": [1.07927, 2.10581, 9.84776]},
			"faces": {
				"north": {"uv": [0, 16, 16, 0], "rotation": 90, "texture": "#1"},
				"east": {"uv": [0, 16, 16, 0], "rotation": 90, "texture": "#1"},
				"south": {"uv": [0, 16, 16, 0], "rotation": 90, "texture": "#1"},
				"west": {"uv": [0, 16, 16, 0], "rotation": 90, "texture": "#1"},
				"up": {"uv": [0, 16, 16, 0], "rotation": 90, "texture": "#1"},
				"down": {"uv": [0, 16, 16, 0], "rotation": 90, "texture": "#1"}
			}
		},
		{
			"from": [7.80109, 2, 4.53553],
			"to": [10.41421, 4, 6.53553],
			"rotation": {"angle": 45, "axis": "y", "origin": [8.91421, 7.5, 8.03553]},
			"faces": {
				"north": {"uv": [16, 0, 0, 16], "texture": "#1"},
				"east": {"uv": [16, 0, 0, 16], "texture": "#1"},
				"south": {"uv": [16, 0, 0, 16], "texture": "#1"},
				"west": {"uv": [16, 0, 0, 16], "texture": "#1"},
				"up": {"uv": [16, 0, 0, 16], "texture": "#1"},
				"down": {"uv": [16, 0, 0, 16], "texture": "#1"}
			}
		},
		{
			"from": [7.40581, 2.15224, 5.2076],
			"to": [9.40581, 3.15224, 7.2076],
			"rotation": {"angle": 22.5, "axis": "y", "origin": [5.90581, 6.65224, 8.7076]},
			"faces": {
				"north": {"uv": [16, 0, 0, 16], "texture": "#1"},
				"east": {"uv": [16, 0, 0, 16], "texture": "#1"},
				"south": {"uv": [16, 0, 0, 16], "texture": "#1"},
				"west": {"uv": [16, 0, 0, 16], "texture": "#1"},
				"up": {"uv": [16, 0, 0, 16], "texture": "#1"},
				"down": {"uv": [16, 0, 0, 16], "texture": "#1"}
			}
		},
		{
			"from": [4.72911, 2.15224, 6.04909],
			"to": [6.72911, 3.15224, 7.74909],
			"rotation": {"angle": -22.5, "axis": "y", "origin": [8.22911, 6.65224, 8.54909]},
			"faces": {
				"north": {"uv": [0, 16, 16, 0], "rotation": 90, "texture": "#1"},
				"east": {"uv": [0, 16, 16, 0], "rotation": 90, "texture": "#1"},
				"south": {"uv": [0, 16, 16, 0], "rotation": 90, "texture": "#1"},
				"west": {"uv": [0, 16, 16, 0], "rotation": 90, "texture": "#1"},
				"up": {"uv": [0, 16, 16, 0], "rotation": 90, "texture": "#1"},
				"down": {"uv": [0, 16, 16, 0], "rotation": 90, "texture": "#1"}
			}
		},
		{
			"from": [4.72911, 2.15224, 8.95091],
			"to": [6.72911, 3.15224, 10.65091],
			"rotation": {"angle": 22.5, "axis": "y", "origin": [8.22911, 6.65224, 8.15091]},
			"faces": {
				"north": {"uv": [0, 16, 16, 0], "rotation": 90, "texture": "#1"},
				"east": {"uv": [0, 16, 16, 0], "rotation": 90, "texture": "#1"},
				"south": {"uv": [0, 16, 16, 0], "rotation": 90, "texture": "#1"},
				"west": {"uv": [0, 16, 16, 0], "rotation": 90, "texture": "#1"},
				"up": {"uv": [0, 16, 16, 0], "rotation": 90, "texture": "#1"},
				"down": {"uv": [0, 16, 16, 0], "rotation": 90, "texture": "#1"}
			}
		},
		{
			"from": [7.40581, 2.15224, 9.4924],
			"to": [9.40581, 3.15224, 11.4924],
			"rotation": {"angle": -22.5, "axis": "y", "origin": [5.90581, 6.65224, 7.9924]},
			"faces": {
				"north": {"uv": [16, 0, 0, 16], "texture": "#1"},
				"east": {"uv": [16, 0, 0, 16], "texture": "#1"},
				"south": {"uv": [16, 0, 0, 16], "texture": "#1"},
				"west": {"uv": [16, 0, 0, 16], "texture": "#1"},
				"up": {"uv": [16, 0, 0, 16], "texture": "#1"},
				"down": {"uv": [16, 0, 0, 16], "texture": "#1"}
			}
		},
		{
			"from": [7.80109, 2, 10.16447],
			"to": [10.41421, 4, 12.16447],
			"rotation": {"angle": -45, "axis": "y", "origin": [8.91421, 7.5, 8.66447]},
			"faces": {
				"north": {"uv": [16, 0, 0, 16], "texture": "#1"},
				"east": {"uv": [16, 0, 0, 16], "texture": "#1"},
				"south": {"uv": [16, 0, 0, 16], "texture": "#1"},
				"west": {"uv": [16, 0, 0, 16], "texture": "#1"},
				"up": {"uv": [16, 0, 0, 16], "texture": "#1"},
				"down": {"uv": [16, 0, 0, 16], "texture": "#1"}
			}
		},
		{
			"from": [4.42911, 0.05224, 9.05091],
			"to": [6.42911, 2.15224, 11.05091],
			"rotation": {"angle": 22.5, "axis": "y", "origin": [7.92911, 5.65224, 8.55091]},
			"faces": {
				"north": {"uv": [0, 16, 16, 0], "rotation": 90, "texture": "#1"},
				"east": {"uv": [0, 16, 16, 0], "rotation": 90, "texture": "#1"},
				"south": {"uv": [0, 16, 16, 0], "rotation": 90, "texture": "#1"},
				"west": {"uv": [0, 16, 16, 0], "rotation": 90, "texture": "#1"},
				"up": {"uv": [0, 16, 16, 0], "rotation": 90, "texture": "#1"},
				"down": {"uv": [0, 16, 16, 0], "rotation": 90, "texture": "#1"}
			}
		},
		{
			"from": [7.10581, 0.15224, 8.8924],
			"to": [9.10581, 2.15224, 11.8924],
			"rotation": {"angle": -22.5, "axis": "y", "origin": [5.60581, 5.65224, 8.3924]},
			"faces": {
				"north": {"uv": [16, 0, 0, 16], "texture": "#1"},
				"east": {"uv": [16, 0, 0, 16], "texture": "#1"},
				"south": {"uv": [16, 0, 0, 16], "texture": "#1"},
				"west": {"uv": [16, 0, 0, 16], "texture": "#1"},
				"up": {"uv": [16, 0, 0, 16], "texture": "#1"},
				"down": {"uv": [16, 0, 0, 16], "texture": "#1"}
			}
		},
		{
			"from": [4.4, 2.02783, 8.28249],
			"to": [5.4, 3.02783, 10.28249],
			"rotation": {"angle": -45, "axis": "x", "origin": [4.4, 2.02783, 10.78249]},
			"faces": {
				"north": {"uv": [0, 0, 16, 16], "texture": "#1"},
				"east": {"uv": [0, 0, 16, 16], "texture": "#1"},
				"south": {"uv": [0, 0, 16, 16], "texture": "#1"},
				"west": {"uv": [0, 0, 16, 16], "texture": "#1"},
				"up": {"uv": [0, 0, 16, 16], "texture": "#1"},
				"down": {"uv": [0, 0, 16, 16], "texture": "#1"}
			}
		},
		{
			"from": [4.4, 1.88059, 10.92702],
			"to": [5.4, 2.88059, 12.92702],
			"rotation": {"angle": 0, "axis": "y", "origin": [4.4, 1.88059, 13.42702]},
			"faces": {
				"north": {"uv": [0, 0, 16, 16], "texture": "#1"},
				"east": {"uv": [0, 0, 16, 16], "texture": "#1"},
				"south": {"uv": [0, 0, 16, 16], "texture": "#1"},
				"west": {"uv": [0, 0, 16, 16], "texture": "#1"},
				"up": {"uv": [0, 0, 16, 16], "texture": "#1"},
				"down": {"uv": [0, 0, 16, 16], "texture": "#1"}
			}
		},
		{
			"from": [4.3, 2.14805, 9.96716],
			"to": [5.4, 3.14805, 11.27164],
			"rotation": {"angle": -22.5, "axis": "x", "origin": [4.4, 2.14805, 11.77164]},
			"faces": {
				"north": {"uv": [0, 0, 16, 16], "texture": "#1"},
				"east": {"uv": [0, 0, 16, 16], "texture": "#1"},
				"south": {"uv": [0, 0, 16, 16], "texture": "#1"},
				"west": {"uv": [0, 0, 16, 16], "texture": "#1"},
				"up": {"uv": [0, 0, 16, 16], "texture": "#1"},
				"down": {"uv": [0, 0, 16, 16], "texture": "#1"}
			}
		},
		{
			"from": [4.4, 0.04329, 8.6903],
			"to": [5.4, 1.04329, 10.6903],
			"rotation": {"angle": 0, "axis": "y", "origin": [4.4, 1.04329, 8.1903]},
			"faces": {
				"north": {"uv": [0, 0, 16, 16], "texture": "#1"},
				"east": {"uv": [0, 0, 16, 16], "texture": "#1"},
				"south": {"uv": [0, 0, 16, 16], "texture": "#1"},
				"west": {"uv": [0, 0, 16, 16], "texture": "#1"},
				"up": {"uv": [0, 0, 16, 16], "texture": "#1"},
				"down": {"uv": [0, 0, 16, 16], "texture": "#1"}
			}
		},
		{
			"from": [4.4, -0.22417, 10.34568],
			"to": [5.4, 0.77583, 11.65016],
			"rotation": {"angle": -22.5, "axis": "x", "origin": [4.4, 0.77583, 9.84568]},
			"faces": {
				"north": {"uv": [0, 0, 16, 16], "texture": "#1"},
				"east": {"uv": [0, 0, 16, 16], "texture": "#1"},
				"south": {"uv": [0, 0, 16, 16], "texture": "#1"},
				"west": {"uv": [0, 0, 16, 16], "texture": "#1"},
				"up": {"uv": [0, 0, 16, 16], "texture": "#1"},
				"down": {"uv": [0, 0, 16, 16], "texture": "#1"}
			}
		},
		{
			"from": [4.4, -0.10395, 11.33483],
			"to": [5.4, 0.89605, 13.33483],
			"rotation": {"angle": -45, "axis": "x", "origin": [4.4, 0.89605, 10.83483]},
			"faces": {
				"north": {"uv": [0, 0, 16, 16], "texture": "#1"},
				"east": {"uv": [0, 0, 16, 16], "texture": "#1"},
				"south": {"uv": [0, 0, 16, 16], "texture": "#1"},
				"west": {"uv": [0, 0, 16, 16], "texture": "#1"},
				"up": {"uv": [0, 0, 16, 16], "texture": "#1"},
				"down": {"uv": [0, 0, 16, 16], "texture": "#1"}
			}
		},
		{
			"from": [3.9, 1.88059, 11.12702],
			"to": [4.4, 2.48059, 12.62702],
			"rotation": {"angle": 0, "axis": "y", "origin": [3.4, 1.48059, 13.62702]},
			"faces": {
				"north": {"uv": [0, 0, 16, 16], "texture": "#1"},
				"east": {"uv": [0, 0, 16, 16], "texture": "#1"},
				"south": {"uv": [0, 0, 16, 16], "texture": "#1"},
				"west": {"uv": [0, 0, 16, 16], "texture": "#1"},
				"up": {"uv": [0, 0, 16, 16], "texture": "#1"},
				"down": {"uv": [0, 0, 16, 16], "texture": "#1"}
			}
		},
		{
			"from": [3.8, 2.14805, 10.16716],
			"to": [4.4, 2.74805, 11.47164],
			"rotation": {"angle": -22.5, "axis": "x", "origin": [3.4, 1.74805, 11.97164]},
			"faces": {
				"north": {"uv": [0, 0, 16, 16], "texture": "#1"},
				"east": {"uv": [0, 0, 16, 16], "texture": "#1"},
				"south": {"uv": [0, 0, 16, 16], "texture": "#1"},
				"west": {"uv": [0, 0, 16, 16], "texture": "#1"},
				"up": {"uv": [0, 0, 16, 16], "texture": "#1"},
				"down": {"uv": [0, 0, 16, 16], "texture": "#1"}
			}
		},
		{
			"from": [3.9, 2.02783, 8.98249],
			"to": [4.4, 2.62783, 10.48249],
			"rotation": {"angle": -45, "axis": "x", "origin": [3.4, 1.62783, 10.98249]},
			"faces": {
				"north": {"uv": [0, 0, 16, 16], "texture": "#1"},
				"east": {"uv": [0, 0, 16, 16], "texture": "#1"},
				"south": {"uv": [0, 0, 16, 16], "texture": "#1"},
				"west": {"uv": [0, 0, 16, 16], "texture": "#1"},
				"up": {"uv": [0, 0, 16, 16], "texture": "#1"},
				"down": {"uv": [0, 0, 16, 16], "texture": "#1"}
			}
		},
		{
			"from": [3.9, 0.45878, 9.05251],
			"to": [4.4, 1.05878, 10.55251],
			"rotation": {"angle": 0, "axis": "y", "origin": [3.4, 1.45878, 8.05251]},
			"faces": {
				"north": {"uv": [0, 0, 16, 16], "texture": "#1"},
				"east": {"uv": [0, 0, 16, 16], "texture": "#1"},
				"south": {"uv": [0, 0, 16, 16], "texture": "#1"},
				"west": {"uv": [0, 0, 16, 16], "texture": "#1"},
				"up": {"uv": [0, 0, 16, 16], "texture": "#1"},
				"down": {"uv": [0, 0, 16, 16], "texture": "#1"}
			}
		},
		{
			"from": [3.8, 0.19132, 10.20789],
			"to": [4.4, 0.79132, 11.51237],
			"rotation": {"angle": -22.5, "axis": "x", "origin": [3.4, 1.19132, 9.70789]},
			"faces": {
				"north": {"uv": [0, 0, 16, 16], "texture": "#1"},
				"east": {"uv": [0, 0, 16, 16], "texture": "#1"},
				"south": {"uv": [0, 0, 16, 16], "texture": "#1"},
				"west": {"uv": [0, 0, 16, 16], "texture": "#1"},
				"up": {"uv": [0, 0, 16, 16], "texture": "#1"},
				"down": {"uv": [0, 0, 16, 16], "texture": "#1"}
			}
		},
		{
			"from": [3.9, 0.31154, 11.19704],
			"to": [4.4, 0.91154, 12.69704],
			"rotation": {"angle": -45, "axis": "x", "origin": [3.4, 1.31154, 10.69704]},
			"faces": {
				"north": {"uv": [0, 0, 16, 16], "texture": "#1"},
				"east": {"uv": [0, 0, 16, 16], "texture": "#1"},
				"south": {"uv": [0, 0, 16, 16], "texture": "#1"},
				"west": {"uv": [0, 0, 16, 16], "texture": "#1"},
				"up": {"uv": [0, 0, 16, 16], "texture": "#1"},
				"down": {"uv": [0, 0, 16, 16], "texture": "#1"}
			}
		},
		{
			"from": [3.7, 1.45355, 9.05355],
			"to": [4.4, 1.95355, 13.12967],
			"rotation": {"angle": -22.5, "axis": "x", "origin": [3.4, 0.95355, 11.55355]},
			"faces": {
				"north": {"uv": [0, 0, 16, 16], "texture": "#1"},
				"east": {"uv": [0, 0, 16, 16], "texture": "#1"},
				"south": {"uv": [0, 0, 16, 16], "texture": "#1"},
				"west": {"uv": [0, 0, 16, 16], "texture": "#1"},
				"up": {"uv": [0, 0, 16, 16], "texture": "#1"},
				"down": {"uv": [0, 0, 16, 16], "texture": "#1"}
			}
		},
		{
			"from": [5.41732, -0.15671, 3.61418],
			"to": [7.41732, 1.24329, 5.61418],
			"rotation": {"angle": 0, "axis": "y", "origin": [6.91732, 0.54329, 3.61418]},
			"faces": {
				"north": {"uv": [0, 16, 16, 0], "rotation": 270, "texture": "#1"},
				"east": {"uv": [0, 16, 16, 0], "rotation": 270, "texture": "#1"},
				"south": {"uv": [0, 16, 16, 0], "rotation": 270, "texture": "#1"},
				"west": {"uv": [0, 16, 16, 0], "rotation": 270, "texture": "#1"},
				"up": {"uv": [0, 16, 16, 0], "rotation": 270, "texture": "#1"},
				"down": {"uv": [0, 16, 16, 0], "rotation": 270, "texture": "#1"}
			}
		},
		{
			"from": [10.8, 3.28322, 13.4],
			"to": [11.3, 4.18322, 15.1],
			"rotation": {"angle": 0, "axis": "y", "origin": [12.2, 3.98322, 14]},
			"faces": {
				"north": {"uv": [0, 0, 16, 16], "rotation": 270, "texture": "#0"},
				"east": {"uv": [0, 0, 16, 16], "rotation": 270, "texture": "#0"},
				"south": {"uv": [0, 0, 16, 16], "rotation": 270, "texture": "#0"},
				"west": {"uv": [0, 0, 16, 16], "rotation": 270, "texture": "#0"},
				"up": {"uv": [0, 0, 16, 16], "rotation": 270, "texture": "#0"},
				"down": {"uv": [0, 0, 16, 16], "rotation": 270, "texture": "#0"}
			}
		},
		{
			"from": [11.69796, 2.25, 13.65],
			"to": [11.99796, 3.25, 14.85],
			"rotation": {"angle": 22.5, "axis": "z", "origin": [11.06106, 2.70994, 14]},
			"faces": {
				"north": {"uv": [16, 3, 0, 13], "rotation": 180, "texture": "#0"},
				"east": {"uv": [16, 3, 0, 13], "rotation": 180, "texture": "#0"},
				"south": {"uv": [16, 3, 0, 13], "rotation": 180, "texture": "#0"},
				"west": {"uv": [16, 3, 0, 13], "rotation": 180, "texture": "#0"},
				"up": {"uv": [16, 3, 0, 13], "rotation": 180, "texture": "#0"},
				"down": {"uv": [16, 3, 0, 13], "rotation": 180, "texture": "#0"}
			}
		},
		{
			"from": [11.78743, 1.72008, 13.65],
			"to": [12.08743, 2.72008, 14.85],
			"rotation": {"angle": 0, "axis": "y", "origin": [11.15053, 2.18002, 14]},
			"faces": {
				"north": {"uv": [16, 3, 0, 13], "rotation": 180, "texture": "#0"},
				"east": {"uv": [16, 3, 0, 13], "rotation": 180, "texture": "#0"},
				"south": {"uv": [16, 3, 0, 13], "rotation": 180, "texture": "#0"},
				"west": {"uv": [16, 3, 0, 13], "rotation": 180, "texture": "#0"},
				"up": {"uv": [16, 3, 0, 13], "rotation": 180, "texture": "#0"},
				"down": {"uv": [16, 3, 0, 13], "rotation": 180, "texture": "#0"}
			}
		},
		{
			"from": [11.8528, 1.29819, 15.90899],
			"to": [12.0528, 1.89819, 16.80899],
			"rotation": {"angle": 22.5, "axis": "x", "origin": [11.2159, 6.75813, 15.60899]},
			"faces": {
				"north": {"uv": [13, 0, 0, 13], "rotation": 180, "texture": "#0"},
				"east": {"uv": [13, 0, 0, 13], "rotation": 180, "texture": "#0"},
				"south": {"uv": [13, 0, 0, 13], "rotation": 180, "texture": "#0"},
				"west": {"uv": [13, 0, 0, 13], "rotation": 180, "texture": "#0"},
				"up": {"uv": [13, 0, 0, 13], "rotation": 180, "texture": "#0"},
				"down": {"uv": [13, 0, 0, 13], "rotation": 180, "texture": "#0"}
			}
		},
		{
			"from": [11.9028, 1.42309, 13.78108],
			"to": [12.0028, 2.02309, 14.68108],
			"rotation": {"angle": -22.5, "axis": "x", "origin": [12.0528, 1.72309, 14.28108]},
			"faces": {
				"north": {"uv": [13, 0, 0, 13], "rotation": 180, "texture": "#0"},
				"east": {"uv": [13, 0, 0, 13], "rotation": 180, "texture": "#0"},
				"south": {"uv": [13, 0, 0, 13], "rotation": 180, "texture": "#0"},
				"west": {"uv": [13, 0, 0, 13], "rotation": 180, "texture": "#0"},
				"up": {"uv": [13, 0, 0, 13], "rotation": 180, "texture": "#0"},
				"down": {"uv": [13, 0, 0, 13], "rotation": 180, "texture": "#0"}
			}
		},
		{
			"from": [11.74642, 2.71037, 13.35],
			"to": [13.04642, 3.01037, 15.15],
			"rotation": {"angle": 22.5, "axis": "z", "origin": [8.94642, 1.32347, 12]},
			"faces": {
				"north": {"uv": [0, 13, 16, 3], "rotation": 270, "texture": "#0"},
				"east": {"uv": [0, 13, 16, 3], "rotation": 270, "texture": "#0"},
				"south": {"uv": [0, 13, 16, 3], "rotation": 270, "texture": "#0"},
				"west": {"uv": [0, 13, 16, 3], "rotation": 270, "texture": "#0"},
				"up": {"uv": [0, 13, 16, 3], "rotation": 270, "texture": "#0"},
				"down": {"uv": [0, 13, 16, 3], "rotation": 270, "texture": "#0"}
			}
		},
		{
			"from": [12.43907, 4.08129, 13.25],
			"to": [13.33907, 4.38129, 15.25],
			"rotation": {"angle": -22.5, "axis": "z", "origin": [12.43906, 5.29664, 11.9]},
			"faces": {
				"north": {"uv": [0, 13, 16, 3], "rotation": 270, "texture": "#0"},
				"east": {"uv": [0, 13, 16, 3], "rotation": 270, "texture": "#0"},
				"south": {"uv": [0, 13, 16, 3], "rotation": 270, "texture": "#0"},
				"west": {"uv": [0, 13, 16, 3], "rotation": 270, "texture": "#0"},
				"up": {"uv": [0, 13, 16, 3], "rotation": 270, "texture": "#0"},
				"down": {"uv": [0, 13, 16, 3], "rotation": 270, "texture": "#0"}
			}
		},
		{
			"from": [12.50039, 3.5639, 13.35],
			"to": [13.50039, 3.8639, 15.15],
			"rotation": {"angle": 22.5, "axis": "z", "origin": [12.60039, 2.527, 10.9]},
			"faces": {
				"north": {"uv": [0, 13, 16, 3], "rotation": 270, "texture": "#0"},
				"east": {"uv": [0, 13, 16, 3], "rotation": 270, "texture": "#0"},
				"south": {"uv": [0, 13, 16, 3], "rotation": 270, "texture": "#0"},
				"west": {"uv": [0, 13, 16, 3], "rotation": 270, "texture": "#0"},
				"up": {"uv": [0, 13, 16, 3], "rotation": 270, "texture": "#0"},
				"down": {"uv": [0, 13, 16, 3], "rotation": 270, "texture": "#0"}
			}
		},
		{
			"from": [11.18773, 3.46193, 13.45],
			"to": [12.18773, 3.76193, 15.05],
			"rotation": {"angle": 0, "axis": "y", "origin": [8.28773, 2.42503, 12]},
			"faces": {
				"north": {"uv": [0, 13, 16, 3], "rotation": 270, "texture": "#0"},
				"east": {"uv": [0, 13, 16, 3], "rotation": 270, "texture": "#0"},
				"south": {"uv": [0, 13, 16, 3], "rotation": 270, "texture": "#0"},
				"west": {"uv": [0, 13, 16, 3], "rotation": 270, "texture": "#0"},
				"up": {"uv": [0, 13, 16, 3], "rotation": 270, "texture": "#0"},
				"down": {"uv": [0, 13, 16, 3], "rotation": 270, "texture": "#0"}
			}
		},
		{
			"from": [9.81227, 3.46193, 13.45],
			"to": [10.81227, 3.76193, 15.05],
			"rotation": {"angle": 0, "axis": "y", "origin": [13.71227, 2.42503, 12]},
			"faces": {
				"north": {"uv": [0, 3, 16, 13], "rotation": 270, "texture": "#0"},
				"east": {"uv": [0, 3, 16, 13], "rotation": 270, "texture": "#0"},
				"south": {"uv": [0, 3, 16, 13], "rotation": 270, "texture": "#0"},
				"west": {"uv": [0, 3, 16, 13], "rotation": 270, "texture": "#0"},
				"up": {"uv": [0, 3, 16, 13], "rotation": 270, "texture": "#0"},
				"down": {"uv": [0, 3, 16, 13], "rotation": 270, "texture": "#0"}
			}
		},
		{
			"from": [8.49961, 3.5639, 13.35],
			"to": [9.49961, 3.8639, 15.15],
			"rotation": {"angle": -22.5, "axis": "z", "origin": [9.39961, 2.527, 10.9]},
			"faces": {
				"north": {"uv": [0, 3, 16, 13], "rotation": 270, "texture": "#0"},
				"east": {"uv": [0, 3, 16, 13], "rotation": 270, "texture": "#0"},
				"south": {"uv": [0, 3, 16, 13], "rotation": 270, "texture": "#0"},
				"west": {"uv": [0, 3, 16, 13], "rotation": 270, "texture": "#0"},
				"up": {"uv": [0, 3, 16, 13], "rotation": 270, "texture": "#0"},
				"down": {"uv": [0, 3, 16, 13], "rotation": 270, "texture": "#0"}
			}
		},
		{
			"from": [8.95358, 2.71037, 13.35],
			"to": [10.25358, 3.01037, 15.15],
			"rotation": {"angle": -22.5, "axis": "z", "origin": [13.05358, 1.32347, 12]},
			"faces": {
				"north": {"uv": [0, 3, 16, 13], "rotation": 270, "texture": "#0"},
				"east": {"uv": [0, 3, 16, 13], "rotation": 270, "texture": "#0"},
				"south": {"uv": [0, 3, 16, 13], "rotation": 270, "texture": "#0"},
				"west": {"uv": [0, 3, 16, 13], "rotation": 270, "texture": "#0"},
				"up": {"uv": [0, 3, 16, 13], "rotation": 270, "texture": "#0"},
				"down": {"uv": [0, 3, 16, 13], "rotation": 270, "texture": "#0"}
			}
		},
		{
			"from": [10.1972, 1.29819, 15.90899],
			"to": [10.3972, 1.89819, 16.80899],
			"rotation": {"angle": 22.5, "axis": "x", "origin": [11.0341, 6.75813, 15.60899]},
			"faces": {
				"north": {"uv": [0, 0, 13, 13], "rotation": 180, "texture": "#0"},
				"east": {"uv": [0, 0, 13, 13], "rotation": 180, "texture": "#0"},
				"south": {"uv": [0, 0, 13, 13], "rotation": 180, "texture": "#0"},
				"west": {"uv": [0, 0, 13, 13], "rotation": 180, "texture": "#0"},
				"up": {"uv": [0, 0, 13, 13], "rotation": 180, "texture": "#0"},
				"down": {"uv": [0, 0, 13, 13], "rotation": 180, "texture": "#0"}
			}
		},
		{
			"from": [10.16257, 1.72008, 13.65],
			"to": [10.46257, 2.72008, 14.85],
			"rotation": {"angle": 0, "axis": "y", "origin": [11.09947, 2.18002, 14]},
			"faces": {
				"north": {"uv": [0, 3, 16, 13], "rotation": 180, "texture": "#0"},
				"east": {"uv": [0, 3, 16, 13], "rotation": 180, "texture": "#0"},
				"south": {"uv": [0, 3, 16, 13], "rotation": 180, "texture": "#0"},
				"west": {"uv": [0, 3, 16, 13], "rotation": 180, "texture": "#0"},
				"up": {"uv": [0, 3, 16, 13], "rotation": 180, "texture": "#0"},
				"down": {"uv": [0, 3, 16, 13], "rotation": 180, "texture": "#0"}
			}
		},
		{
			"from": [10.25204, 2.25, 13.65],
			"to": [10.55204, 3.25, 14.85],
			"rotation": {"angle": -22.5, "axis": "z", "origin": [11.18894, 2.70994, 14]},
			"faces": {
				"north": {"uv": [0, 3, 16, 13], "rotation": 180, "texture": "#0"},
				"east": {"uv": [0, 3, 16, 13], "rotation": 180, "texture": "#0"},
				"south": {"uv": [0, 3, 16, 13], "rotation": 180, "texture": "#0"},
				"west": {"uv": [0, 3, 16, 13], "rotation": 180, "texture": "#0"},
				"up": {"uv": [0, 3, 16, 13], "rotation": 180, "texture": "#0"},
				"down": {"uv": [0, 3, 16, 13], "rotation": 180, "texture": "#0"}
			}
		},
		{
			"from": [10.2472, 1.42309, 13.78108],
			"to": [10.3472, 2.02309, 14.68108],
			"rotation": {"angle": -22.5, "axis": "x", "origin": [10.1972, 1.72309, 14.28108]},
			"faces": {
				"north": {"uv": [0, 0, 13, 13], "rotation": 180, "texture": "#0"},
				"east": {"uv": [0, 0, 13, 13], "rotation": 180, "texture": "#0"},
				"south": {"uv": [0, 0, 13, 13], "rotation": 180, "texture": "#0"},
				"west": {"uv": [0, 0, 13, 13], "rotation": 180, "texture": "#0"},
				"up": {"uv": [0, 0, 13, 13], "rotation": 180, "texture": "#0"},
				"down": {"uv": [0, 0, 13, 13], "rotation": 180, "texture": "#0"}
			}
		},
		{
			"from": [8.66093, 4.08129, 13.25],
			"to": [9.56093, 4.38129, 15.25],
			"rotation": {"angle": 22.5, "axis": "z", "origin": [9.56094, 5.29664, 11.9]},
			"faces": {
				"north": {"uv": [0, 3, 16, 13], "rotation": 270, "texture": "#0"},
				"east": {"uv": [0, 3, 16, 13], "rotation": 270, "texture": "#0"},
				"south": {"uv": [0, 3, 16, 13], "rotation": 270, "texture": "#0"},
				"west": {"uv": [0, 3, 16, 13], "rotation": 270, "texture": "#0"},
				"up": {"uv": [0, 3, 16, 13], "rotation": 270, "texture": "#0"},
				"down": {"uv": [0, 3, 16, 13], "rotation": 270, "texture": "#0"}
			}
		},
		{
			"from": [10.9, 2.59216, 12.99322],
			"to": [11.2, 3.34216, 13.29322],
			"rotation": {"angle": 22.5, "axis": "x", "origin": [12.2, 2.69019, 15.05939]},
			"faces": {
				"north": {"uv": [0, 0, 16, 16], "rotation": 270, "texture": "#0"},
				"east": {"uv": [0, 0, 16, 16], "rotation": 270, "texture": "#0"},
				"south": {"uv": [0, 0, 16, 16], "rotation": 270, "texture": "#0"},
				"west": {"uv": [0, 0, 16, 16], "rotation": 270, "texture": "#0"},
				"up": {"uv": [0, 0, 16, 16], "rotation": 270, "texture": "#0"},
				"down": {"uv": [0, 0, 16, 16], "rotation": 270, "texture": "#0"}
			}
		},
		{
			"from": [10.9, 2.69216, 15.10678],
			"to": [11.2, 3.44216, 15.50678],
			"rotation": {"angle": -22.5, "axis": "x", "origin": [12.2, 2.79019, 13.4406]},
			"faces": {
				"north": {"uv": [0, 0, 16, 16], "rotation": 270, "texture": "#0"},
				"east": {"uv": [0, 0, 16, 16], "rotation": 270, "texture": "#0"},
				"south": {"uv": [0, 0, 16, 16], "rotation": 270, "texture": "#0"},
				"west": {"uv": [0, 0, 16, 16], "rotation": 270, "texture": "#0"},
				"up": {"uv": [0, 0, 16, 16], "rotation": 270, "texture": "#0"},
				"down": {"uv": [0, 0, 16, 16], "rotation": 270, "texture": "#0"}
			}
		},
		{
			"from": [4.7, 3.28322, 13.4],
			"to": [5.2, 4.18322, 15.1],
			"rotation": {"angle": 0, "axis": "y", "origin": [3.8, 3.98322, 14]},
			"faces": {
				"north": {"uv": [0, 16, 16, 0], "rotation": 270, "texture": "#0"},
				"east": {"uv": [0, 16, 16, 0], "rotation": 270, "texture": "#0"},
				"south": {"uv": [0, 16, 16, 0], "rotation": 270, "texture": "#0"},
				"west": {"uv": [0, 16, 16, 0], "rotation": 270, "texture": "#0"},
				"up": {"uv": [0, 16, 16, 0], "rotation": 270, "texture": "#0"},
				"down": {"uv": [0, 16, 16, 0], "rotation": 270, "texture": "#0"}
			}
		},
		{
			"from": [4.8, 2.59216, 12.99322],
			"to": [5.1, 3.34216, 13.29322],
			"rotation": {"angle": 22.5, "axis": "x", "origin": [3.8, 2.69019, 15.05939]},
			"faces": {
				"north": {"uv": [0, 16, 16, 0], "rotation": 270, "texture": "#0"},
				"east": {"uv": [0, 16, 16, 0], "rotation": 270, "texture": "#0"},
				"south": {"uv": [0, 16, 16, 0], "rotation": 270, "texture": "#0"},
				"west": {"uv": [0, 16, 16, 0], "rotation": 270, "texture": "#0"},
				"up": {"uv": [0, 16, 16, 0], "rotation": 270, "texture": "#0"},
				"down": {"uv": [0, 16, 16, 0], "rotation": 270, "texture": "#0"}
			}
		},
		{
			"from": [4.8, 2.69216, 15.10678],
			"to": [5.1, 3.44216, 15.50678],
			"rotation": {"angle": -22.5, "axis": "x", "origin": [3.8, 2.79019, 13.4406]},
			"faces": {
				"north": {"uv": [0, 16, 16, 0], "rotation": 270, "texture": "#0"},
				"east": {"uv": [0, 16, 16, 0], "rotation": 270, "texture": "#0"},
				"south": {"uv": [0, 16, 16, 0], "rotation": 270, "texture": "#0"},
				"west": {"uv": [0, 16, 16, 0], "rotation": 270, "texture": "#0"},
				"up": {"uv": [0, 16, 16, 0], "rotation": 270, "texture": "#0"},
				"down": {"uv": [0, 16, 16, 0], "rotation": 270, "texture": "#0"}
			}
		},
		{
			"from": [3.81227, 3.46193, 13.45],
			"to": [4.81227, 3.76193, 15.05],
			"rotation": {"angle": 0, "axis": "y", "origin": [7.71227, 2.42503, 12]},
			"faces": {
				"north": {"uv": [0, 3, 16, 13], "rotation": 270, "texture": "#0"},
				"east": {"uv": [0, 3, 16, 13], "rotation": 270, "texture": "#0"},
				"south": {"uv": [0, 3, 16, 13], "rotation": 270, "texture": "#0"},
				"west": {"uv": [0, 3, 16, 13], "rotation": 270, "texture": "#0"},
				"up": {"uv": [0, 3, 16, 13], "rotation": 270, "texture": "#0"},
				"down": {"uv": [0, 3, 16, 13], "rotation": 270, "texture": "#0"}
			}
		},
		{
			"from": [2.49961, 3.5639, 13.35],
			"to": [3.49961, 3.8639, 15.15],
			"rotation": {"angle": -22.5, "axis": "z", "origin": [3.39961, 2.527, 10.9]},
			"faces": {
				"north": {"uv": [0, 3, 16, 13], "rotation": 270, "texture": "#0"},
				"east": {"uv": [0, 3, 16, 13], "rotation": 270, "texture": "#0"},
				"south": {"uv": [0, 3, 16, 13], "rotation": 270, "texture": "#0"},
				"west": {"uv": [0, 3, 16, 13], "rotation": 270, "texture": "#0"},
				"up": {"uv": [0, 3, 16, 13], "rotation": 270, "texture": "#0"},
				"down": {"uv": [0, 3, 16, 13], "rotation": 270, "texture": "#0"}
			}
		},
		{
			"from": [2.95358, 2.71037, 13.35],
			"to": [4.25358, 3.01037, 15.15],
			"rotation": {"angle": -22.5, "axis": "z", "origin": [7.05358, 1.32347, 12]},
			"faces": {
				"north": {"uv": [0, 3, 16, 13], "rotation": 270, "texture": "#0"},
				"east": {"uv": [0, 3, 16, 13], "rotation": 270, "texture": "#0"},
				"south": {"uv": [0, 3, 16, 13], "rotation": 270, "texture": "#0"},
				"west": {"uv": [0, 3, 16, 13], "rotation": 270, "texture": "#0"},
				"up": {"uv": [0, 3, 16, 13], "rotation": 270, "texture": "#0"},
				"down": {"uv": [0, 3, 16, 13], "rotation": 270, "texture": "#0"}
			}
		},
		{
			"from": [3.9472, 1.29819, 15.90899],
			"to": [4.1472, 1.89819, 16.80899],
			"rotation": {"angle": 22.5, "axis": "x", "origin": [4.7841, 6.75813, 15.60899]},
			"faces": {
				"north": {"uv": [0, 0, 13, 13], "rotation": 180, "texture": "#0"},
				"east": {"uv": [0, 0, 13, 13], "rotation": 180, "texture": "#0"},
				"south": {"uv": [0, 0, 13, 13], "rotation": 180, "texture": "#0"},
				"west": {"uv": [0, 0, 13, 13], "rotation": 180, "texture": "#0"},
				"up": {"uv": [0, 0, 13, 13], "rotation": 180, "texture": "#0"},
				"down": {"uv": [0, 0, 13, 13], "rotation": 180, "texture": "#0"}
			}
		},
		{
			"from": [3.91257, 1.72008, 13.65],
			"to": [4.21257, 2.72008, 14.85],
			"rotation": {"angle": 0, "axis": "y", "origin": [4.84947, 2.18002, 14]},
			"faces": {
				"north": {"uv": [0, 3, 16, 13], "rotation": 180, "texture": "#0"},
				"east": {"uv": [0, 3, 16, 13], "rotation": 180, "texture": "#0"},
				"south": {"uv": [0, 3, 16, 13], "rotation": 180, "texture": "#0"},
				"west": {"uv": [0, 3, 16, 13], "rotation": 180, "texture": "#0"},
				"up": {"uv": [0, 3, 16, 13], "rotation": 180, "texture": "#0"},
				"down": {"uv": [0, 3, 16, 13], "rotation": 180, "texture": "#0"}
			}
		},
		{
			"from": [4.00204, 2.25, 13.65],
			"to": [4.30204, 3.25, 14.85],
			"rotation": {"angle": -22.5, "axis": "z", "origin": [4.93894, 2.70994, 14]},
			"faces": {
				"north": {"uv": [0, 3, 16, 13], "rotation": 180, "texture": "#0"},
				"east": {"uv": [0, 3, 16, 13], "rotation": 180, "texture": "#0"},
				"south": {"uv": [0, 3, 16, 13], "rotation": 180, "texture": "#0"},
				"west": {"uv": [0, 3, 16, 13], "rotation": 180, "texture": "#0"},
				"up": {"uv": [0, 3, 16, 13], "rotation": 180, "texture": "#0"},
				"down": {"uv": [0, 3, 16, 13], "rotation": 180, "texture": "#0"}
			}
		},
		{
			"from": [3.9972, 1.42309, 13.78108],
			"to": [4.0972, 2.02309, 14.68108],
			"rotation": {"angle": -22.5, "axis": "x", "origin": [3.9472, 1.72309, 14.28108]},
			"faces": {
				"north": {"uv": [0, 0, 13, 13], "rotation": 180, "texture": "#0"},
				"east": {"uv": [0, 0, 13, 13], "rotation": 180, "texture": "#0"},
				"south": {"uv": [0, 0, 13, 13], "rotation": 180, "texture": "#0"},
				"west": {"uv": [0, 0, 13, 13], "rotation": 180, "texture": "#0"},
				"up": {"uv": [0, 0, 13, 13], "rotation": 180, "texture": "#0"},
				"down": {"uv": [0, 0, 13, 13], "rotation": 180, "texture": "#0"}
			}
		},
		{
			"from": [2.66093, 4.08129, 13.25],
			"to": [3.56093, 4.38129, 15.25],
			"rotation": {"angle": 22.5, "axis": "z", "origin": [3.56094, 5.29664, 11.9]},
			"faces": {
				"north": {"uv": [0, 3, 16, 13], "rotation": 270, "texture": "#0"},
				"east": {"uv": [0, 3, 16, 13], "rotation": 270, "texture": "#0"},
				"south": {"uv": [0, 3, 16, 13], "rotation": 270, "texture": "#0"},
				"west": {"uv": [0, 3, 16, 13], "rotation": 270, "texture": "#0"},
				"up": {"uv": [0, 3, 16, 13], "rotation": 270, "texture": "#0"},
				"down": {"uv": [0, 3, 16, 13], "rotation": 270, "texture": "#0"}
			}
		},
		{
			"from": [6.43907, 4.08129, 13.25],
			"to": [7.33907, 4.38129, 15.25],
			"rotation": {"angle": -22.5, "axis": "z", "origin": [6.43906, 5.29664, 11.9]},
			"faces": {
				"north": {"uv": [0, 13, 16, 3], "rotation": 270, "texture": "#0"},
				"east": {"uv": [0, 13, 16, 3], "rotation": 270, "texture": "#0"},
				"south": {"uv": [0, 13, 16, 3], "rotation": 270, "texture": "#0"},
				"west": {"uv": [0, 13, 16, 3], "rotation": 270, "texture": "#0"},
				"up": {"uv": [0, 13, 16, 3], "rotation": 270, "texture": "#0"},
				"down": {"uv": [0, 13, 16, 3], "rotation": 270, "texture": "#0"}
			}
		},
		{
			"from": [5.6528, 1.42309, 13.78108],
			"to": [5.7528, 2.02309, 14.68108],
			"rotation": {"angle": -22.5, "axis": "x", "origin": [5.8028, 1.72309, 14.28108]},
			"faces": {
				"north": {"uv": [13, 0, 0, 13], "rotation": 180, "texture": "#0"},
				"east": {"uv": [13, 0, 0, 13], "rotation": 180, "texture": "#0"},
				"south": {"uv": [13, 0, 0, 13], "rotation": 180, "texture": "#0"},
				"west": {"uv": [13, 0, 0, 13], "rotation": 180, "texture": "#0"},
				"up": {"uv": [13, 0, 0, 13], "rotation": 180, "texture": "#0"},
				"down": {"uv": [13, 0, 0, 13], "rotation": 180, "texture": "#0"}
			}
		},
		{
			"from": [5.44796, 2.25, 13.65],
			"to": [5.74796, 3.25, 14.85],
			"rotation": {"angle": 22.5, "axis": "z", "origin": [4.81106, 2.70994, 14]},
			"faces": {
				"north": {"uv": [16, 3, 0, 13], "rotation": 180, "texture": "#0"},
				"east": {"uv": [16, 3, 0, 13], "rotation": 180, "texture": "#0"},
				"south": {"uv": [16, 3, 0, 13], "rotation": 180, "texture": "#0"},
				"west": {"uv": [16, 3, 0, 13], "rotation": 180, "texture": "#0"},
				"up": {"uv": [16, 3, 0, 13], "rotation": 180, "texture": "#0"},
				"down": {"uv": [16, 3, 0, 13], "rotation": 180, "texture": "#0"}
			}
		},
		{
			"from": [5.53743, 1.72008, 13.65],
			"to": [5.83743, 2.72008, 14.85],
			"rotation": {"angle": 0, "axis": "y", "origin": [4.90053, 2.18002, 14]},
			"faces": {
				"north": {"uv": [16, 3, 0, 13], "rotation": 180, "texture": "#0"},
				"east": {"uv": [16, 3, 0, 13], "rotation": 180, "texture": "#0"},
				"south": {"uv": [16, 3, 0, 13], "rotation": 180, "texture": "#0"},
				"west": {"uv": [16, 3, 0, 13], "rotation": 180, "texture": "#0"},
				"up": {"uv": [16, 3, 0, 13], "rotation": 180, "texture": "#0"},
				"down": {"uv": [16, 3, 0, 13], "rotation": 180, "texture": "#0"}
			}
		},
		{
			"from": [5.6028, 1.29819, 15.90899],
			"to": [5.8028, 1.89819, 16.80899],
			"rotation": {"angle": 22.5, "axis": "x", "origin": [4.9659, 6.75813, 15.60899]},
			"faces": {
				"north": {"uv": [13, 0, 0, 13], "rotation": 180, "texture": "#0"},
				"east": {"uv": [13, 0, 0, 13], "rotation": 180, "texture": "#0"},
				"south": {"uv": [13, 0, 0, 13], "rotation": 180, "texture": "#0"},
				"west": {"uv": [13, 0, 0, 13], "rotation": 180, "texture": "#0"},
				"up": {"uv": [13, 0, 0, 13], "rotation": 180, "texture": "#0"},
				"down": {"uv": [13, 0, 0, 13], "rotation": 180, "texture": "#0"}
			}
		},
		{
			"from": [5.74642, 2.71037, 13.35],
			"to": [7.04642, 3.01037, 15.15],
			"rotation": {"angle": 22.5, "axis": "z", "origin": [2.94642, 1.32347, 12]},
			"faces": {
				"north": {"uv": [0, 13, 16, 3], "rotation": 270, "texture": "#0"},
				"east": {"uv": [0, 13, 16, 3], "rotation": 270, "texture": "#0"},
				"south": {"uv": [0, 13, 16, 3], "rotation": 270, "texture": "#0"},
				"west": {"uv": [0, 13, 16, 3], "rotation": 270, "texture": "#0"},
				"up": {"uv": [0, 13, 16, 3], "rotation": 270, "texture": "#0"},
				"down": {"uv": [0, 13, 16, 3], "rotation": 270, "texture": "#0"}
			}
		},
		{
			"from": [6.50039, 3.5639, 13.35],
			"to": [7.50039, 3.8639, 15.15],
			"rotation": {"angle": 22.5, "axis": "z", "origin": [6.60039, 2.527, 10.9]},
			"faces": {
				"north": {"uv": [0, 13, 16, 3], "rotation": 270, "texture": "#0"},
				"east": {"uv": [0, 13, 16, 3], "rotation": 270, "texture": "#0"},
				"south": {"uv": [0, 13, 16, 3], "rotation": 270, "texture": "#0"},
				"west": {"uv": [0, 13, 16, 3], "rotation": 270, "texture": "#0"},
				"up": {"uv": [0, 13, 16, 3], "rotation": 270, "texture": "#0"},
				"down": {"uv": [0, 13, 16, 3], "rotation": 270, "texture": "#0"}
			}
		},
		{
			"from": [5.18773, 3.46193, 13.45],
			"to": [6.18773, 3.76193, 15.05],
			"rotation": {"angle": 0, "axis": "y", "origin": [2.28773, 2.42503, 12]},
			"faces": {
				"north": {"uv": [0, 13, 16, 3], "rotation": 270, "texture": "#0"},
				"east": {"uv": [0, 13, 16, 3], "rotation": 270, "texture": "#0"},
				"south": {"uv": [0, 13, 16, 3], "rotation": 270, "texture": "#0"},
				"west": {"uv": [0, 13, 16, 3], "rotation": 270, "texture": "#0"},
				"up": {"uv": [0, 13, 16, 3], "rotation": 270, "texture": "#0"},
				"down": {"uv": [0, 13, 16, 3], "rotation": 270, "texture": "#0"}
			}
		}
	],
	"display": {
		"thirdperson_righthand": {
			"translation": [0, 5.5, 0]
		},
		"thirdperson_lefthand": {
			"translation": [0, 5.5, 0]
		},
		"firstperson_righthand": {
			"translation": [0, 6.5, 0]
		},
		"firstperson_lefthand": {
			"translation": [0, 6.5, 0]
		},
		"ground": {
			"translation": [0, 2.75, 0]
		},
		"gui": {
			"rotation": [90, 135, 0],
			"translation": [-2, -2, 0],
			"scale": [1.3, 1.3, 1.3]
		},
		"head": {
			"rotation": [88.82, -66.52, 88.69],
			"translation": [-7, 19, -0.5],
			"scale": [2.5, 2.2, 2.3]
		},
		"fixed": {
			"rotation": [-90, 0, 0],
			"translation": [0, -3.5, -23.75],
			"scale": [3, 3, 3]
		}
	}
}