{"texture_size":[64,64],"textures":{"4":"spellbook_entity/badface_cat_b"},"elements":[{"from":[3,-16,3],"to":[13,2.9,13],"rotation":{"angle":0,"axis":"y","origin":[7.5,7.4,8]},"faces":{"north":{"uv":[6.5,1.5,9,2.25],"texture":"#4"},"east":{"uv":[4.5,3.5,7,4.25],"texture":"#4"},"south":{"uv":[6.5,0,9,0.75],"texture":"#4"},"west":{"uv":[6.5,0.75,9,1.5],"texture":"#4"},"up":{"uv":[2.5,2.5,0,0],"rotation":90,"texture":"#4"},"down":{"uv":[2.5,2.5,0,5],"rotation":270,"texture":"#4"}}},{"from":[4,2.9,4],"to":[12,4.9,12],"rotation":{"angle":0,"axis":"y","origin":[7.5,10.4,8]},"faces":{"north":{"uv":[7,7,9,7.5],"texture":"#4"},"east":{"uv":[2.5,2,4.5,2.5],"texture":"#4"},"south":{"uv":[6.5,3,8.5,3.5],"texture":"#4"},"west":{"uv":[0,6.75,2,7.25],"texture":"#4"},"up":{"uv":[4.5,6.5,2.5,4.5],"rotation":90,"texture":"#4"},"down":{"uv":[6.5,4.5,4.5,6.5],"rotation":270,"texture":"#4"}}},{"from":[5,4.9,5],"to":[11,8,11],"rotation":{"angle":0,"axis":"y","origin":[7.5,12.4,8]},"faces":{"north":{"uv":[6.5,5.75,8,6.5],"texture":"#4"},"east":{"uv":[6.5,2.25,8,3],"texture":"#4"},"south":{"uv":[6.5,4.25,8,5],"texture":"#4"},"west":{"uv":[6.5,5,8,5.75],"texture":"#4"},"up":{"uv":[5.5,8,4,6.5],"rotation":90,"texture":"#4"},"down":{"uv":[7,6.5,5.5,8],"rotation":270,"texture":"#4"}}},{"from":[4,14,6],"to":[6,16,10],"rotation":{"angle":45,"axis":"z","origin":[5.5,15.5,8]},"faces":{"north":{"uv":[7.5,8,8,8.5],"texture":"#4"},"east":{"uv":[7,3.5,8,4],"texture":"#4"},"south":{"uv":[2,6,2.5,6.5],"texture":"#4"},"west":{"uv":[7,6.5,8,7],"texture":"#4"},"up":{"uv":[1,7.75,0,7.25],"rotation":90,"texture":"#4"},"down":{"uv":[2,7.25,1,7.75],"rotation":270,"texture":"#4"}}},{"from":[9,14,6],"to":[11,16,10],"rotation":{"angle":45,"axis":"z","origin":[10.5,15.5,8]},"faces":{"north":{"uv":[8,2.25,8.5,2.75],"texture":"#4"},"east":{"uv":[7,7.5,8,8],"texture":"#4"},"south":{"uv":[8,8,8.5,8.5],"texture":"#4"},"west":{"uv":[0,7.75,1,8.25],"texture":"#4"},"up":{"uv":[2,8.25,1,7.75],"rotation":90,"texture":"#4"},"down":{"uv":[5,8,4,8.5],"rotation":270,"texture":"#4"}}},{"from":[4,7.9,4],"to":[12,14.9,12],"rotation":{"angle":0,"axis":"y","origin":[7.5,15.4,8]},"faces":{"north":{"uv":[2,6.5,4,8.25],"texture":"#4"},"east":{"uv":[4.5,0,6.5,1.75],"texture":"#4"},"south":{"uv":[4.5,1.75,6.5,3.5],"texture":"#4"},"west":{"uv":[0,5,2,6.75],"texture":"#4"},"up":{"uv":[4.5,4.5,2.5,2.5],"rotation":90,"texture":"#4"},"down":{"uv":[4.5,0,2.5,2],"rotation":270,"texture":"#4"}}},{"from":[6.3,10.1,2.4],"to":[9.7,11.8,4],"rotation":{"angle":0,"axis":"y","origin":[7.5,15.5,6.4]},"faces":{"north":{"uv":[6,8,7,8.5],"texture":"#4"},"east":{"uv":[8,3.5,8.5,4],"texture":"#4"},"south":{"uv":[5,8,6,8.5],"texture":"#4"},"west":{"uv":[8,4,8.5,4.5],"texture":"#4"},"up":{"uv":[2.5,6,2,5],"rotation":90,"texture":"#4"},"down":{"uv":[7.5,8,7,9],"rotation":270,"texture":"#4"}}}],"display":{"head":{"translation":[0,-16.75,0],"scale":[3,3,3]}}}